{
"type": "FeatureCollection",
"name": "burn_polygons",
"crs": { "type": "name", "properties": { "name": "urn:ogc:def:crs:OGC:1.3:CRS84" } },
"features": [
{ "type": "Feature", "properties": { "PlotID": "MANFV01", "windspeed": 10.0, "time": "15", "clipped_m2": 35.344014783608145, "clipped_ha": 0.0035344014783608145, "wspd": "10" }, "geometry": { "type": "Polygon", "coordinates": [ [ [ 2.4127607, 39.5994173 ], [ 2.4127553, 39.5994149 ], [ 2.4127506, 39.5994119 ], [ 2.4127465, 39.5994085 ], [ 2.4127431, 39.5994047 ], [ 2.4127404, 39.5994009 ], [ 2.4127384, 39.599397 ], [ 2.412737, 39.5993932 ], [ 2.412736, 39.5993896 ], [ 2.4127355, 39.5993861 ], [ 2.4127354, 39.5993829 ], [ 2.4127356, 39.5993798 ], [ 2.412736, 39.599377 ], [ 2.4127367, 39.5993745 ], [ 2.4127375, 39.5993721 ], [ 2.4127384, 39.59937 ], [ 2.4127395, 39.599368 ], [ 2.4127406, 39.5993662 ], [ 2.4127418, 39.5993645 ], [ 2.412743, 39.599363 ], [ 2.4127443, 39.5993617 ], [ 2.4127457, 39.5993604 ], [ 2.412747, 39.5993593 ], [ 2.4127484, 39.5993583 ], [ 2.4127498, 39.5993574 ], [ 2.4127512, 39.5993566 ], [ 2.4127526, 39.5993558 ], [ 2.412754, 39.5993552 ], [ 2.4127555, 39.5993546 ], [ 2.4127569, 39.5993541 ], [ 2.4127584, 39.5993536 ], [ 2.4127598, 39.5993532 ], [ 2.4127613, 39.5993529 ], [ 2.4127628, 39.5993527 ], [ 2.4127643, 39.5993525 ], [ 2.4127659, 39.5993524 ], [ 2.4127674, 39.5993523 ], [ 2.412769, 39.5993523 ], [ 2.4127706, 39.5993524 ], [ 2.4127722, 39.5993526 ], [ 2.4127738, 39.5993528 ], [ 2.4127755, 39.5993531 ], [ 2.4127772, 39.5993535 ], [ 2.4127789, 39.599354 ], [ 2.4127806, 39.5993545 ], [ 2.4127824, 39.5993552 ], [ 2.4127842, 39.599356 ], [ 2.412786, 39.599356899999989 ], [ 2.4127879, 39.599358 ], [ 2.4127898, 39.5993592 ], [ 2.4127917, 39.5993605 ], [ 2.4127936, 39.5993621 ], [ 2.4127954, 39.5993639 ], [ 2.4127973, 39.5993659 ], [ 2.4127991, 39.5993681 ], [ 2.4128007, 39.5993706 ], [ 2.4128023, 39.5993733 ], [ 2.4128037, 39.5993764 ], [ 2.4128048, 39.5993798 ], [ 2.4128056, 39.5993834 ], [ 2.412806, 39.5993874 ], [ 2.4128059, 39.5993916 ], [ 2.4128052, 39.5993959 ], [ 2.4128037, 39.5994003 ], [ 2.4128015, 39.5994047 ], [ 2.4127985, 39.5994088 ], [ 2.4127945, 39.5994125 ], [ 2.4127898, 39.5994156 ], [ 2.4127845, 39.5994178 ], [ 2.4127786, 39.5994192 ], [ 2.4127726, 39.5994195 ], [ 2.4127665, 39.5994189 ], [ 2.4127607, 39.5994173 ] ] ] } },
{ "type": "Feature", "properties": { "PlotID": "MANFV02", "windspeed": 10.0, "time": "15", "clipped_m2": 339.20338627323508, "clipped_ha": 0.033920338627323507, "wspd": "10" }, "geometry": { "type": "Polygon", "coordinates": [ [ [ 2.4101126, 39.5967023 ], [ 2.4100757, 39.5967989 ], [ 2.4100704, 39.5967059 ], [ 2.4100728, 39.5966459 ], [ 2.4100773, 39.5966083 ], [ 2.410082, 39.5965841 ], [ 2.4100862, 39.5965679 ], [ 2.4100899, 39.5965566 ], [ 2.4100931, 39.5965485 ], [ 2.4100959, 39.5965425 ], [ 2.4100983, 39.596538 ], [ 2.4101004, 39.5965344 ], [ 2.4101023, 39.5965317 ], [ 2.410104, 39.5965294 ], [ 2.4101055, 39.5965276 ], [ 2.4101069, 39.5965261 ], [ 2.4101081, 39.5965249 ], [ 2.4101093, 39.5965238 ], [ 2.4101103, 39.596523 ], [ 2.4101113, 39.5965222 ], [ 2.4101123, 39.5965216 ], [ 2.4101132, 39.596521 ], [ 2.410114, 39.5965205 ], [ 2.4101148, 39.5965201 ], [ 2.4101155, 39.5965198 ], [ 2.4101163, 39.5965195 ], [ 2.410117, 39.5965192 ], [ 2.4101176, 39.596519 ], [ 2.4101183, 39.5965188 ], [ 2.4101189, 39.5965186 ], [ 2.4101196, 39.5965184 ], [ 2.4101202, 39.5965183 ], [ 2.4101208, 39.5965182 ], [ 2.4101214, 39.5965182 ], [ 2.410122, 39.5965181 ], [ 2.4101226, 39.5965181 ], [ 2.4101232, 39.5965181 ], [ 2.4101238, 39.5965181 ], [ 2.4101244, 39.5965181 ], [ 2.410125, 39.5965182 ], [ 2.4101257, 39.5965182 ], [ 2.4101263, 39.5965183 ], [ 2.410127, 39.5965185 ], [ 2.4101276, 39.5965186 ], [ 2.4101283, 39.5965188 ], [ 2.4101291, 39.596519 ], [ 2.4101298, 39.5965193 ], [ 2.4101306, 39.5965196 ], [ 2.4101314, 39.59652 ], [ 2.4101323, 39.5965204 ], [ 2.4101333, 39.5965209 ], [ 2.4101343, 39.5965215 ], [ 2.4101353, 39.5965221 ], [ 2.4101365, 39.5965229 ], [ 2.4101378, 39.5965239 ], [ 2.4101391, 39.5965251 ], [ 2.4101407, 39.5965265 ], [ 2.4101424, 39.5965282 ], [ 2.4101443, 39.5965303 ], [ 2.4101465, 39.5965329 ], [ 2.410149, 39.5965363 ], [ 2.4101519, 39.5965406 ], [ 2.4101553, 39.5965464 ], [ 2.4101594, 39.5965543 ], [ 2.4101643, 39.5965653 ], [ 2.4101703, 39.5965811 ], [ 2.4101777, 39.596605 ], [ 2.4101863, 39.5966421 ], [ 2.4101954, 39.5967017 ], [ 2.4102004, 39.5967948 ], [ 2.4101889, 39.5969135 ], [ 2.4101482, 39.5969798 ], [ 2.4101126, 39.5967023 ] ] ] } },
{ "type": "Feature", "properties": { "PlotID": "MANFV03", "windspeed": 10.0, "time": "15", "clipped_m2": 250.37391295039561, "clipped_ha": 0.025037391295039561, "wspd": "10" }, "geometry": { "type": "Polygon", "coordinates": [ [ [ 2.4074605, 39.5956099 ], [ 2.4074385, 39.5955777 ], [ 2.4074255, 39.5955386 ], [ 2.4074198, 39.595502 ], [ 2.4074189, 39.5954717 ], [ 2.4074206, 39.5954479 ], [ 2.4074235, 39.5954295 ], [ 2.4074269, 39.5954154 ], [ 2.4074304, 39.5954044 ], [ 2.4074338, 39.5953959 ], [ 2.407437, 39.5953891 ], [ 2.40744, 39.5953836 ], [ 2.4074427, 39.5953792 ], [ 2.4074453, 39.5953756 ], [ 2.4074476, 39.5953726 ], [ 2.4074498, 39.5953701 ], [ 2.4074519, 39.595368 ], [ 2.4074538, 39.5953662 ], [ 2.4074555, 39.5953647 ], [ 2.4074572, 39.5953634 ], [ 2.4074588, 39.5953623 ], [ 2.4074603, 39.5953613 ], [ 2.4074617, 39.5953605 ], [ 2.4074631, 39.5953598 ], [ 2.4074644, 39.5953591 ], [ 2.4074657, 39.5953586 ], [ 2.4074669, 39.5953581 ], [ 2.4074681, 39.5953577 ], [ 2.4074692, 39.5953574 ], [ 2.4074704, 39.5953571 ], [ 2.4074715, 39.5953568 ], [ 2.4074726, 39.5953566 ], [ 2.4074737, 39.5953564 ], [ 2.4074747, 39.5953563 ], [ 2.4074758, 39.5953562 ], [ 2.4074769, 39.5953562 ], [ 2.4074779, 39.5953562 ], [ 2.407479, 39.5953562 ], [ 2.4074801, 39.5953563 ], [ 2.4074812, 39.5953564 ], [ 2.4074823, 39.5953565 ], [ 2.4074834, 39.595356699999989 ], [ 2.4074846, 39.5953569 ], [ 2.4074858, 39.5953572 ], [ 2.407487, 39.5953576 ], [ 2.4074883, 39.595358 ], [ 2.4074896, 39.5953585 ], [ 2.4074909, 39.595359 ], [ 2.4074924, 39.5953597 ], [ 2.4074939, 39.5953605 ], [ 2.4074955, 39.5953613 ], [ 2.4074971, 39.5953624 ], [ 2.4074989, 39.5953636 ], [ 2.4075008, 39.595365 ], [ 2.4075029, 39.5953667 ], [ 2.4075051, 39.5953687 ], [ 2.4075075, 39.595371 ], [ 2.4075101, 39.5953739 ], [ 2.407513, 39.5953774 ], [ 2.4075161, 39.5953816 ], [ 2.4075196, 39.5953869 ], [ 2.4075233, 39.5953935 ], [ 2.4075275, 39.5954019 ], [ 2.4075319, 39.5954126 ], [ 2.4075365, 39.595426599999989 ], [ 2.4075411, 39.5954447 ], [ 2.4075449, 39.5954684 ], [ 2.4075466, 39.5954987 ], [ 2.4075442, 39.5955355 ], [ 2.4075346, 39.5955752 ], [ 2.4075156, 39.5956084 ], [ 2.4074886, 39.5956223 ], [ 2.4074605, 39.5956099 ] ] ] } },
{ "type": "Feature", "properties": { "PlotID": "MANFV04", "windspeed": 10.0, "time": "15", "clipped_m2": 19.985845679417253, "clipped_ha": 0.0019985845679417252, "wspd": "10" }, "geometry": { "type": "Polygon", "coordinates": [ [ [ 2.40512, 39.5901213 ], [ 2.4051168, 39.5901093 ], [ 2.4051153, 39.5901004 ], [ 2.4051147, 39.5900939 ], [ 2.4051147, 39.5900892 ], [ 2.405115, 39.5900857 ], [ 2.4051153, 39.5900831 ], [ 2.4051157, 39.5900811 ], [ 2.4051161, 39.5900795 ], [ 2.4051165, 39.5900783 ], [ 2.4051169, 39.5900773 ], [ 2.4051173, 39.5900764 ], [ 2.4051177, 39.5900758 ], [ 2.405118, 39.5900752 ], [ 2.4051184, 39.5900747 ], [ 2.4051187, 39.5900743 ], [ 2.405119, 39.5900739 ], [ 2.4051193, 39.5900736 ], [ 2.4051195, 39.5900734 ], [ 2.4051198, 39.5900731 ], [ 2.40512, 39.590072899999988 ], [ 2.4051203, 39.5900728 ], [ 2.4051205, 39.5900726 ], [ 2.4051207, 39.5900724 ], [ 2.405121, 39.5900723 ], [ 2.4051212, 39.5900722 ], [ 2.4051214, 39.5900721 ], [ 2.4051216, 39.590072 ], [ 2.4051218, 39.5900719 ], [ 2.405122, 39.5900719 ], [ 2.4051222, 39.5900718 ], [ 2.4051224, 39.5900718 ], [ 2.4051226, 39.590071699999989 ], [ 2.4051229, 39.590071699999989 ], [ 2.4051231, 39.5900716 ], [ 2.4051233, 39.5900716 ], [ 2.4051235, 39.5900716 ], [ 2.4051237, 39.5900716 ], [ 2.4051239, 39.5900716 ], [ 2.4051242, 39.5900716 ], [ 2.4051244, 39.5900716 ], [ 2.4051247, 39.5900716 ], [ 2.4051249, 39.590071699999989 ], [ 2.4051252, 39.5900717 ], [ 2.4051255, 39.5900718 ], [ 2.4051258, 39.5900719 ], [ 2.4051261, 39.5900719 ], [ 2.4051264, 39.5900721 ], [ 2.4051268, 39.5900722 ], [ 2.4051272, 39.5900723 ], [ 2.4051276, 39.5900725 ], [ 2.4051281, 39.5900728 ], [ 2.4051286, 39.590073 ], [ 2.4051291, 39.5900734 ], [ 2.4051297, 39.5900738 ], [ 2.4051304, 39.5900743 ], [ 2.4051312, 39.5900749 ], [ 2.4051321, 39.5900757 ], [ 2.4051331, 39.5900767 ], [ 2.4051343, 39.5900781 ], [ 2.4051357, 39.5900798 ], [ 2.4051374, 39.590082099999989 ], [ 2.4051394, 39.5900852 ], [ 2.4051419, 39.5900895 ], [ 2.4051448, 39.5900956 ], [ 2.405148, 39.5901042 ], [ 2.4051513, 39.5901162 ], [ 2.4051534, 39.5901314 ], [ 2.405152, 39.5901465 ], [ 2.4051453, 39.5901542 ], [ 2.4051352, 39.5901493 ], [ 2.405126, 39.5901358 ], [ 2.40512, 39.5901213 ] ] ] } },
{ "type": "Feature", "properties": { "PlotID": "MANFV05", "windspeed": 10.0, "time": "15", "clipped_m2": 377.872721133288, "clipped_ha": 0.037787272113328801, "wspd": "10" }, "geometry": { "type": "Polygon", "coordinates": [ [ [ 2.408486, 39.5910128 ], [ 2.4084714, 39.5909502 ], [ 2.4084653, 39.5909049 ], [ 2.4084636, 39.5908728 ], [ 2.408464, 39.5908498 ], [ 2.4084656, 39.590833 ], [ 2.4084675, 39.5908204 ], [ 2.4084697, 39.5908109 ], [ 2.4084718, 39.5908034 ], [ 2.4084739, 39.5907975 ], [ 2.4084759, 39.5907928 ], [ 2.4084778, 39.590789 ], [ 2.4084796, 39.5907858 ], [ 2.4084812, 39.5907831 ], [ 2.4084828, 39.5907809 ], [ 2.4084843, 39.590779 ], [ 2.4084857, 39.5907773 ], [ 2.4084871, 39.5907759 ], [ 2.4084884, 39.5907747 ], [ 2.4084896, 39.5907736 ], [ 2.4084908, 39.5907727 ], [ 2.408492, 39.5907718 ], [ 2.4084931, 39.5907711 ], [ 2.4084941, 39.5907704 ], [ 2.4084952, 39.5907698 ], [ 2.4084962, 39.5907693 ], [ 2.4084972, 39.5907689 ], [ 2.4084982, 39.5907685 ], [ 2.4084992, 39.5907681 ], [ 2.4085002, 39.5907678 ], [ 2.4085011, 39.5907675 ], [ 2.4085021, 39.5907673 ], [ 2.4085031, 39.5907671 ], [ 2.4085041, 39.5907669 ], [ 2.408505, 39.5907668 ], [ 2.408506, 39.5907667 ], [ 2.408507, 39.5907666 ], [ 2.4085081, 39.5907666 ], [ 2.4085091, 39.5907666 ], [ 2.4085102, 39.5907666 ], [ 2.4085113, 39.5907667 ], [ 2.4085125, 39.5907668 ], [ 2.4085137, 39.590767 ], [ 2.408515, 39.5907672 ], [ 2.4085163, 39.5907675 ], [ 2.4085177, 39.5907679 ], [ 2.4085191, 39.5907683 ], [ 2.4085207, 39.5907688 ], [ 2.4085224, 39.5907695 ], [ 2.4085242, 39.5907702 ], [ 2.4085261, 39.5907711 ], [ 2.4085283, 39.5907722 ], [ 2.4085306, 39.5907735 ], [ 2.4085332, 39.5907751 ], [ 2.408536, 39.5907771 ], [ 2.4085392, 39.5907795 ], [ 2.4085429, 39.5907825 ], [ 2.4085471, 39.5907863 ], [ 2.4085519, 39.5907911 ], [ 2.4085575, 39.5907974 ], [ 2.4085642, 39.5908056 ], [ 2.4085722, 39.5908166 ], [ 2.4085819, 39.5908317 ], [ 2.4085937, 39.5908528 ], [ 2.408608, 39.590883 ], [ 2.4086247, 39.5909267 ], [ 2.408642, 39.5909888 ], [ 2.4086543, 39.5910705 ], [ 2.408612, 39.5910568 ], [ 2.4085771, 39.5910516 ], [ 2.4085445, 39.5910468 ], [ 2.408515, 39.5910919 ], [ 2.408486, 39.5910128 ] ] ] } },
{ "type": "Feature", "properties": { "PlotID": "MANFV06", "windspeed": 10.0, "time": "15", "clipped_m2": 462.15148002069327, "clipped_ha": 0.046215148002069328, "wspd": "10" }, "geometry": { "type": "Polygon", "coordinates": [ [ [ 2.415501, 39.5835994 ], [ 2.4154816, 39.5835907 ], [ 2.4154644, 39.5835797 ], [ 2.4154497, 39.5835671 ], [ 2.4154375, 39.5835535 ], [ 2.4154279, 39.5835394 ], [ 2.4154207, 39.5835254 ], [ 2.4154155, 39.5835116 ], [ 2.4154123, 39.5834984 ], [ 2.4154105, 39.5834859 ], [ 2.4154102, 39.5834741 ], [ 2.4154109, 39.5834632 ], [ 2.4154125, 39.5834531 ], [ 2.4154149, 39.5834439 ], [ 2.4154179, 39.5834354 ], [ 2.4154213, 39.5834276 ], [ 2.4154251, 39.5834204 ], [ 2.4154292, 39.583414 ], [ 2.4154336, 39.583408 ], [ 2.4154381, 39.5834027 ], [ 2.4154428, 39.5833978 ], [ 2.4154476, 39.5833933 ], [ 2.4154524, 39.5833893 ], [ 2.4154574, 39.5833857 ], [ 2.4154624, 39.5833824 ], [ 2.4154675, 39.5833794 ], [ 2.4154726, 39.5833767 ], [ 2.4154777, 39.5833744 ], [ 2.4154829, 39.5833723 ], [ 2.4154881, 39.5833705 ], [ 2.4154934, 39.5833689 ], [ 2.4154987, 39.5833675 ], [ 2.415504, 39.5833664 ], [ 2.4155094, 39.5833656 ], [ 2.4155148, 39.5833649 ], [ 2.4155203, 39.5833645 ], [ 2.4155259, 39.5833643 ], [ 2.4155315, 39.5833643 ], [ 2.4155373, 39.5833646 ], [ 2.4155431, 39.5833652 ], [ 2.415549, 39.583366 ], [ 2.4155549, 39.5833671 ], [ 2.415561, 39.5833685 ], [ 2.4155672, 39.5833702 ], [ 2.4155735, 39.5833723 ], [ 2.4155799, 39.5833747 ], [ 2.4155864, 39.5833776 ], [ 2.415593, 39.5833809 ], [ 2.4155997, 39.5833847 ], [ 2.4156065, 39.583389 ], [ 2.4156133, 39.583394 ], [ 2.4156201, 39.5833996 ], [ 2.4156268, 39.5834059 ], [ 2.4156335, 39.5834131 ], [ 2.4156399, 39.5834212 ], [ 2.415646, 39.5834301 ], [ 2.4156517, 39.5834402 ], [ 2.4156567, 39.5834512 ], [ 2.4156608, 39.5834634 ], [ 2.4156637, 39.5834767 ], [ 2.4156651, 39.583491 ], [ 2.4156648, 39.5835061 ], [ 2.4156622, 39.5835219 ], [ 2.415657, 39.583537899999989 ], [ 2.4156489, 39.5835537 ], [ 2.4156378, 39.5835687 ], [ 2.4156237, 39.5835821 ], [ 2.4156066, 39.5835933 ], [ 2.4155872, 39.5836015 ], [ 2.415566, 39.5836064 ], [ 2.415544, 39.5836076 ], [ 2.415522, 39.5836052 ], [ 2.415501, 39.5835994 ] ] ] } },
{ "type": "Feature", "properties": { "PlotID": "MANFV07", "windspeed": 10.0, "time": "15", "clipped_m2": 2832.8155973851681, "clipped_ha": 0.28328155973851682, "wspd": "10" }, "geometry": { "type": "Polygon", "coordinates": [ [ [ 2.408732, 39.5835897 ], [ 2.4086926, 39.5834481 ], [ 2.4086741, 39.5833419 ], [ 2.4086673, 39.5832645 ], [ 2.4086667, 39.583208 ], [ 2.4086692, 39.5831662 ], [ 2.4086733, 39.5831346 ], [ 2.408678, 39.5831104 ], [ 2.408683, 39.5830915 ], [ 2.4086879, 39.5830764 ], [ 2.4086927, 39.5830643 ], [ 2.4086973, 39.5830543 ], [ 2.4087016, 39.5830461 ], [ 2.4087058, 39.5830392 ], [ 2.4087098, 39.5830333 ], [ 2.4087135, 39.5830284 ], [ 2.4087171, 39.5830241 ], [ 2.4087205, 39.5830204 ], [ 2.4087238, 39.5830172 ], [ 2.4087269, 39.5830143 ], [ 2.4087299, 39.5830118 ], [ 2.4087329, 39.5830097 ], [ 2.4087357, 39.5830077 ], [ 2.4087385, 39.583006 ], [ 2.4087412, 39.5830044 ], [ 2.4087438, 39.5830031 ], [ 2.4087464, 39.5830019 ], [ 2.4087489, 39.5830008 ], [ 2.4087515, 39.5829998 ], [ 2.408754, 39.582999 ], [ 2.4087565, 39.5829982 ], [ 2.408759, 39.5829976 ], [ 2.4087615, 39.582997 ], [ 2.408764, 39.5829966 ], [ 2.4087665, 39.5829962 ], [ 2.4087691, 39.5829959 ], [ 2.4087717, 39.5829957 ], [ 2.4087744, 39.5829956 ], [ 2.4087772, 39.5829956 ], [ 2.40878, 39.5829957 ], [ 2.4087829, 39.5829958 ], [ 2.4087859, 39.5829961 ], [ 2.408789, 39.5829966 ], [ 2.4087923, 39.5829971 ], [ 2.4087957, 39.5829978 ], [ 2.4087993, 39.5829987 ], [ 2.4088032, 39.5829998 ], [ 2.4088072, 39.5830011 ], [ 2.4088064, 39.5830047 ], [ 2.408804, 39.5830084 ], [ 2.4088213, 39.5830069 ], [ 2.4088269, 39.5830097 ], [ 2.4088329, 39.583013 ], [ 2.4088396, 39.5830171 ], [ 2.408847, 39.5830221 ], [ 2.4088554, 39.5830282 ], [ 2.4088648, 39.5830359 ], [ 2.4088756, 39.5830455 ], [ 2.408888, 39.5830577 ], [ 2.4089025, 39.583073399999989 ], [ 2.4089196, 39.583094 ], [ 2.4089399, 39.5831215 ], [ 2.4089643, 39.5831589 ], [ 2.4089935, 39.5832107 ], [ 2.4090281, 39.5832835 ], [ 2.4090672, 39.5833863 ], [ 2.4091059, 39.5835281 ], [ 2.4091298, 39.5837067 ], [ 2.4091125, 39.5838837 ], [ 2.4090331, 39.5839734 ], [ 2.4089133, 39.5839166 ], [ 2.4088042, 39.5837604 ], [ 2.408732, 39.5835897 ] ] ] } },
{ "type": "Feature", "properties": { "PlotID": "MANFV08", "windspeed": 10.0, "time": "15", "clipped_m2": 48.850479120050295, "clipped_ha": 0.0048850479120050297, "wspd": "10" }, "geometry": { "type": "Polygon", "coordinates": [ [ [ 2.4202246, 39.6016067 ], [ 2.4202188, 39.601608 ], [ 2.4202125, 39.6016097 ], [ 2.4202055, 39.6016117 ], [ 2.4201979, 39.6016133 ], [ 2.4201936, 39.6016081 ], [ 2.4201903, 39.6016027 ], [ 2.4201878, 39.601597399999989 ], [ 2.4201861, 39.6015923 ], [ 2.4201851, 39.6015874 ], [ 2.4201847, 39.6015828 ], [ 2.4201847, 39.6015784 ], [ 2.4201851, 39.6015745 ], [ 2.4201859, 39.6015708 ], [ 2.4201868, 39.6015674 ], [ 2.420188, 39.6015644 ], [ 2.4201894, 39.6015616 ], [ 2.4201908, 39.601559 ], [ 2.4201924, 39.6015567 ], [ 2.420194, 39.6015546 ], [ 2.4201957, 39.6015527 ], [ 2.4201974, 39.601551 ], [ 2.4201992, 39.6015494 ], [ 2.420201, 39.601548 ], [ 2.4202028, 39.6015467 ], [ 2.4202046, 39.6015455 ], [ 2.4202065, 39.6015445 ], [ 2.4202083, 39.6015436 ], [ 2.4202102, 39.6015428 ], [ 2.420212, 39.601542 ], [ 2.4202139, 39.6015414 ], [ 2.4202158, 39.6015409 ], [ 2.4202177, 39.6015404 ], [ 2.4202196, 39.6015401 ], [ 2.4202216, 39.6015398 ], [ 2.4202235, 39.6015396 ], [ 2.4202255, 39.6015394 ], [ 2.4202275, 39.6015394 ], [ 2.4202295, 39.6015394 ], [ 2.4202315, 39.6015395 ], [ 2.4202336, 39.6015398 ], [ 2.4202357, 39.6015401 ], [ 2.4202378, 39.6015405 ], [ 2.42024, 39.601541 ], [ 2.4202422, 39.6015416 ], [ 2.4202445, 39.6015424 ], [ 2.4202467, 39.6015433 ], [ 2.4202491, 39.6015443 ], [ 2.4202514, 39.6015455 ], [ 2.4202538, 39.6015469 ], [ 2.4202562, 39.6015485 ], [ 2.4202587, 39.6015503 ], [ 2.4202611, 39.6015524 ], [ 2.4202636, 39.6015547 ], [ 2.420266, 39.6015573 ], [ 2.4202683, 39.6015602 ], [ 2.4202705, 39.6015635 ], [ 2.4202726, 39.6015672 ], [ 2.4202744, 39.6015712 ], [ 2.4202759, 39.6015757 ], [ 2.420277, 39.6015806 ], [ 2.4202776, 39.6015859 ], [ 2.4202774, 39.6015915 ], [ 2.4202763, 39.6015973 ], [ 2.4202694, 39.6015985 ], [ 2.4202631, 39.6015997 ], [ 2.4202572, 39.6016008 ], [ 2.4202516, 39.6016018 ], [ 2.4202461, 39.6016028 ], [ 2.4202408, 39.6016038 ], [ 2.4202355, 39.6016047 ], [ 2.4202301, 39.6016057 ], [ 2.4202246, 39.6016067 ] ] ] } },
{ "type": "Feature", "properties": { "PlotID": "MANFV09", "windspeed": 10.0, "time": "15", "clipped_m2": 29.982206125627272, "clipped_ha": 0.0029982206125627273, "wspd": "10" }, "geometry": { "type": "Polygon", "coordinates": [ [ [ 2.4128555, 39.6004926 ], [ 2.412853, 39.6004768 ], [ 2.4128522, 39.6004661 ], [ 2.4128522, 39.6004589 ], [ 2.4128526, 39.6004539 ], [ 2.4128531, 39.6004503 ], [ 2.4128536, 39.6004477 ], [ 2.4128541, 39.6004457 ], [ 2.4128546, 39.6004442 ], [ 2.4128551, 39.600443 ], [ 2.4128556, 39.6004421 ], [ 2.412856, 39.6004413 ], [ 2.4128564, 39.6004407 ], [ 2.4128567, 39.6004402 ], [ 2.412857, 39.6004397 ], [ 2.4128574, 39.6004393 ], [ 2.4128577, 39.600439 ], [ 2.4128579, 39.6004387 ], [ 2.4128582, 39.6004385 ], [ 2.4128585, 39.6004383 ], [ 2.4128587, 39.6004381 ], [ 2.4128589, 39.6004379 ], [ 2.4128592, 39.6004378 ], [ 2.4128594, 39.6004377 ], [ 2.4128596, 39.6004376 ], [ 2.4128598, 39.6004375 ], [ 2.41286, 39.6004374 ], [ 2.4128602, 39.6004373 ], [ 2.4128604, 39.6004372 ], [ 2.4128606, 39.6004372 ], [ 2.4128608, 39.6004371 ], [ 2.412861, 39.6004371 ], [ 2.4128612, 39.600437 ], [ 2.4128614, 39.600437 ], [ 2.4128616, 39.600437 ], [ 2.4128618, 39.600437 ], [ 2.412862, 39.600437 ], [ 2.4128622, 39.600437 ], [ 2.4128624, 39.600437 ], [ 2.4128626, 39.600437 ], [ 2.4128628, 39.600437 ], [ 2.412863, 39.600437 ], [ 2.4128633, 39.6004371 ], [ 2.4128635, 39.6004371 ], [ 2.4128638, 39.6004372 ], [ 2.4128641, 39.6004373 ], [ 2.4128643, 39.6004373 ], [ 2.4128647, 39.6004375 ], [ 2.412865, 39.6004376 ], [ 2.4128653, 39.6004377 ], [ 2.4128657, 39.6004379 ], [ 2.4128661, 39.6004382 ], [ 2.4128666, 39.6004384 ], [ 2.4128671, 39.6004388 ], [ 2.4128677, 39.6004392 ], [ 2.4128683, 39.6004397 ], [ 2.412869, 39.6004403 ], [ 2.4128699, 39.600441 ], [ 2.4128708, 39.600442 ], [ 2.412872, 39.6004433 ], [ 2.4128733, 39.6004451 ], [ 2.412875, 39.6004474 ], [ 2.412877, 39.6004506 ], [ 2.4128796, 39.6004552 ], [ 2.4128827, 39.600462 ], [ 2.4128867, 39.6004723 ], [ 2.4128912, 39.6004878 ], [ 2.4128951, 39.6005101 ], [ 2.412895, 39.6005356 ], [ 2.4128866, 39.6005493 ], [ 2.4128727, 39.6005385 ], [ 2.4128615, 39.6005146 ], [ 2.4128555, 39.6004926 ] ] ] } },
{ "type": "Feature", "properties": { "PlotID": "MANFV10", "windspeed": 10.0, "time": "15", "clipped_m2": 26.086943466332741, "clipped_ha": 0.0026086943466332741, "wspd": "10" }, "geometry": { "type": "Polygon", "coordinates": [ [ [ 2.4128577, 39.595291 ], [ 2.4128529, 39.5952684 ], [ 2.4128512, 39.5952536 ], [ 2.4128509, 39.5952441 ], [ 2.4128512, 39.5952379 ], [ 2.4128516, 39.5952338 ], [ 2.4128521, 39.5952309 ], [ 2.4128526, 39.5952288 ], [ 2.4128531, 39.5952272 ], [ 2.4128535, 39.595226 ], [ 2.4128539, 39.595225 ], [ 2.4128543, 39.5952243 ], [ 2.4128547, 39.5952237 ], [ 2.412855, 39.5952232 ], [ 2.4128553, 39.5952228 ], [ 2.4128555, 39.5952225 ], [ 2.4128558, 39.5952222 ], [ 2.412856, 39.5952219 ], [ 2.4128562, 39.5952217 ], [ 2.4128565, 39.5952215 ], [ 2.4128567, 39.5952214 ], [ 2.4128569, 39.5952212 ], [ 2.412857, 39.5952211 ], [ 2.4128572, 39.595221 ], [ 2.4128574, 39.5952209 ], [ 2.4128576, 39.5952208 ], [ 2.4128577, 39.5952207 ], [ 2.4128579, 39.5952207 ], [ 2.412858, 39.5952206 ], [ 2.4128582, 39.5952206 ], [ 2.4128583, 39.5952205 ], [ 2.4128585, 39.5952205 ], [ 2.4128586, 39.5952205 ], [ 2.4128588, 39.595220399999988 ], [ 2.4128589, 39.5952204 ], [ 2.4128591, 39.595220399999988 ], [ 2.4128592, 39.5952204 ], [ 2.4128594, 39.5952204 ], [ 2.4128596, 39.5952204 ], [ 2.4128597, 39.5952204 ], [ 2.4128599, 39.5952204 ], [ 2.4128601, 39.5952204 ], [ 2.4128602, 39.595220399999988 ], [ 2.4128604, 39.5952205 ], [ 2.4128606, 39.5952205 ], [ 2.4128608, 39.5952205 ], [ 2.412861, 39.5952206 ], [ 2.4128613, 39.5952207 ], [ 2.4128615, 39.5952208 ], [ 2.4128617, 39.5952209 ], [ 2.412862, 39.595221 ], [ 2.4128623, 39.5952211 ], [ 2.4128626, 39.5952213 ], [ 2.412863, 39.5952215 ], [ 2.4128634, 39.5952218 ], [ 2.4128638, 39.5952221 ], [ 2.4128643, 39.5952225 ], [ 2.4128649, 39.595223 ], [ 2.4128655, 39.5952236 ], [ 2.4128663, 39.5952244 ], [ 2.4128672, 39.5952255 ], [ 2.4128683, 39.5952268 ], [ 2.4128696, 39.5952287 ], [ 2.4128712, 39.5952314 ], [ 2.4128733, 39.5952352 ], [ 2.412876, 39.595241 ], [ 2.4128795, 39.5952501 ], [ 2.4128839, 39.5952646 ], [ 2.4128884, 39.5952872 ], [ 2.4128896, 39.595316 ], [ 2.4128819, 39.5953325 ], [ 2.412868, 39.5953186 ], [ 2.4128577, 39.595291 ] ] ] } },
{ "type": "Feature", "properties": { "PlotID": "MANFV11", "windspeed": 10.0, "time": "15", "clipped_m2": 70.72508143473533, "clipped_ha": 0.0070725081434735333, "wspd": "10" }, "geometry": { "type": "Polygon", "coordinates": [ [ [ 2.4073419, 39.5979136 ], [ 2.4073325, 39.5978998 ], [ 2.4073264, 39.5978851 ], [ 2.4073229, 39.597871399999988 ], [ 2.4073213, 39.5978594 ], [ 2.4073211, 39.5978494 ], [ 2.4073217, 39.5978412 ], [ 2.4073227, 39.5978344 ], [ 2.407324, 39.5978289 ], [ 2.4073254, 39.5978245 ], [ 2.4073268, 39.5978207 ], [ 2.4073282, 39.5978177 ], [ 2.4073296, 39.5978151 ], [ 2.407331, 39.5978129 ], [ 2.4073323, 39.5978111 ], [ 2.4073335, 39.5978095 ], [ 2.4073347, 39.5978082 ], [ 2.4073358, 39.597807 ], [ 2.4073369, 39.597806 ], [ 2.407338, 39.5978051 ], [ 2.407339, 39.5978043 ], [ 2.40734, 39.5978037 ], [ 2.4073409, 39.5978031 ], [ 2.4073418, 39.5978025 ], [ 2.4073427, 39.597802099999988 ], [ 2.4073435, 39.5978017 ], [ 2.4073444, 39.5978013 ], [ 2.4073452, 39.597801 ], [ 2.407346, 39.5978008 ], [ 2.4073468, 39.5978005 ], [ 2.4073476, 39.597800299999989 ], [ 2.4073484, 39.5978002 ], [ 2.4073492, 39.5978 ], [ 2.4073499, 39.5977999 ], [ 2.4073507, 39.5977998 ], [ 2.4073515, 39.5977998 ], [ 2.4073523, 39.5977998 ], [ 2.4073531, 39.5977998 ], [ 2.4073539, 39.5977998 ], [ 2.4073547, 39.5977999 ], [ 2.4073556, 39.5978 ], [ 2.4073565, 39.5978001 ], [ 2.4073573, 39.597800299999989 ], [ 2.4073583, 39.5978005 ], [ 2.4073592, 39.5978008 ], [ 2.4073602, 39.5978011 ], [ 2.4073612, 39.5978014 ], [ 2.4073623, 39.5978019 ], [ 2.4073634, 39.5978024 ], [ 2.4073646, 39.5978029 ], [ 2.4073659, 39.5978036 ], [ 2.4073672, 39.5978045 ], [ 2.4073686, 39.5978054 ], [ 2.4073701, 39.5978065 ], [ 2.4073718, 39.5978079 ], [ 2.4073735, 39.5978095 ], [ 2.4073754, 39.5978114 ], [ 2.4073775, 39.5978137 ], [ 2.4073797, 39.5978165 ], [ 2.4073821, 39.5978199 ], [ 2.4073847, 39.597824 ], [ 2.4073874, 39.5978292 ], [ 2.4073902, 39.5978356 ], [ 2.407393, 39.5978436 ], [ 2.4073954, 39.5978534 ], [ 2.4073971, 39.5978654 ], [ 2.4073974, 39.5978794 ], [ 2.4073952, 39.5978948 ], [ 2.4073897, 39.5979097 ], [ 2.4073803, 39.5979213 ], [ 2.4073678, 39.5979264 ], [ 2.4073542, 39.5979234 ], [ 2.4073419, 39.5979136 ] ] ] } },
{ "type": "Feature", "properties": { "PlotID": "MANFV12", "windspeed": 10.0, "time": "15", "clipped_m2": 11.163344626154867, "clipped_ha": 0.0011163344626154868, "wspd": "10" }, "geometry": { "type": "Polygon", "coordinates": [ [ [ 2.4019642, 39.5876806 ], [ 2.4019603, 39.5876776 ], [ 2.4019572, 39.587674 ], [ 2.4019548, 39.5876702 ], [ 2.4019532, 39.5876664 ], [ 2.4019522, 39.5876629 ], [ 2.4019517, 39.587659699999989 ], [ 2.4019515, 39.5876569 ], [ 2.4019516, 39.5876545 ], [ 2.4019519, 39.5876524 ], [ 2.4019523, 39.5876506 ], [ 2.4019527, 39.587649 ], [ 2.4019532, 39.5876476 ], [ 2.4019537, 39.5876464 ], [ 2.4019543, 39.5876454 ], [ 2.4019548, 39.587644499999989 ], [ 2.4019554, 39.5876437 ], [ 2.4019559, 39.587643 ], [ 2.4019565, 39.5876424 ], [ 2.401957, 39.5876419 ], [ 2.4019575, 39.5876414 ], [ 2.401958, 39.587641 ], [ 2.4019585, 39.5876406 ], [ 2.401959, 39.5876403 ], [ 2.4019595, 39.58764 ], [ 2.40196, 39.5876397 ], [ 2.4019605, 39.5876395 ], [ 2.4019609, 39.5876393 ], [ 2.4019614, 39.5876391 ], [ 2.4019619, 39.587639 ], [ 2.4019623, 39.5876388 ], [ 2.4019628, 39.5876387 ], [ 2.4019632, 39.5876386 ], [ 2.4019637, 39.5876385 ], [ 2.4019641, 39.587638399999989 ], [ 2.4019646, 39.5876384 ], [ 2.4019651, 39.5876384 ], [ 2.4019656, 39.5876384 ], [ 2.401966, 39.5876384 ], [ 2.4019665, 39.5876384 ], [ 2.401967, 39.5876384 ], [ 2.4019675, 39.5876385 ], [ 2.4019681, 39.5876386 ], [ 2.4019686, 39.5876387 ], [ 2.4019692, 39.5876388 ], [ 2.4019698, 39.587639 ], [ 2.4019704, 39.5876392 ], [ 2.401971, 39.5876394 ], [ 2.4019716, 39.5876397 ], [ 2.4019723, 39.58764 ], [ 2.4019731, 39.5876404 ], [ 2.4019738, 39.5876408 ], [ 2.4019746, 39.5876414 ], [ 2.4019754, 39.587642 ], [ 2.4019763, 39.587642699999989 ], [ 2.4019773, 39.5876435 ], [ 2.4019782, 39.5876445 ], [ 2.4019793, 39.5876457 ], [ 2.4019803, 39.5876471 ], [ 2.4019814, 39.5876487 ], [ 2.4019825, 39.5876507 ], [ 2.4019836, 39.587653 ], [ 2.4019846, 39.5876556 ], [ 2.4019853, 39.5876588 ], [ 2.4019858, 39.5876624 ], [ 2.4019858, 39.5876663 ], [ 2.4019852, 39.5876706 ], [ 2.4019836, 39.5876747 ], [ 2.4019811, 39.5876785 ], [ 2.4019776, 39.5876812 ], [ 2.4019733, 39.5876826 ], [ 2.4019687, 39.5876823 ], [ 2.4019642, 39.5876806 ] ] ] } },
{ "type": "Feature", "properties": { "PlotID": "MANFV13", "windspeed": 10.0, "time": "15", "clipped_m2": 377.59834647225216, "clipped_ha": 0.037759834647225217, "wspd": "10" }, "geometry": { "type": "Polygon", "coordinates": [ [ [ 2.4037944, 39.5905915 ], [ 2.4037755, 39.5905731 ], [ 2.4037609, 39.590553 ], [ 2.4037504, 39.5905326 ], [ 2.4037433, 39.5905132 ], [ 2.4037391, 39.5904954 ], [ 2.4037371, 39.5904793 ], [ 2.4037367, 39.5904651 ], [ 2.4037375, 39.5904526 ], [ 2.4037391, 39.5904416 ], [ 2.4037413, 39.5904321 ], [ 2.4037439, 39.5904237 ], [ 2.4037468, 39.5904165 ], [ 2.4037499, 39.5904101 ], [ 2.403753, 39.5904045 ], [ 2.4037562, 39.5903995 ], [ 2.4037595, 39.5903952 ], [ 2.4037627, 39.5903913 ], [ 2.4037658, 39.590387899999989 ], [ 2.403769, 39.5903849 ], [ 2.4037721, 39.5903821 ], [ 2.4037752, 39.5903797 ], [ 2.4037782, 39.5903776 ], [ 2.4037812, 39.5903756 ], [ 2.4037842, 39.5903739 ], [ 2.4037872, 39.5903724 ], [ 2.4037901, 39.590371 ], [ 2.403793, 39.5903698 ], [ 2.4037959, 39.5903687 ], [ 2.4037987, 39.5903678 ], [ 2.4038016, 39.590367 ], [ 2.4038045, 39.5903663 ], [ 2.4038074, 39.5903657 ], [ 2.4038103, 39.5903653 ], [ 2.4038133, 39.5903649 ], [ 2.4038162, 39.5903647 ], [ 2.4038192, 39.5903645 ], [ 2.4038223, 39.5903645 ], [ 2.4038254, 39.5903646 ], [ 2.4038286, 39.5903649 ], [ 2.4038319, 39.5903652 ], [ 2.4038352, 39.5903657 ], [ 2.4038387, 39.5903664 ], [ 2.4038422, 39.5903672 ], [ 2.4038459, 39.5903682 ], [ 2.4038497, 39.5903694 ], [ 2.4038537, 39.5903708 ], [ 2.4038579, 39.5903725 ], [ 2.4038622, 39.5903745 ], [ 2.4038667, 39.5903769 ], [ 2.4038714, 39.5903797 ], [ 2.4038764, 39.5903829 ], [ 2.4038816, 39.5903866 ], [ 2.4038871, 39.5903911 ], [ 2.4038928, 39.5903962 ], [ 2.4038988, 39.5904023 ], [ 2.403905, 39.5904094 ], [ 2.4039114, 39.5904177 ], [ 2.4039178, 39.5904276 ], [ 2.4039242, 39.5904391 ], [ 2.4039302, 39.5904525 ], [ 2.4039355, 39.5904681 ], [ 2.4039396, 39.590486 ], [ 2.4039417, 39.5905061 ], [ 2.4039409, 39.590528 ], [ 2.4039362, 39.5905509 ], [ 2.4039268, 39.5905731 ], [ 2.4039119, 39.5905927 ], [ 2.403892, 39.5906072 ], [ 2.4038681, 39.5906147 ], [ 2.4038423, 39.5906141 ], [ 2.4038171, 39.5906058 ], [ 2.4037944, 39.5905915 ] ] ] } },
{ "type": "Feature", "properties": { "PlotID": "MANFV14", "windspeed": 10.0, "time": "15", "clipped_m2": 17.326328446768457, "clipped_ha": 0.0017326328446768456, "wspd": "10" }, "geometry": { "type": "Polygon", "coordinates": [ [ [ 2.4107385, 39.5948847 ], [ 2.4107338, 39.5948785 ], [ 2.4107306, 39.5948716 ], [ 2.4107287, 39.5948651 ], [ 2.4107277, 39.5948593 ], [ 2.4107275, 39.5948544 ], [ 2.4107276, 39.5948503 ], [ 2.4107281, 39.5948469 ], [ 2.4107286, 39.5948441 ], [ 2.4107293, 39.5948418 ], [ 2.41073, 39.5948399 ], [ 2.4107307, 39.5948383 ], [ 2.4107314, 39.594837 ], [ 2.4107321, 39.5948359 ], [ 2.4107327, 39.5948349 ], [ 2.4107334, 39.5948341 ], [ 2.410734, 39.5948334 ], [ 2.4107346, 39.5948327 ], [ 2.4107351, 39.5948322 ], [ 2.4107357, 39.5948318 ], [ 2.4107362, 39.5948313 ], [ 2.4107367, 39.594831 ], [ 2.4107372, 39.5948307 ], [ 2.4107376, 39.5948304 ], [ 2.4107381, 39.5948302 ], [ 2.4107385, 39.5948299 ], [ 2.410739, 39.5948298 ], [ 2.4107394, 39.5948296 ], [ 2.4107398, 39.5948294 ], [ 2.4107403, 39.5948293 ], [ 2.4107407, 39.5948292 ], [ 2.4107411, 39.5948291 ], [ 2.4107415, 39.594829 ], [ 2.4107419, 39.594829 ], [ 2.4107423, 39.5948289 ], [ 2.4107427, 39.5948289 ], [ 2.4107431, 39.5948289 ], [ 2.4107436, 39.5948289 ], [ 2.410744, 39.5948289 ], [ 2.4107444, 39.594829 ], [ 2.4107449, 39.594829 ], [ 2.4107453, 39.5948291 ], [ 2.4107458, 39.5948292 ], [ 2.4107463, 39.5948293 ], [ 2.4107468, 39.5948294 ], [ 2.4107473, 39.5948296 ], [ 2.4107478, 39.5948298 ], [ 2.4107484, 39.59483 ], [ 2.410749, 39.5948302 ], [ 2.4107496, 39.5948305 ], [ 2.4107503, 39.5948309 ], [ 2.410751, 39.5948313 ], [ 2.4107517, 39.5948318 ], [ 2.4107525, 39.5948324 ], [ 2.4107534, 39.5948331 ], [ 2.4107543, 39.5948339 ], [ 2.4107553, 39.5948349 ], [ 2.4107563, 39.594836099999988 ], [ 2.4107575, 39.5948375 ], [ 2.4107587, 39.5948393 ], [ 2.41076, 39.5948414 ], [ 2.4107613, 39.594844 ], [ 2.4107627, 39.5948473 ], [ 2.410764, 39.5948512 ], [ 2.4107652, 39.5948561 ], [ 2.4107659, 39.5948619 ], [ 2.4107659, 39.5948686 ], [ 2.4107647, 39.5948758 ], [ 2.4107619, 39.5948827 ], [ 2.4107572, 39.594888 ], [ 2.4107512, 39.5948904 ], [ 2.4107446, 39.5948891 ], [ 2.4107385, 39.5948847 ] ] ] } },
{ "type": "Feature", "properties": { "PlotID": "MANFV15", "windspeed": 10.0, "time": "15", "clipped_m2": 14.790501803159714, "clipped_ha": 0.0014790501803159713, "wspd": "10" }, "geometry": { "type": "Polygon", "coordinates": [ [ [ 2.4106274, 39.5929193 ], [ 2.4106249, 39.5929018 ], [ 2.4106243, 39.5928906 ], [ 2.4106245, 39.5928837 ], [ 2.410625, 39.5928792 ], [ 2.4106255, 39.5928762 ], [ 2.410626, 39.5928741 ], [ 2.4106264, 39.5928726 ], [ 2.4106268, 39.5928715 ], [ 2.4106272, 39.5928706 ], [ 2.4106275, 39.59287 ], [ 2.4106278, 39.5928695 ], [ 2.4106281, 39.5928691 ], [ 2.4106283, 39.5928687 ], [ 2.4106285, 39.5928684 ], [ 2.4106287, 39.5928682 ], [ 2.4106289, 39.592868 ], [ 2.4106291, 39.5928678 ], [ 2.4106293, 39.5928677 ], [ 2.4106294, 39.5928676 ], [ 2.4106296, 39.5928674 ], [ 2.4106297, 39.5928674 ], [ 2.4106299, 39.5928673 ], [ 2.41063, 39.5928672 ], [ 2.4106301, 39.5928671 ], [ 2.4106302, 39.5928671 ], [ 2.4106304, 39.592867 ], [ 2.4106305, 39.592867 ], [ 2.4106306, 39.5928669 ], [ 2.4106307, 39.5928669 ], [ 2.4106308, 39.5928669 ], [ 2.4106309, 39.5928669 ], [ 2.410631, 39.5928668 ], [ 2.4106311, 39.5928668 ], [ 2.4106312, 39.5928668 ], [ 2.4106313, 39.5928668 ], [ 2.4106315, 39.5928668 ], [ 2.4106316, 39.5928668 ], [ 2.4106317, 39.5928668 ], [ 2.4106318, 39.5928668 ], [ 2.4106319, 39.592866799999989 ], [ 2.410632, 39.5928668 ], [ 2.4106322, 39.5928669 ], [ 2.4106323, 39.5928669 ], [ 2.4106324, 39.5928669 ], [ 2.4106326, 39.592867 ], [ 2.4106327, 39.592867 ], [ 2.4106329, 39.5928671 ], [ 2.410633, 39.5928671 ], [ 2.4106332, 39.5928672 ], [ 2.4106334, 39.5928673 ], [ 2.4106336, 39.5928674 ], [ 2.4106338, 39.5928676 ], [ 2.4106341, 39.5928677 ], [ 2.4106343, 39.5928679 ], [ 2.4106346, 39.5928681 ], [ 2.410635, 39.5928684 ], [ 2.4106354, 39.5928688 ], [ 2.4106358, 39.5928693 ], [ 2.4106363, 39.5928698 ], [ 2.4106369, 39.5928706 ], [ 2.4106376, 39.5928716 ], [ 2.4106385, 39.592873 ], [ 2.4106396, 39.5928749 ], [ 2.410641, 39.5928778 ], [ 2.4106427, 39.592882 ], [ 2.410645, 39.5928888 ], [ 2.4106477, 39.5928997 ], [ 2.4106504, 39.5929172 ], [ 2.4106506, 39.5929402 ], [ 2.4106442, 39.5929537 ], [ 2.410634, 39.5929417 ], [ 2.4106274, 39.5929193 ] ] ] } },
{ "type": "Feature", "properties": { "PlotID": "MANFV16", "windspeed": 10.0, "time": "15", "clipped_m2": 47.545364525685727, "clipped_ha": 0.0047545364525685731, "wspd": "10" }, "geometry": { "type": "Polygon", "coordinates": [ [ [ 2.4055885, 39.5843028 ], [ 2.4055815, 39.5843 ], [ 2.4055753, 39.5842961 ], [ 2.4055701, 39.5842915 ], [ 2.4055658, 39.5842865 ], [ 2.4055626, 39.5842813 ], [ 2.4055602, 39.5842761 ], [ 2.4055587, 39.5842711 ], [ 2.4055578, 39.5842663 ], [ 2.4055575, 39.5842619 ], [ 2.4055576, 39.5842578 ], [ 2.405558, 39.5842541 ], [ 2.4055588, 39.5842507 ], [ 2.4055597, 39.5842476 ], [ 2.4055608, 39.5842448 ], [ 2.4055621, 39.5842424 ], [ 2.4055634, 39.5842401 ], [ 2.4055648, 39.5842381 ], [ 2.4055662, 39.5842363 ], [ 2.4055677, 39.5842346 ], [ 2.4055692, 39.5842332 ], [ 2.4055707, 39.5842318 ], [ 2.4055722, 39.5842307 ], [ 2.4055737, 39.5842296 ], [ 2.4055752, 39.5842286 ], [ 2.4055767, 39.5842278 ], [ 2.4055782, 39.584227 ], [ 2.4055797, 39.5842264 ], [ 2.4055812, 39.5842258 ], [ 2.4055827, 39.5842253 ], [ 2.4055842, 39.5842248 ], [ 2.4055857, 39.584224399999989 ], [ 2.4055872, 39.5842241 ], [ 2.4055887, 39.5842239 ], [ 2.4055902, 39.5842237 ], [ 2.4055918, 39.5842236 ], [ 2.4055933, 39.5842235 ], [ 2.4055949, 39.5842235 ], [ 2.4055964, 39.5842236 ], [ 2.405598, 39.5842237 ], [ 2.4055997, 39.5842239 ], [ 2.4056013, 39.5842242 ], [ 2.405603, 39.5842246 ], [ 2.4056047, 39.584225 ], [ 2.4056064, 39.5842255 ], [ 2.4056082, 39.5842262 ], [ 2.40561, 39.5842269 ], [ 2.4056118, 39.5842278 ], [ 2.4056137, 39.5842287 ], [ 2.4056156, 39.5842299 ], [ 2.4056176, 39.5842312 ], [ 2.4056195, 39.5842327 ], [ 2.4056216, 39.5842343 ], [ 2.4056236, 39.5842363 ], [ 2.4056256, 39.5842384 ], [ 2.4056276, 39.5842409 ], [ 2.4056295, 39.584243699999988 ], [ 2.4056313, 39.5842468 ], [ 2.405633, 39.5842503 ], [ 2.4056344, 39.5842543 ], [ 2.4056355, 39.5842586 ], [ 2.4056362, 39.5842634 ], [ 2.4056363, 39.5842685 ], [ 2.4056358, 39.584274 ], [ 2.4056343, 39.5842797 ], [ 2.4056318, 39.5842854 ], [ 2.4056283, 39.5842909 ], [ 2.4056235, 39.5842958 ], [ 2.4056177, 39.5842999 ], [ 2.4056109, 39.5843028 ], [ 2.4056036, 39.5843043 ], [ 2.405596, 39.5843042 ], [ 2.4055885, 39.5843028 ] ] ] } },
{ "type": "Feature", "properties": { "PlotID": "MANFV17", "windspeed": 10.0, "time": "15", "clipped_m2": 21.450653425388737, "clipped_ha": 0.0021450653425388738, "wspd": "10" }, "geometry": { "type": "Polygon", "coordinates": [ [ [ 2.4030905, 39.6011433 ], [ 2.4030862, 39.6011359 ], [ 2.4030834, 39.6011287 ], [ 2.4030817, 39.6011223 ], [ 2.4030809, 39.6011169 ], [ 2.4030807, 39.6011123 ], [ 2.4030808, 39.6011085 ], [ 2.4030812, 39.6011054 ], [ 2.4030817, 39.6011028 ], [ 2.4030822, 39.6011007 ], [ 2.4030828, 39.6010989 ], [ 2.4030835, 39.6010974 ], [ 2.4030841, 39.6010961 ], [ 2.4030847, 39.601095 ], [ 2.4030853, 39.601094 ], [ 2.4030859, 39.6010932 ], [ 2.4030865, 39.6010925 ], [ 2.4030871, 39.6010919 ], [ 2.4030876, 39.6010913 ], [ 2.4030881, 39.6010908 ], [ 2.4030887, 39.6010904 ], [ 2.4030892, 39.60109 ], [ 2.4030897, 39.601089699999989 ], [ 2.4030901, 39.6010894 ], [ 2.4030906, 39.6010891 ], [ 2.4030911, 39.6010889 ], [ 2.4030915, 39.6010887 ], [ 2.403092, 39.6010885 ], [ 2.4030924, 39.6010883 ], [ 2.4030929, 39.6010882 ], [ 2.4030933, 39.6010881 ], [ 2.4030938, 39.601088 ], [ 2.4030942, 39.6010879 ], [ 2.4030947, 39.6010878 ], [ 2.4030951, 39.6010877 ], [ 2.4030956, 39.6010877 ], [ 2.403096, 39.6010877 ], [ 2.4030965, 39.6010877 ], [ 2.403097, 39.6010877 ], [ 2.4030975, 39.6010877 ], [ 2.403098, 39.6010878 ], [ 2.4030985, 39.6010878 ], [ 2.403099, 39.6010879 ], [ 2.4030996, 39.601088 ], [ 2.4031002, 39.6010882 ], [ 2.4031008, 39.6010883 ], [ 2.4031015, 39.6010886 ], [ 2.4031021, 39.6010888 ], [ 2.4031029, 39.6010891 ], [ 2.4031036, 39.6010895 ], [ 2.4031044, 39.6010899 ], [ 2.4031053, 39.6010904 ], [ 2.4031062, 39.601091 ], [ 2.4031073, 39.6010917 ], [ 2.4031084, 39.6010925 ], [ 2.4031096, 39.6010936 ], [ 2.4031108, 39.6010948 ], [ 2.4031123, 39.6010963 ], [ 2.4031138, 39.6010982 ], [ 2.4031155, 39.6011004 ], [ 2.4031173, 39.6011032 ], [ 2.4031191, 39.6011067 ], [ 2.403121, 39.601111 ], [ 2.4031228, 39.6011163 ], [ 2.4031243, 39.6011228 ], [ 2.403125, 39.6011302 ], [ 2.4031245, 39.6011384 ], [ 2.4031221, 39.6011463 ], [ 2.4031176, 39.6011525 ], [ 2.4031111, 39.6011556 ], [ 2.4031036, 39.6011546 ], [ 2.4030964, 39.60115 ], [ 2.4030905, 39.6011433 ] ] ] } },
{ "type": "Feature", "properties": { "PlotID": "MANFV18", "windspeed": 10.0, "time": "15", "clipped_m2": 2.5026537688390817, "clipped_ha": 0.0002502653768839082, "wspd": "10" }, "geometry": { "type": "Polygon", "coordinates": [ [ [ 2.402759, 39.5995522 ], [ 2.4027571, 39.599549 ], [ 2.4027559, 39.5995458 ], [ 2.4027552, 39.599543 ], [ 2.4027549, 39.5995406 ], [ 2.4027549, 39.5995387 ], [ 2.4027549, 39.5995372 ], [ 2.4027551, 39.599536 ], [ 2.4027553, 39.5995351 ], [ 2.4027555, 39.5995343 ], [ 2.4027557, 39.5995337 ], [ 2.4027559, 39.5995332 ], [ 2.4027562, 39.5995327 ], [ 2.4027564, 39.5995324 ], [ 2.4027566, 39.5995321 ], [ 2.4027568, 39.5995318 ], [ 2.4027569, 39.5995316 ], [ 2.4027571, 39.5995314 ], [ 2.4027573, 39.5995312 ], [ 2.4027574, 39.5995311 ], [ 2.4027576, 39.599531 ], [ 2.4027577, 39.5995309 ], [ 2.4027579, 39.5995308 ], [ 2.402758, 39.5995307 ], [ 2.4027581, 39.5995306 ], [ 2.4027583, 39.5995305 ], [ 2.4027584, 39.5995305 ], [ 2.4027585, 39.5995304 ], [ 2.4027587, 39.5995304 ], [ 2.4027588, 39.5995303 ], [ 2.4027589, 39.5995303 ], [ 2.402759, 39.5995303 ], [ 2.4027591, 39.5995302 ], [ 2.4027593, 39.5995302 ], [ 2.4027594, 39.5995302 ], [ 2.4027595, 39.5995302 ], [ 2.4027596, 39.5995302 ], [ 2.4027598, 39.5995302 ], [ 2.4027599, 39.5995302 ], [ 2.40276, 39.5995302 ], [ 2.4027601, 39.5995302 ], [ 2.4027603, 39.5995302 ], [ 2.4027604, 39.5995302 ], [ 2.4027606, 39.5995303 ], [ 2.4027607, 39.5995303 ], [ 2.4027609, 39.5995303 ], [ 2.402761, 39.5995304 ], [ 2.4027612, 39.5995304 ], [ 2.4027614, 39.5995305 ], [ 2.4027616, 39.5995306 ], [ 2.4027618, 39.5995307 ], [ 2.402762, 39.5995308 ], [ 2.4027623, 39.599531 ], [ 2.4027625, 39.5995311 ], [ 2.4027628, 39.5995313 ], [ 2.4027631, 39.5995316 ], [ 2.4027634, 39.599531899999988 ], [ 2.4027638, 39.5995322 ], [ 2.4027642, 39.5995327 ], [ 2.4027647, 39.5995332 ], [ 2.4027652, 39.5995339 ], [ 2.4027657, 39.5995348 ], [ 2.4027664, 39.5995359 ], [ 2.402767, 39.5995373 ], [ 2.4027677, 39.5995391 ], [ 2.4027683, 39.5995414 ], [ 2.4027688, 39.5995442 ], [ 2.4027689, 39.5995476 ], [ 2.4027683, 39.5995511 ], [ 2.4027668, 39.599554 ], [ 2.4027644, 39.5995553 ], [ 2.4027616, 39.5995546 ], [ 2.402759, 39.5995522 ] ] ] } },
{ "type": "Feature", "properties": { "PlotID": "MANFV19", "windspeed": 10.0, "time": "15", "clipped_m2": 1.8628612916209022, "clipped_ha": 0.00018628612916209023, "wspd": "10" }, "geometry": { "type": "Polygon", "coordinates": [ [ [ 2.4026596, 39.6002271 ], [ 2.4026584, 39.6002267 ], [ 2.4026573, 39.600226 ], [ 2.4026563, 39.6002253 ], [ 2.4026555, 39.6002245 ], [ 2.4026549, 39.6002236 ], [ 2.4026544, 39.6002228 ], [ 2.402654, 39.6002219 ], [ 2.4026537, 39.6002211 ], [ 2.4026536, 39.6002203 ], [ 2.4026535, 39.6002196 ], [ 2.4026535, 39.6002189 ], [ 2.4026536, 39.6002182 ], [ 2.4026537, 39.6002176 ], [ 2.4026539, 39.6002171 ], [ 2.4026541, 39.6002166 ], [ 2.4026543, 39.6002161 ], [ 2.4026545, 39.6002157 ], [ 2.4026548, 39.6002153 ], [ 2.4026551, 39.6002149 ], [ 2.4026554, 39.6002146 ], [ 2.4026557, 39.6002143 ], [ 2.402656, 39.600214 ], [ 2.4026563, 39.6002138 ], [ 2.4026566, 39.6002135 ], [ 2.402657, 39.6002133 ], [ 2.4026573, 39.6002132 ], [ 2.4026576, 39.600213 ], [ 2.402658, 39.6002129 ], [ 2.4026583, 39.6002127 ], [ 2.4026587, 39.6002126 ], [ 2.402659, 39.6002125 ], [ 2.4026594, 39.6002124 ], [ 2.4026597, 39.6002124 ], [ 2.4026601, 39.6002123 ], [ 2.4026604, 39.6002123 ], [ 2.4026608, 39.6002123 ], [ 2.4026612, 39.6002123 ], [ 2.4026616, 39.6002123 ], [ 2.4026619, 39.6002123 ], [ 2.4026623, 39.6002124 ], [ 2.4026627, 39.6002124 ], [ 2.4026631, 39.6002125 ], [ 2.4026635, 39.6002126 ], [ 2.402664, 39.6002128 ], [ 2.4026644, 39.6002129 ], [ 2.4026648, 39.6002131 ], [ 2.4026652, 39.6002133 ], [ 2.4026657, 39.6002136 ], [ 2.4026661, 39.6002139 ], [ 2.4026666, 39.6002142 ], [ 2.402667, 39.6002145 ], [ 2.4026674, 39.6002149 ], [ 2.4026679, 39.6002154 ], [ 2.4026683, 39.6002159 ], [ 2.4026687, 39.600216499999988 ], [ 2.402669, 39.6002171 ], [ 2.4026694, 39.6002178 ], [ 2.4026696, 39.6002186 ], [ 2.4026698, 39.6002194 ], [ 2.4026699, 39.6002203 ], [ 2.4026698, 39.6002213 ], [ 2.4026697, 39.6002223 ], [ 2.4026693, 39.6002232 ], [ 2.4026688, 39.6002242 ], [ 2.4026681, 39.6002251 ], [ 2.4026672, 39.600226 ], [ 2.4026662, 39.6002266 ], [ 2.402665, 39.6002272 ], [ 2.4026637, 39.6002275 ], [ 2.4026623, 39.6002276 ], [ 2.4026609, 39.6002275 ], [ 2.4026596, 39.6002271 ] ] ] } },
{ "type": "Feature", "properties": { "PlotID": "MANFV20", "windspeed": 10.0, "time": "15", "clipped_m2": 328.58904121455271, "clipped_ha": 0.032858904121455271, "wspd": "10" }, "geometry": { "type": "Polygon", "coordinates": [ [ [ 2.4148212, 39.5913982 ], [ 2.4148059, 39.5913579 ], [ 2.4147975, 39.5913239 ], [ 2.4147937, 39.5912967 ], [ 2.4147925, 39.5912755 ], [ 2.4147929, 39.591259 ], [ 2.4147942, 39.591246 ], [ 2.4147959, 39.5912358 ], [ 2.4147979, 39.5912276 ], [ 2.4148, 39.591221 ], [ 2.414802, 39.5912156 ], [ 2.414804, 39.591211099999988 ], [ 2.414806, 39.5912074 ], [ 2.4148079, 39.5912042 ], [ 2.4148097, 39.5912015 ], [ 2.4148114, 39.5911992 ], [ 2.4148131, 39.5911972 ], [ 2.4148147, 39.5911955 ], [ 2.4148162, 39.591194 ], [ 2.4148177, 39.5911927 ], [ 2.4148191, 39.5911915 ], [ 2.4148205, 39.5911905 ], [ 2.4148218, 39.5911896 ], [ 2.4148231, 39.5911888 ], [ 2.4148244, 39.591188 ], [ 2.4148257, 39.5911874 ], [ 2.4148269, 39.5911868 ], [ 2.4148281, 39.5911863 ], [ 2.4148293, 39.5911859 ], [ 2.4148305, 39.5911855 ], [ 2.4148317, 39.5911852 ], [ 2.4148329, 39.5911849 ], [ 2.4148341, 39.5911846 ], [ 2.4148353, 39.5911844 ], [ 2.4148365, 39.5911842 ], [ 2.4148377, 39.5911841 ], [ 2.414839, 39.591184 ], [ 2.4148403, 39.591184 ], [ 2.4148416, 39.591184 ], [ 2.4148429, 39.591184 ], [ 2.4148443, 39.5911841 ], [ 2.4148457, 39.5911843 ], [ 2.4148472, 39.5911845 ], [ 2.4148487, 39.5911848 ], [ 2.4148503, 39.5911852 ], [ 2.414852, 39.591185599999989 ], [ 2.4148538, 39.5911861 ], [ 2.4148557, 39.5911868 ], [ 2.4148577, 39.5911876 ], [ 2.4148599, 39.5911885 ], [ 2.4148622, 39.5911896 ], [ 2.4148647, 39.591191 ], [ 2.4148675, 39.5911926 ], [ 2.4148705, 39.5911945 ], [ 2.4148738, 39.5911969 ], [ 2.4148774, 39.5911997 ], [ 2.4148815, 39.5912033 ], [ 2.4148861, 39.5912077 ], [ 2.4148913, 39.5912132 ], [ 2.4148972, 39.5912201 ], [ 2.4149039, 39.591229 ], [ 2.4149115, 39.5912406 ], [ 2.4149201, 39.5912557 ], [ 2.4149296, 39.5912757 ], [ 2.4149395, 39.5913019 ], [ 2.4149487, 39.591335799999989 ], [ 2.4149547, 39.5913775 ], [ 2.4149532, 39.5914234 ], [ 2.4149396, 39.5914633 ], [ 2.4149125, 39.5914827 ], [ 2.4148778, 39.5914729 ], [ 2.4148453, 39.5914401 ], [ 2.4148212, 39.5913982 ] ] ] } },
{ "type": "Feature", "properties": { "PlotID": "MANFV21", "windspeed": 10.0, "time": "15", "clipped_m2": 420.11279400601052, "clipped_ha": 0.042011279400601051, "wspd": "10" }, "geometry": { "type": "Polygon", "coordinates": [ [ [ 2.4045099, 39.5848214 ], [ 2.4044931, 39.5847749 ], [ 2.404484, 39.584736 ], [ 2.4044799, 39.5847053 ], [ 2.4044788, 39.5846814 ], [ 2.4044795, 39.5846629 ], [ 2.404481, 39.5846485 ], [ 2.404483, 39.5846371 ], [ 2.4044853, 39.584628 ], [ 2.4044876, 39.5846207 ], [ 2.4044899, 39.5846147 ], [ 2.4044922, 39.5846098 ], [ 2.4044944, 39.584605599999989 ], [ 2.4044965, 39.5846022 ], [ 2.4044985, 39.5845992 ], [ 2.4045004, 39.5845967 ], [ 2.4045023, 39.5845945 ], [ 2.404504, 39.5845926 ], [ 2.4045057, 39.5845909 ], [ 2.4045073, 39.5845895 ], [ 2.4045089, 39.5845882 ], [ 2.4045104, 39.5845871 ], [ 2.4045119, 39.5845861 ], [ 2.4045134, 39.5845852 ], [ 2.4045148, 39.5845844 ], [ 2.4045162, 39.5845837 ], [ 2.4045175, 39.5845831 ], [ 2.4045189, 39.5845825 ], [ 2.4045202, 39.5845821 ], [ 2.4045215, 39.5845816 ], [ 2.4045228, 39.5845813 ], [ 2.4045241, 39.5845809 ], [ 2.4045255, 39.5845807 ], [ 2.4045268, 39.5845804 ], [ 2.4045281, 39.5845803 ], [ 2.4045295, 39.5845801 ], [ 2.4045308, 39.58458 ], [ 2.4045322, 39.58458 ], [ 2.4045337, 39.58458 ], [ 2.4045351, 39.584580099999989 ], [ 2.4045366, 39.5845802 ], [ 2.4045382, 39.5845804 ], [ 2.4045398, 39.5845806 ], [ 2.4045415, 39.5845809 ], [ 2.4045433, 39.5845813 ], [ 2.4045451, 39.5845818 ], [ 2.4045471, 39.5845824 ], [ 2.4045492, 39.5845831 ], [ 2.4045514, 39.584584 ], [ 2.4045538, 39.584585 ], [ 2.4045564, 39.5845862 ], [ 2.4045591, 39.5845877 ], [ 2.4045621, 39.5845895 ], [ 2.4045655, 39.5845916 ], [ 2.4045691, 39.5845942 ], [ 2.4045732, 39.5845974 ], [ 2.4045777, 39.5846013 ], [ 2.4045828, 39.5846062 ], [ 2.4045885, 39.5846123 ], [ 2.404595, 39.58462 ], [ 2.4046025, 39.5846299 ], [ 2.404611, 39.5846428 ], [ 2.4046207, 39.5846597 ], [ 2.4046314, 39.584682099999988 ], [ 2.4046427, 39.5847118 ], [ 2.4046534, 39.5847504 ], [ 2.4046607, 39.5847984 ], [ 2.4046596, 39.5848517 ], [ 2.4046445, 39.5848984 ], [ 2.4046136, 39.584921 ], [ 2.404574, 39.5849092 ], [ 2.4045371, 39.5848704 ], [ 2.4045099, 39.5848214 ] ] ] } },
{ "type": "Feature", "properties": { "PlotID": "MANFV22", "windspeed": 10.0, "time": "15", "clipped_m2": 237.53319550061133, "clipped_ha": 0.023753319550061134, "wspd": "10" }, "geometry": { "type": "Polygon", "coordinates": [ [ [ 2.4059791, 39.5829081 ], [ 2.4059648, 39.5828767 ], [ 2.4059563, 39.5828491 ], [ 2.4059518, 39.5828264 ], [ 2.4059499, 39.5828081 ], [ 2.4059496, 39.5827936 ], [ 2.4059502, 39.582782 ], [ 2.4059514, 39.5827728 ], [ 2.4059529, 39.5827653 ], [ 2.4059546, 39.5827592 ], [ 2.4059563, 39.5827542 ], [ 2.405958, 39.58275 ], [ 2.4059597, 39.5827465 ], [ 2.4059614, 39.5827435 ], [ 2.405963, 39.5827409 ], [ 2.4059645, 39.5827388 ], [ 2.405966, 39.5827369 ], [ 2.4059675, 39.5827352 ], [ 2.4059689, 39.5827338 ], [ 2.4059702, 39.5827325 ], [ 2.4059716, 39.5827314 ], [ 2.4059728, 39.5827304 ], [ 2.4059741, 39.5827295 ], [ 2.4059753, 39.5827287 ], [ 2.4059765, 39.582728 ], [ 2.4059777, 39.5827274 ], [ 2.4059788, 39.5827268 ], [ 2.40598, 39.5827264 ], [ 2.4059811, 39.5827259 ], [ 2.4059822, 39.5827255 ], [ 2.4059833, 39.5827252 ], [ 2.4059845, 39.5827249 ], [ 2.4059856, 39.5827246 ], [ 2.4059867, 39.5827244 ], [ 2.4059879, 39.5827242 ], [ 2.405989, 39.5827241 ], [ 2.4059902, 39.582724 ], [ 2.4059914, 39.582724 ], [ 2.4059927, 39.582724 ], [ 2.4059939, 39.582724 ], [ 2.4059952, 39.5827241 ], [ 2.4059966, 39.5827242 ], [ 2.405998, 39.5827244 ], [ 2.4059994, 39.5827246 ], [ 2.406001, 39.582725 ], [ 2.4060026, 39.5827254 ], [ 2.4060043, 39.5827259 ], [ 2.4060061, 39.5827264 ], [ 2.406008, 39.5827272 ], [ 2.40601, 39.582728 ], [ 2.4060122, 39.5827291 ], [ 2.4060146, 39.5827303 ], [ 2.4060172, 39.5827318 ], [ 2.40602, 39.5827336 ], [ 2.4060232, 39.5827357 ], [ 2.4060266, 39.5827384 ], [ 2.4060304, 39.5827416 ], [ 2.4060347, 39.5827456 ], [ 2.4060395, 39.5827507 ], [ 2.4060449, 39.582757 ], [ 2.406051, 39.582765 ], [ 2.4060578, 39.5827753 ], [ 2.4060653, 39.5827886 ], [ 2.4060735, 39.5828058 ], [ 2.4060817, 39.5828279 ], [ 2.4060888, 39.5828558 ], [ 2.4060927, 39.5828889 ], [ 2.4060902, 39.582924 ], [ 2.406078, 39.5829537 ], [ 2.4060556, 39.5829682 ], [ 2.4060274, 39.5829622 ], [ 2.4060004, 39.5829392 ], [ 2.4059791, 39.5829081 ] ] ] } },
{ "type": "Feature", "properties": { "PlotID": "MANFV23", "windspeed": 10.0, "time": "15", "clipped_m2": 2220.830070103053, "clipped_ha": 0.22208300701030531, "wspd": "10" }, "geometry": { "type": "Polygon", "coordinates": [ [ [ 2.4138291, 39.5955591 ], [ 2.4137924, 39.5954447 ], [ 2.4137739, 39.5953527 ], [ 2.4137663, 39.5952822 ], [ 2.4137651, 39.5952286 ], [ 2.4137672, 39.5951879 ], [ 2.4137711, 39.5951566 ], [ 2.4137758, 39.5951321 ], [ 2.4137808, 39.5951128 ], [ 2.4137859, 39.5950973 ], [ 2.413791, 39.5950847 ], [ 2.4137958, 39.5950743 ], [ 2.4138005, 39.5950656 ], [ 2.4138049, 39.5950584 ], [ 2.4138091, 39.5950522 ], [ 2.4138132, 39.595047 ], [ 2.413817, 39.5950424 ], [ 2.4138207, 39.5950385 ], [ 2.4138243, 39.5950351 ], [ 2.4138276, 39.5950321 ], [ 2.4138309, 39.595029499999988 ], [ 2.4138341, 39.5950271 ], [ 2.4138372, 39.5950251 ], [ 2.4138401, 39.5950232 ], [ 2.4138431, 39.5950216 ], [ 2.4138459, 39.5950202 ], [ 2.4138487, 39.5950189 ], [ 2.4138515, 39.5950178 ], [ 2.4138542, 39.5950167 ], [ 2.413857, 39.5950159 ], [ 2.4138597, 39.5950151 ], [ 2.4138624, 39.5950144 ], [ 2.4138651, 39.5950139 ], [ 2.4138678, 39.5950134 ], [ 2.4138706, 39.595013 ], [ 2.4138733, 39.5950127 ], [ 2.4138762, 39.5950126 ], [ 2.4138791, 39.5950125 ], [ 2.413882, 39.595012499999989 ], [ 2.413885, 39.5950126 ], [ 2.4138882, 39.5950129 ], [ 2.4138914, 39.5950132 ], [ 2.4138947, 39.5950137 ], [ 2.4138982, 39.5950144 ], [ 2.4139019, 39.5950152 ], [ 2.4139058, 39.5950162 ], [ 2.4139098, 39.5950174 ], [ 2.4139142, 39.5950189 ], [ 2.4139188, 39.5950206 ], [ 2.4139237, 39.5950227 ], [ 2.4139291, 39.5950253 ], [ 2.4139348, 39.5950283 ], [ 2.4139412, 39.595032 ], [ 2.4139481, 39.5950365 ], [ 2.4139558, 39.5950419 ], [ 2.4139643, 39.5950485 ], [ 2.4139739, 39.5950567 ], [ 2.4139848, 39.5950668 ], [ 2.4139972, 39.5950797 ], [ 2.4140113, 39.5950961 ], [ 2.4140277, 39.5951173 ], [ 2.4140467, 39.5951451 ], [ 2.4140687, 39.5951822 ], [ 2.4140939, 39.595232 ], [ 2.4141216, 39.5952995 ], [ 2.4141497, 39.5953901 ], [ 2.4141721, 39.5955066 ], [ 2.4141767, 39.5956418 ], [ 2.4141469, 39.5957651 ], [ 2.4140753, 39.5958252 ], [ 2.4139795, 39.595790699999988 ], [ 2.4138914, 39.5956854 ], [ 2.4138291, 39.5955591 ] ] ] } },
{ "type": "Feature", "properties": { "PlotID": "MANFV24", "windspeed": 10.0, "time": "15", "clipped_m2": 0.95467698657057554, "clipped_ha": 9.5467698657057554e-05, "wspd": "10" }, "geometry": { "type": "Polygon", "coordinates": [ [ [ 2.4000934, 39.5940139 ], [ 2.4000922, 39.5940135 ], [ 2.4000912, 39.5940128 ], [ 2.4000904, 39.594012 ], [ 2.4000897, 39.5940111 ], [ 2.4000892, 39.5940101 ], [ 2.400089, 39.5940092 ], [ 2.4000888, 39.5940083 ], [ 2.4000887, 39.5940075 ], [ 2.4000888, 39.5940068 ], [ 2.4000888, 39.5940062 ], [ 2.400089, 39.594005599999988 ], [ 2.4000891, 39.5940051 ], [ 2.4000893, 39.5940047 ], [ 2.4000895, 39.5940043 ], [ 2.4000897, 39.594004 ], [ 2.4000899, 39.5940037 ], [ 2.4000901, 39.5940034 ], [ 2.4000903, 39.5940032 ], [ 2.4000905, 39.594003 ], [ 2.4000907, 39.5940028 ], [ 2.4000909, 39.5940027 ], [ 2.4000911, 39.5940025 ], [ 2.4000912, 39.5940024 ], [ 2.4000914, 39.5940023 ], [ 2.4000916, 39.5940022 ], [ 2.4000918, 39.5940021 ], [ 2.400092, 39.594002 ], [ 2.4000921, 39.594002 ], [ 2.4000923, 39.5940019 ], [ 2.4000925, 39.5940019 ], [ 2.4000926, 39.5940018 ], [ 2.4000928, 39.5940018 ], [ 2.400093, 39.5940018 ], [ 2.4000932, 39.5940017 ], [ 2.4000933, 39.5940017 ], [ 2.4000935, 39.5940017 ], [ 2.4000937, 39.5940017 ], [ 2.4000938, 39.5940017 ], [ 2.400094, 39.5940017 ], [ 2.4000942, 39.5940018 ], [ 2.4000944, 39.5940018 ], [ 2.4000945, 39.5940018 ], [ 2.4000947, 39.5940019 ], [ 2.4000949, 39.5940019 ], [ 2.4000951, 39.594002 ], [ 2.4000953, 39.594002 ], [ 2.4000955, 39.5940021 ], [ 2.4000957, 39.5940022 ], [ 2.4000959, 39.5940023 ], [ 2.4000962, 39.5940025 ], [ 2.4000964, 39.5940026 ], [ 2.4000966, 39.5940028 ], [ 2.4000969, 39.594003 ], [ 2.4000971, 39.5940032 ], [ 2.4000974, 39.5940035 ], [ 2.4000976, 39.594003799999989 ], [ 2.4000979, 39.5940042 ], [ 2.4000982, 39.5940046 ], [ 2.4000984, 39.594005 ], [ 2.4000987, 39.5940056 ], [ 2.4000989, 39.5940062 ], [ 2.400099, 39.5940069 ], [ 2.4000992, 39.5940077 ], [ 2.4000992, 39.5940085 ], [ 2.4000991, 39.5940095 ], [ 2.4000988, 39.5940105 ], [ 2.4000984, 39.5940115 ], [ 2.4000977, 39.5940124 ], [ 2.4000968, 39.5940132 ], [ 2.4000958, 39.5940137 ], [ 2.4000946, 39.594014 ], [ 2.4000934, 39.5940139 ] ] ] } },
{ "type": "Feature", "properties": { "PlotID": "MANFV25", "windspeed": 10.0, "time": "15", "clipped_m2": 29.264177257806296, "clipped_ha": 0.0029264177257806293, "wspd": "10" }, "geometry": { "type": "Polygon", "coordinates": [ [ [ 2.4003898, 39.5930774 ], [ 2.4003835, 39.5930716 ], [ 2.4003787, 39.5930647 ], [ 2.4003754, 39.593057699999989 ], [ 2.4003733, 39.593051 ], [ 2.4003722, 39.593045 ], [ 2.4003718, 39.5930397 ], [ 2.4003719, 39.5930352 ], [ 2.4003723, 39.5930313 ], [ 2.400373, 39.593028 ], [ 2.4003737, 39.5930252 ], [ 2.4003746, 39.5930228 ], [ 2.4003755, 39.5930208 ], [ 2.4003764, 39.593019 ], [ 2.4003773, 39.5930175 ], [ 2.4003782, 39.5930162 ], [ 2.4003791, 39.5930151 ], [ 2.4003799, 39.5930141 ], [ 2.4003808, 39.5930132 ], [ 2.4003816, 39.5930125 ], [ 2.4003824, 39.5930118 ], [ 2.4003831, 39.5930112 ], [ 2.4003839, 39.5930107 ], [ 2.4003846, 39.5930102 ], [ 2.4003854, 39.5930098 ], [ 2.4003861, 39.5930094 ], [ 2.4003868, 39.5930091 ], [ 2.4003875, 39.5930088 ], [ 2.4003881, 39.5930086 ], [ 2.4003888, 39.5930084 ], [ 2.4003895, 39.5930082 ], [ 2.4003901, 39.593008 ], [ 2.4003908, 39.5930079 ], [ 2.4003915, 39.5930078 ], [ 2.4003921, 39.5930077 ], [ 2.4003928, 39.5930076 ], [ 2.4003935, 39.5930076 ], [ 2.4003942, 39.5930076 ], [ 2.4003949, 39.5930076 ], [ 2.4003956, 39.5930077 ], [ 2.4003963, 39.5930077 ], [ 2.400397, 39.5930078 ], [ 2.4003978, 39.593008 ], [ 2.4003986, 39.5930081 ], [ 2.4003994, 39.5930083 ], [ 2.4004002, 39.5930086 ], [ 2.4004011, 39.5930089 ], [ 2.400402, 39.5930092 ], [ 2.400403, 39.5930097 ], [ 2.400404, 39.5930101 ], [ 2.400405, 39.5930107 ], [ 2.4004061, 39.5930114 ], [ 2.4004073, 39.5930122 ], [ 2.4004085, 39.5930131 ], [ 2.4004098, 39.5930141 ], [ 2.4004112, 39.5930154 ], [ 2.4004127, 39.5930169 ], [ 2.4004142, 39.5930187 ], [ 2.4004159, 39.5930208 ], [ 2.4004176, 39.5930234 ], [ 2.4004193, 39.5930264 ], [ 2.400421, 39.5930301 ], [ 2.4004227, 39.5930344 ], [ 2.4004241, 39.5930396 ], [ 2.4004251, 39.5930456 ], [ 2.4004254, 39.5930525 ], [ 2.4004246, 39.59306 ], [ 2.4004223, 39.5930676 ], [ 2.4004182, 39.5930744 ], [ 2.4004123, 39.5930796 ], [ 2.4004051, 39.5930819 ], [ 2.4003972, 39.5930811 ], [ 2.4003898, 39.5930774 ] ] ] } },
{ "type": "Feature", "properties": { "PlotID": "MANFV26", "windspeed": 10.0, "time": "15", "clipped_m2": 184.13946456671692, "clipped_ha": 0.018413946456671694, "wspd": "10" }, "geometry": { "type": "Polygon", "coordinates": [ [ [ 2.4008671, 39.5945836 ], [ 2.4008523, 39.5945757 ], [ 2.4008398, 39.5945653 ], [ 2.4008297, 39.5945534 ], [ 2.4008221, 39.5945409 ], [ 2.4008168, 39.5945285 ], [ 2.4008135, 39.5945166 ], [ 2.4008118, 39.5945054 ], [ 2.4008113, 39.5944952 ], [ 2.4008119, 39.5944859 ], [ 2.4008132, 39.5944776 ], [ 2.400815, 39.5944702 ], [ 2.4008172, 39.5944636 ], [ 2.4008198, 39.5944577 ], [ 2.4008225, 39.5944525 ], [ 2.4008253, 39.5944479 ], [ 2.4008282, 39.5944438 ], [ 2.4008311, 39.5944401 ], [ 2.4008341, 39.5944369 ], [ 2.400837, 39.594434 ], [ 2.40084, 39.5944314 ], [ 2.4008429, 39.5944292 ], [ 2.4008457, 39.5944271 ], [ 2.4008486, 39.5944253 ], [ 2.4008514, 39.5944237 ], [ 2.4008542, 39.5944223 ], [ 2.400857, 39.594421 ], [ 2.4008597, 39.5944199 ], [ 2.4008625, 39.594419 ], [ 2.4008652, 39.5944181 ], [ 2.4008679, 39.5944174 ], [ 2.4008706, 39.5944168 ], [ 2.4008733, 39.5944164 ], [ 2.400876, 39.594416 ], [ 2.4008787, 39.5944158 ], [ 2.4008814, 39.5944156 ], [ 2.4008841, 39.5944156 ], [ 2.4008869, 39.5944156 ], [ 2.4008897, 39.5944158 ], [ 2.4008925, 39.5944161 ], [ 2.4008954, 39.5944165 ], [ 2.4008983, 39.594417 ], [ 2.4009012, 39.5944177 ], [ 2.4009043, 39.5944185 ], [ 2.4009074, 39.5944195 ], [ 2.4009105, 39.5944207 ], [ 2.4009138, 39.594422 ], [ 2.4009171, 39.5944236 ], [ 2.4009205, 39.5944254 ], [ 2.4009241, 39.5944275 ], [ 2.4009277, 39.5944299 ], [ 2.4009314, 39.5944326 ], [ 2.4009352, 39.5944358 ], [ 2.400939, 39.5944394 ], [ 2.4009429, 39.5944435 ], [ 2.4009469, 39.5944482 ], [ 2.4009508, 39.5944536 ], [ 2.4009546, 39.5944597 ], [ 2.4009583, 39.5944668 ], [ 2.4009616, 39.5944747 ], [ 2.4009644, 39.5944837 ], [ 2.4009665, 39.5944938 ], [ 2.4009676, 39.5945051 ], [ 2.4009673, 39.5945173 ], [ 2.4009651, 39.5945303 ], [ 2.4009608, 39.5945436 ], [ 2.4009538, 39.5945568 ], [ 2.4009276, 39.5945346 ], [ 2.4009166, 39.594537 ], [ 2.4009167, 39.5945858 ], [ 2.4009003, 39.5945891 ], [ 2.4008829, 39.5945457 ], [ 2.4008671, 39.5945836 ] ] ] } },
{ "type": "Feature", "properties": { "PlotID": "MANFV27", "windspeed": 10.0, "time": "15", "clipped_m2": 327.83526893120143, "clipped_ha": 0.032783526893120141, "wspd": "10" }, "geometry": { "type": "Polygon", "coordinates": [ [ [ 2.4078078, 39.601615699999989 ], [ 2.4077958, 39.601607 ], [ 2.4077851, 39.6015993 ], [ 2.4077754, 39.6015924 ], [ 2.4077663, 39.6015859 ], [ 2.4077761, 39.6015551 ], [ 2.40777, 39.6015511 ], [ 2.4077641, 39.6015472 ], [ 2.4077581, 39.6015434 ], [ 2.4077521, 39.6015394 ], [ 2.4077459, 39.6015353 ], [ 2.4077394, 39.6015311 ], [ 2.4077325, 39.6015266 ], [ 2.4077251, 39.6015217 ], [ 2.4077283, 39.6015138 ], [ 2.407733, 39.6015066 ], [ 2.4077377, 39.6015002 ], [ 2.4077424, 39.6014946 ], [ 2.407747, 39.6014895 ], [ 2.4077517, 39.6014851 ], [ 2.4077562, 39.6014811 ], [ 2.4077607, 39.6014776 ], [ 2.4077652, 39.6014744 ], [ 2.4077696, 39.6014716 ], [ 2.407774, 39.601469 ], [ 2.4077783, 39.6014668 ], [ 2.4077826, 39.6014648 ], [ 2.4077868, 39.601463 ], [ 2.4077957, 39.6014665 ], [ 2.4078055, 39.6014737 ], [ 2.4078109, 39.6014776 ], [ 2.4078143, 39.6014801 ], [ 2.4078167, 39.6014818 ], [ 2.4078185, 39.6014831 ], [ 2.4078199, 39.6014842 ], [ 2.407821, 39.601485 ], [ 2.407822, 39.6014857 ], [ 2.4078229, 39.6014863 ], [ 2.4078237, 39.6014869 ], [ 2.4078243, 39.6014874 ], [ 2.407825, 39.6014879 ], [ 2.4078256, 39.6014883 ], [ 2.4078262, 39.6014887 ], [ 2.4078267, 39.601489199999989 ], [ 2.4078273, 39.6014896 ], [ 2.4078279, 39.60149 ], [ 2.4078284, 39.6014904 ], [ 2.407829, 39.6014908 ], [ 2.4078297, 39.6014913 ], [ 2.4078303, 39.6014918 ], [ 2.4078311, 39.6014923 ], [ 2.4078319, 39.6014929 ], [ 2.4078328, 39.6014936 ], [ 2.4078339, 39.6014944 ], [ 2.4078352, 39.6014953 ], [ 2.4078368, 39.6014965 ], [ 2.407839, 39.6014981 ], [ 2.4078419, 39.6015002 ], [ 2.4078463, 39.6015034 ], [ 2.4078542, 39.6015091 ], [ 2.4078833, 39.6015279 ], [ 2.4079954, 39.601607 ], [ 2.4080013, 39.6016331 ], [ 2.4080043, 39.6016624 ], [ 2.4080031, 39.6016943 ], [ 2.4079962, 39.6017275 ], [ 2.4079661, 39.6017334 ], [ 2.4079172, 39.601697 ], [ 2.4078831, 39.6016717 ], [ 2.4078577, 39.6016528 ], [ 2.4078378, 39.601638 ], [ 2.4078215, 39.6016259 ], [ 2.4078078, 39.601615699999989 ] ] ] } },
{ "type": "Feature", "properties": { "PlotID": "MANFV28", "windspeed": 10.0, "time": "15", "clipped_m2": 96.808506832341664, "clipped_ha": 0.0096808506832341667, "wspd": "10" }, "geometry": { "type": "Polygon", "coordinates": [ [ [ 2.4019545, 39.6024945 ], [ 2.401945, 39.6024848 ], [ 2.4019377, 39.6024743 ], [ 2.4019325, 39.602463799999988 ], [ 2.4019292, 39.6024538 ], [ 2.4019272, 39.6024446 ], [ 2.4019263, 39.6024365 ], [ 2.4019262, 39.6024293 ], [ 2.4019267, 39.602423 ], [ 2.4019276, 39.6024175 ], [ 2.4019288, 39.6024127 ], [ 2.4019302, 39.6024085 ], [ 2.4019317, 39.6024049 ], [ 2.4019332, 39.6024017 ], [ 2.4019348, 39.6023989 ], [ 2.4019365, 39.6023965 ], [ 2.4019381, 39.6023943 ], [ 2.4019397, 39.6023924 ], [ 2.4019413, 39.6023908 ], [ 2.4019429, 39.6023893 ], [ 2.4019444, 39.602387899999989 ], [ 2.401946, 39.6023867 ], [ 2.4019475, 39.6023857 ], [ 2.401949, 39.602384699999988 ], [ 2.4019504, 39.6023839 ], [ 2.4019519, 39.6023831 ], [ 2.4019534, 39.6023825 ], [ 2.4019548, 39.6023819 ], [ 2.4019562, 39.6023813 ], [ 2.4019577, 39.6023809 ], [ 2.4019591, 39.602380499999988 ], [ 2.4019605, 39.6023802 ], [ 2.4019619, 39.6023799 ], [ 2.4019634, 39.6023797 ], [ 2.4019648, 39.6023795 ], [ 2.4019663, 39.6023794 ], [ 2.4019678, 39.6023793 ], [ 2.4019693, 39.6023793 ], [ 2.4019708, 39.6023794 ], [ 2.4019724, 39.6023795 ], [ 2.401974, 39.6023797 ], [ 2.4019757, 39.6023799 ], [ 2.4019774, 39.6023802 ], [ 2.4019791, 39.6023806 ], [ 2.401981, 39.6023811 ], [ 2.4019829, 39.6023817 ], [ 2.4019848, 39.6023825 ], [ 2.4019869, 39.6023833 ], [ 2.401989, 39.6023843 ], [ 2.4019913, 39.6023855 ], [ 2.4019936, 39.6023869 ], [ 2.4019961, 39.6023885 ], [ 2.4019987, 39.6023903 ], [ 2.4020014, 39.6023925 ], [ 2.4020043, 39.6023951 ], [ 2.4020073, 39.6023981 ], [ 2.4020104, 39.6024017 ], [ 2.4020136, 39.6024059 ], [ 2.4020168, 39.6024108 ], [ 2.4020201, 39.6024166 ], [ 2.4020231, 39.6024234 ], [ 2.4020259, 39.6024313 ], [ 2.402028, 39.6024404 ], [ 2.4020292, 39.6024507 ], [ 2.4020289, 39.602462 ], [ 2.4020267, 39.6024738 ], [ 2.402022, 39.6024854 ], [ 2.4020145, 39.6024956 ], [ 2.4020043, 39.6025031 ], [ 2.4019921, 39.602507 ], [ 2.4019789, 39.6025066 ], [ 2.401966, 39.6025021 ], [ 2.4019545, 39.6024945 ] ] ] } },
{ "type": "Feature", "properties": { "PlotID": "MANFV29", "windspeed": 10.0, "time": "15", "clipped_m2": 419.49606567883166, "clipped_ha": 0.041949606567883164, "wspd": "10" }, "geometry": { "type": "Polygon", "coordinates": [ [ [ 2.4101677, 39.604571 ], [ 2.4101435, 39.6045526 ], [ 2.4101242, 39.60453 ], [ 2.4101194, 39.6044802 ], [ 2.4101002, 39.6044824 ], [ 2.4100943, 39.6044605 ], [ 2.4100913, 39.6044409 ], [ 2.4100904, 39.6044236 ], [ 2.410091, 39.6044086 ], [ 2.4100926, 39.6043957 ], [ 2.410095, 39.6043845 ], [ 2.4100979, 39.6043748 ], [ 2.410101, 39.6043665 ], [ 2.4101043, 39.6043593 ], [ 2.4101076, 39.604353 ], [ 2.410111, 39.6043476 ], [ 2.4101144, 39.6043428 ], [ 2.4101178, 39.6043386 ], [ 2.4101211, 39.6043349 ], [ 2.4101243, 39.604331599999988 ], [ 2.4101275, 39.6043287 ], [ 2.4101307, 39.6043262 ], [ 2.4101337, 39.6043239 ], [ 2.4101367, 39.6043219 ], [ 2.4101397, 39.6043201 ], [ 2.4101426, 39.6043185 ], [ 2.4101455, 39.6043171 ], [ 2.4101484, 39.6043158 ], [ 2.4101512, 39.6043147 ], [ 2.410154, 39.6043137 ], [ 2.4101568, 39.6043129 ], [ 2.4101596, 39.6043122 ], [ 2.4101624, 39.6043115 ], [ 2.4101652, 39.604311 ], [ 2.410168, 39.6043106 ], [ 2.4101708, 39.6043103 ], [ 2.4101737, 39.6043102 ], [ 2.4101766, 39.6043101 ], [ 2.4101795, 39.6043101 ], [ 2.4101825, 39.6043102 ], [ 2.4101856, 39.6043105 ], [ 2.4101887, 39.6043109 ], [ 2.4101919, 39.6043114 ], [ 2.4101952, 39.6043121 ], [ 2.4101986, 39.6043129 ], [ 2.4102022, 39.6043139 ], [ 2.4102059, 39.6043151 ], [ 2.4102097, 39.6043165 ], [ 2.4102137, 39.6043182 ], [ 2.4102179, 39.6043202 ], [ 2.4102223, 39.6043225 ], [ 2.4102269, 39.6043252 ], [ 2.4102317, 39.6043284 ], [ 2.4102369, 39.6043322 ], [ 2.4102423, 39.6043366 ], [ 2.410248, 39.6043417 ], [ 2.410254, 39.6043478 ], [ 2.4102603, 39.604355 ], [ 2.4102668, 39.6043635 ], [ 2.4102736, 39.6043735 ], [ 2.4102803, 39.6043855 ], [ 2.4102869, 39.6043996 ], [ 2.4102929, 39.6044162 ], [ 2.4102979, 39.604435599999988 ], [ 2.4103009, 39.6044578 ], [ 2.4103011, 39.6044825 ], [ 2.4102971, 39.6045088 ], [ 2.4102877, 39.6045349 ], [ 2.4102721, 39.6045582 ], [ 2.4102503, 39.6045755 ], [ 2.4102238, 39.6045839 ], [ 2.4101953, 39.6045822 ], [ 2.4101677, 39.604571 ] ] ] } },
{ "type": "Feature", "properties": { "PlotID": "MANFV01", "windspeed": 20.0, "time": "15", "clipped_m2": 73.487292704361607, "clipped_ha": 0.0073487292704361605, "wspd": "20" }, "geometry": { "type": "Polygon", "coordinates": [ [ [ 2.4127594, 39.5994523 ], [ 2.4127509, 39.5994454 ], [ 2.412744, 39.5994376 ], [ 2.4127387, 39.5994295 ], [ 2.412735, 39.5994215 ], [ 2.4127325, 39.599414 ], [ 2.412731, 39.5994071 ], [ 2.4127303, 39.5994009 ], [ 2.4127303, 39.5993953 ], [ 2.4127306, 39.5993903 ], [ 2.4127313, 39.5993859 ], [ 2.4127323, 39.5993821 ], [ 2.4127334, 39.5993787 ], [ 2.4127347, 39.5993756 ], [ 2.412736, 39.599373 ], [ 2.4127374, 39.5993706 ], [ 2.4127388, 39.5993685 ], [ 2.4127402, 39.5993666 ], [ 2.4127416, 39.5993649 ], [ 2.4127431, 39.5993634 ], [ 2.4127445, 39.5993621 ], [ 2.4127459, 39.5993609 ], [ 2.4127473, 39.5993598 ], [ 2.4127488, 39.5993588 ], [ 2.4127502, 39.599358 ], [ 2.4127515, 39.5993572 ], [ 2.4127529, 39.5993565 ], [ 2.4127543, 39.5993559 ], [ 2.4127557, 39.5993553 ], [ 2.4127571, 39.5993548 ], [ 2.4127585, 39.5993544 ], [ 2.4127598, 39.599354 ], [ 2.4127612, 39.599353699999988 ], [ 2.4127627, 39.5993535 ], [ 2.4127641, 39.5993533 ], [ 2.4127655, 39.5993531 ], [ 2.412767, 39.599353099999988 ], [ 2.4127685, 39.599353 ], [ 2.41277, 39.599353 ], [ 2.4127715, 39.5993531 ], [ 2.4127731, 39.5993533 ], [ 2.4127747, 39.5993535 ], [ 2.4127764, 39.5993538 ], [ 2.4127781, 39.5993542 ], [ 2.4127799, 39.5993546 ], [ 2.4127818, 39.5993552 ], [ 2.4127837, 39.5993558 ], [ 2.4127857, 39.5993566 ], [ 2.4127878, 39.5993576 ], [ 2.41279, 39.5993587 ], [ 2.4127922, 39.59936 ], [ 2.4127946, 39.5993615 ], [ 2.4127971, 39.5993632 ], [ 2.4127997, 39.5993653 ], [ 2.4128023, 39.5993677 ], [ 2.4128051, 39.5993705 ], [ 2.412808, 39.5993738 ], [ 2.4128109, 39.5993776 ], [ 2.4128137, 39.599382 ], [ 2.4128165, 39.5993872 ], [ 2.4128191, 39.5993931 ], [ 2.4128212, 39.5993999 ], [ 2.4128228, 39.5994076 ], [ 2.4128234, 39.599416 ], [ 2.4128227, 39.5994251 ], [ 2.4128204, 39.5994344 ], [ 2.412816, 39.5994433 ], [ 2.4128095, 39.599451 ], [ 2.412801, 39.5994569 ], [ 2.412791, 39.59946 ], [ 2.4127801, 39.5994602 ], [ 2.4127693, 39.5994574 ], [ 2.4127594, 39.5994523 ] ] ] } },
{ "type": "Feature", "properties": { "PlotID": "MANFV02", "windspeed": 20.0, "time": "15", "clipped_m2": 319.80828071571887, "clipped_ha": 0.031980828071571883, "wspd": "20" }, "geometry": { "type": "Polygon", "coordinates": [ [ [ 2.410098, 39.5967397 ], [ 2.4100916, 39.5966596 ], [ 2.4100936, 39.5966074 ], [ 2.4100967, 39.5965789 ], [ 2.4100995, 39.596562 ], [ 2.410102, 39.5965512 ], [ 2.4101042, 39.596544 ], [ 2.410106, 39.5965389 ], [ 2.4101076, 39.5965352 ], [ 2.4101089, 39.5965324 ], [ 2.4101101, 39.5965303 ], [ 2.4101112, 39.5965286 ], [ 2.4101121, 39.5965273 ], [ 2.4101129, 39.5965262 ], [ 2.4101137, 39.5965253 ], [ 2.4101144, 39.5965245 ], [ 2.410115, 39.5965239 ], [ 2.4101156, 39.5965234 ], [ 2.4101162, 39.5965229 ], [ 2.4101167, 39.5965225 ], [ 2.4101172, 39.5965222 ], [ 2.4101177, 39.5965219 ], [ 2.4101181, 39.5965217 ], [ 2.4101185, 39.5965214 ], [ 2.4101189, 39.5965213 ], [ 2.4101193, 39.5965211 ], [ 2.4101197, 39.5965209 ], [ 2.4101201, 39.5965208 ], [ 2.4101205, 39.5965207 ], [ 2.4101208, 39.5965206 ], [ 2.4101212, 39.5965205 ], [ 2.4101215, 39.5965205 ], [ 2.4101219, 39.5965204 ], [ 2.4101222, 39.5965204 ], [ 2.4101225, 39.5965203 ], [ 2.4101229, 39.5965203 ], [ 2.4101232, 39.5965203 ], [ 2.4101236, 39.5965203 ], [ 2.4101239, 39.5965203 ], [ 2.4101243, 39.5965204 ], [ 2.4101247, 39.5965204 ], [ 2.4101251, 39.5965205 ], [ 2.4101255, 39.5965206 ], [ 2.4101259, 39.5965207 ], [ 2.4101263, 39.5965208 ], [ 2.4101267, 39.5965209 ], [ 2.4101272, 39.5965211 ], [ 2.4101277, 39.5965213 ], [ 2.4101282, 39.5965215 ], [ 2.4101288, 39.5965217 ], [ 2.4101294, 39.5965221 ], [ 2.41013, 39.5965224 ], [ 2.4101307, 39.5965229 ], [ 2.4101315, 39.5965234 ], [ 2.4101323, 39.596524 ], [ 2.4101333, 39.5965248 ], [ 2.4101344, 39.5965258 ], [ 2.4101356, 39.596527 ], [ 2.410137, 39.5965285 ], [ 2.4101386, 39.5965305 ], [ 2.4101406, 39.596533 ], [ 2.4101429, 39.5965365 ], [ 2.4101459, 39.5965412 ], [ 2.4101496, 39.5965481 ], [ 2.4101544, 39.5965583 ], [ 2.410161, 39.5965746 ], [ 2.4101703, 39.5966023 ], [ 2.4101838, 39.596653499999988 ], [ 2.4102029, 39.5967557 ], [ 2.4102193, 39.5969502 ], [ 2.4101884, 39.5971132 ], [ 2.4101226, 39.5966768 ], [ 2.410098, 39.5967397 ] ] ] } },
{ "type": "Feature", "properties": { "PlotID": "MANFV03", "windspeed": 20.0, "time": "15", "clipped_m2": 284.19104992563371, "clipped_ha": 0.028419104992563369, "wspd": "20" }, "geometry": { "type": "Polygon", "coordinates": [ [ [ 2.4074701, 39.5956523 ], [ 2.407445, 39.5955993 ], [ 2.4074323, 39.5955431 ], [ 2.4074282, 39.5954972 ], [ 2.4074286, 39.5954633 ], [ 2.4074309, 39.5954388 ], [ 2.407434, 39.5954211 ], [ 2.4074372, 39.5954081 ], [ 2.4074403, 39.5953984 ], [ 2.4074432, 39.595391 ], [ 2.4074458, 39.5953852 ], [ 2.4074483, 39.5953807 ], [ 2.4074505, 39.5953771 ], [ 2.4074525, 39.5953741 ], [ 2.4074543, 39.5953717 ], [ 2.407456, 39.5953697 ], [ 2.4074576, 39.595368 ], [ 2.407459, 39.5953666 ], [ 2.4074604, 39.5953654 ], [ 2.4074617, 39.5953643 ], [ 2.4074629, 39.595363399999989 ], [ 2.407464, 39.5953627 ], [ 2.4074651, 39.595362 ], [ 2.4074662, 39.5953614 ], [ 2.4074672, 39.5953609 ], [ 2.4074681, 39.5953605 ], [ 2.4074691, 39.5953601 ], [ 2.40747, 39.5953597 ], [ 2.4074708, 39.5953594 ], [ 2.4074717, 39.5953592 ], [ 2.4074726, 39.595359 ], [ 2.4074734, 39.5953588 ], [ 2.4074742, 39.5953587 ], [ 2.407475, 39.5953585 ], [ 2.4074758, 39.5953585 ], [ 2.4074767, 39.5953584 ], [ 2.4074775, 39.5953584 ], [ 2.4074783, 39.5953584 ], [ 2.4074791, 39.5953584 ], [ 2.40748, 39.5953585 ], [ 2.4074808, 39.5953585 ], [ 2.4074817, 39.5953587 ], [ 2.4074826, 39.5953588 ], [ 2.4074835, 39.595359 ], [ 2.4074845, 39.5953593 ], [ 2.4074855, 39.5953595 ], [ 2.4074865, 39.5953599 ], [ 2.4074876, 39.5953603 ], [ 2.4074887, 39.5953608 ], [ 2.4074899, 39.5953613 ], [ 2.4074912, 39.5953619 ], [ 2.4074925, 39.5953627 ], [ 2.407494, 39.5953636 ], [ 2.4074955, 39.5953647 ], [ 2.4074972, 39.5953659 ], [ 2.4074991, 39.5953674 ], [ 2.4075011, 39.5953692 ], [ 2.4075034, 39.5953714 ], [ 2.4075059, 39.5953742 ], [ 2.4075087, 39.5953775 ], [ 2.4075119, 39.5953818 ], [ 2.4075155, 39.5953872 ], [ 2.4075197, 39.5953942 ], [ 2.4075244, 39.5954035 ], [ 2.4075299, 39.5954161 ], [ 2.407536, 39.5954333 ], [ 2.4075427, 39.5954573 ], [ 2.407549, 39.5954909 ], [ 2.407553, 39.5955367 ], [ 2.4075502, 39.5955937 ], [ 2.4075346, 39.5956489 ], [ 2.4075044, 39.5956744 ], [ 2.4074701, 39.5956523 ] ] ] } },
{ "type": "Feature", "properties": { "PlotID": "MANFV04", "windspeed": 20.0, "time": "15", "clipped_m2": 23.663301452237647, "clipped_ha": 0.0023663301452237647, "wspd": "20" }, "geometry": { "type": "Polygon", "coordinates": [ [ [ 2.4051223, 39.5900907 ], [ 2.4051216, 39.5900835 ], [ 2.4051215, 39.59008 ], [ 2.4051215, 39.590078 ], [ 2.4051216, 39.5900768 ], [ 2.4051217, 39.5900759 ], [ 2.4051218, 39.5900754 ], [ 2.405122, 39.5900749 ], [ 2.4051221, 39.5900746 ], [ 2.4051221, 39.5900744 ], [ 2.4051222, 39.5900742 ], [ 2.4051223, 39.5900741 ], [ 2.4051224, 39.5900739 ], [ 2.4051224, 39.5900738 ], [ 2.4051225, 39.5900737 ], [ 2.4051226, 39.5900737 ], [ 2.4051226, 39.5900736 ], [ 2.4051227, 39.5900736 ], [ 2.4051227, 39.5900735 ], [ 2.4051228, 39.5900735 ], [ 2.4051228, 39.5900734 ], [ 2.4051229, 39.5900734 ], [ 2.4051229, 39.5900733 ], [ 2.405123, 39.5900733 ], [ 2.4051231, 39.5900733 ], [ 2.4051232, 39.5900732 ], [ 2.4051233, 39.5900732 ], [ 2.4051234, 39.5900732 ], [ 2.4051235, 39.5900732 ], [ 2.4051236, 39.5900732 ], [ 2.4051237, 39.5900732 ], [ 2.4051238, 39.5900732 ], [ 2.4051238, 39.5900733 ], [ 2.4051239, 39.5900733 ], [ 2.405124, 39.5900733 ], [ 2.4051241, 39.5900734 ], [ 2.4051242, 39.5900734 ], [ 2.4051243, 39.5900734 ], [ 2.4051244, 39.5900735 ], [ 2.4051245, 39.5900736 ], [ 2.4051246, 39.5900737 ], [ 2.4051248, 39.5900738 ], [ 2.4051249, 39.5900739 ], [ 2.4051251, 39.5900741 ], [ 2.4051254, 39.5900744 ], [ 2.4051257, 39.5900747 ], [ 2.4051261, 39.5900752 ], [ 2.4051267, 39.5900759 ], [ 2.4051274, 39.590077 ], [ 2.4051286, 39.5900788 ], [ 2.4051303, 39.590082099999989 ], [ 2.4051336, 39.5900888 ], [ 2.4051405, 39.5901057 ], [ 2.4051584, 39.590160399999988 ], [ 2.4051778, 39.590266299999989 ], [ 2.4051384, 39.5901638 ], [ 2.4051252, 39.5901083 ], [ 2.4051223, 39.5900907 ] ] ] } },
{ "type": "Feature", "properties": { "PlotID": "MANFV05", "windspeed": 20.0, "time": "15", "clipped_m2": 381.85552212689072, "clipped_ha": 0.038185552212689072, "wspd": "20" }, "geometry": { "type": "Polygon", "coordinates": [ [ [ 2.4085008, 39.5908574 ], [ 2.4084977, 39.5908231 ], [ 2.4084972, 39.5908062 ], [ 2.4084975, 39.5907967 ], [ 2.408498, 39.5907908 ], [ 2.4084985, 39.5907869 ], [ 2.4084991, 39.5907842 ], [ 2.4084996, 39.5907822 ], [ 2.4085001, 39.5907808 ], [ 2.4085005, 39.5907796 ], [ 2.4085009, 39.5907787 ], [ 2.4085012, 39.590778 ], [ 2.4085016, 39.5907774 ], [ 2.4085019, 39.590777 ], [ 2.4085022, 39.5907766 ], [ 2.4085025, 39.5907762 ], [ 2.4085027, 39.5907759 ], [ 2.4085029, 39.590775699999988 ], [ 2.4085032, 39.5907755 ], [ 2.4085034, 39.5907753 ], [ 2.4085036, 39.5907751 ], [ 2.4085038, 39.590775 ], [ 2.408504, 39.5907748 ], [ 2.4085042, 39.5907747 ], [ 2.4085044, 39.5907746 ], [ 2.4085045, 39.5907745 ], [ 2.4085047, 39.5907745 ], [ 2.4085049, 39.5907744 ], [ 2.408505, 39.5907743 ], [ 2.4085052, 39.5907743 ], [ 2.4085054, 39.5907742 ], [ 2.4085055, 39.5907742 ], [ 2.4085057, 39.5907741 ], [ 2.4085059, 39.5907741 ], [ 2.408506, 39.5907741 ], [ 2.4085062, 39.5907741 ], [ 2.4085064, 39.590774 ], [ 2.4085066, 39.590774 ], [ 2.4085067, 39.590774 ], [ 2.4085069, 39.590774 ], [ 2.4085071, 39.5907741 ], [ 2.4085073, 39.5907741 ], [ 2.4085075, 39.5907741 ], [ 2.4085078, 39.5907741 ], [ 2.408508, 39.5907742 ], [ 2.4085082, 39.5907742 ], [ 2.4085085, 39.5907743 ], [ 2.4085088, 39.5907744 ], [ 2.4085091, 39.5907745 ], [ 2.4085094, 39.5907746 ], [ 2.4085097, 39.5907748 ], [ 2.4085101, 39.590775 ], [ 2.4085105, 39.5907752 ], [ 2.408511, 39.5907755 ], [ 2.4085116, 39.5907758 ], [ 2.4085122, 39.5907762 ], [ 2.4085129, 39.5907768 ], [ 2.4085137, 39.5907774 ], [ 2.4085147, 39.5907783 ], [ 2.4085159, 39.5907795 ], [ 2.4085174, 39.5907812 ], [ 2.4085194, 39.5907835 ], [ 2.4085219, 39.5907868 ], [ 2.4085255, 39.5907921 ], [ 2.4085308, 39.5908007 ], [ 2.4085392, 39.5908163 ], [ 2.4085544, 39.5908485 ], [ 2.4085873, 39.5909303 ], [ 2.4086181, 39.5910577 ], [ 2.4087788, 39.5917629 ], [ 2.4085498, 39.5910476 ], [ 2.408514, 39.5909424 ], [ 2.4085008, 39.5908574 ] ] ] } },
{ "type": "Feature", "properties": { "PlotID": "MANFV06", "windspeed": 20.0, "time": "15", "clipped_m2": 892.26525178278098, "clipped_ha": 0.089226525178278102, "wspd": "20" }, "geometry": { "type": "Polygon", "coordinates": [ [ [ 2.4154967, 39.583719 ], [ 2.4154669, 39.5836928 ], [ 2.4154433, 39.5836636 ], [ 2.4154257, 39.5836336 ], [ 2.4154134, 39.5836047 ], [ 2.4154056, 39.5835778 ], [ 2.4154012, 39.5835534 ], [ 2.4153996, 39.5835315 ], [ 2.4153999, 39.5835122 ], [ 2.4154016, 39.5834952 ], [ 2.4154044, 39.5834802 ], [ 2.415408, 39.5834671 ], [ 2.415412, 39.5834555 ], [ 2.4154164, 39.5834454 ], [ 2.415421, 39.5834365 ], [ 2.4154258, 39.5834286 ], [ 2.4154306, 39.5834216 ], [ 2.4154354, 39.5834153 ], [ 2.4154403, 39.5834098 ], [ 2.4154451, 39.5834049 ], [ 2.4154499, 39.583400499999989 ], [ 2.4154546, 39.5833965 ], [ 2.4154593, 39.583393 ], [ 2.415464, 39.5833898 ], [ 2.4154686, 39.583387 ], [ 2.4154732, 39.5833844 ], [ 2.4154778, 39.5833821 ], [ 2.4154824, 39.5833801 ], [ 2.4154869, 39.5833783 ], [ 2.4154915, 39.5833767 ], [ 2.415496, 39.5833754 ], [ 2.4155006, 39.5833742 ], [ 2.4155052, 39.5833732 ], [ 2.4155098, 39.5833724 ], [ 2.4155145, 39.5833717 ], [ 2.4155192, 39.5833712 ], [ 2.415524, 39.5833709 ], [ 2.4155289, 39.5833708 ], [ 2.4155339, 39.5833709 ], [ 2.415539, 39.5833712 ], [ 2.4155442, 39.5833717 ], [ 2.4155496, 39.5833724 ], [ 2.4155551, 39.5833733 ], [ 2.4155608, 39.5833745 ], [ 2.4155667, 39.583376 ], [ 2.4155728, 39.5833778 ], [ 2.4155792, 39.58338 ], [ 2.4155858, 39.5833827 ], [ 2.4155928, 39.5833857 ], [ 2.4156, 39.5833894 ], [ 2.4156076, 39.5833936 ], [ 2.4156156, 39.5833986 ], [ 2.415624, 39.5834044 ], [ 2.4156327, 39.5834113 ], [ 2.4156419, 39.5834193 ], [ 2.4156515, 39.5834287 ], [ 2.4156614, 39.5834397 ], [ 2.4156715, 39.5834526 ], [ 2.4156817, 39.5834677 ], [ 2.4156918, 39.5834854 ], [ 2.4157013, 39.583506 ], [ 2.4157097, 39.5835298 ], [ 2.4157161, 39.5835569 ], [ 2.4157195, 39.5835873 ], [ 2.4157184, 39.5836202 ], [ 2.4157115, 39.5836542 ], [ 2.4156973, 39.5836873 ], [ 2.4156751, 39.5837164 ], [ 2.4156452, 39.5837383 ], [ 2.4156093, 39.5837499 ], [ 2.4155704, 39.583750099999989 ], [ 2.4155319, 39.583739 ], [ 2.4154967, 39.583719 ] ] ] } },
{ "type": "Feature", "properties": { "PlotID": "MANFV07", "windspeed": 20.0, "time": "15", "clipped_m2": 4444.6334098698571, "clipped_ha": 0.4444633409869857, "wspd": "20" }, "geometry": { "type": "Polygon", "coordinates": [ [ [ 2.4087535, 39.5833022 ], [ 2.4087413, 39.5831863 ], [ 2.4087388, 39.5831278 ], [ 2.4087393, 39.5830943 ], [ 2.4087409, 39.5830735 ], [ 2.4087427, 39.5830597 ], [ 2.4087446, 39.58305 ], [ 2.4087463, 39.583043 ], [ 2.408748, 39.5830377 ], [ 2.4087495, 39.5830336 ], [ 2.4087509, 39.5830304 ], [ 2.4087522, 39.5830279 ], [ 2.4087533, 39.5830258 ], [ 2.4087544, 39.583024 ], [ 2.4087555, 39.5830226 ], [ 2.4087564, 39.5830214 ], [ 2.4087573, 39.5830203 ], [ 2.4087582, 39.5830194 ], [ 2.408759, 39.5830186 ], [ 2.4087598, 39.5830179 ], [ 2.4087605, 39.5830173 ], [ 2.4087612, 39.5830168 ], [ 2.4087619, 39.5830163 ], [ 2.4087626, 39.5830159 ], [ 2.4087632, 39.5830156 ], [ 2.4087639, 39.5830152 ], [ 2.4087645, 39.583015 ], [ 2.4087651, 39.5830147 ], [ 2.4087657, 39.5830145 ], [ 2.4087663, 39.5830143 ], [ 2.4087669, 39.5830141 ], [ 2.4087675, 39.5830139 ], [ 2.4087681, 39.5830138 ], [ 2.4087687, 39.583013699999988 ], [ 2.4087693, 39.5830136 ], [ 2.4087699, 39.5830135 ], [ 2.4087705, 39.5830135 ], [ 2.4087712, 39.5830134 ], [ 2.4087718, 39.5830134 ], [ 2.4087725, 39.5830134 ], [ 2.4087732, 39.5830135 ], [ 2.4087739, 39.5830135 ], [ 2.4087746, 39.5830136 ], [ 2.4087754, 39.5830138 ], [ 2.4087763, 39.5830139 ], [ 2.4087771, 39.5830141 ], [ 2.4087781, 39.5830144 ], [ 2.4087791, 39.5830147 ], [ 2.4087801, 39.583015 ], [ 2.4087813, 39.583015499999988 ], [ 2.4087826, 39.583016 ], [ 2.4087839, 39.5830167 ], [ 2.4087855, 39.5830175 ], [ 2.4087872, 39.5830185 ], [ 2.4087891, 39.5830197 ], [ 2.4087914, 39.5830212 ], [ 2.4087939, 39.5830231 ], [ 2.4087969, 39.5830256 ], [ 2.4088005, 39.5830288 ], [ 2.4088048, 39.583033 ], [ 2.4088103, 39.5830388 ], [ 2.4088172, 39.583047 ], [ 2.4088264, 39.583059 ], [ 2.408839, 39.5830774 ], [ 2.4088576, 39.5831076 ], [ 2.4088871, 39.5831616 ], [ 2.4089388, 39.5832707 ], [ 2.4090434, 39.583532 ], [ 2.4092771, 39.5842711 ], [ 2.4094393, 39.585375299999988 ], [ 2.4089884, 39.5843202 ], [ 2.4088001, 39.5835734 ], [ 2.4087535, 39.5833022 ] ] ] } },
{ "type": "Feature", "properties": { "PlotID": "MANFV08", "windspeed": 20.0, "time": "15", "clipped_m2": 90.929298829752952, "clipped_ha": 0.0090929298829752949, "wspd": "20" }, "geometry": { "type": "Polygon", "coordinates": [ [ [ 2.4202208, 39.6016075 ], [ 2.4202147, 39.6016091 ], [ 2.420208, 39.601611 ], [ 2.4202005, 39.601613 ], [ 2.4201918, 39.6016154 ], [ 2.4201816, 39.6016182 ], [ 2.4201783, 39.601611 ], [ 2.4201776, 39.6016027 ], [ 2.4201777, 39.6015952 ], [ 2.4201783, 39.6015887 ], [ 2.4201794, 39.6015828 ], [ 2.4201808, 39.6015777 ], [ 2.4201823, 39.6015732 ], [ 2.4201841, 39.6015693 ], [ 2.4201859, 39.6015658 ], [ 2.4201877, 39.6015627 ], [ 2.4201896, 39.6015599 ], [ 2.4201915, 39.6015575 ], [ 2.4201934, 39.6015553 ], [ 2.4201954, 39.6015534 ], [ 2.4201972, 39.6015516 ], [ 2.4201991, 39.6015501 ], [ 2.420201, 39.6015487 ], [ 2.4202029, 39.6015474 ], [ 2.4202047, 39.6015463 ], [ 2.4202065, 39.6015453 ], [ 2.4202084, 39.6015444 ], [ 2.4202102, 39.6015436 ], [ 2.420212, 39.6015429 ], [ 2.4202138, 39.6015423 ], [ 2.4202156, 39.6015417 ], [ 2.4202174, 39.6015413 ], [ 2.4202192, 39.6015409 ], [ 2.4202211, 39.6015406 ], [ 2.4202229, 39.6015403 ], [ 2.4202248, 39.6015402 ], [ 2.4202267, 39.6015401 ], [ 2.4202287, 39.60154 ], [ 2.4202306, 39.6015401 ], [ 2.4202327, 39.601540199999988 ], [ 2.4202347, 39.6015404 ], [ 2.4202368, 39.6015407 ], [ 2.420239, 39.6015411 ], [ 2.4202413, 39.6015416 ], [ 2.4202436, 39.6015422 ], [ 2.420246, 39.6015429 ], [ 2.4202485, 39.6015438 ], [ 2.4202511, 39.6015449 ], [ 2.4202539, 39.6015461 ], [ 2.4202567, 39.6015476 ], [ 2.4202597, 39.6015493 ], [ 2.4202628, 39.6015513 ], [ 2.420266, 39.6015536 ], [ 2.4202694, 39.6015563 ], [ 2.4202729, 39.6015595 ], [ 2.4202766, 39.6015632 ], [ 2.4202803, 39.6015675 ], [ 2.4202842, 39.6015725 ], [ 2.420288, 39.6015784 ], [ 2.4202917, 39.6015853 ], [ 2.4202952, 39.6015933 ], [ 2.4202868, 39.6015953 ], [ 2.4202788, 39.6015968 ], [ 2.4202717, 39.6015981 ], [ 2.4202652, 39.6015993 ], [ 2.4202592, 39.6016004 ], [ 2.4202535, 39.6016015 ], [ 2.4202827, 39.6016721 ], [ 2.4202712, 39.60168 ], [ 2.4202576, 39.6016843 ], [ 2.4202429, 39.6016843 ], [ 2.4202284, 39.6016803 ], [ 2.4202208, 39.6016075 ] ] ] } },
{ "type": "Feature", "properties": { "PlotID": "MANFV09", "windspeed": 20.0, "time": "15", "clipped_m2": 29.791971301310696, "clipped_ha": 0.0029791971301310694, "wspd": "20" }, "geometry": { "type": "Polygon", "coordinates": [ [ [ 2.4128604, 39.6004551 ], [ 2.4128599, 39.6004482 ], [ 2.4128599, 39.6004448 ], [ 2.4128599, 39.6004429 ], [ 2.4128601, 39.6004417 ], [ 2.4128602, 39.600441 ], [ 2.4128603, 39.6004404 ], [ 2.4128604, 39.60044 ], [ 2.4128605, 39.6004398 ], [ 2.4128606, 39.6004395 ], [ 2.4128607, 39.6004394 ], [ 2.4128608, 39.6004392 ], [ 2.4128608, 39.6004391 ], [ 2.4128609, 39.600439 ], [ 2.4128609, 39.6004389 ], [ 2.412861, 39.6004389 ], [ 2.412861, 39.6004388 ], [ 2.4128611, 39.6004388 ], [ 2.4128611, 39.6004387 ], [ 2.4128612, 39.6004387 ], [ 2.4128612, 39.6004386 ], [ 2.4128613, 39.6004386 ], [ 2.4128614, 39.6004386 ], [ 2.4128614, 39.6004385 ], [ 2.4128615, 39.6004385 ], [ 2.4128616, 39.6004385 ], [ 2.4128617, 39.6004385 ], [ 2.4128617, 39.6004384 ], [ 2.4128618, 39.6004384 ], [ 2.4128619, 39.6004384 ], [ 2.412862, 39.6004384 ], [ 2.412862, 39.6004385 ], [ 2.4128621, 39.6004385 ], [ 2.4128622, 39.6004385 ], [ 2.4128623, 39.6004385 ], [ 2.4128624, 39.6004386 ], [ 2.4128625, 39.6004386 ], [ 2.4128626, 39.6004387 ], [ 2.4128627, 39.6004387 ], [ 2.4128628, 39.6004388 ], [ 2.4128629, 39.6004389 ], [ 2.4128631, 39.600439 ], [ 2.4128632, 39.6004391 ], [ 2.4128634, 39.6004393 ], [ 2.4128636, 39.6004395 ], [ 2.4128639, 39.6004399 ], [ 2.4128643, 39.6004403 ], [ 2.4128648, 39.600441 ], [ 2.4128655, 39.600442 ], [ 2.4128665, 39.6004438 ], [ 2.4128682, 39.6004469 ], [ 2.4128712, 39.6004535 ], [ 2.4128778, 39.6004704 ], [ 2.4128969, 39.6005309 ], [ 2.4129247, 39.6006799 ], [ 2.4128756, 39.6005342 ], [ 2.4128628, 39.6004728 ], [ 2.4128604, 39.6004551 ] ] ] } },
{ "type": "Feature", "properties": { "PlotID": "MANFV10", "windspeed": 20.0, "time": "15", "clipped_m2": 20.868879829940852, "clipped_ha": 0.0020868879829940854, "wspd": "20" }, "geometry": { "type": "Polygon", "coordinates": [ [ [ 2.4128581, 39.5952338 ], [ 2.4128578, 39.5952287 ], [ 2.4128578, 39.5952262 ], [ 2.4128579, 39.5952248 ], [ 2.412858, 39.5952239 ], [ 2.412858, 39.5952234 ], [ 2.4128581, 39.595223 ], [ 2.4128582, 39.5952227 ], [ 2.4128583, 39.5952225 ], [ 2.4128584, 39.5952223 ], [ 2.4128584, 39.5952222 ], [ 2.4128585, 39.5952221 ], [ 2.4128585, 39.595222 ], [ 2.4128586, 39.5952219 ], [ 2.4128587, 39.5952218 ], [ 2.4128588, 39.595221699999989 ], [ 2.4128589, 39.5952216 ], [ 2.412859, 39.5952216 ], [ 2.4128591, 39.5952216 ], [ 2.4128591, 39.5952215 ], [ 2.4128592, 39.5952215 ], [ 2.4128593, 39.5952215 ], [ 2.4128594, 39.5952215 ], [ 2.4128595, 39.5952215 ], [ 2.4128595, 39.5952216 ], [ 2.4128596, 39.5952216 ], [ 2.4128597, 39.5952216 ], [ 2.4128598, 39.5952217 ], [ 2.4128599, 39.5952217 ], [ 2.41286, 39.5952218 ], [ 2.4128601, 39.5952218 ], [ 2.4128602, 39.5952219 ], [ 2.4128603, 39.595222 ], [ 2.4128604, 39.5952222 ], [ 2.4128606, 39.595222299999989 ], [ 2.4128608, 39.5952226 ], [ 2.4128611, 39.5952229 ], [ 2.4128614, 39.595223399999988 ], [ 2.4128619, 39.5952242 ], [ 2.4128627, 39.5952254 ], [ 2.4128639, 39.5952278 ], [ 2.4128661, 39.5952327 ], [ 2.412871, 39.5952456 ], [ 2.4128861, 39.5952948 ], [ 2.412914, 39.5954421 ], [ 2.4128693, 39.5952973 ], [ 2.4128597, 39.595247199999989 ], [ 2.4128581, 39.5952338 ] ] ] } },
{ "type": "Feature", "properties": { "PlotID": "MANFV11", "windspeed": 20.0, "time": "15", "clipped_m2": 102.128513145959, "clipped_ha": 0.0102128513145959, "wspd": "20" }, "geometry": { "type": "Polygon", "coordinates": [ [ [ 2.4073473, 39.5979478 ], [ 2.4073364, 39.5979128 ], [ 2.4073314, 39.5978849 ], [ 2.4073297, 39.5978646 ], [ 2.4073297, 39.5978501 ], [ 2.4073305, 39.5978398 ], [ 2.4073316, 39.5978322 ], [ 2.4073329, 39.5978265 ], [ 2.4073341, 39.5978222 ], [ 2.4073352, 39.5978189 ], [ 2.4073363, 39.5978163 ], [ 2.4073374, 39.5978141 ], [ 2.4073383, 39.5978124 ], [ 2.4073392, 39.597811 ], [ 2.40734, 39.5978098 ], [ 2.4073408, 39.5978088 ], [ 2.4073416, 39.597808 ], [ 2.4073422, 39.5978072 ], [ 2.4073429, 39.5978066 ], [ 2.4073435, 39.5978061 ], [ 2.4073441, 39.5978056 ], [ 2.4073447, 39.5978052 ], [ 2.4073452, 39.5978048 ], [ 2.4073458, 39.5978045 ], [ 2.4073463, 39.5978042 ], [ 2.4073468, 39.597804 ], [ 2.4073472, 39.5978038 ], [ 2.4073477, 39.5978036 ], [ 2.4073482, 39.5978034 ], [ 2.4073486, 39.5978033 ], [ 2.4073491, 39.5978031 ], [ 2.4073495, 39.597803 ], [ 2.40735, 39.5978029 ], [ 2.4073504, 39.5978029 ], [ 2.4073509, 39.5978028 ], [ 2.4073513, 39.5978027 ], [ 2.4073518, 39.5978027 ], [ 2.4073523, 39.5978027 ], [ 2.4073527, 39.5978027 ], [ 2.4073532, 39.597802699999988 ], [ 2.4073537, 39.5978028 ], [ 2.4073542, 39.5978028 ], [ 2.4073547, 39.5978029 ], [ 2.4073553, 39.597803 ], [ 2.4073558, 39.5978031 ], [ 2.4073564, 39.5978033 ], [ 2.4073571, 39.597803399999989 ], [ 2.4073577, 39.5978037 ], [ 2.4073584, 39.5978039 ], [ 2.4073592, 39.5978042 ], [ 2.40736, 39.5978046 ], [ 2.4073608, 39.5978051 ], [ 2.4073618, 39.5978056 ], [ 2.4073628, 39.5978062 ], [ 2.4073639, 39.597807 ], [ 2.4073652, 39.5978079 ], [ 2.4073666, 39.5978091 ], [ 2.4073682, 39.5978105 ], [ 2.4073699, 39.5978123 ], [ 2.407372, 39.5978146 ], [ 2.4073744, 39.5978175 ], [ 2.4073772, 39.5978213 ], [ 2.4073805, 39.5978265 ], [ 2.4073845, 39.5978334 ], [ 2.4073892, 39.5978431 ], [ 2.4073948, 39.5978569 ], [ 2.407401, 39.5978767 ], [ 2.4074069, 39.5979045 ], [ 2.4074099, 39.5979405 ], [ 2.407405, 39.597977 ], [ 2.4073886, 39.5979952 ], [ 2.407366, 39.5979816 ], [ 2.4073473, 39.5979478 ] ] ] } },
{ "type": "Feature", "properties": { "PlotID": "MANFV12", "windspeed": 20.0, "time": "15", "clipped_m2": 19.439613868773449, "clipped_ha": 0.001943961386877345, "wspd": "20" }, "geometry": { "type": "Polygon", "coordinates": [ [ [ 2.4019604, 39.5876917 ], [ 2.4019569, 39.5876815 ], [ 2.4019551, 39.587673 ], [ 2.4019543, 39.5876664 ], [ 2.4019541, 39.5876613 ], [ 2.4019543, 39.5876574 ], [ 2.4019547, 39.5876543 ], [ 2.4019551, 39.5876519 ], [ 2.4019556, 39.58765 ], [ 2.4019561, 39.5876485 ], [ 2.4019566, 39.5876472 ], [ 2.4019571, 39.5876462 ], [ 2.4019576, 39.5876453 ], [ 2.401958, 39.5876446 ], [ 2.4019585, 39.587644 ], [ 2.4019589, 39.5876435 ], [ 2.4019593, 39.587643 ], [ 2.4019596, 39.5876426 ], [ 2.40196, 39.5876423 ], [ 2.4019603, 39.587642 ], [ 2.4019607, 39.5876417 ], [ 2.401961, 39.587641499999989 ], [ 2.4019613, 39.5876413 ], [ 2.4019616, 39.5876411 ], [ 2.4019619, 39.5876409 ], [ 2.4019622, 39.5876408 ], [ 2.4019625, 39.5876406 ], [ 2.4019627, 39.5876405 ], [ 2.401963, 39.5876404 ], [ 2.4019633, 39.5876403 ], [ 2.4019636, 39.5876403 ], [ 2.4019638, 39.5876402 ], [ 2.4019641, 39.5876401 ], [ 2.4019644, 39.5876401 ], [ 2.4019647, 39.5876401 ], [ 2.4019649, 39.58764 ], [ 2.4019652, 39.58764 ], [ 2.4019655, 39.58764 ], [ 2.4019658, 39.58764 ], [ 2.4019661, 39.58764 ], [ 2.4019664, 39.58764 ], [ 2.4019668, 39.5876401 ], [ 2.4019671, 39.5876401 ], [ 2.4019675, 39.5876402 ], [ 2.4019678, 39.5876403 ], [ 2.4019682, 39.5876404 ], [ 2.4019686, 39.5876405 ], [ 2.4019691, 39.5876407 ], [ 2.4019695, 39.5876408 ], [ 2.40197, 39.5876411 ], [ 2.4019705, 39.5876413 ], [ 2.4019711, 39.5876416 ], [ 2.4019718, 39.587642 ], [ 2.4019724, 39.5876425 ], [ 2.4019732, 39.587643 ], [ 2.401974, 39.5876437 ], [ 2.401975, 39.5876445 ], [ 2.4019761, 39.5876455 ], [ 2.4019773, 39.5876468 ], [ 2.4019786, 39.5876484 ], [ 2.4019802, 39.5876505 ], [ 2.401982, 39.5876533 ], [ 2.4019841, 39.5876569 ], [ 2.4019863, 39.5876616 ], [ 2.4019888, 39.587668 ], [ 2.4019911, 39.5876764 ], [ 2.4019928, 39.5876869 ], [ 2.4019927, 39.5876987 ], [ 2.4019895, 39.5877092 ], [ 2.4019828, 39.5877142 ], [ 2.4019741, 39.5877114 ], [ 2.4019662, 39.5877026 ], [ 2.4019604, 39.5876917 ] ] ] } },
{ "type": "Feature", "properties": { "PlotID": "MANFV13", "windspeed": 20.0, "time": "15", "clipped_m2": 730.17566894344054, "clipped_ha": 0.073017566894344049, "wspd": "20" }, "geometry": { "type": "Polygon", "coordinates": [ [ [ 2.4037921, 39.5906942 ], [ 2.4037691, 39.5906347 ], [ 2.4037562, 39.5905842 ], [ 2.4037502, 39.5905438 ], [ 2.4037483, 39.5905121 ], [ 2.4037487, 39.5904874 ], [ 2.4037506, 39.590468 ], [ 2.4037531, 39.5904526 ], [ 2.403756, 39.5904403 ], [ 2.4037591, 39.5904304 ], [ 2.4037621, 39.5904222 ], [ 2.4037651, 39.5904154 ], [ 2.403768, 39.5904098 ], [ 2.4037708, 39.590405 ], [ 2.4037736, 39.590401 ], [ 2.4037761, 39.5903975 ], [ 2.4037786, 39.5903945 ], [ 2.403781, 39.5903919 ], [ 2.4037833, 39.5903896 ], [ 2.4037855, 39.5903876 ], [ 2.4037877, 39.5903859 ], [ 2.4037898, 39.5903843 ], [ 2.4037918, 39.5903829 ], [ 2.4037938, 39.5903817 ], [ 2.4037957, 39.5903806 ], [ 2.4037976, 39.5903796 ], [ 2.4037994, 39.5903788 ], [ 2.4038013, 39.590378 ], [ 2.4038031, 39.5903773 ], [ 2.4038049, 39.5903767 ], [ 2.4038067, 39.5903762 ], [ 2.4038085, 39.5903758 ], [ 2.4038103, 39.5903754 ], [ 2.4038121, 39.5903751 ], [ 2.4038139, 39.5903748 ], [ 2.4038158, 39.5903746 ], [ 2.4038177, 39.5903745 ], [ 2.4038196, 39.5903744 ], [ 2.4038215, 39.5903744 ], [ 2.4038236, 39.5903745 ], [ 2.4038256, 39.5903747 ], [ 2.4038278, 39.5903749 ], [ 2.40383, 39.5903752 ], [ 2.4038323, 39.5903757 ], [ 2.4038348, 39.5903762 ], [ 2.4038373, 39.5903769 ], [ 2.40384, 39.5903777 ], [ 2.4038429, 39.5903786 ], [ 2.4038459, 39.5903798 ], [ 2.4038492, 39.590381199999989 ], [ 2.4038527, 39.5903829 ], [ 2.4038565, 39.5903849 ], [ 2.4038606, 39.5903873 ], [ 2.4038652, 39.5903902 ], [ 2.4038702, 39.5903938 ], [ 2.4038757, 39.5903981 ], [ 2.4038819, 39.5904034 ], [ 2.4038888, 39.59041 ], [ 2.4038966, 39.5904183 ], [ 2.4039055, 39.5904287 ], [ 2.4039155, 39.5904421 ], [ 2.403927, 39.5904594 ], [ 2.4039399, 39.590482 ], [ 2.403954, 39.5905118 ], [ 2.4039688, 39.5905509 ], [ 2.4039824, 39.5906013 ], [ 2.4039912, 39.590663 ], [ 2.4039888, 39.5907306 ], [ 2.4039683, 39.5907893 ], [ 2.4039281, 39.590817699999988 ], [ 2.4038767, 39.5908037 ], [ 2.4038283, 39.5907558 ], [ 2.4037921, 39.5906942 ] ] ] } },
{ "type": "Feature", "properties": { "PlotID": "MANFV14", "windspeed": 20.0, "time": "15", "clipped_m2": 26.162286768492777, "clipped_ha": 0.0026162286768492775, "wspd": "20" }, "geometry": { "type": "Polygon", "coordinates": [ [ [ 2.4107411, 39.5949039 ], [ 2.4107354, 39.5948869 ], [ 2.4107326, 39.5948731 ], [ 2.4107316, 39.5948628 ], [ 2.4107315, 39.5948554 ], [ 2.4107318, 39.59485 ], [ 2.4107324, 39.594846 ], [ 2.410733, 39.5948431 ], [ 2.4107336, 39.5948408 ], [ 2.4107342, 39.5948391 ], [ 2.4107347, 39.5948377 ], [ 2.4107353, 39.5948365 ], [ 2.4107358, 39.5948356 ], [ 2.4107362, 39.5948349 ], [ 2.4107367, 39.5948342 ], [ 2.4107371, 39.5948337 ], [ 2.4107375, 39.5948333 ], [ 2.4107378, 39.5948329 ], [ 2.4107382, 39.594832499999988 ], [ 2.4107385, 39.5948322 ], [ 2.4107388, 39.594832 ], [ 2.4107391, 39.5948318 ], [ 2.4107394, 39.5948316 ], [ 2.4107397, 39.5948314 ], [ 2.41074, 39.5948313 ], [ 2.4107402, 39.5948311 ], [ 2.4107405, 39.594831 ], [ 2.4107407, 39.5948309 ], [ 2.410741, 39.5948308 ], [ 2.4107412, 39.5948307 ], [ 2.4107415, 39.5948307 ], [ 2.4107417, 39.5948306 ], [ 2.4107419, 39.5948305 ], [ 2.4107422, 39.5948305 ], [ 2.4107424, 39.5948305 ], [ 2.4107427, 39.5948304 ], [ 2.4107429, 39.5948304 ], [ 2.4107431, 39.5948304 ], [ 2.4107434, 39.5948304 ], [ 2.4107436, 39.5948304 ], [ 2.4107439, 39.5948304 ], [ 2.4107442, 39.5948305 ], [ 2.4107445, 39.5948305 ], [ 2.4107448, 39.5948306 ], [ 2.4107451, 39.5948306 ], [ 2.4107454, 39.5948307 ], [ 2.4107457, 39.5948308 ], [ 2.4107461, 39.5948309 ], [ 2.4107464, 39.5948311 ], [ 2.4107468, 39.5948312 ], [ 2.4107473, 39.5948314 ], [ 2.4107477, 39.5948317 ], [ 2.4107482, 39.5948319 ], [ 2.4107488, 39.5948323 ], [ 2.4107494, 39.5948327 ], [ 2.41075, 39.5948332 ], [ 2.4107508, 39.5948338 ], [ 2.4107516, 39.5948346 ], [ 2.4107526, 39.5948355 ], [ 2.4107537, 39.594836699999988 ], [ 2.4107549, 39.5948382 ], [ 2.4107564, 39.5948402 ], [ 2.4107581, 39.5948429 ], [ 2.4107602, 39.5948465 ], [ 2.4107627, 39.5948516 ], [ 2.4107655, 39.594858699999989 ], [ 2.4107686, 39.5948687 ], [ 2.4107715, 39.5948825 ], [ 2.4107728, 39.5949001 ], [ 2.4107701, 39.5949175 ], [ 2.4107618, 39.5949261 ], [ 2.4107506, 39.5949199 ], [ 2.4107411, 39.5949039 ] ] ] } },
{ "type": "Feature", "properties": { "PlotID": "MANFV15", "windspeed": 20.0, "time": "15", "clipped_m2": 13.233089266112074, "clipped_ha": 0.0013233089266112075, "wspd": "20" }, "geometry": { "type": "Polygon", "coordinates": [ [ [ 2.4106309, 39.5928936 ], [ 2.4106297, 39.5928804 ], [ 2.4106296, 39.5928751 ], [ 2.4106297, 39.5928725 ], [ 2.4106298, 39.592871 ], [ 2.4106299, 39.5928701 ], [ 2.4106301, 39.5928695 ], [ 2.4106302, 39.5928691 ], [ 2.4106303, 39.5928688 ], [ 2.4106304, 39.5928685 ], [ 2.4106304, 39.5928684 ], [ 2.4106305, 39.5928682 ], [ 2.4106306, 39.5928681 ], [ 2.4106306, 39.592868 ], [ 2.4106307, 39.592868 ], [ 2.4106307, 39.5928679 ], [ 2.4106308, 39.5928679 ], [ 2.4106308, 39.5928678 ], [ 2.4106309, 39.5928678 ], [ 2.4106309, 39.5928677 ], [ 2.410631, 39.5928677 ], [ 2.410631, 39.5928676 ], [ 2.4106311, 39.5928676 ], [ 2.4106312, 39.5928676 ], [ 2.4106313, 39.5928676 ], [ 2.4106313, 39.5928675 ], [ 2.4106314, 39.5928675 ], [ 2.4106315, 39.5928675 ], [ 2.4106316, 39.5928675 ], [ 2.4106316, 39.5928676 ], [ 2.4106317, 39.5928676 ], [ 2.4106318, 39.5928676 ], [ 2.4106319, 39.5928676 ], [ 2.4106319, 39.5928677 ], [ 2.410632, 39.5928677 ], [ 2.4106321, 39.5928678 ], [ 2.4106322, 39.5928678 ], [ 2.4106323, 39.5928679 ], [ 2.4106324, 39.592868 ], [ 2.4106325, 39.5928681 ], [ 2.4106327, 39.5928683 ], [ 2.4106328, 39.5928685 ], [ 2.4106331, 39.5928687 ], [ 2.4106333, 39.5928691 ], [ 2.4106337, 39.5928696 ], [ 2.4106342, 39.592870499999989 ], [ 2.4106349, 39.5928718 ], [ 2.4106361, 39.5928743 ], [ 2.4106381, 39.5928794 ], [ 2.4106423, 39.5928921 ], [ 2.4106528, 39.5929335 ], [ 2.410662, 39.5930145 ], [ 2.4106377, 39.592935399999988 ], [ 2.4106309, 39.5928936 ] ] ] } },
{ "type": "Feature", "properties": { "PlotID": "MANFV16", "windspeed": 20.0, "time": "15", "clipped_m2": 84.382361896394286, "clipped_ha": 0.0084382361896394292, "wspd": "20" }, "geometry": { "type": "Polygon", "coordinates": [ [ [ 2.4055813, 39.5843322 ], [ 2.4055725, 39.5843233 ], [ 2.4055657, 39.5843136 ], [ 2.4055609, 39.5843038 ], [ 2.4055577, 39.5842945 ], [ 2.4055558, 39.584286 ], [ 2.405555, 39.5842784 ], [ 2.4055549, 39.5842717 ], [ 2.4055553, 39.5842658 ], [ 2.4055562, 39.5842606 ], [ 2.4055573, 39.5842562 ], [ 2.4055586, 39.5842523 ], [ 2.40556, 39.5842489 ], [ 2.4055614, 39.5842459 ], [ 2.4055629, 39.5842433 ], [ 2.4055645, 39.584241 ], [ 2.405566, 39.584239 ], [ 2.4055675, 39.5842372 ], [ 2.405569, 39.5842356 ], [ 2.4055705, 39.5842342 ], [ 2.4055719, 39.5842329 ], [ 2.4055734, 39.5842318 ], [ 2.4055748, 39.5842308 ], [ 2.4055762, 39.5842299 ], [ 2.4055776, 39.5842291 ], [ 2.405579, 39.5842284 ], [ 2.4055803, 39.5842278 ], [ 2.4055817, 39.5842272 ], [ 2.405583, 39.5842267 ], [ 2.4055844, 39.5842263 ], [ 2.4055857, 39.5842259 ], [ 2.4055871, 39.5842256 ], [ 2.4055884, 39.5842254 ], [ 2.4055898, 39.5842252 ], [ 2.4055911, 39.584225 ], [ 2.4055925, 39.5842249 ], [ 2.4055939, 39.5842248 ], [ 2.4055954, 39.5842248 ], [ 2.4055968, 39.5842249 ], [ 2.4055983, 39.584225 ], [ 2.4055998, 39.5842252 ], [ 2.4056014, 39.5842254 ], [ 2.405603, 39.5842257 ], [ 2.4056046, 39.5842261 ], [ 2.4056063, 39.5842266 ], [ 2.4056081, 39.5842271 ], [ 2.4056099, 39.5842278 ], [ 2.4056119, 39.584228599999989 ], [ 2.4056139, 39.5842296 ], [ 2.405616, 39.5842307 ], [ 2.4056182, 39.584232 ], [ 2.4056205, 39.5842335 ], [ 2.4056229, 39.5842352 ], [ 2.4056255, 39.5842373 ], [ 2.4056282, 39.5842397 ], [ 2.405631, 39.584242599999989 ], [ 2.4056339, 39.5842459 ], [ 2.4056368, 39.5842498 ], [ 2.4056399, 39.5842545 ], [ 2.4056429, 39.5842599 ], [ 2.4056457, 39.5842662 ], [ 2.4056482, 39.5842736 ], [ 2.4056502, 39.5842821 ], [ 2.4056512, 39.5842917 ], [ 2.4056509, 39.584302199999989 ], [ 2.4056487, 39.5843131 ], [ 2.4056442, 39.5843238 ], [ 2.4056372, 39.5843332 ], [ 2.4056277, 39.5843402 ], [ 2.4056163, 39.5843438 ], [ 2.4056041, 39.5843434 ], [ 2.4055921, 39.5843393 ], [ 2.4055813, 39.5843322 ] ] ] } },
{ "type": "Feature", "properties": { "PlotID": "MANFV17", "windspeed": 20.0, "time": "15", "clipped_m2": 37.55701394949574, "clipped_ha": 0.0037557013949495741, "wspd": "20" }, "geometry": { "type": "Polygon", "coordinates": [ [ [ 2.4030914, 39.6011484 ], [ 2.4030883, 39.6011307 ], [ 2.4030872, 39.6011193 ], [ 2.4030871, 39.6011118 ], [ 2.4030873, 39.6011067 ], [ 2.4030877, 39.6011032 ], [ 2.4030881, 39.6011006 ], [ 2.4030886, 39.6010987 ], [ 2.403089, 39.6010972 ], [ 2.4030895, 39.601096 ], [ 2.4030898, 39.6010951 ], [ 2.4030902, 39.6010944 ], [ 2.4030906, 39.6010938 ], [ 2.4030909, 39.6010932 ], [ 2.4030912, 39.6010928 ], [ 2.4030915, 39.6010925 ], [ 2.4030917, 39.6010921 ], [ 2.403092, 39.6010919 ], [ 2.4030922, 39.6010916 ], [ 2.4030925, 39.6010914 ], [ 2.4030927, 39.6010913 ], [ 2.4030929, 39.6010911 ], [ 2.4030931, 39.601091 ], [ 2.4030933, 39.6010908 ], [ 2.4030935, 39.6010907 ], [ 2.4030937, 39.6010906 ], [ 2.4030939, 39.6010905 ], [ 2.4030941, 39.6010905 ], [ 2.4030943, 39.6010904 ], [ 2.4030945, 39.6010903 ], [ 2.4030946, 39.6010903 ], [ 2.4030948, 39.6010902 ], [ 2.403095, 39.6010902 ], [ 2.4030952, 39.6010902 ], [ 2.4030954, 39.6010901 ], [ 2.4030956, 39.6010901 ], [ 2.4030957, 39.6010901 ], [ 2.4030959, 39.6010901 ], [ 2.4030961, 39.6010901 ], [ 2.4030963, 39.6010901 ], [ 2.4030965, 39.6010901 ], [ 2.4030968, 39.6010901 ], [ 2.403097, 39.6010902 ], [ 2.4030972, 39.6010902 ], [ 2.4030975, 39.601090299999989 ], [ 2.4030977, 39.6010903 ], [ 2.403098, 39.6010904 ], [ 2.4030983, 39.6010905 ], [ 2.4030986, 39.6010906 ], [ 2.403099, 39.6010908 ], [ 2.4030994, 39.6010909 ], [ 2.4030998, 39.6010911 ], [ 2.4031002, 39.6010914 ], [ 2.4031007, 39.6010917 ], [ 2.4031013, 39.601092 ], [ 2.4031019, 39.6010925 ], [ 2.4031026, 39.6010931 ], [ 2.4031035, 39.6010938 ], [ 2.4031044, 39.6010947 ], [ 2.4031056, 39.6010959 ], [ 2.403107, 39.6010976 ], [ 2.4031088, 39.6010998 ], [ 2.4031109, 39.601103 ], [ 2.4031138, 39.6011075 ], [ 2.4031174, 39.6011144 ], [ 2.4031223, 39.6011252 ], [ 2.4031286, 39.6011424 ], [ 2.4031355, 39.6011692 ], [ 2.4031388, 39.601203 ], [ 2.4031307, 39.6012228 ], [ 2.4031132, 39.6012072 ], [ 2.4030988, 39.6011751 ], [ 2.4030914, 39.6011484 ] ] ] } },
{ "type": "Feature", "properties": { "PlotID": "MANFV18", "windspeed": 20.0, "time": "15", "clipped_m2": 3.5528239395353012, "clipped_ha": 0.00035528239395353012, "wspd": "20" }, "geometry": { "type": "Polygon", "coordinates": [ [ [ 2.402758, 39.599547 ], [ 2.4027574, 39.5995417 ], [ 2.4027572, 39.5995385 ], [ 2.4027573, 39.5995364 ], [ 2.4027574, 39.5995351 ], [ 2.4027575, 39.5995341 ], [ 2.4027576, 39.5995335 ], [ 2.4027578, 39.599533 ], [ 2.4027579, 39.599532599999989 ], [ 2.402758, 39.5995323 ], [ 2.4027581, 39.5995321 ], [ 2.4027582, 39.5995319 ], [ 2.4027583, 39.5995317 ], [ 2.4027584, 39.5995316 ], [ 2.4027585, 39.5995315 ], [ 2.4027586, 39.5995314 ], [ 2.4027586, 39.5995313 ], [ 2.4027587, 39.5995313 ], [ 2.4027588, 39.5995312 ], [ 2.4027589, 39.5995311 ], [ 2.402759, 39.5995311 ], [ 2.402759, 39.599531 ], [ 2.4027591, 39.599531 ], [ 2.4027592, 39.599531 ], [ 2.4027592, 39.5995309 ], [ 2.4027593, 39.5995309 ], [ 2.4027594, 39.5995309 ], [ 2.4027595, 39.5995309 ], [ 2.4027596, 39.5995309 ], [ 2.4027597, 39.5995309 ], [ 2.4027598, 39.5995309 ], [ 2.4027599, 39.5995309 ], [ 2.40276, 39.5995309 ], [ 2.4027601, 39.5995309 ], [ 2.4027602, 39.5995309 ], [ 2.4027603, 39.599531 ], [ 2.4027604, 39.599531 ], [ 2.4027605, 39.5995311 ], [ 2.4027606, 39.5995311 ], [ 2.4027607, 39.5995312 ], [ 2.4027609, 39.5995313 ], [ 2.402761, 39.5995314 ], [ 2.4027612, 39.5995315 ], [ 2.4027613, 39.5995316 ], [ 2.4027616, 39.5995318 ], [ 2.4027618, 39.599532 ], [ 2.4027621, 39.5995324 ], [ 2.4027624, 39.5995328 ], [ 2.4027629, 39.5995334 ], [ 2.4027635, 39.5995342 ], [ 2.4027642, 39.5995354 ], [ 2.4027652, 39.5995373 ], [ 2.4027665, 39.5995404 ], [ 2.4027684, 39.5995455 ], [ 2.4027708, 39.5995543 ], [ 2.4027725, 39.599567 ], [ 2.4027702, 39.5995751 ], [ 2.4027643, 39.5995681 ], [ 2.4027599, 39.5995559 ], [ 2.402758, 39.599547 ] ] ] } },
{ "type": "Feature", "properties": { "PlotID": "MANFV19", "windspeed": 20.0, "time": "15", "clipped_m2": 3.8187079452545731, "clipped_ha": 0.00038187079452545734, "wspd": "20" }, "geometry": { "type": "Polygon", "coordinates": [ [ [ 2.4026593, 39.6002351 ], [ 2.4026573, 39.600233599999989 ], [ 2.4026557, 39.6002319 ], [ 2.4026545, 39.6002301 ], [ 2.4026536, 39.6002283 ], [ 2.402653, 39.6002266 ], [ 2.4026526, 39.600225 ], [ 2.4026524, 39.6002236 ], [ 2.4026524, 39.6002224 ], [ 2.4026524, 39.6002212 ], [ 2.4026526, 39.6002202 ], [ 2.4026528, 39.6002193 ], [ 2.402653, 39.6002185 ], [ 2.4026533, 39.6002178 ], [ 2.4026536, 39.6002172 ], [ 2.4026539, 39.6002167 ], [ 2.4026542, 39.6002162 ], [ 2.4026545, 39.6002157 ], [ 2.4026549, 39.6002153 ], [ 2.4026552, 39.600215 ], [ 2.4026555, 39.6002147 ], [ 2.4026558, 39.6002144 ], [ 2.4026562, 39.6002141 ], [ 2.4026565, 39.6002139 ], [ 2.4026568, 39.6002137 ], [ 2.4026571, 39.6002135 ], [ 2.4026575, 39.6002133 ], [ 2.4026578, 39.6002132 ], [ 2.4026581, 39.6002131 ], [ 2.4026584, 39.6002129 ], [ 2.4026588, 39.6002128 ], [ 2.4026591, 39.6002128 ], [ 2.4026594, 39.6002127 ], [ 2.4026597, 39.6002126 ], [ 2.4026601, 39.6002126 ], [ 2.4026604, 39.6002125 ], [ 2.4026607, 39.6002125 ], [ 2.4026611, 39.6002125 ], [ 2.4026614, 39.6002125 ], [ 2.4026618, 39.6002125 ], [ 2.4026622, 39.6002126 ], [ 2.4026626, 39.6002126 ], [ 2.4026629, 39.6002127 ], [ 2.4026634, 39.6002128 ], [ 2.4026638, 39.6002129 ], [ 2.4026642, 39.600213 ], [ 2.4026647, 39.6002131 ], [ 2.4026651, 39.6002133 ], [ 2.4026656, 39.6002135 ], [ 2.4026661, 39.6002138 ], [ 2.4026666, 39.6002141 ], [ 2.4026672, 39.6002144 ], [ 2.4026678, 39.6002149 ], [ 2.4026684, 39.6002153 ], [ 2.402669, 39.6002159 ], [ 2.4026696, 39.600216499999988 ], [ 2.4026703, 39.6002173 ], [ 2.4026709, 39.6002182 ], [ 2.4026716, 39.6002192 ], [ 2.4026722, 39.6002203 ], [ 2.4026728, 39.6002217 ], [ 2.4026733, 39.6002232 ], [ 2.4026736, 39.600225 ], [ 2.4026738, 39.6002269 ], [ 2.4026736, 39.6002289 ], [ 2.402673, 39.600231 ], [ 2.402672, 39.600233 ], [ 2.4026706, 39.6002347 ], [ 2.4026687, 39.600236 ], [ 2.4026664, 39.6002367 ], [ 2.4026639, 39.6002368 ], [ 2.4026615, 39.6002362 ], [ 2.4026593, 39.6002351 ] ] ] } },
{ "type": "Feature", "properties": { "PlotID": "MANFV20", "windspeed": 20.0, "time": "15", "clipped_m2": 467.71397595386952, "clipped_ha": 0.046771397595386954, "wspd": "20" }, "geometry": { "type": "Polygon", "coordinates": [ [ [ 2.4148294, 39.5913256 ], [ 2.4148236, 39.5912754 ], [ 2.4148222, 39.5912484 ], [ 2.4148224, 39.5912325 ], [ 2.4148232, 39.5912223 ], [ 2.4148241, 39.5912155 ], [ 2.414825, 39.5912107 ], [ 2.4148259, 39.5912072 ], [ 2.4148267, 39.5912045 ], [ 2.4148275, 39.5912025 ], [ 2.4148282, 39.5912009 ], [ 2.4148288, 39.5911996 ], [ 2.4148295, 39.5911985 ], [ 2.41483, 39.5911976 ], [ 2.4148305, 39.5911969 ], [ 2.414831, 39.5911963 ], [ 2.4148315, 39.5911957 ], [ 2.4148319, 39.5911953 ], [ 2.4148324, 39.5911949 ], [ 2.4148327, 39.5911945 ], [ 2.4148331, 39.5911942 ], [ 2.4148335, 39.5911939 ], [ 2.4148338, 39.5911937 ], [ 2.4148342, 39.5911935 ], [ 2.4148345, 39.5911933 ], [ 2.4148348, 39.5911931 ], [ 2.4148352, 39.591193 ], [ 2.4148355, 39.591192899999989 ], [ 2.4148358, 39.5911928 ], [ 2.4148361, 39.5911927 ], [ 2.4148364, 39.5911926 ], [ 2.4148367, 39.5911925 ], [ 2.414837, 39.5911924 ], [ 2.4148373, 39.5911924 ], [ 2.4148376, 39.5911923 ], [ 2.4148379, 39.5911923 ], [ 2.4148383, 39.591192299999989 ], [ 2.4148386, 39.5911922 ], [ 2.4148389, 39.5911922 ], [ 2.4148393, 39.5911922 ], [ 2.4148396, 39.5911923 ], [ 2.41484, 39.5911923 ], [ 2.4148404, 39.5911923 ], [ 2.4148408, 39.5911924 ], [ 2.4148412, 39.5911925 ], [ 2.4148416, 39.5911926 ], [ 2.4148421, 39.5911927 ], [ 2.4148426, 39.5911929 ], [ 2.4148432, 39.5911931 ], [ 2.4148437, 39.5911933 ], [ 2.4148444, 39.5911936 ], [ 2.4148451, 39.5911939 ], [ 2.4148459, 39.5911943 ], [ 2.4148467, 39.5911949 ], [ 2.4148477, 39.5911955 ], [ 2.4148488, 39.5911963 ], [ 2.4148501, 39.5911972 ], [ 2.4148516, 39.5911985 ], [ 2.4148534, 39.5912001 ], [ 2.4148556, 39.5912023 ], [ 2.4148582, 39.5912052 ], [ 2.4148616, 39.5912093 ], [ 2.4148661, 39.5912152 ], [ 2.4148721, 39.5912243 ], [ 2.4148807, 39.5912388 ], [ 2.4148937, 39.5912639 ], [ 2.4149149, 39.5913115 ], [ 2.4149513, 39.5914114 ], [ 2.4150061, 39.5916189 ], [ 2.4150092, 39.591815 ], [ 2.4149085, 39.591635 ], [ 2.4148489, 39.5914283 ], [ 2.4148294, 39.5913256 ] ] ] } },
{ "type": "Feature", "properties": { "PlotID": "MANFV21", "windspeed": 20.0, "time": "15", "clipped_m2": 518.55895145796239, "clipped_ha": 0.051855895145796242, "wspd": "20" }, "geometry": { "type": "Polygon", "coordinates": [ [ [ 2.4045205, 39.5847264 ], [ 2.4045147, 39.5846745 ], [ 2.4045134, 39.5846467 ], [ 2.4045137, 39.5846303 ], [ 2.4045145, 39.58462 ], [ 2.4045154, 39.584613 ], [ 2.4045164, 39.5846081 ], [ 2.4045173, 39.5846045 ], [ 2.4045182, 39.5846018 ], [ 2.404519, 39.5845997 ], [ 2.4045197, 39.5845981 ], [ 2.4045204, 39.5845967 ], [ 2.404521, 39.5845956 ], [ 2.4045216, 39.5845948 ], [ 2.4045221, 39.584594 ], [ 2.4045226, 39.584593399999989 ], [ 2.4045231, 39.5845928 ], [ 2.4045235, 39.5845924 ], [ 2.404524, 39.584592 ], [ 2.4045244, 39.5845916 ], [ 2.4045247, 39.5845913 ], [ 2.4045251, 39.584591 ], [ 2.4045255, 39.5845908 ], [ 2.4045258, 39.5845906 ], [ 2.4045262, 39.584590399999989 ], [ 2.4045265, 39.5845902 ], [ 2.4045268, 39.5845901 ], [ 2.4045271, 39.5845899 ], [ 2.4045275, 39.5845898 ], [ 2.4045278, 39.5845897 ], [ 2.4045281, 39.5845896 ], [ 2.4045284, 39.5845895 ], [ 2.4045287, 39.5845895 ], [ 2.404529, 39.5845894 ], [ 2.4045293, 39.5845894 ], [ 2.4045296, 39.5845893 ], [ 2.40453, 39.5845893 ], [ 2.4045303, 39.5845893 ], [ 2.4045306, 39.5845893 ], [ 2.404531, 39.5845893 ], [ 2.4045314, 39.5845893 ], [ 2.4045317, 39.5845894 ], [ 2.4045321, 39.5845894 ], [ 2.4045325, 39.5845895 ], [ 2.404533, 39.5845896 ], [ 2.4045334, 39.5845897 ], [ 2.4045339, 39.5845898 ], [ 2.4045344, 39.58459 ], [ 2.404535, 39.5845902 ], [ 2.4045356, 39.5845904 ], [ 2.4045362, 39.5845907 ], [ 2.4045369, 39.584591 ], [ 2.4045377, 39.5845914 ], [ 2.4045386, 39.584592 ], [ 2.4045396, 39.5845926 ], [ 2.4045407, 39.5845934 ], [ 2.4045421, 39.5845944 ], [ 2.4045436, 39.5845957 ], [ 2.4045454, 39.5845973 ], [ 2.4045476, 39.5845995 ], [ 2.4045503, 39.5846025 ], [ 2.4045538, 39.5846067 ], [ 2.4045583, 39.5846128 ], [ 2.4045644, 39.584622 ], [ 2.4045732, 39.5846369 ], [ 2.4045866, 39.5846627 ], [ 2.4046085, 39.584712 ], [ 2.4046465, 39.5848165 ], [ 2.4047055, 39.5850386 ], [ 2.4047108, 39.5852547 ], [ 2.4046027, 39.5850554 ], [ 2.4045404, 39.5848338 ], [ 2.4045205, 39.5847264 ] ] ] } },
{ "type": "Feature", "properties": { "PlotID": "MANFV22", "windspeed": 20.0, "time": "15", "clipped_m2": 336.18982718093321, "clipped_ha": 0.03361898271809332, "wspd": "20" }, "geometry": { "type": "Polygon", "coordinates": [ [ [ 2.405983, 39.5828518 ], [ 2.4059772, 39.5828074 ], [ 2.4059756, 39.5827832 ], [ 2.4059756, 39.5827688 ], [ 2.4059762, 39.5827595 ], [ 2.4059769, 39.5827533 ], [ 2.4059777, 39.5827489 ], [ 2.4059785, 39.5827457 ], [ 2.4059792, 39.5827433 ], [ 2.4059799, 39.5827414 ], [ 2.4059806, 39.5827399 ], [ 2.4059812, 39.5827387 ], [ 2.4059817, 39.5827377 ], [ 2.4059822, 39.5827369 ], [ 2.4059827, 39.5827362 ], [ 2.4059831, 39.5827356 ], [ 2.4059835, 39.5827351 ], [ 2.4059839, 39.5827347 ], [ 2.4059843, 39.5827343 ], [ 2.4059847, 39.582734 ], [ 2.405985, 39.5827337 ], [ 2.4059854, 39.5827335 ], [ 2.4059857, 39.5827333 ], [ 2.405986, 39.5827331 ], [ 2.4059863, 39.5827329 ], [ 2.4059866, 39.5827328 ], [ 2.4059869, 39.5827326 ], [ 2.4059872, 39.5827325 ], [ 2.4059875, 39.5827324 ], [ 2.4059877, 39.5827323 ], [ 2.405988, 39.5827322 ], [ 2.4059883, 39.5827321 ], [ 2.4059886, 39.5827321 ], [ 2.4059889, 39.582732 ], [ 2.4059891, 39.582732 ], [ 2.4059894, 39.5827319 ], [ 2.4059897, 39.5827319 ], [ 2.40599, 39.5827319 ], [ 2.4059903, 39.5827319 ], [ 2.4059907, 39.5827319 ], [ 2.405991, 39.5827319 ], [ 2.4059913, 39.5827319 ], [ 2.4059917, 39.582732 ], [ 2.405992, 39.582732 ], [ 2.4059924, 39.5827321 ], [ 2.4059928, 39.5827322 ], [ 2.4059933, 39.5827323 ], [ 2.4059937, 39.5827325 ], [ 2.4059943, 39.5827326 ], [ 2.4059948, 39.5827329 ], [ 2.4059954, 39.5827331 ], [ 2.405996, 39.5827334 ], [ 2.4059968, 39.5827338 ], [ 2.4059976, 39.5827343 ], [ 2.4059985, 39.5827348 ], [ 2.4059995, 39.5827355 ], [ 2.4060007, 39.5827364 ], [ 2.4060021, 39.5827376 ], [ 2.4060037, 39.5827391 ], [ 2.4060057, 39.582741 ], [ 2.4060082, 39.5827437 ], [ 2.4060113, 39.5827474 ], [ 2.4060154, 39.5827528 ], [ 2.4060209, 39.582761 ], [ 2.4060288, 39.5827741 ], [ 2.4060406, 39.5827965 ], [ 2.4060596, 39.582838599999988 ], [ 2.4060912, 39.5829243 ], [ 2.4061355, 39.5830926 ], [ 2.4061348, 39.5832412 ], [ 2.4060529, 39.5831068 ], [ 2.4060012, 39.5829398 ], [ 2.405983, 39.5828518 ] ] ] } },
{ "type": "Feature", "properties": { "PlotID": "MANFV23", "windspeed": 20.0, "time": "15", "clipped_m2": 3772.3821253851056, "clipped_ha": 0.37723821253851059, "wspd": "20" }, "geometry": { "type": "Polygon", "coordinates": [ [ [ 2.4138502, 39.5953958 ], [ 2.4138345, 39.5952569 ], [ 2.4138309, 39.5951828 ], [ 2.4138315, 39.5951392 ], [ 2.4138336, 39.5951116 ], [ 2.413836, 39.595093 ], [ 2.4138386, 39.59508 ], [ 2.413841, 39.5950704 ], [ 2.4138433, 39.5950632 ], [ 2.4138453, 39.5950577 ], [ 2.4138473, 39.5950533 ], [ 2.4138491, 39.5950497 ], [ 2.4138507, 39.5950469 ], [ 2.4138522, 39.5950445 ], [ 2.4138536, 39.5950425 ], [ 2.413855, 39.5950408 ], [ 2.4138562, 39.5950394 ], [ 2.4138574, 39.5950381 ], [ 2.4138585, 39.595037 ], [ 2.4138596, 39.5950361 ], [ 2.4138606, 39.5950353 ], [ 2.4138616, 39.5950346 ], [ 2.4138626, 39.5950339 ], [ 2.4138635, 39.5950333 ], [ 2.4138644, 39.5950328 ], [ 2.4138653, 39.5950324 ], [ 2.4138662, 39.595032 ], [ 2.413867, 39.5950316 ], [ 2.4138678, 39.5950313 ], [ 2.4138687, 39.595031 ], [ 2.4138695, 39.5950308 ], [ 2.4138703, 39.5950306 ], [ 2.4138711, 39.5950304 ], [ 2.413872, 39.5950303 ], [ 2.4138728, 39.595030099999988 ], [ 2.4138737, 39.59503 ], [ 2.4138745, 39.59503 ], [ 2.4138754, 39.5950299 ], [ 2.4138763, 39.5950299 ], [ 2.4138772, 39.5950299 ], [ 2.4138782, 39.59503 ], [ 2.4138792, 39.595030099999988 ], [ 2.4138802, 39.5950302 ], [ 2.4138813, 39.5950304 ], [ 2.4138825, 39.5950306 ], [ 2.4138837, 39.5950309 ], [ 2.413885, 39.5950313 ], [ 2.4138863, 39.5950317 ], [ 2.4138878, 39.5950322 ], [ 2.4138894, 39.5950328 ], [ 2.4138911, 39.5950336 ], [ 2.413893, 39.5950345 ], [ 2.4138952, 39.5950356 ], [ 2.4138975, 39.595037 ], [ 2.4139002, 39.5950387 ], [ 2.4139032, 39.5950408 ], [ 2.4139067, 39.5950435 ], [ 2.4139107, 39.5950469 ], [ 2.4139156, 39.5950513 ], [ 2.4139214, 39.5950571 ], [ 2.4139287, 39.5950651 ], [ 2.4139379, 39.5950762 ], [ 2.41395, 39.5950923 ], [ 2.4139664, 39.5951169 ], [ 2.41399, 39.5951565 ], [ 2.4140259, 39.5952253 ], [ 2.4140849, 39.595357 ], [ 2.4141882, 39.5956376 ], [ 2.4143511, 39.5962407 ], [ 2.4143703, 39.5968352 ], [ 2.4140738, 39.5962865 ], [ 2.413904, 39.5956846 ], [ 2.4138502, 39.5953958 ] ] ] } },
{ "type": "Feature", "properties": { "PlotID": "MANFV24", "windspeed": 20.0, "time": "15", "clipped_m2": 1.3292857053857006, "clipped_ha": 0.00013292857053857007, "wspd": "20" }, "geometry": { "type": "Polygon", "coordinates": [ [ [ 2.4000927, 39.5940169 ], [ 2.4000914, 39.5940156 ], [ 2.4000904, 39.5940141 ], [ 2.4000897, 39.5940126 ], [ 2.4000892, 39.5940111 ], [ 2.400089, 39.5940098 ], [ 2.400089, 39.5940087 ], [ 2.400089, 39.5940077 ], [ 2.4000891, 39.5940069 ], [ 2.4000892, 39.5940062 ], [ 2.4000894, 39.5940056 ], [ 2.4000896, 39.5940051 ], [ 2.4000898, 39.5940047 ], [ 2.40009, 39.5940043 ], [ 2.4000902, 39.594004 ], [ 2.4000904, 39.5940037 ], [ 2.4000905, 39.5940035 ], [ 2.4000907, 39.5940033 ], [ 2.4000909, 39.5940031 ], [ 2.4000911, 39.594003 ], [ 2.4000912, 39.5940028 ], [ 2.4000914, 39.5940027 ], [ 2.4000916, 39.5940026 ], [ 2.4000917, 39.5940025 ], [ 2.4000919, 39.5940024 ], [ 2.400092, 39.5940023 ], [ 2.4000922, 39.5940023 ], [ 2.4000923, 39.5940022 ], [ 2.4000924, 39.5940022 ], [ 2.4000926, 39.5940021 ], [ 2.4000927, 39.5940021 ], [ 2.4000929, 39.594002 ], [ 2.400093, 39.594002 ], [ 2.4000931, 39.594002 ], [ 2.4000933, 39.594002 ], [ 2.4000934, 39.594002 ], [ 2.4000935, 39.594002 ], [ 2.4000937, 39.594002 ], [ 2.4000938, 39.594002 ], [ 2.400094, 39.594002 ], [ 2.4000941, 39.594002 ], [ 2.4000943, 39.594002 ], [ 2.4000944, 39.594002 ], [ 2.4000946, 39.5940021 ], [ 2.4000948, 39.5940021 ], [ 2.4000949, 39.5940022 ], [ 2.4000951, 39.5940022 ], [ 2.4000953, 39.5940023 ], [ 2.4000955, 39.5940024 ], [ 2.4000957, 39.5940025 ], [ 2.4000959, 39.5940026 ], [ 2.4000962, 39.5940028 ], [ 2.4000964, 39.5940029 ], [ 2.4000967, 39.5940031 ], [ 2.4000969, 39.5940033 ], [ 2.4000972, 39.5940036 ], [ 2.4000975, 39.5940039 ], [ 2.4000979, 39.5940043 ], [ 2.4000982, 39.5940047 ], [ 2.4000986, 39.5940053 ], [ 2.4000989, 39.5940059 ], [ 2.4000993, 39.5940067 ], [ 2.4000997, 39.5940076 ], [ 2.4001, 39.5940087 ], [ 2.4001002, 39.59401 ], [ 2.4001003, 39.5940115 ], [ 2.4001001, 39.5940131 ], [ 2.4000997, 39.5940148 ], [ 2.4000988, 39.5940163 ], [ 2.4000976, 39.5940174 ], [ 2.400096, 39.594018 ], [ 2.4000943, 39.5940178 ], [ 2.4000927, 39.5940169 ] ] ] } },
{ "type": "Feature", "properties": { "PlotID": "MANFV25", "windspeed": 20.0, "time": "15", "clipped_m2": 52.888549144146964, "clipped_ha": 0.0052888549144146967, "wspd": "20" }, "geometry": { "type": "Polygon", "coordinates": [ [ [ 2.4003845, 39.5930916 ], [ 2.400379, 39.5930763 ], [ 2.4003765, 39.593062 ], [ 2.4003756, 39.5930511 ], [ 2.4003756, 39.5930428 ], [ 2.4003761, 39.5930365 ], [ 2.4003768, 39.5930317 ], [ 2.4003777, 39.593028 ], [ 2.4003785, 39.593025 ], [ 2.4003794, 39.5930226 ], [ 2.4003802, 39.5930207 ], [ 2.400381, 39.5930191 ], [ 2.4003817, 39.5930178 ], [ 2.4003824, 39.5930167 ], [ 2.4003831, 39.5930157 ], [ 2.4003838, 39.5930149 ], [ 2.4003844, 39.5930142 ], [ 2.400385, 39.5930136 ], [ 2.4003855, 39.5930131 ], [ 2.400386, 39.593012699999989 ], [ 2.4003866, 39.5930123 ], [ 2.4003871, 39.5930119 ], [ 2.4003875, 39.5930116 ], [ 2.400388, 39.5930113 ], [ 2.4003885, 39.5930111 ], [ 2.4003889, 39.5930109 ], [ 2.4003893, 39.5930107 ], [ 2.4003898, 39.5930105 ], [ 2.4003902, 39.5930104 ], [ 2.4003906, 39.5930102 ], [ 2.400391, 39.5930101 ], [ 2.4003915, 39.59301 ], [ 2.4003919, 39.5930099 ], [ 2.4003923, 39.5930099 ], [ 2.4003927, 39.5930098 ], [ 2.4003932, 39.5930098 ], [ 2.4003936, 39.5930098 ], [ 2.400394, 39.5930098 ], [ 2.4003945, 39.5930098 ], [ 2.400395, 39.5930098 ], [ 2.4003954, 39.5930098 ], [ 2.4003959, 39.5930099 ], [ 2.4003965, 39.59301 ], [ 2.400397, 39.5930101 ], [ 2.4003975, 39.5930102 ], [ 2.4003981, 39.5930104 ], [ 2.4003988, 39.5930106 ], [ 2.4003994, 39.5930108 ], [ 2.4004001, 39.5930111 ], [ 2.4004009, 39.5930114 ], [ 2.4004017, 39.5930118 ], [ 2.4004026, 39.5930123 ], [ 2.4004035, 39.5930129 ], [ 2.4004046, 39.5930136 ], [ 2.4004057, 39.5930145 ], [ 2.400407, 39.5930155 ], [ 2.4004085, 39.5930168 ], [ 2.4004101, 39.5930184 ], [ 2.400412, 39.5930204 ], [ 2.4004141, 39.5930229 ], [ 2.4004166, 39.5930263 ], [ 2.4004194, 39.5930306 ], [ 2.4004226, 39.5930364 ], [ 2.4004263, 39.5930441 ], [ 2.4004304, 39.5930546 ], [ 2.4004344, 39.5930687 ], [ 2.4004374, 39.5930868 ], [ 2.4004377, 39.5931078 ], [ 2.4004326, 39.5931269 ], [ 2.4004213, 39.593136 ], [ 2.4004066, 39.5931304 ], [ 2.4003934, 39.5931139 ], [ 2.4003845, 39.5930916 ] ] ] } },
{ "type": "Feature", "properties": { "PlotID": "MANFV26", "windspeed": 20.0, "time": "15", "clipped_m2": 247.64447610266507, "clipped_ha": 0.024764447610266506, "wspd": "20" }, "geometry": { "type": "Polygon", "coordinates": [ [ [ 2.4008738, 39.5946526 ], [ 2.4008523, 39.5946347 ], [ 2.4008355, 39.5946132 ], [ 2.4008234, 39.5945907 ], [ 2.4008154, 39.5945689 ], [ 2.4008108, 39.594549 ], [ 2.4008088, 39.5945313 ], [ 2.4008085, 39.5945159 ], [ 2.4008095, 39.5945026 ], [ 2.4008113, 39.5944912 ], [ 2.4008136, 39.5944814 ], [ 2.4008163, 39.594473 ], [ 2.4008192, 39.5944658 ], [ 2.4008223, 39.5944596 ], [ 2.4008253, 39.5944542 ], [ 2.4008283, 39.5944496 ], [ 2.4008314, 39.5944455 ], [ 2.4008343, 39.5944419 ], [ 2.4008372, 39.5944388 ], [ 2.4008401, 39.594436 ], [ 2.4008428, 39.5944336 ], [ 2.4008456, 39.5944314 ], [ 2.4008482, 39.5944295 ], [ 2.4008508, 39.5944278 ], [ 2.4008534, 39.5944263 ], [ 2.4008559, 39.594425 ], [ 2.4008584, 39.5944238 ], [ 2.4008609, 39.5944227 ], [ 2.4008633, 39.5944218 ], [ 2.4008657, 39.594421 ], [ 2.4008681, 39.5944203 ], [ 2.4008705, 39.5944197 ], [ 2.4008728, 39.5944192 ], [ 2.4008752, 39.5944188 ], [ 2.4008776, 39.5944185 ], [ 2.40088, 39.5944183 ], [ 2.4008825, 39.5944181 ], [ 2.4008849, 39.5944181 ], [ 2.4008874, 39.5944181 ], [ 2.40089, 39.5944182 ], [ 2.4008926, 39.5944185 ], [ 2.4008953, 39.5944188 ], [ 2.400898, 39.5944193 ], [ 2.4009008, 39.5944199 ], [ 2.4009037, 39.5944206 ], [ 2.4009067, 39.5944215 ], [ 2.4009099, 39.5944225 ], [ 2.4009131, 39.5944237 ], [ 2.4009165, 39.594425199999989 ], [ 2.4009201, 39.5944269 ], [ 2.4009239, 39.5944289 ], [ 2.4009278, 39.5944313 ], [ 2.400932, 39.5944341 ], [ 2.4009364, 39.5944373 ], [ 2.400941, 39.5944411 ], [ 2.4009459, 39.5944456 ], [ 2.4009511, 39.5944508 ], [ 2.4009566, 39.5944571 ], [ 2.4009623, 39.5944645 ], [ 2.4009682, 39.5944734 ], [ 2.4009742, 39.5944839 ], [ 2.4009801, 39.5944964 ], [ 2.4009855, 39.5945112 ], [ 2.4009901, 39.5945286 ], [ 2.4009931, 39.5945487 ], [ 2.4009936, 39.5945713 ], [ 2.4009904, 39.5945956 ], [ 2.4009339, 39.594533299999988 ], [ 2.4009228, 39.5945357 ], [ 2.4009118, 39.5945381 ], [ 2.4009246, 39.5946658 ], [ 2.4008896, 39.5945437 ], [ 2.4008738, 39.5946526 ] ] ] } },
{ "type": "Feature", "properties": { "PlotID": "MANFV27", "windspeed": 20.0, "time": "15", "clipped_m2": 387.75758043082897, "clipped_ha": 0.038775758043082899, "wspd": "20" }, "geometry": { "type": "Polygon", "coordinates": [ [ [ 2.4078112, 39.6016182 ], [ 2.4077989, 39.6016091 ], [ 2.4077879, 39.6016013 ], [ 2.4077779, 39.6015942 ], [ 2.4077687, 39.6015876 ], [ 2.4077184, 39.6016405 ], [ 2.4077716, 39.6015522 ], [ 2.4077656, 39.6015483 ], [ 2.4077597, 39.6015444 ], [ 2.4077537, 39.6015405 ], [ 2.4077476, 39.6015364 ], [ 2.4077432, 39.6015313 ], [ 2.4077476, 39.6015227 ], [ 2.4077519, 39.6015155 ], [ 2.407756, 39.6015093 ], [ 2.4077599, 39.601504 ], [ 2.4077637, 39.6014994 ], [ 2.4077673, 39.6014955 ], [ 2.4077708, 39.601492 ], [ 2.4077742, 39.601489 ], [ 2.4077775, 39.6014863 ], [ 2.4077806, 39.6014839 ], [ 2.4077837, 39.6014818 ], [ 2.4077867, 39.60148 ], [ 2.4077896, 39.6014783 ], [ 2.4077925, 39.6014768 ], [ 2.4077953, 39.6014755 ], [ 2.4077981, 39.6014743 ], [ 2.4078009, 39.6014733 ], [ 2.4078037, 39.6014724 ], [ 2.4078097, 39.6014767 ], [ 2.4078135, 39.6014795 ], [ 2.4078161, 39.6014814 ], [ 2.407818, 39.6014828 ], [ 2.4078195, 39.6014839 ], [ 2.4078208, 39.6014848 ], [ 2.4078218, 39.6014855 ], [ 2.4078227, 39.6014862 ], [ 2.4078235, 39.6014868 ], [ 2.4078242, 39.6014873 ], [ 2.4078248, 39.6014878 ], [ 2.4078254, 39.6014882 ], [ 2.407826, 39.6014886 ], [ 2.4078266, 39.601489 ], [ 2.4078272, 39.6014895 ], [ 2.4078277, 39.6014899 ], [ 2.4078283, 39.6014903 ], [ 2.4078289, 39.6014907 ], [ 2.4078295, 39.6014912 ], [ 2.4078301, 39.6014916 ], [ 2.4078309, 39.6014922 ], [ 2.4078317, 39.6014927 ], [ 2.4078325, 39.6014934 ], [ 2.4078336, 39.6014942 ], [ 2.4078348, 39.6014951 ], [ 2.4078364, 39.6014962 ], [ 2.4078383, 39.6014976 ], [ 2.407841, 39.6014996 ], [ 2.4078449, 39.6015024 ], [ 2.4078514, 39.6015071 ], [ 2.4078711, 39.60152 ], [ 2.4079893, 39.601598 ], [ 2.4080088, 39.6016323 ], [ 2.4080302, 39.6016773 ], [ 2.4080524, 39.6017364 ], [ 2.4080728, 39.6018123 ], [ 2.4079878, 39.6017533 ], [ 2.4079284, 39.6017053 ], [ 2.4078912, 39.601677599999988 ], [ 2.4078639, 39.6016573 ], [ 2.4078427, 39.6016416 ], [ 2.4078256, 39.6016289 ], [ 2.4078112, 39.6016182 ] ] ] } },
{ "type": "Feature", "properties": { "PlotID": "MANFV28", "windspeed": 20.0, "time": "15", "clipped_m2": 175.33803029044066, "clipped_ha": 0.017533803029044066, "wspd": "20" }, "geometry": { "type": "Polygon", "coordinates": [ [ [ 2.4019539, 39.6025408 ], [ 2.4019428, 39.6025112 ], [ 2.4019367, 39.6024862 ], [ 2.4019339, 39.6024664 ], [ 2.4019331, 39.6024509 ], [ 2.4019334, 39.6024389 ], [ 2.4019344, 39.6024295 ], [ 2.4019357, 39.602422 ], [ 2.4019371, 39.6024161 ], [ 2.4019386, 39.6024113 ], [ 2.4019401, 39.6024073 ], [ 2.4019416, 39.6024041 ], [ 2.401943, 39.6024014 ], [ 2.4019444, 39.6023991 ], [ 2.4019457, 39.6023971 ], [ 2.4019469, 39.6023955 ], [ 2.4019481, 39.602394 ], [ 2.4019493, 39.6023928 ], [ 2.4019504, 39.6023917 ], [ 2.4019515, 39.6023907 ], [ 2.4019525, 39.6023899 ], [ 2.4019535, 39.6023891 ], [ 2.4019545, 39.6023885 ], [ 2.4019554, 39.6023879 ], [ 2.4019564, 39.6023874 ], [ 2.4019573, 39.6023869 ], [ 2.4019582, 39.6023865 ], [ 2.4019591, 39.6023861 ], [ 2.4019599, 39.6023858 ], [ 2.4019608, 39.6023855 ], [ 2.4019617, 39.6023853 ], [ 2.4019625, 39.6023851 ], [ 2.4019634, 39.6023849 ], [ 2.4019643, 39.6023847 ], [ 2.4019651, 39.6023846 ], [ 2.401966, 39.6023845 ], [ 2.4019669, 39.6023845 ], [ 2.4019679, 39.6023844 ], [ 2.4019688, 39.6023844 ], [ 2.4019698, 39.6023845 ], [ 2.4019708, 39.6023846 ], [ 2.4019718, 39.602384699999988 ], [ 2.4019729, 39.6023848 ], [ 2.401974, 39.602385 ], [ 2.4019752, 39.6023853 ], [ 2.4019764, 39.6023856 ], [ 2.4019777, 39.602386 ], [ 2.4019791, 39.6023865 ], [ 2.4019805, 39.602387 ], [ 2.4019821, 39.6023877 ], [ 2.4019838, 39.6023885 ], [ 2.4019856, 39.6023895 ], [ 2.4019876, 39.6023907 ], [ 2.4019898, 39.6023921 ], [ 2.4019922, 39.6023938 ], [ 2.4019948, 39.6023959 ], [ 2.4019978, 39.6023984 ], [ 2.4020011, 39.6024016 ], [ 2.4020049, 39.6024056 ], [ 2.4020092, 39.6024107 ], [ 2.4020141, 39.6024171 ], [ 2.4020196, 39.6024255 ], [ 2.4020259, 39.6024366 ], [ 2.4020328, 39.6024511 ], [ 2.4020401, 39.6024703 ], [ 2.4020469, 39.6024951 ], [ 2.4020514, 39.6025257 ], [ 2.4020504, 39.6025595 ], [ 2.4020405, 39.6025889 ], [ 2.4020207, 39.6026032 ], [ 2.4019953, 39.6025959 ], [ 2.4019715, 39.6025717 ], [ 2.4019539, 39.6025408 ] ] ] } },
{ "type": "Feature", "properties": { "PlotID": "MANFV29", "windspeed": 20.0, "time": "15", "clipped_m2": 665.05799301620573, "clipped_ha": 0.066505799301620566, "wspd": "20" }, "geometry": { "type": "Polygon", "coordinates": [ [ [ 2.4101438, 39.6046424 ], [ 2.4101222, 39.604578 ], [ 2.4101284, 39.604472099999988 ], [ 2.4101064, 39.6044836 ], [ 2.4101055, 39.6044518 ], [ 2.4101068, 39.6044273 ], [ 2.4101091, 39.6044084 ], [ 2.410112, 39.6043935 ], [ 2.4101151, 39.6043817 ], [ 2.4101183, 39.6043722 ], [ 2.4101214, 39.6043644 ], [ 2.4101244, 39.6043581 ], [ 2.4101273, 39.6043527 ], [ 2.41013, 39.6043482 ], [ 2.4101327, 39.6043444 ], [ 2.4101352, 39.6043412 ], [ 2.4101376, 39.6043384 ], [ 2.4101399, 39.604336 ], [ 2.4101421, 39.6043338 ], [ 2.4101442, 39.604332 ], [ 2.4101463, 39.6043304 ], [ 2.4101483, 39.6043289 ], [ 2.4101502, 39.6043276 ], [ 2.4101521, 39.6043265 ], [ 2.4101539, 39.6043255 ], [ 2.4101557, 39.6043246 ], [ 2.4101574, 39.6043238 ], [ 2.4101592, 39.6043231 ], [ 2.4101609, 39.6043225 ], [ 2.4101626, 39.604322 ], [ 2.4101643, 39.6043215 ], [ 2.410166, 39.6043211 ], [ 2.4101677, 39.604320699999988 ], [ 2.4101694, 39.6043205 ], [ 2.4101711, 39.6043202 ], [ 2.4101728, 39.6043201 ], [ 2.4101746, 39.60432 ], [ 2.4101764, 39.6043199 ], [ 2.4101782, 39.60432 ], [ 2.4101801, 39.60432 ], [ 2.410182, 39.6043202 ], [ 2.4101841, 39.6043204 ], [ 2.4101861, 39.6043208 ], [ 2.4101883, 39.6043212 ], [ 2.4101906, 39.6043217 ], [ 2.410193, 39.6043223 ], [ 2.4101955, 39.6043231 ], [ 2.4101982, 39.604324 ], [ 2.410201, 39.6043252 ], [ 2.4102041, 39.6043265 ], [ 2.4102074, 39.6043281 ], [ 2.410211, 39.60433 ], [ 2.4102149, 39.6043323 ], [ 2.4102191, 39.6043351 ], [ 2.4102238, 39.6043385 ], [ 2.4102291, 39.6043426 ], [ 2.4102349, 39.6043477 ], [ 2.4102415, 39.604354 ], [ 2.4102489, 39.604362 ], [ 2.4102574, 39.6043721 ], [ 2.4102672, 39.6043851 ], [ 2.4102784, 39.6044021 ], [ 2.4102911, 39.6044244 ], [ 2.4103054, 39.6044543 ], [ 2.4103208, 39.604494099999989 ], [ 2.4103356, 39.6045466 ], [ 2.4103371, 39.6045983 ], [ 2.4103281, 39.6046515 ], [ 2.4102992, 39.6046808 ], [ 2.410267, 39.604717 ], [ 2.4102297, 39.6047678 ], [ 2.4101797, 39.6047117 ], [ 2.4101438, 39.6046424 ] ] ] } },
{ "type": "Feature", "properties": { "PlotID": "MANFV01", "windspeed": 30.0, "time": "15", "clipped_m2": 115.41747325210599, "clipped_ha": 0.0115417473252106, "wspd": "30" }, "geometry": { "type": "Polygon", "coordinates": [ [ [ 2.412758, 39.599484 ], [ 2.4127473, 39.5994691 ], [ 2.4127397, 39.5994541 ], [ 2.4127348, 39.5994403 ], [ 2.412732, 39.599428 ], [ 2.4127306, 39.5994175 ], [ 2.4127303, 39.5994085 ], [ 2.4127307, 39.599401 ], [ 2.4127315, 39.5993947 ], [ 2.4127326, 39.5993893 ], [ 2.4127339, 39.5993848 ], [ 2.4127352, 39.5993809 ], [ 2.4127366, 39.5993776 ], [ 2.4127381, 39.5993748 ], [ 2.4127395, 39.5993723 ], [ 2.412741, 39.5993701 ], [ 2.4127424, 39.5993683 ], [ 2.4127437, 39.5993666 ], [ 2.4127451, 39.5993652 ], [ 2.4127464, 39.5993639 ], [ 2.4127477, 39.5993628 ], [ 2.412749, 39.5993618 ], [ 2.4127502, 39.5993609 ], [ 2.4127514, 39.5993601 ], [ 2.4127527, 39.5993593 ], [ 2.4127538, 39.5993587 ], [ 2.412755, 39.5993581 ], [ 2.4127562, 39.5993576 ], [ 2.4127573, 39.5993572 ], [ 2.4127585, 39.5993568 ], [ 2.4127596, 39.5993564 ], [ 2.4127608, 39.5993561 ], [ 2.412762, 39.5993558 ], [ 2.4127631, 39.5993556 ], [ 2.4127643, 39.5993555 ], [ 2.4127655, 39.5993553 ], [ 2.4127667, 39.5993552 ], [ 2.412768, 39.5993552 ], [ 2.4127692, 39.5993552 ], [ 2.4127705, 39.5993553 ], [ 2.4127718, 39.5993554 ], [ 2.4127732, 39.5993555 ], [ 2.4127746, 39.5993557 ], [ 2.4127761, 39.599356 ], [ 2.4127777, 39.5993563 ], [ 2.4127793, 39.5993568 ], [ 2.412781, 39.5993573 ], [ 2.4127827, 39.5993579 ], [ 2.4127846, 39.5993587 ], [ 2.4127866, 39.5993596 ], [ 2.4127887, 39.5993606 ], [ 2.412791, 39.5993619 ], [ 2.4127934, 39.5993634 ], [ 2.4127961, 39.5993652 ], [ 2.4127989, 39.5993674 ], [ 2.4128019, 39.5993699 ], [ 2.4128052, 39.599373 ], [ 2.4128087, 39.5993768 ], [ 2.4128126, 39.5993813 ], [ 2.4128166, 39.5993869 ], [ 2.4128209, 39.5993936 ], [ 2.4128253, 39.5994019 ], [ 2.4128296, 39.5994119 ], [ 2.4128335, 39.599424 ], [ 2.4128363, 39.5994382 ], [ 2.4128373, 39.5994543 ], [ 2.4128353, 39.5994713 ], [ 2.4128294, 39.5994874 ], [ 2.4128189, 39.5994999 ], [ 2.4128045, 39.5995062 ], [ 2.412788, 39.5995049 ], [ 2.4127719, 39.5994968 ], [ 2.412758, 39.599484 ] ] ] } },
{ "type": "Feature", "properties": { "PlotID": "MANFV02", "windspeed": 30.0, "time": "15", "clipped_m2": 342.00817066896707, "clipped_ha": 0.034200817066896705, "wspd": "30" }, "geometry": { "type": "Polygon", "coordinates": [ [ [ 2.4101103, 39.5966873 ], [ 2.4101072, 39.5966058 ], [ 2.4101081, 39.5965715 ], [ 2.4101096, 39.5965543 ], [ 2.410111, 39.5965446 ], [ 2.4101123, 39.5965386 ], [ 2.4101133, 39.5965346 ], [ 2.4101143, 39.5965318 ], [ 2.410115, 39.5965298 ], [ 2.4101157, 39.5965283 ], [ 2.4101163, 39.5965272 ], [ 2.4101168, 39.5965263 ], [ 2.4101173, 39.5965256 ], [ 2.4101177, 39.596525 ], [ 2.4101181, 39.5965245 ], [ 2.4101185, 39.5965241 ], [ 2.4101188, 39.5965238 ], [ 2.4101191, 39.5965235 ], [ 2.4101194, 39.5965232 ], [ 2.4101196, 39.596523 ], [ 2.4101199, 39.5965228 ], [ 2.4101201, 39.5965227 ], [ 2.4101204, 39.5965226 ], [ 2.4101206, 39.5965224 ], [ 2.4101208, 39.5965223 ], [ 2.410121, 39.5965222 ], [ 2.4101212, 39.5965222 ], [ 2.4101214, 39.5965221 ], [ 2.4101216, 39.596522 ], [ 2.4101218, 39.596522 ], [ 2.4101219, 39.5965219 ], [ 2.4101221, 39.5965219 ], [ 2.4101223, 39.5965219 ], [ 2.4101225, 39.5965218 ], [ 2.4101226, 39.5965218 ], [ 2.4101228, 39.5965218 ], [ 2.410123, 39.5965218 ], [ 2.4101232, 39.5965218 ], [ 2.4101234, 39.5965218 ], [ 2.4101236, 39.5965218 ], [ 2.4101238, 39.5965218 ], [ 2.410124, 39.5965219 ], [ 2.4101242, 39.5965219 ], [ 2.4101244, 39.5965219 ], [ 2.4101246, 39.596522 ], [ 2.4101248, 39.5965221 ], [ 2.4101251, 39.5965221 ], [ 2.4101253, 39.5965222 ], [ 2.4101256, 39.5965223 ], [ 2.4101259, 39.5965225 ], [ 2.4101262, 39.5965226 ], [ 2.4101266, 39.5965228 ], [ 2.410127, 39.596523 ], [ 2.4101274, 39.5965233 ], [ 2.4101278, 39.5965236 ], [ 2.4101284, 39.596524 ], [ 2.410129, 39.5965245 ], [ 2.4101296, 39.5965251 ], [ 2.4101304, 39.5965259 ], [ 2.4101313, 39.5965269 ], [ 2.4101324, 39.5965283 ], [ 2.4101338, 39.5965301 ], [ 2.4101355, 39.5965326 ], [ 2.4101377, 39.5965363 ], [ 2.4101407, 39.5965419 ], [ 2.410145, 39.5965512 ], [ 2.4101515, 39.5965676 ], [ 2.4101625, 39.5966009 ], [ 2.4101836, 39.5966808 ], [ 2.4102259, 39.5969115 ], [ 2.41021, 39.5971055 ], [ 2.4101372, 39.5969194 ], [ 2.4101103, 39.5966873 ] ] ] } },
{ "type": "Feature", "properties": { "PlotID": "MANFV03", "windspeed": 30.0, "time": "15", "clipped_m2": 307.57161983498372, "clipped_ha": 0.030757161983498371, "wspd": "30" }, "geometry": { "type": "Polygon", "coordinates": [ [ [ 2.4074519, 39.5956067 ], [ 2.4074404, 39.5955333 ], [ 2.4074379, 39.5954821 ], [ 2.4074391, 39.5954483 ], [ 2.4074416, 39.5954258 ], [ 2.4074444, 39.5954103 ], [ 2.4074471, 39.5953994 ], [ 2.4074496, 39.5953915 ], [ 2.4074519, 39.5953855 ], [ 2.4074539, 39.595381 ], [ 2.4074557, 39.5953774 ], [ 2.4074574, 39.5953746 ], [ 2.4074589, 39.5953724 ], [ 2.4074603, 39.5953705 ], [ 2.4074615, 39.595369 ], [ 2.4074627, 39.5953677 ], [ 2.4074638, 39.5953666 ], [ 2.4074648, 39.5953657 ], [ 2.4074657, 39.5953649 ], [ 2.4074666, 39.5953642 ], [ 2.4074674, 39.5953636 ], [ 2.4074682, 39.5953631 ], [ 2.407469, 39.5953627 ], [ 2.4074697, 39.5953623 ], [ 2.4074704, 39.5953619 ], [ 2.4074711, 39.5953616 ], [ 2.4074717, 39.5953614 ], [ 2.4074724, 39.5953612 ], [ 2.407473, 39.595361 ], [ 2.4074736, 39.5953608 ], [ 2.4074742, 39.5953607 ], [ 2.4074749, 39.5953605 ], [ 2.4074755, 39.5953604 ], [ 2.407476, 39.5953604 ], [ 2.4074766, 39.5953603 ], [ 2.4074772, 39.5953603 ], [ 2.4074779, 39.5953603 ], [ 2.4074785, 39.5953603 ], [ 2.4074791, 39.5953603 ], [ 2.4074797, 39.5953604 ], [ 2.4074804, 39.5953604 ], [ 2.407481, 39.5953605 ], [ 2.4074817, 39.5953607 ], [ 2.4074824, 39.5953608 ], [ 2.4074832, 39.595361 ], [ 2.4074839, 39.5953613 ], [ 2.4074847, 39.5953615 ], [ 2.4074856, 39.5953619 ], [ 2.4074865, 39.5953622 ], [ 2.4074875, 39.5953627 ], [ 2.4074885, 39.5953632 ], [ 2.4074896, 39.5953639 ], [ 2.4074908, 39.5953646 ], [ 2.4074921, 39.5953656 ], [ 2.4074936, 39.5953666 ], [ 2.4074952, 39.595368 ], [ 2.407497, 39.5953696 ], [ 2.407499, 39.5953716 ], [ 2.4075013, 39.5953741 ], [ 2.4075039, 39.5953774 ], [ 2.407507, 39.5953815 ], [ 2.4075107, 39.595387 ], [ 2.407515, 39.5953945 ], [ 2.4075203, 39.5954048 ], [ 2.4075268, 39.5954196 ], [ 2.4075346, 39.5954414 ], [ 2.4075439, 39.5954745 ], [ 2.4075537, 39.595525099999989 ], [ 2.40756, 39.5955989 ], [ 2.4075526, 39.5956848 ], [ 2.4075214, 39.5957303 ], [ 2.4074798, 39.5956901 ], [ 2.4074519, 39.5956067 ] ] ] } },
{ "type": "Feature", "properties": { "PlotID": "MANFV04", "windspeed": 30.0, "time": "15", "clipped_m2": 7.5103463958512293, "clipped_ha": 0.00075103463958512296, "wspd": "30" }, "geometry": { "type": "Polygon", "coordinates": [ [ [ 2.4051232, 39.5900759 ], [ 2.4051231, 39.5900749 ], [ 2.4051231, 39.5900744 ], [ 2.4051231, 39.5900741 ], [ 2.4051231, 39.590074 ], [ 2.4051232, 39.5900738 ], [ 2.4051232, 39.5900737 ], [ 2.4051232, 39.5900736 ], [ 2.4051233, 39.5900736 ], [ 2.4051233, 39.5900735 ], [ 2.4051234, 39.5900735 ], [ 2.4051235, 39.5900735 ], [ 2.4051235, 39.5900736 ], [ 2.4051236, 39.5900736 ], [ 2.4051237, 39.5900737 ], [ 2.4051238, 39.5900738 ], [ 2.4051239, 39.590074 ], [ 2.4051241, 39.5900742 ], [ 2.4051243, 39.5900747 ], [ 2.4051248, 39.5900757 ], [ 2.405126, 39.5900785 ], [ 2.4051312, 39.5900929 ], [ 2.4052175, 39.5904035 ], [ 2.4051268, 39.5900937 ], [ 2.4051237, 39.5900789 ], [ 2.4051232, 39.5900759 ] ] ] } },
{ "type": "Feature", "properties": { "PlotID": "MANFV05", "windspeed": 30.0, "time": "15", "clipped_m2": 182.86103328864556, "clipped_ha": 0.018286103328864555, "wspd": "30" }, "geometry": { "type": "Polygon", "coordinates": [ [ [ 2.4085056, 39.590787 ], [ 2.4085052, 39.590782 ], [ 2.4085051, 39.5907797 ], [ 2.4085051, 39.5907784 ], [ 2.4085052, 39.5907776 ], [ 2.4085053, 39.5907771 ], [ 2.4085053, 39.5907767 ], [ 2.4085054, 39.5907765 ], [ 2.4085055, 39.5907763 ], [ 2.4085055, 39.5907761 ], [ 2.4085056, 39.590776 ], [ 2.4085056, 39.5907759 ], [ 2.4085057, 39.5907758 ], [ 2.4085058, 39.590775699999988 ], [ 2.4085058, 39.5907756 ], [ 2.4085059, 39.5907756 ], [ 2.4085059, 39.5907755 ], [ 2.408506, 39.5907755 ], [ 2.4085061, 39.5907755 ], [ 2.4085061, 39.5907754 ], [ 2.4085062, 39.5907754 ], [ 2.4085063, 39.5907754 ], [ 2.4085064, 39.5907754 ], [ 2.4085065, 39.5907754 ], [ 2.4085066, 39.5907754 ], [ 2.4085067, 39.5907755 ], [ 2.4085068, 39.5907755 ], [ 2.4085069, 39.5907756 ], [ 2.408507, 39.5907756 ], [ 2.408507, 39.590775699999988 ], [ 2.4085071, 39.5907757 ], [ 2.4085072, 39.5907758 ], [ 2.4085074, 39.5907759 ], [ 2.4085075, 39.5907761 ], [ 2.4085077, 39.5907763 ], [ 2.408508, 39.5907766 ], [ 2.4085083, 39.5907771 ], [ 2.4085088, 39.5907777 ], [ 2.4085096, 39.5907789 ], [ 2.4085108, 39.5907811 ], [ 2.4085131, 39.5907857 ], [ 2.4085188, 39.5907991 ], [ 2.4085436, 39.5908684 ], [ 2.4089801, 39.5924579 ], [ 2.4085222, 39.590872 ], [ 2.4085076, 39.590801 ], [ 2.4085056, 39.590787 ] ] ] } },
{ "type": "Feature", "properties": { "PlotID": "MANFV06", "windspeed": 30.0, "time": "15", "clipped_m2": 1131.4953521899879, "clipped_ha": 0.11314953521899879, "wspd": "30" }, "geometry": { "type": "Polygon", "coordinates": [ [ [ 2.4154945, 39.5837923 ], [ 2.4154633, 39.5837269 ], [ 2.4154443, 39.5836682 ], [ 2.4154341, 39.583619 ], [ 2.4154297, 39.583579 ], [ 2.4154289, 39.5835468 ], [ 2.4154303, 39.5835211 ], [ 2.4154329, 39.5835003 ], [ 2.4154363, 39.5834834 ], [ 2.4154401, 39.5834696 ], [ 2.415444, 39.5834582 ], [ 2.4154479, 39.5834487 ], [ 2.4154518, 39.5834406 ], [ 2.4154557, 39.5834338 ], [ 2.4154594, 39.583428 ], [ 2.4154629, 39.583423 ], [ 2.4154664, 39.5834187 ], [ 2.4154697, 39.5834149 ], [ 2.415473, 39.5834116 ], [ 2.4154761, 39.5834087 ], [ 2.4154792, 39.5834061 ], [ 2.4154821, 39.5834039 ], [ 2.415485, 39.5834018 ], [ 2.4154878, 39.5834 ], [ 2.4154906, 39.5833984 ], [ 2.4154933, 39.583397 ], [ 2.415496, 39.5833957 ], [ 2.4154986, 39.5833946 ], [ 2.4155012, 39.5833936 ], [ 2.4155039, 39.5833927 ], [ 2.4155065, 39.5833919 ], [ 2.4155091, 39.5833912 ], [ 2.4155117, 39.5833907 ], [ 2.4155143, 39.5833902 ], [ 2.4155169, 39.5833898 ], [ 2.4155196, 39.5833895 ], [ 2.4155224, 39.5833893 ], [ 2.4155251, 39.5833892 ], [ 2.415528, 39.5833892 ], [ 2.4155309, 39.5833893 ], [ 2.4155339, 39.5833895 ], [ 2.415537, 39.5833898 ], [ 2.4155403, 39.5833903 ], [ 2.4155436, 39.5833909 ], [ 2.4155472, 39.5833917 ], [ 2.4155508, 39.5833926 ], [ 2.4155547, 39.5833938 ], [ 2.4155589, 39.5833952 ], [ 2.4155633, 39.5833968 ], [ 2.4155679, 39.5833988 ], [ 2.415573, 39.5834013 ], [ 2.4155784, 39.5834041 ], [ 2.4155843, 39.5834076 ], [ 2.4155907, 39.5834117 ], [ 2.4155978, 39.5834168 ], [ 2.4156055, 39.5834229 ], [ 2.4156141, 39.5834304 ], [ 2.4156237, 39.5834396 ], [ 2.4156344, 39.583451 ], [ 2.4156463, 39.5834654 ], [ 2.4156596, 39.5834835 ], [ 2.4156743, 39.5835067 ], [ 2.4156904, 39.5835363 ], [ 2.4157073, 39.583574299999988 ], [ 2.4157237, 39.5836225 ], [ 2.415737, 39.5836821 ], [ 2.4157427, 39.5837517 ], [ 2.4157343, 39.583824 ], [ 2.4157058, 39.5838841 ], [ 2.4156572, 39.5839134 ], [ 2.4155975, 39.5839018 ], [ 2.41554, 39.5838557 ], [ 2.4154945, 39.5837923 ] ] ] } },
{ "type": "Feature", "properties": { "PlotID": "MANFV07", "windspeed": 30.0, "time": "15", "clipped_m2": 3106.5971320173703, "clipped_ha": 0.31065971320173702, "wspd": "30" }, "geometry": { "type": "Polygon", "coordinates": [ [ [ 2.4087654, 39.5831042 ], [ 2.408762, 39.5830672 ], [ 2.4087614, 39.5830497 ], [ 2.4087616, 39.58304 ], [ 2.4087621, 39.5830341 ], [ 2.4087626, 39.5830302 ], [ 2.4087632, 39.5830275 ], [ 2.4087637, 39.5830256 ], [ 2.4087641, 39.5830241 ], [ 2.4087645, 39.583023 ], [ 2.4087649, 39.5830221 ], [ 2.4087653, 39.5830214 ], [ 2.4087656, 39.5830209 ], [ 2.4087659, 39.5830204 ], [ 2.4087662, 39.58302 ], [ 2.4087665, 39.5830197 ], [ 2.4087667, 39.5830194 ], [ 2.4087669, 39.5830191 ], [ 2.4087671, 39.5830189 ], [ 2.4087674, 39.5830187 ], [ 2.4087676, 39.5830186 ], [ 2.4087678, 39.5830184 ], [ 2.4087679, 39.5830183 ], [ 2.4087681, 39.5830182 ], [ 2.4087683, 39.5830181 ], [ 2.4087685, 39.583018 ], [ 2.4087686, 39.5830179 ], [ 2.4087688, 39.5830178 ], [ 2.408769, 39.5830178 ], [ 2.4087691, 39.5830177 ], [ 2.4087693, 39.5830177 ], [ 2.4087694, 39.5830176 ], [ 2.4087696, 39.5830176 ], [ 2.4087698, 39.5830176 ], [ 2.4087699, 39.5830175 ], [ 2.4087701, 39.5830175 ], [ 2.4087703, 39.5830175 ], [ 2.4087704, 39.5830175 ], [ 2.4087706, 39.5830175 ], [ 2.4087708, 39.5830175 ], [ 2.408771, 39.5830175 ], [ 2.4087712, 39.5830175 ], [ 2.4087714, 39.5830176 ], [ 2.4087716, 39.5830176 ], [ 2.4087718, 39.5830176 ], [ 2.4087721, 39.5830177 ], [ 2.4087723, 39.5830177 ], [ 2.4087726, 39.5830178 ], [ 2.4087729, 39.5830179 ], [ 2.4087732, 39.583018 ], [ 2.4087735, 39.5830182 ], [ 2.4087739, 39.5830184 ], [ 2.4087743, 39.5830186 ], [ 2.4087748, 39.5830189 ], [ 2.4087753, 39.5830192 ], [ 2.408776, 39.5830196 ], [ 2.4087767, 39.5830201 ], [ 2.4087775, 39.5830208 ], [ 2.4087785, 39.5830217 ], [ 2.4087797, 39.5830228 ], [ 2.4087812, 39.5830244 ], [ 2.4087831, 39.5830267 ], [ 2.4087857, 39.58303 ], [ 2.4087894, 39.5830352 ], [ 2.4087949, 39.5830439 ], [ 2.4088039, 39.58306 ], [ 2.408821, 39.5830946 ], [ 2.4088624, 39.5831913 ], [ 2.4090253, 39.5836454 ], [ 2.4099401, 39.5871043 ], [ 2.4088809, 39.5836701 ], [ 2.4087807, 39.5832053 ], [ 2.4087654, 39.5831042 ] ] ] } },
{ "type": "Feature", "properties": { "PlotID": "MANFV08", "windspeed": 30.0, "time": "15", "clipped_m2": 195.2706278632977, "clipped_ha": 0.01952706278632977, "wspd": "30" }, "geometry": { "type": "Polygon", "coordinates": [ [ [ 2.4202133, 39.6017174 ], [ 2.4201989, 39.6016967 ], [ 2.4201889, 39.6016759 ], [ 2.4202014, 39.6016128 ], [ 2.4201929, 39.6016151 ], [ 2.4201829, 39.6016179 ], [ 2.420177, 39.6016137 ], [ 2.4201777, 39.6016036 ], [ 2.4201789, 39.6015951 ], [ 2.4201804, 39.6015879 ], [ 2.4201822, 39.6015818 ], [ 2.4201841, 39.6015766 ], [ 2.420186, 39.6015722 ], [ 2.420188, 39.6015684 ], [ 2.4201899, 39.6015652 ], [ 2.4201919, 39.6015623 ], [ 2.4201938, 39.6015598 ], [ 2.4201956, 39.6015576 ], [ 2.4201975, 39.6015557 ], [ 2.4201992, 39.601554 ], [ 2.420201, 39.6015525 ], [ 2.4202027, 39.6015512 ], [ 2.4202043, 39.60155 ], [ 2.420206, 39.6015489 ], [ 2.4202076, 39.601548 ], [ 2.4202092, 39.6015471 ], [ 2.4202107, 39.6015464 ], [ 2.4202123, 39.6015457 ], [ 2.4202138, 39.6015451 ], [ 2.4202154, 39.6015446 ], [ 2.4202169, 39.6015441 ], [ 2.4202184, 39.6015437 ], [ 2.42022, 39.6015434 ], [ 2.4202215, 39.6015431 ], [ 2.4202231, 39.6015429 ], [ 2.4202247, 39.6015427 ], [ 2.4202263, 39.6015426 ], [ 2.420228, 39.6015426 ], [ 2.4202296, 39.6015426 ], [ 2.4202314, 39.6015427 ], [ 2.4202331, 39.6015428 ], [ 2.420235, 39.601543 ], [ 2.4202368, 39.6015433 ], [ 2.4202388, 39.6015437 ], [ 2.4202409, 39.6015441 ], [ 2.420243, 39.6015447 ], [ 2.4202452, 39.6015454 ], [ 2.4202476, 39.6015463 ], [ 2.4202501, 39.6015473 ], [ 2.4202528, 39.6015485 ], [ 2.4202556, 39.6015499 ], [ 2.4202586, 39.6015516 ], [ 2.4202618, 39.6015536 ], [ 2.4202653, 39.601556 ], [ 2.4202691, 39.6015589 ], [ 2.4202731, 39.6015624 ], [ 2.4202775, 39.6015665 ], [ 2.4202823, 39.6015715 ], [ 2.4202874, 39.6015777 ], [ 2.4202929, 39.6015851 ], [ 2.4202986, 39.6015942 ], [ 2.4202878, 39.6015952 ], [ 2.4202797, 39.6015966 ], [ 2.4202725, 39.601598 ], [ 2.4203197, 39.601655 ], [ 2.4203212, 39.6016771 ], [ 2.4203186, 39.6017005 ], [ 2.4203106, 39.6017228 ], [ 2.4202963, 39.6017402 ], [ 2.4202767, 39.6017489 ], [ 2.4202541, 39.6017469 ], [ 2.4202321, 39.6017354 ], [ 2.4202133, 39.6017174 ] ] ] } },
{ "type": "Feature", "properties": { "PlotID": "MANFV09", "windspeed": 30.0, "time": "15", "clipped_m2": 8.6749942148162518, "clipped_ha": 0.00086749942148162519, "wspd": "30" }, "geometry": { "type": "Polygon", "coordinates": [ [ [ 2.4128616, 39.600441 ], [ 2.4128615, 39.60044 ], [ 2.4128615, 39.6004396 ], [ 2.4128615, 39.6004393 ], [ 2.4128615, 39.6004391 ], [ 2.4128616, 39.600439 ], [ 2.4128616, 39.6004389 ], [ 2.4128616, 39.6004388 ], [ 2.4128617, 39.6004388 ], [ 2.4128617, 39.6004387 ], [ 2.4128618, 39.6004387 ], [ 2.4128619, 39.6004387 ], [ 2.4128619, 39.6004388 ], [ 2.412862, 39.6004388 ], [ 2.412862, 39.6004389 ], [ 2.4128621, 39.6004389 ], [ 2.4128622, 39.600439 ], [ 2.4128623, 39.6004392 ], [ 2.4128624, 39.6004394 ], [ 2.4128626, 39.6004398 ], [ 2.4128631, 39.6004408 ], [ 2.4128642, 39.6004434 ], [ 2.4128691, 39.6004574 ], [ 2.4129706, 39.6008381 ], [ 2.4128648, 39.6004581 ], [ 2.412862, 39.6004438 ], [ 2.4128616, 39.600441 ] ] ] } },
{ "type": "Feature", "properties": { "PlotID": "MANFV10", "windspeed": 30.0, "time": "15", "clipped_m2": 5.4670980049413629, "clipped_ha": 0.0005467098004941363, "wspd": "30" }, "geometry": { "type": "Polygon", "coordinates": [ [ [ 2.4128591, 39.595223399999988 ], [ 2.412859, 39.5952227 ], [ 2.412859, 39.5952223 ], [ 2.412859, 39.5952221 ], [ 2.4128591, 39.595222 ], [ 2.4128591, 39.5952219 ], [ 2.4128591, 39.5952218 ], [ 2.4128592, 39.5952217 ], [ 2.4128593, 39.5952217 ], [ 2.4128593, 39.5952218 ], [ 2.4128594, 39.5952218 ], [ 2.4128595, 39.5952219 ], [ 2.4128595, 39.595222 ], [ 2.4128596, 39.5952221 ], [ 2.4128597, 39.5952222 ], [ 2.4128598, 39.5952225 ], [ 2.4128602, 39.5952232 ], [ 2.4128609, 39.5952251 ], [ 2.4128644, 39.5952352 ], [ 2.4129519, 39.5955727 ], [ 2.4128613, 39.5952357 ], [ 2.4128593, 39.5952254 ], [ 2.4128591, 39.595223399999988 ] ] ] } },
{ "type": "Feature", "properties": { "PlotID": "MANFV11", "windspeed": 30.0, "time": "15", "clipped_m2": 117.08466595620848, "clipped_ha": 0.011708466595620848, "wspd": "30" }, "geometry": { "type": "Polygon", "coordinates": [ [ [ 2.407342, 39.5978905 ], [ 2.4073392, 39.5978608 ], [ 2.4073388, 39.5978436 ], [ 2.4073393, 39.5978329 ], [ 2.40734, 39.597826 ], [ 2.4073409, 39.5978212 ], [ 2.4073416, 39.5978178 ], [ 2.4073424, 39.5978153 ], [ 2.407343, 39.5978134 ], [ 2.4073437, 39.597812 ], [ 2.4073442, 39.5978108 ], [ 2.4073447, 39.5978099 ], [ 2.4073452, 39.5978091 ], [ 2.4073457, 39.5978085 ], [ 2.4073461, 39.5978079 ], [ 2.4073465, 39.5978075 ], [ 2.4073468, 39.5978071 ], [ 2.4073471, 39.5978068 ], [ 2.4073475, 39.5978065 ], [ 2.4073478, 39.5978062 ], [ 2.4073481, 39.597806 ], [ 2.4073483, 39.597805799999989 ], [ 2.4073486, 39.5978057 ], [ 2.4073489, 39.5978055 ], [ 2.4073491, 39.5978054 ], [ 2.4073494, 39.5978053 ], [ 2.4073496, 39.5978052 ], [ 2.4073498, 39.5978051 ], [ 2.4073501, 39.597805 ], [ 2.4073503, 39.5978049 ], [ 2.4073505, 39.5978049 ], [ 2.4073508, 39.5978048 ], [ 2.407351, 39.5978048 ], [ 2.4073512, 39.5978048 ], [ 2.4073514, 39.5978047 ], [ 2.4073517, 39.5978047 ], [ 2.4073519, 39.5978047 ], [ 2.4073521, 39.5978047 ], [ 2.4073524, 39.5978047 ], [ 2.4073526, 39.5978047 ], [ 2.4073529, 39.5978047 ], [ 2.4073532, 39.5978048 ], [ 2.4073535, 39.5978048 ], [ 2.4073538, 39.5978049 ], [ 2.4073541, 39.5978049 ], [ 2.4073544, 39.597805 ], [ 2.4073547, 39.5978051 ], [ 2.4073551, 39.5978053 ], [ 2.4073555, 39.5978054 ], [ 2.4073559, 39.5978056 ], [ 2.4073564, 39.597805799999989 ], [ 2.4073569, 39.5978061 ], [ 2.4073574, 39.5978064 ], [ 2.407358, 39.5978068 ], [ 2.4073587, 39.5978073 ], [ 2.4073595, 39.5978079 ], [ 2.4073604, 39.5978086 ], [ 2.4073615, 39.5978096 ], [ 2.4073627, 39.5978108 ], [ 2.4073641, 39.5978124 ], [ 2.4073659, 39.5978145 ], [ 2.4073681, 39.5978175 ], [ 2.407371, 39.5978218 ], [ 2.4073747, 39.5978281 ], [ 2.4073798, 39.597838 ], [ 2.407387, 39.5978544 ], [ 2.4073974, 39.597883 ], [ 2.4074114, 39.5979347 ], [ 2.4074236, 39.5980162 ], [ 2.4074116, 39.5980731 ], [ 2.4073755, 39.5980227 ], [ 2.4073513, 39.5979428 ], [ 2.407342, 39.5978905 ] ] ] } },
{ "type": "Feature", "properties": { "PlotID": "MANFV12", "windspeed": 30.0, "time": "15", "clipped_m2": 25.012612440623343, "clipped_ha": 0.0025012612440623344, "wspd": "30" }, "geometry": { "type": "Polygon", "coordinates": [ [ [ 2.4019614, 39.587688 ], [ 2.401959, 39.5876735 ], [ 2.4019582, 39.5876643 ], [ 2.4019582, 39.5876584 ], [ 2.4019584, 39.5876543 ], [ 2.4019587, 39.5876515 ], [ 2.4019591, 39.5876495 ], [ 2.4019594, 39.5876479 ], [ 2.4019598, 39.5876468 ], [ 2.4019601, 39.5876459 ], [ 2.4019604, 39.5876451 ], [ 2.4019607, 39.5876446 ], [ 2.401961, 39.5876441 ], [ 2.4019613, 39.5876437 ], [ 2.4019615, 39.5876433 ], [ 2.4019617, 39.5876431 ], [ 2.401962, 39.5876428 ], [ 2.4019622, 39.5876426 ], [ 2.4019623, 39.5876424 ], [ 2.4019625, 39.5876423 ], [ 2.4019627, 39.5876421 ], [ 2.4019629, 39.587642 ], [ 2.401963, 39.5876419 ], [ 2.4019632, 39.5876418 ], [ 2.4019634, 39.5876417 ], [ 2.4019635, 39.5876416 ], [ 2.4019637, 39.5876416 ], [ 2.4019638, 39.587641499999989 ], [ 2.4019639, 39.5876414 ], [ 2.4019641, 39.5876414 ], [ 2.4019642, 39.5876414 ], [ 2.4019644, 39.5876413 ], [ 2.4019645, 39.5876413 ], [ 2.4019647, 39.5876413 ], [ 2.4019648, 39.5876413 ], [ 2.401965, 39.5876412 ], [ 2.4019651, 39.5876412 ], [ 2.4019653, 39.5876412 ], [ 2.4019654, 39.5876412 ], [ 2.4019656, 39.5876412 ], [ 2.4019657, 39.5876412 ], [ 2.4019659, 39.5876413 ], [ 2.4019661, 39.5876413 ], [ 2.4019663, 39.5876413 ], [ 2.4019665, 39.5876414 ], [ 2.4019667, 39.5876414 ], [ 2.4019669, 39.5876415 ], [ 2.4019671, 39.587641499999989 ], [ 2.4019674, 39.5876416 ], [ 2.4019676, 39.5876417 ], [ 2.4019679, 39.5876419 ], [ 2.4019682, 39.587642 ], [ 2.4019686, 39.5876422 ], [ 2.401969, 39.5876425 ], [ 2.4019694, 39.5876428 ], [ 2.4019699, 39.5876431 ], [ 2.4019705, 39.5876436 ], [ 2.4019711, 39.5876441 ], [ 2.4019719, 39.5876449 ], [ 2.4019728, 39.5876458 ], [ 2.4019739, 39.5876471 ], [ 2.4019753, 39.5876489 ], [ 2.401977, 39.5876514 ], [ 2.4019793, 39.587655 ], [ 2.4019822, 39.5876606 ], [ 2.4019861, 39.5876692 ], [ 2.4019912, 39.5876833 ], [ 2.401997, 39.5877054 ], [ 2.4020001, 39.5877341 ], [ 2.4019935, 39.5877511 ], [ 2.401979, 39.5877374 ], [ 2.4019673, 39.5877101 ], [ 2.4019614, 39.587688 ] ] ] } },
{ "type": "Feature", "properties": { "PlotID": "MANFV13", "windspeed": 30.0, "time": "15", "clipped_m2": 966.37663038168103, "clipped_ha": 0.096637663038168106, "wspd": "30" }, "geometry": { "type": "Polygon", "coordinates": [ [ [ 2.4037959, 39.5906818 ], [ 2.4037794, 39.5905918 ], [ 2.4037735, 39.5905335 ], [ 2.4037724, 39.5904951 ], [ 2.4037734, 39.590469 ], [ 2.4037754, 39.5904506 ], [ 2.4037776, 39.5904371 ], [ 2.4037799, 39.5904271 ], [ 2.4037822, 39.5904194 ], [ 2.4037843, 39.5904134 ], [ 2.4037864, 39.5904086 ], [ 2.4037883, 39.5904047 ], [ 2.40379, 39.5904015 ], [ 2.4037917, 39.5903989 ], [ 2.4037933, 39.5903966 ], [ 2.4037948, 39.5903947 ], [ 2.4037962, 39.5903931 ], [ 2.4037975, 39.5903917 ], [ 2.4037988, 39.5903905 ], [ 2.4038, 39.5903894 ], [ 2.4038011, 39.5903885 ], [ 2.4038022, 39.5903876 ], [ 2.4038033, 39.5903869 ], [ 2.4038044, 39.5903863 ], [ 2.4038054, 39.5903857 ], [ 2.4038064, 39.5903852 ], [ 2.4038074, 39.5903847 ], [ 2.4038083, 39.5903843 ], [ 2.4038093, 39.590384 ], [ 2.4038102, 39.5903836 ], [ 2.4038112, 39.5903834 ], [ 2.4038121, 39.5903831 ], [ 2.4038131, 39.5903829 ], [ 2.403814, 39.5903828 ], [ 2.403815, 39.5903826 ], [ 2.403816, 39.5903825 ], [ 2.4038169, 39.5903824 ], [ 2.4038179, 39.590382399999989 ], [ 2.403819, 39.5903824 ], [ 2.40382, 39.5903824 ], [ 2.4038211, 39.5903825 ], [ 2.4038223, 39.5903826 ], [ 2.4038235, 39.5903828 ], [ 2.4038247, 39.590383 ], [ 2.403826, 39.5903832 ], [ 2.4038274, 39.5903836 ], [ 2.4038288, 39.590384 ], [ 2.4038304, 39.5903844 ], [ 2.403832, 39.590385 ], [ 2.4038338, 39.5903858 ], [ 2.4038358, 39.5903866 ], [ 2.4038379, 39.5903877 ], [ 2.4038402, 39.590389 ], [ 2.4038428, 39.5903905 ], [ 2.4038458, 39.5903924 ], [ 2.403849, 39.5903948 ], [ 2.4038528, 39.5903978 ], [ 2.4038572, 39.5904015 ], [ 2.4038623, 39.5904064 ], [ 2.4038684, 39.5904127 ], [ 2.4038757, 39.5904212 ], [ 2.4038847, 39.5904327 ], [ 2.4038961, 39.590449 ], [ 2.4039107, 39.5904726 ], [ 2.4039297, 39.5905081 ], [ 2.4039547, 39.5905632 ], [ 2.4039864, 39.5906507 ], [ 2.4040208, 39.5907848 ], [ 2.4040364, 39.590952 ], [ 2.4039952, 39.5910485 ], [ 2.4039072, 39.590973 ], [ 2.4038344, 39.5908152 ], [ 2.4037959, 39.5906818 ] ] ] } },
{ "type": "Feature", "properties": { "PlotID": "MANFV14", "windspeed": 30.0, "time": "15", "clipped_m2": 30.963107536081225, "clipped_ha": 0.0030963107536081226, "wspd": "30" }, "geometry": { "type": "Polygon", "coordinates": [ [ [ 2.4107379, 39.5948768 ], [ 2.4107364, 39.5948614 ], [ 2.4107361, 39.5948523 ], [ 2.4107363, 39.5948466 ], [ 2.4107367, 39.5948429 ], [ 2.4107371, 39.5948404 ], [ 2.4107375, 39.5948385 ], [ 2.4107379, 39.5948372 ], [ 2.4107382, 39.594836199999989 ], [ 2.4107386, 39.5948354 ], [ 2.4107389, 39.5948348 ], [ 2.4107391, 39.594834299999988 ], [ 2.4107394, 39.5948339 ], [ 2.4107396, 39.5948335 ], [ 2.4107398, 39.5948332 ], [ 2.41074, 39.594833 ], [ 2.4107402, 39.5948328 ], [ 2.4107404, 39.5948326 ], [ 2.4107406, 39.5948324 ], [ 2.4107407, 39.5948323 ], [ 2.4107409, 39.5948322 ], [ 2.410741, 39.5948321 ], [ 2.4107412, 39.594832 ], [ 2.4107413, 39.5948319 ], [ 2.4107415, 39.5948319 ], [ 2.4107416, 39.5948318 ], [ 2.4107417, 39.5948317 ], [ 2.4107419, 39.5948317 ], [ 2.410742, 39.5948316 ], [ 2.4107421, 39.5948316 ], [ 2.4107422, 39.5948316 ], [ 2.4107423, 39.5948315 ], [ 2.4107425, 39.5948315 ], [ 2.4107426, 39.5948315 ], [ 2.4107427, 39.5948315 ], [ 2.4107428, 39.5948315 ], [ 2.410743, 39.5948315 ], [ 2.4107431, 39.5948315 ], [ 2.4107432, 39.5948315 ], [ 2.4107434, 39.5948315 ], [ 2.4107435, 39.5948315 ], [ 2.4107437, 39.5948315 ], [ 2.4107438, 39.5948315 ], [ 2.410744, 39.5948316 ], [ 2.4107441, 39.5948316 ], [ 2.4107443, 39.5948316 ], [ 2.4107445, 39.5948317 ], [ 2.4107447, 39.5948318 ], [ 2.4107449, 39.5948319 ], [ 2.4107451, 39.594831899999988 ], [ 2.4107454, 39.5948321 ], [ 2.4107456, 39.5948322 ], [ 2.4107459, 39.5948324 ], [ 2.4107463, 39.5948326 ], [ 2.4107466, 39.5948328 ], [ 2.4107471, 39.594833199999989 ], [ 2.4107476, 39.5948336 ], [ 2.4107481, 39.5948341 ], [ 2.4107488, 39.5948347 ], [ 2.4107496, 39.5948356 ], [ 2.4107505, 39.5948367 ], [ 2.4107517, 39.5948383 ], [ 2.4107532, 39.5948406 ], [ 2.4107552, 39.594844 ], [ 2.410758, 39.5948492 ], [ 2.4107618, 39.5948579 ], [ 2.4107672, 39.5948728 ], [ 2.4107743, 39.5948992 ], [ 2.4107802, 39.5949396 ], [ 2.4107738, 39.594967 ], [ 2.4107556, 39.594943 ], [ 2.410743, 39.5949035 ], [ 2.4107379, 39.5948768 ] ] ] } },
{ "type": "Feature", "properties": { "PlotID": "MANFV15", "windspeed": 30.0, "time": "15", "clipped_m2": 5.4376959717046702, "clipped_ha": 0.00054376959717046698, "wspd": "30" }, "geometry": { "type": "Polygon", "coordinates": [ [ [ 2.4106311, 39.592870499999989 ], [ 2.410631, 39.5928693 ], [ 2.410631, 39.5928688 ], [ 2.4106311, 39.5928684 ], [ 2.4106311, 39.5928683 ], [ 2.4106311, 39.5928681 ], [ 2.4106311, 39.592868 ], [ 2.4106312, 39.592868 ], [ 2.4106312, 39.5928679 ], [ 2.4106312, 39.5928678 ], [ 2.4106313, 39.5928678 ], [ 2.4106313, 39.5928677 ], [ 2.4106314, 39.5928677 ], [ 2.4106315, 39.5928677 ], [ 2.4106315, 39.5928678 ], [ 2.4106316, 39.5928678 ], [ 2.4106316, 39.5928679 ], [ 2.4106317, 39.5928679 ], [ 2.4106317, 39.592868 ], [ 2.4106318, 39.592868 ], [ 2.4106319, 39.5928681 ], [ 2.410632, 39.5928683 ], [ 2.4106321, 39.5928686 ], [ 2.4106324, 39.5928691 ], [ 2.4106329, 39.5928703 ], [ 2.4106341, 39.5928735 ], [ 2.4106391, 39.5928895 ], [ 2.4106817, 39.5930819 ], [ 2.4106341, 39.5928902 ], [ 2.4106314, 39.5928739 ], [ 2.4106311, 39.592870499999989 ] ] ] } },
{ "type": "Feature", "properties": { "PlotID": "MANFV16", "windspeed": 30.0, "time": "15", "clipped_m2": 130.37404009583406, "clipped_ha": 0.013037404009583406, "wspd": "30" }, "geometry": { "type": "Polygon", "coordinates": [ [ [ 2.4055805, 39.5843639 ], [ 2.4055698, 39.5843461 ], [ 2.4055626, 39.5843288 ], [ 2.4055583, 39.5843133 ], [ 2.4055561, 39.5842999 ], [ 2.4055553, 39.584288699999988 ], [ 2.4055555, 39.5842793 ], [ 2.4055563, 39.5842716 ], [ 2.4055575, 39.5842651 ], [ 2.4055588, 39.5842597 ], [ 2.4055603, 39.5842552 ], [ 2.4055619, 39.5842514 ], [ 2.4055634, 39.5842481 ], [ 2.405565, 39.5842453 ], [ 2.4055665, 39.5842429 ], [ 2.405568, 39.5842409 ], [ 2.4055694, 39.584239 ], [ 2.4055708, 39.5842375 ], [ 2.4055722, 39.5842361 ], [ 2.4055735, 39.5842349 ], [ 2.4055748, 39.5842338 ], [ 2.4055761, 39.5842328 ], [ 2.4055773, 39.584232 ], [ 2.4055786, 39.5842312 ], [ 2.4055797, 39.5842305 ], [ 2.4055809, 39.5842299 ], [ 2.4055821, 39.5842294 ], [ 2.4055832, 39.5842289 ], [ 2.4055843, 39.5842285 ], [ 2.4055855, 39.5842281 ], [ 2.4055866, 39.5842278 ], [ 2.4055877, 39.5842275 ], [ 2.4055888, 39.5842273 ], [ 2.40559, 39.5842271 ], [ 2.4055911, 39.584227 ], [ 2.4055923, 39.5842269 ], [ 2.4055935, 39.5842268 ], [ 2.4055947, 39.5842268 ], [ 2.4055959, 39.5842268 ], [ 2.4055971, 39.5842269 ], [ 2.4055984, 39.584227 ], [ 2.4055997, 39.5842271 ], [ 2.4056011, 39.5842274 ], [ 2.4056026, 39.5842277 ], [ 2.405604, 39.584228 ], [ 2.4056056, 39.5842285 ], [ 2.4056072, 39.584229 ], [ 2.405609, 39.5842296 ], [ 2.4056108, 39.5842304 ], [ 2.4056127, 39.5842313 ], [ 2.4056148, 39.5842323 ], [ 2.405617, 39.5842336 ], [ 2.4056194, 39.5842351 ], [ 2.4056219, 39.5842369 ], [ 2.4056247, 39.584239 ], [ 2.4056277, 39.5842416 ], [ 2.4056309, 39.5842447 ], [ 2.4056345, 39.5842485 ], [ 2.4056383, 39.5842531 ], [ 2.4056425, 39.5842588 ], [ 2.4056469, 39.5842658 ], [ 2.4056515, 39.5842745 ], [ 2.4056562, 39.5842851 ], [ 2.4056605, 39.5842982 ], [ 2.405664, 39.5843138 ], [ 2.4056655, 39.5843319 ], [ 2.405664, 39.5843515 ], [ 2.405658, 39.5843705 ], [ 2.4056467, 39.5843853 ], [ 2.4056309, 39.5843925 ], [ 2.4056127, 39.5843903 ], [ 2.4055952, 39.5843798 ], [ 2.4055805, 39.5843639 ] ] ] } },
{ "type": "Feature", "properties": { "PlotID": "MANFV17", "windspeed": 30.0, "time": "15", "clipped_m2": 37.127089597284794, "clipped_ha": 0.0037127089597284793, "wspd": "30" }, "geometry": { "type": "Polygon", "coordinates": [ [ [ 2.4030938, 39.6011194 ], [ 2.4030927, 39.6011082 ], [ 2.4030924, 39.6011025 ], [ 2.4030925, 39.6010992 ], [ 2.4030927, 39.6010971 ], [ 2.4030929, 39.6010958 ], [ 2.4030931, 39.6010948 ], [ 2.4030932, 39.6010941 ], [ 2.4030934, 39.6010936 ], [ 2.4030936, 39.6010932 ], [ 2.4030937, 39.6010929 ], [ 2.4030938, 39.6010927 ], [ 2.403094, 39.6010924 ], [ 2.4030941, 39.6010923 ], [ 2.4030942, 39.6010921 ], [ 2.4030943, 39.601092 ], [ 2.4030943, 39.6010919 ], [ 2.4030944, 39.6010918 ], [ 2.4030945, 39.6010917 ], [ 2.4030946, 39.6010917 ], [ 2.4030947, 39.6010916 ], [ 2.4030948, 39.6010915 ], [ 2.4030949, 39.6010915 ], [ 2.4030949, 39.6010914 ], [ 2.403095, 39.6010914 ], [ 2.4030951, 39.6010914 ], [ 2.4030952, 39.6010913 ], [ 2.4030953, 39.6010913 ], [ 2.4030954, 39.6010913 ], [ 2.4030955, 39.6010913 ], [ 2.4030956, 39.6010912 ], [ 2.4030957, 39.6010912 ], [ 2.4030958, 39.6010912 ], [ 2.4030959, 39.6010912 ], [ 2.403096, 39.6010912 ], [ 2.4030961, 39.6010913 ], [ 2.4030962, 39.6010913 ], [ 2.4030963, 39.6010913 ], [ 2.4030964, 39.6010913 ], [ 2.4030965, 39.6010914 ], [ 2.4030966, 39.6010914 ], [ 2.4030967, 39.6010914 ], [ 2.4030968, 39.6010915 ], [ 2.403097, 39.6010916 ], [ 2.4030971, 39.6010916 ], [ 2.4030973, 39.6010917 ], [ 2.4030975, 39.6010919 ], [ 2.4030977, 39.601092 ], [ 2.403098, 39.601092199999989 ], [ 2.4030983, 39.6010924 ], [ 2.4030986, 39.6010928 ], [ 2.403099, 39.6010932 ], [ 2.4030996, 39.6010938 ], [ 2.4031002, 39.6010946 ], [ 2.4031011, 39.6010958 ], [ 2.4031024, 39.6010976 ], [ 2.4031041, 39.6011005 ], [ 2.403107, 39.6011058 ], [ 2.4031119, 39.6011164 ], [ 2.4031215, 39.6011412 ], [ 2.4031417, 39.6012079 ], [ 2.4031529, 39.6012993 ], [ 2.4031149, 39.6012124 ], [ 2.4030981, 39.6011451 ], [ 2.4030938, 39.6011194 ] ] ] } },
{ "type": "Feature", "properties": { "PlotID": "MANFV18", "windspeed": 30.0, "time": "15", "clipped_m2": 3.1444866127858404, "clipped_ha": 0.00031444866127858402, "wspd": "30" }, "geometry": { "type": "Polygon", "coordinates": [ [ [ 2.402759, 39.5995382 ], [ 2.4027588, 39.5995353 ], [ 2.4027588, 39.5995339 ], [ 2.4027588, 39.5995331 ], [ 2.4027589, 39.5995326 ], [ 2.4027589, 39.5995322 ], [ 2.402759, 39.599532 ], [ 2.402759, 39.5995318 ], [ 2.4027591, 39.5995317 ], [ 2.4027591, 39.5995316 ], [ 2.4027591, 39.5995315 ], [ 2.4027592, 39.5995315 ], [ 2.4027592, 39.5995314 ], [ 2.4027593, 39.5995313 ], [ 2.4027593, 39.5995312 ], [ 2.4027594, 39.5995312 ], [ 2.4027595, 39.5995312 ], [ 2.4027595, 39.5995311 ], [ 2.4027596, 39.5995311 ], [ 2.4027597, 39.5995311 ], [ 2.4027597, 39.5995312 ], [ 2.4027598, 39.5995312 ], [ 2.4027599, 39.5995312 ], [ 2.40276, 39.5995312 ], [ 2.40276, 39.5995313 ], [ 2.4027601, 39.5995313 ], [ 2.4027602, 39.5995314 ], [ 2.4027603, 39.5995315 ], [ 2.4027604, 39.5995316 ], [ 2.4027606, 39.5995318 ], [ 2.4027607, 39.599532 ], [ 2.4027609, 39.5995323 ], [ 2.4027612, 39.5995327 ], [ 2.4027617, 39.5995334 ], [ 2.4027624, 39.5995348 ], [ 2.4027636, 39.5995375 ], [ 2.4027661, 39.5995441 ], [ 2.402772, 39.5995641 ], [ 2.4027767, 39.5995975 ], [ 2.4027645, 39.5995652 ], [ 2.40276, 39.5995451 ], [ 2.402759, 39.5995382 ] ] ] } },
{ "type": "Feature", "properties": { "PlotID": "MANFV19", "windspeed": 30.0, "time": "15", "clipped_m2": 5.5437426007993054, "clipped_ha": 0.00055437426007993052, "wspd": "30" }, "geometry": { "type": "Polygon", "coordinates": [ [ [ 2.402659, 39.6002413 ], [ 2.4026566, 39.6002382 ], [ 2.4026549, 39.600235 ], [ 2.4026538, 39.600232 ], [ 2.4026531, 39.600229299999988 ], [ 2.4026528, 39.600227 ], [ 2.4026527, 39.600225 ], [ 2.4026527, 39.6002234 ], [ 2.4026529, 39.600222 ], [ 2.4026531, 39.6002208 ], [ 2.4026534, 39.6002198 ], [ 2.4026537, 39.6002189 ], [ 2.402654, 39.6002182 ], [ 2.4026543, 39.6002175 ], [ 2.4026546, 39.600217 ], [ 2.4026549, 39.600216499999988 ], [ 2.4026552, 39.6002161 ], [ 2.4026556, 39.6002157 ], [ 2.4026559, 39.6002154 ], [ 2.4026561, 39.6002151 ], [ 2.4026564, 39.6002148 ], [ 2.4026567, 39.6002146 ], [ 2.402657, 39.6002144 ], [ 2.4026573, 39.6002142 ], [ 2.4026575, 39.6002141 ], [ 2.4026578, 39.6002139 ], [ 2.4026581, 39.6002138 ], [ 2.4026583, 39.6002137 ], [ 2.4026586, 39.600213599999989 ], [ 2.4026588, 39.6002135 ], [ 2.4026591, 39.6002134 ], [ 2.4026594, 39.6002133 ], [ 2.4026596, 39.6002133 ], [ 2.4026599, 39.6002132 ], [ 2.4026601, 39.6002132 ], [ 2.4026604, 39.6002131 ], [ 2.4026607, 39.6002131 ], [ 2.402661, 39.6002131 ], [ 2.4026612, 39.6002131 ], [ 2.4026615, 39.6002131 ], [ 2.4026618, 39.6002131 ], [ 2.4026621, 39.6002132 ], [ 2.4026625, 39.6002132 ], [ 2.4026628, 39.6002133 ], [ 2.4026631, 39.6002134 ], [ 2.4026635, 39.6002135 ], [ 2.4026639, 39.600213599999989 ], [ 2.4026643, 39.6002137 ], [ 2.4026647, 39.6002139 ], [ 2.4026652, 39.6002141 ], [ 2.4026656, 39.6002143 ], [ 2.4026661, 39.6002146 ], [ 2.4026667, 39.6002149 ], [ 2.4026673, 39.6002153 ], [ 2.4026679, 39.6002158 ], [ 2.4026686, 39.6002164 ], [ 2.4026693, 39.6002171 ], [ 2.4026701, 39.6002179 ], [ 2.4026709, 39.6002189 ], [ 2.4026718, 39.6002201 ], [ 2.4026728, 39.6002216 ], [ 2.4026738, 39.6002235 ], [ 2.4026747, 39.6002257 ], [ 2.4026755, 39.6002283 ], [ 2.4026761, 39.6002314 ], [ 2.4026763, 39.6002348 ], [ 2.4026758, 39.6002385 ], [ 2.4026745, 39.6002419 ], [ 2.4026722, 39.6002446 ], [ 2.4026691, 39.6002459 ], [ 2.4026655, 39.6002457 ], [ 2.402662, 39.600244 ], [ 2.402659, 39.6002413 ] ] ] } },
{ "type": "Feature", "properties": { "PlotID": "MANFV20", "windspeed": 30.0, "time": "15", "clipped_m2": 275.41777563653886, "clipped_ha": 0.027541777563653887, "wspd": "30" }, "geometry": { "type": "Polygon", "coordinates": [ [ [ 2.4148361, 39.5912272 ], [ 2.4148349, 39.5912133 ], [ 2.4148347, 39.5912067 ], [ 2.4148348, 39.5912031 ], [ 2.414835, 39.5912008 ], [ 2.4148352, 39.5911993 ], [ 2.4148354, 39.5911983 ], [ 2.4148356, 39.5911976 ], [ 2.4148357, 39.591197 ], [ 2.4148359, 39.5911966 ], [ 2.4148361, 39.5911963 ], [ 2.4148362, 39.591196 ], [ 2.4148363, 39.5911958 ], [ 2.4148364, 39.5911956 ], [ 2.4148365, 39.5911955 ], [ 2.4148366, 39.5911953 ], [ 2.4148367, 39.5911952 ], [ 2.4148368, 39.5911951 ], [ 2.4148369, 39.591195 ], [ 2.414837, 39.591195 ], [ 2.4148371, 39.5911949 ], [ 2.4148372, 39.5911948 ], [ 2.4148373, 39.5911948 ], [ 2.4148373, 39.5911947 ], [ 2.4148374, 39.5911947 ], [ 2.4148375, 39.5911947 ], [ 2.4148375, 39.5911946 ], [ 2.4148376, 39.5911946 ], [ 2.4148377, 39.5911946 ], [ 2.4148378, 39.5911946 ], [ 2.4148379, 39.5911945 ], [ 2.414838, 39.5911945 ], [ 2.4148381, 39.5911945 ], [ 2.4148382, 39.5911945 ], [ 2.4148383, 39.5911945 ], [ 2.4148384, 39.5911945 ], [ 2.4148385, 39.5911945 ], [ 2.4148386, 39.5911945 ], [ 2.4148387, 39.5911946 ], [ 2.4148388, 39.5911946 ], [ 2.4148389, 39.5911946 ], [ 2.414839, 39.5911946 ], [ 2.4148391, 39.5911947 ], [ 2.4148392, 39.591194699999988 ], [ 2.4148393, 39.5911948 ], [ 2.4148395, 39.5911949 ], [ 2.4148396, 39.5911949 ], [ 2.4148398, 39.591195 ], [ 2.41484, 39.5911952 ], [ 2.4148403, 39.5911953 ], [ 2.4148405, 39.5911955 ], [ 2.4148408, 39.5911958 ], [ 2.4148412, 39.5911961 ], [ 2.4148417, 39.5911966 ], [ 2.4148422, 39.5911972 ], [ 2.414843, 39.591198 ], [ 2.414844, 39.5911993 ], [ 2.4148453, 39.5912013 ], [ 2.4148474, 39.5912046 ], [ 2.4148508, 39.5912106 ], [ 2.4148571, 39.5912236 ], [ 2.4148721, 39.5912592 ], [ 2.4149266, 39.5914151 ], [ 2.4151213, 39.5922014 ], [ 2.4148758, 39.5914236 ], [ 2.4148416, 39.5912644 ], [ 2.4148361, 39.5912272 ] ] ] } },
{ "type": "Feature", "properties": { "PlotID": "MANFV21", "windspeed": 30.0, "time": "15", "clipped_m2": 278.52578863827512, "clipped_ha": 0.027852578863827512, "wspd": "30" }, "geometry": { "type": "Polygon", "coordinates": [ [ [ 2.4045278, 39.5846237 ], [ 2.4045266, 39.5846101 ], [ 2.4045264, 39.5846036 ], [ 2.4045265, 39.5846 ], [ 2.4045267, 39.5845978 ], [ 2.4045269, 39.5845964 ], [ 2.4045271, 39.5845954 ], [ 2.4045273, 39.5845946 ], [ 2.4045275, 39.5845941 ], [ 2.4045277, 39.5845937 ], [ 2.4045278, 39.5845934 ], [ 2.4045279, 39.5845931 ], [ 2.4045281, 39.5845929 ], [ 2.4045282, 39.5845927 ], [ 2.4045283, 39.5845926 ], [ 2.4045284, 39.5845924 ], [ 2.4045285, 39.5845923 ], [ 2.4045286, 39.5845922 ], [ 2.4045287, 39.5845921 ], [ 2.4045288, 39.584592 ], [ 2.4045289, 39.584592 ], [ 2.4045289, 39.5845919 ], [ 2.404529, 39.5845919 ], [ 2.4045291, 39.5845918 ], [ 2.4045292, 39.5845918 ], [ 2.4045293, 39.5845918 ], [ 2.4045293, 39.5845917 ], [ 2.4045294, 39.5845917 ], [ 2.4045295, 39.5845917 ], [ 2.4045296, 39.5845917 ], [ 2.4045297, 39.5845916 ], [ 2.4045298, 39.5845916 ], [ 2.4045299, 39.5845916 ], [ 2.40453, 39.5845916 ], [ 2.4045301, 39.584591599999989 ], [ 2.4045302, 39.5845916 ], [ 2.4045302, 39.5845917 ], [ 2.4045303, 39.5845917 ], [ 2.4045304, 39.5845917 ], [ 2.4045305, 39.5845917 ], [ 2.4045306, 39.5845917 ], [ 2.4045307, 39.5845918 ], [ 2.4045308, 39.5845918 ], [ 2.4045309, 39.5845918 ], [ 2.404531, 39.5845919 ], [ 2.4045312, 39.584592 ], [ 2.4045313, 39.584592 ], [ 2.4045315, 39.5845921 ], [ 2.4045317, 39.5845923 ], [ 2.4045319, 39.5845924 ], [ 2.4045322, 39.5845926 ], [ 2.4045325, 39.5845929 ], [ 2.4045329, 39.5845932 ], [ 2.4045333, 39.5845936 ], [ 2.4045339, 39.5845942 ], [ 2.4045346, 39.5845951 ], [ 2.4045356, 39.5845963 ], [ 2.4045369, 39.5845983 ], [ 2.4045389, 39.5846015 ], [ 2.4045422, 39.5846075 ], [ 2.4045484, 39.5846203 ], [ 2.4045631, 39.5846554 ], [ 2.404617, 39.5848103 ], [ 2.4048175, 39.5856226 ], [ 2.4045667, 39.5848187 ], [ 2.4045331, 39.5846604 ], [ 2.4045278, 39.5846237 ] ] ] } },
{ "type": "Feature", "properties": { "PlotID": "MANFV22", "windspeed": 30.0, "time": "15", "clipped_m2": 196.93723420007154, "clipped_ha": 0.019693723420007154, "wspd": "30" }, "geometry": { "type": "Polygon", "coordinates": [ [ [ 2.405988, 39.5827632 ], [ 2.4059868, 39.5827508 ], [ 2.4059866, 39.5827449 ], [ 2.4059867, 39.5827417 ], [ 2.4059868, 39.5827397 ], [ 2.405987, 39.5827383 ], [ 2.4059872, 39.5827374 ], [ 2.4059874, 39.5827368 ], [ 2.4059875, 39.5827363 ], [ 2.4059877, 39.5827359 ], [ 2.4059878, 39.5827356 ], [ 2.4059879, 39.5827353 ], [ 2.405988, 39.5827352 ], [ 2.4059881, 39.582735 ], [ 2.4059882, 39.5827349 ], [ 2.4059883, 39.5827347 ], [ 2.4059884, 39.5827346 ], [ 2.4059885, 39.5827346 ], [ 2.4059885, 39.5827345 ], [ 2.4059886, 39.5827344 ], [ 2.4059887, 39.5827344 ], [ 2.4059888, 39.5827343 ], [ 2.4059889, 39.5827342 ], [ 2.405989, 39.5827342 ], [ 2.4059891, 39.5827341 ], [ 2.4059892, 39.5827341 ], [ 2.4059893, 39.5827341 ], [ 2.4059894, 39.582734 ], [ 2.4059895, 39.582734 ], [ 2.4059896, 39.582734 ], [ 2.4059897, 39.582734 ], [ 2.4059898, 39.582734 ], [ 2.4059899, 39.582734 ], [ 2.40599, 39.582734 ], [ 2.4059901, 39.582734 ], [ 2.4059902, 39.5827341 ], [ 2.4059903, 39.5827341 ], [ 2.4059904, 39.5827341 ], [ 2.4059905, 39.5827342 ], [ 2.4059906, 39.5827342 ], [ 2.4059907, 39.5827342 ], [ 2.4059909, 39.5827343 ], [ 2.405991, 39.5827344 ], [ 2.4059912, 39.5827345 ], [ 2.4059913, 39.582734599999988 ], [ 2.4059915, 39.5827347 ], [ 2.4059918, 39.5827349 ], [ 2.4059921, 39.5827351 ], [ 2.4059924, 39.5827354 ], [ 2.4059928, 39.5827358 ], [ 2.4059933, 39.5827364 ], [ 2.405994, 39.5827371 ], [ 2.4059949, 39.5827383 ], [ 2.4059961, 39.58274 ], [ 2.405998, 39.582743 ], [ 2.406001, 39.5827484 ], [ 2.4060067, 39.5827599 ], [ 2.4060201, 39.5827915 ], [ 2.4060681, 39.5829268 ], [ 2.406224, 39.5835498 ], [ 2.4060238, 39.5829344 ], [ 2.4059931, 39.5827961 ], [ 2.405988, 39.5827632 ] ] ] } },
{ "type": "Feature", "properties": { "PlotID": "MANFV23", "windspeed": 30.0, "time": "15", "clipped_m2": 2352.6734333685599, "clipped_ha": 0.23526734333685601, "wspd": "30" }, "geometry": { "type": "Polygon", "coordinates": [ [ [ 2.4138685, 39.595129 ], [ 2.413865, 39.5950896 ], [ 2.4138644, 39.5950707 ], [ 2.4138647, 39.5950603 ], [ 2.4138652, 39.5950539 ], [ 2.4138658, 39.5950498 ], [ 2.4138664, 39.5950469 ], [ 2.4138669, 39.5950447 ], [ 2.4138674, 39.5950432 ], [ 2.4138679, 39.595042 ], [ 2.4138683, 39.595041 ], [ 2.4138687, 39.5950403 ], [ 2.413869, 39.5950396 ], [ 2.4138694, 39.5950391 ], [ 2.4138697, 39.5950387 ], [ 2.41387, 39.5950383 ], [ 2.4138702, 39.595038 ], [ 2.4138705, 39.5950378 ], [ 2.4138707, 39.5950375 ], [ 2.413871, 39.5950373 ], [ 2.4138712, 39.5950372 ], [ 2.4138714, 39.595037 ], [ 2.4138716, 39.5950369 ], [ 2.4138718, 39.5950367 ], [ 2.413872, 39.5950366 ], [ 2.4138722, 39.5950365 ], [ 2.4138723, 39.5950365 ], [ 2.4138725, 39.5950364 ], [ 2.4138727, 39.5950363 ], [ 2.4138729, 39.5950363 ], [ 2.413873, 39.5950362 ], [ 2.4138732, 39.5950362 ], [ 2.4138734, 39.5950361 ], [ 2.4138736, 39.5950361 ], [ 2.4138738, 39.5950361 ], [ 2.4138739, 39.595036 ], [ 2.4138741, 39.595036 ], [ 2.4138743, 39.595036 ], [ 2.4138745, 39.595036 ], [ 2.4138747, 39.595036 ], [ 2.4138749, 39.595036 ], [ 2.4138751, 39.595036 ], [ 2.4138753, 39.5950361 ], [ 2.4138756, 39.5950361 ], [ 2.4138758, 39.5950362 ], [ 2.4138761, 39.5950362 ], [ 2.4138763, 39.5950363 ], [ 2.4138766, 39.5950364 ], [ 2.4138769, 39.5950365 ], [ 2.4138773, 39.5950366 ], [ 2.4138777, 39.5950368 ], [ 2.4138781, 39.595037 ], [ 2.4138785, 39.5950372 ], [ 2.413879, 39.5950375 ], [ 2.4138796, 39.5950379 ], [ 2.4138803, 39.5950383 ], [ 2.413881, 39.5950389 ], [ 2.4138819, 39.5950396 ], [ 2.413883, 39.5950406 ], [ 2.4138843, 39.5950418 ], [ 2.4138859, 39.5950436 ], [ 2.413888, 39.595046 ], [ 2.4138908, 39.5950496 ], [ 2.4138947, 39.5950553 ], [ 2.4139006, 39.5950646 ], [ 2.4139102, 39.5950819 ], [ 2.4139283, 39.5951189 ], [ 2.4139711, 39.5952207 ], [ 2.4141287, 39.59567 ], [ 2.41472, 39.5980377 ], [ 2.4139829, 39.5956946 ], [ 2.4138843, 39.5952354 ], [ 2.4138685, 39.595129 ] ] ] } },
{ "type": "Feature", "properties": { "PlotID": "MANFV24", "windspeed": 30.0, "time": "15", "clipped_m2": 2.0916975460786489, "clipped_ha": 0.0002091697546078649, "wspd": "30" }, "geometry": { "type": "Polygon", "coordinates": [ [ [ 2.4000931, 39.594022099999989 ], [ 2.4000913, 39.5940194 ], [ 2.4000901, 39.5940167 ], [ 2.4000894, 39.5940142 ], [ 2.4000891, 39.594012 ], [ 2.400089, 39.5940103 ], [ 2.400089, 39.5940089 ], [ 2.4000892, 39.5940078 ], [ 2.4000893, 39.5940069 ], [ 2.4000895, 39.5940062 ], [ 2.4000897, 39.5940056 ], [ 2.4000899, 39.5940051 ], [ 2.4000901, 39.5940046 ], [ 2.4000903, 39.5940043 ], [ 2.4000905, 39.594004 ], [ 2.4000907, 39.5940037 ], [ 2.4000909, 39.5940035 ], [ 2.400091, 39.5940033 ], [ 2.4000912, 39.5940032 ], [ 2.4000914, 39.594003 ], [ 2.4000915, 39.5940029 ], [ 2.4000916, 39.5940028 ], [ 2.4000918, 39.5940027 ], [ 2.4000919, 39.5940026 ], [ 2.400092, 39.5940025 ], [ 2.4000922, 39.5940025 ], [ 2.4000923, 39.5940024 ], [ 2.4000924, 39.5940024 ], [ 2.4000925, 39.5940023 ], [ 2.4000927, 39.5940023 ], [ 2.4000928, 39.5940022 ], [ 2.4000929, 39.5940022 ], [ 2.400093, 39.5940022 ], [ 2.4000931, 39.5940022 ], [ 2.4000933, 39.5940022 ], [ 2.4000934, 39.5940021 ], [ 2.4000935, 39.5940021 ], [ 2.4000936, 39.5940021 ], [ 2.4000937, 39.5940021 ], [ 2.4000939, 39.5940021 ], [ 2.400094, 39.5940021 ], [ 2.4000941, 39.5940022 ], [ 2.4000943, 39.5940022 ], [ 2.4000944, 39.5940022 ], [ 2.4000946, 39.5940022 ], [ 2.4000947, 39.5940023 ], [ 2.4000949, 39.5940023 ], [ 2.4000951, 39.5940024 ], [ 2.4000952, 39.5940025 ], [ 2.4000954, 39.5940025 ], [ 2.4000956, 39.5940026 ], [ 2.4000958, 39.5940028 ], [ 2.4000961, 39.5940029 ], [ 2.4000963, 39.5940031 ], [ 2.4000966, 39.5940033 ], [ 2.4000969, 39.5940035 ], [ 2.4000972, 39.594003799999989 ], [ 2.4000976, 39.5940041 ], [ 2.400098, 39.5940045 ], [ 2.4000984, 39.5940051 ], [ 2.4000989, 39.5940057 ], [ 2.4000994, 39.5940065 ], [ 2.4001, 39.5940076 ], [ 2.4001006, 39.5940089 ], [ 2.4001012, 39.5940106 ], [ 2.4001017, 39.5940126 ], [ 2.4001021, 39.5940152 ], [ 2.4001021, 39.5940181 ], [ 2.4001014, 39.5940211 ], [ 2.4001, 39.5940235 ], [ 2.4000979, 39.5940246 ], [ 2.4000954, 39.594024 ], [ 2.4000931, 39.594022099999989 ] ] ] } },
{ "type": "Feature", "properties": { "PlotID": "MANFV25", "windspeed": 30.0, "time": "15", "clipped_m2": 70.518909748410806, "clipped_ha": 0.007051890974841081, "wspd": "30" }, "geometry": { "type": "Polygon", "coordinates": [ [ [ 2.4003865, 39.5930877 ], [ 2.400383, 39.5930635 ], [ 2.400382, 39.5930485 ], [ 2.400382, 39.5930388 ], [ 2.4003824, 39.5930323 ], [ 2.400383, 39.5930278 ], [ 2.4003837, 39.5930245 ], [ 2.4003843, 39.5930221 ], [ 2.4003849, 39.5930203 ], [ 2.4003854, 39.5930188 ], [ 2.4003859, 39.5930177 ], [ 2.4003864, 39.5930168 ], [ 2.4003869, 39.593016 ], [ 2.4003873, 39.5930154 ], [ 2.4003877, 39.5930148 ], [ 2.400388, 39.5930144 ], [ 2.4003884, 39.593014 ], [ 2.4003887, 39.5930137 ], [ 2.400389, 39.5930134 ], [ 2.4003893, 39.5930131 ], [ 2.4003896, 39.5930129 ], [ 2.4003898, 39.593012699999989 ], [ 2.4003901, 39.5930126 ], [ 2.4003904, 39.5930124 ], [ 2.4003906, 39.5930123 ], [ 2.4003908, 39.5930122 ], [ 2.4003911, 39.593012099999989 ], [ 2.4003913, 39.593012 ], [ 2.4003915, 39.5930119 ], [ 2.4003918, 39.5930118 ], [ 2.400392, 39.5930117 ], [ 2.4003922, 39.5930117 ], [ 2.4003924, 39.5930116 ], [ 2.4003927, 39.5930116 ], [ 2.4003929, 39.5930116 ], [ 2.4003931, 39.5930116 ], [ 2.4003934, 39.5930115 ], [ 2.4003936, 39.5930115 ], [ 2.4003938, 39.5930115 ], [ 2.4003941, 39.5930115 ], [ 2.4003943, 39.5930116 ], [ 2.4003946, 39.5930116 ], [ 2.4003949, 39.5930116 ], [ 2.4003952, 39.5930117 ], [ 2.4003955, 39.5930118 ], [ 2.4003958, 39.5930118 ], [ 2.4003962, 39.5930119 ], [ 2.4003965, 39.593012099999989 ], [ 2.4003969, 39.5930122 ], [ 2.4003973, 39.5930124 ], [ 2.4003978, 39.5930126 ], [ 2.4003983, 39.5930128 ], [ 2.4003989, 39.5930132 ], [ 2.4003995, 39.5930135 ], [ 2.4004002, 39.593014 ], [ 2.400401, 39.5930146 ], [ 2.4004018, 39.5930153 ], [ 2.4004029, 39.5930162 ], [ 2.4004041, 39.5930174 ], [ 2.4004055, 39.5930189 ], [ 2.4004073, 39.593021 ], [ 2.4004095, 39.5930238 ], [ 2.4004122, 39.5930278 ], [ 2.4004157, 39.5930337 ], [ 2.4004205, 39.5930427 ], [ 2.4004268, 39.5930569 ], [ 2.4004353, 39.5930803 ], [ 2.4004452, 39.5931183 ], [ 2.400451, 39.5931695 ], [ 2.4004403, 39.5932007 ], [ 2.4004152, 39.5931749 ], [ 2.4003958, 39.5931258 ], [ 2.4003865, 39.5930877 ] ] ] } },
{ "type": "Feature", "properties": { "PlotID": "MANFV26", "windspeed": 30.0, "time": "15", "clipped_m2": 452.33104223082773, "clipped_ha": 0.045233104223082771, "wspd": "30" }, "geometry": { "type": "Polygon", "coordinates": [ [ [ 2.400852, 39.5946877 ], [ 2.4008327, 39.5946484 ], [ 2.4008209, 39.5946119 ], [ 2.4008146, 39.5945802 ], [ 2.400812, 39.5945538 ], [ 2.4008119, 39.594532199999989 ], [ 2.4008133, 39.5945146 ], [ 2.4008155, 39.5945002 ], [ 2.4008182, 39.5944884 ], [ 2.4008212, 39.5944787 ], [ 2.4008242, 39.5944706 ], [ 2.4008273, 39.5944638 ], [ 2.4008303, 39.5944581 ], [ 2.4008333, 39.5944532 ], [ 2.4008361, 39.594449 ], [ 2.4008389, 39.5944454 ], [ 2.4008415, 39.5944423 ], [ 2.4008441, 39.5944396 ], [ 2.4008466, 39.5944373 ], [ 2.400849, 39.5944352 ], [ 2.4008513, 39.5944334 ], [ 2.4008535, 39.5944317 ], [ 2.4008557, 39.5944303 ], [ 2.4008579, 39.594429 ], [ 2.40086, 39.5944279 ], [ 2.400862, 39.5944269 ], [ 2.400864, 39.594426 ], [ 2.400866, 39.5944252 ], [ 2.400868, 39.5944245 ], [ 2.40087, 39.5944239 ], [ 2.4008719, 39.5944234 ], [ 2.4008739, 39.594423 ], [ 2.4008758, 39.5944226 ], [ 2.4008778, 39.5944223 ], [ 2.4008798, 39.5944221 ], [ 2.4008818, 39.5944219 ], [ 2.4008838, 39.5944218 ], [ 2.4008859, 39.5944218 ], [ 2.400888, 39.5944219 ], [ 2.4008901, 39.594422 ], [ 2.4008924, 39.5944222 ], [ 2.4008947, 39.5944226 ], [ 2.400897, 39.594423 ], [ 2.4008995, 39.5944235 ], [ 2.4009021, 39.5944242 ], [ 2.4009047, 39.5944249 ], [ 2.4009076, 39.5944259 ], [ 2.4009105, 39.594427 ], [ 2.4009137, 39.5944284 ], [ 2.400917, 39.59443 ], [ 2.4009206, 39.5944319 ], [ 2.4009245, 39.5944341 ], [ 2.4009286, 39.5944368 ], [ 2.4009331, 39.59444 ], [ 2.400938, 39.5944438 ], [ 2.4009433, 39.5944484 ], [ 2.4009491, 39.594454 ], [ 2.4009554, 39.5944609 ], [ 2.4009624, 39.5944693 ], [ 2.40097, 39.5944797 ], [ 2.4009783, 39.5944927 ], [ 2.4009872, 39.594509 ], [ 2.4009964, 39.5945294 ], [ 2.4010053, 39.5945549 ], [ 2.401013, 39.5945864 ], [ 2.4010175, 39.5946239 ], [ 2.4009369, 39.5945326 ], [ 2.4010058, 39.5947077 ], [ 2.400984, 39.5947411 ], [ 2.4009518, 39.5947568 ], [ 2.4009148, 39.5947502 ], [ 2.4008799, 39.5947244 ], [ 2.400852, 39.5946877 ] ] ] } },
{ "type": "Feature", "properties": { "PlotID": "MANFV27", "windspeed": 30.0, "time": "15", "clipped_m2": 338.70046830875799, "clipped_ha": 0.0338700468308758, "wspd": "30" }, "geometry": { "type": "Polygon", "coordinates": [ [ [ 2.4078124, 39.6016191 ], [ 2.4077999, 39.6016099 ], [ 2.4077888, 39.6016019 ], [ 2.4077787, 39.6015948 ], [ 2.4077694, 39.6015882 ], [ 2.4077576, 39.6015864 ], [ 2.4077721, 39.6015525 ], [ 2.4077662, 39.6015486 ], [ 2.4077681, 39.6015382 ], [ 2.4077715, 39.6015289 ], [ 2.4077746, 39.6015214 ], [ 2.4077775, 39.6015154 ], [ 2.4077803, 39.6015104 ], [ 2.4077829, 39.6015063 ], [ 2.4077853, 39.6015028 ], [ 2.4077876, 39.6014999 ], [ 2.4077898, 39.6014973 ], [ 2.4077918, 39.601495199999988 ], [ 2.4077938, 39.6014933 ], [ 2.4077957, 39.6014916 ], [ 2.4077975, 39.6014902 ], [ 2.4077992, 39.6014889 ], [ 2.4078009, 39.6014878 ], [ 2.4078025, 39.6014867 ], [ 2.4078041, 39.6014859 ], [ 2.4078057, 39.6014851 ], [ 2.4078072, 39.6014844 ], [ 2.4078087, 39.6014837 ], [ 2.4078102, 39.6014832 ], [ 2.4078116, 39.6014827 ], [ 2.4078131, 39.6014823 ], [ 2.4078146, 39.6014819 ], [ 2.407816, 39.6014816 ], [ 2.4078179, 39.6014827 ], [ 2.4078194, 39.6014838 ], [ 2.4078207, 39.6014847 ], [ 2.4078217, 39.6014855 ], [ 2.4078226, 39.6014861 ], [ 2.4078234, 39.6014867 ], [ 2.4078241, 39.6014872 ], [ 2.4078248, 39.6014877 ], [ 2.4078254, 39.6014882 ], [ 2.407826, 39.6014886 ], [ 2.4078265, 39.601489 ], [ 2.4078271, 39.6014894 ], [ 2.4078277, 39.6014898 ], [ 2.4078282, 39.6014902 ], [ 2.4078288, 39.6014907 ], [ 2.4078294, 39.6014911 ], [ 2.4078301, 39.6014916 ], [ 2.4078308, 39.6014921 ], [ 2.4078316, 39.6014927 ], [ 2.4078325, 39.6014933 ], [ 2.4078335, 39.6014941 ], [ 2.4078347, 39.601495 ], [ 2.4078362, 39.6014961 ], [ 2.4078381, 39.6014975 ], [ 2.4078407, 39.6014994 ], [ 2.4078445, 39.6015021 ], [ 2.4078506, 39.6015066 ], [ 2.4078681, 39.6015181 ], [ 2.4079272, 39.6015587 ], [ 2.4079448, 39.6015839 ], [ 2.4079674, 39.6016204 ], [ 2.4079968, 39.6016753 ], [ 2.4080353, 39.6017604 ], [ 2.4080842, 39.6018952 ], [ 2.4079323, 39.6017082 ], [ 2.407894, 39.6016797 ], [ 2.407866, 39.6016589 ], [ 2.4078444, 39.6016429 ], [ 2.407827, 39.6016299 ], [ 2.4078124, 39.6016191 ] ] ] } },
{ "type": "Feature", "properties": { "PlotID": "MANFV28", "windspeed": 30.0, "time": "15", "clipped_m2": 223.8878998416476, "clipped_ha": 0.022388789984164759, "wspd": "30" }, "geometry": { "type": "Polygon", "coordinates": [ [ [ 2.4019562, 39.6025312 ], [ 2.4019485, 39.6024879 ], [ 2.4019458, 39.60246 ], [ 2.4019453, 39.6024417 ], [ 2.4019459, 39.6024293 ], [ 2.4019468, 39.6024205 ], [ 2.4019479, 39.6024142 ], [ 2.401949, 39.6024094 ], [ 2.4019501, 39.6024058 ], [ 2.4019511, 39.6024029 ], [ 2.4019521, 39.6024007 ], [ 2.401953, 39.6023988 ], [ 2.4019538, 39.6023973 ], [ 2.4019546, 39.6023961 ], [ 2.4019554, 39.602395 ], [ 2.4019561, 39.6023941 ], [ 2.4019567, 39.6023934 ], [ 2.4019574, 39.6023927 ], [ 2.401958, 39.6023921 ], [ 2.4019585, 39.6023916 ], [ 2.4019591, 39.6023912 ], [ 2.4019596, 39.6023908 ], [ 2.4019601, 39.6023904 ], [ 2.4019606, 39.6023901 ], [ 2.4019611, 39.6023899 ], [ 2.4019616, 39.6023896 ], [ 2.4019621, 39.6023894 ], [ 2.4019625, 39.6023892 ], [ 2.401963, 39.6023891 ], [ 2.4019634, 39.6023889 ], [ 2.4019639, 39.6023888 ], [ 2.4019643, 39.6023887 ], [ 2.4019647, 39.6023886 ], [ 2.4019652, 39.6023885 ], [ 2.4019656, 39.6023884 ], [ 2.4019661, 39.6023884 ], [ 2.4019666, 39.6023883 ], [ 2.401967, 39.6023883 ], [ 2.4019675, 39.6023883 ], [ 2.401968, 39.6023883 ], [ 2.4019686, 39.6023884 ], [ 2.4019691, 39.6023884 ], [ 2.4019696, 39.602388499999989 ], [ 2.4019702, 39.6023886 ], [ 2.4019708, 39.6023887 ], [ 2.4019715, 39.6023889 ], [ 2.4019722, 39.602389099999989 ], [ 2.4019729, 39.6023893 ], [ 2.4019737, 39.6023896 ], [ 2.4019745, 39.6023899 ], [ 2.4019755, 39.6023903 ], [ 2.4019765, 39.6023908 ], [ 2.4019776, 39.6023914 ], [ 2.4019788, 39.6023922 ], [ 2.4019802, 39.6023931 ], [ 2.4019817, 39.6023942 ], [ 2.4019835, 39.6023956 ], [ 2.4019856, 39.6023974 ], [ 2.401988, 39.6023997 ], [ 2.4019908, 39.6024027 ], [ 2.4019943, 39.6024067 ], [ 2.4019986, 39.6024122 ], [ 2.402004, 39.6024199 ], [ 2.4020109, 39.6024311 ], [ 2.4020199, 39.602448 ], [ 2.4020319, 39.6024744 ], [ 2.4020472, 39.6025165 ], [ 2.4020639, 39.6025816 ], [ 2.4020719, 39.6026636 ], [ 2.4020522, 39.6027113 ], [ 2.4020095, 39.6026737 ], [ 2.4019744, 39.602596 ], [ 2.4019562, 39.6025312 ] ] ] } },
{ "type": "Feature", "properties": { "PlotID": "MANFV29", "windspeed": 30.0, "time": "15", "clipped_m2": 575.15146659919992, "clipped_ha": 0.05751514665991999, "wspd": "30" }, "geometry": { "type": "Polygon", "coordinates": [ [ [ 2.4101504, 39.6046179 ], [ 2.4101357, 39.6045277 ], [ 2.4101314, 39.6044694 ], [ 2.4101306, 39.6044336 ], [ 2.4101319, 39.6044086 ], [ 2.410134, 39.6043911 ], [ 2.4101363, 39.6043785 ], [ 2.4101386, 39.604369 ], [ 2.4101409, 39.6043618 ], [ 2.410143, 39.6043562 ], [ 2.4101449, 39.6043517 ], [ 2.4101467, 39.604348099999989 ], [ 2.4101484, 39.604345099999989 ], [ 2.41015, 39.604342599999988 ], [ 2.4101515, 39.6043405 ], [ 2.4101529, 39.6043388 ], [ 2.4101543, 39.6043373 ], [ 2.4101555, 39.604336 ], [ 2.4101567, 39.6043348 ], [ 2.4101578, 39.6043338 ], [ 2.4101589, 39.604333 ], [ 2.41016, 39.6043322 ], [ 2.410161, 39.6043315 ], [ 2.410162, 39.6043309 ], [ 2.410163, 39.6043304 ], [ 2.4101639, 39.6043299 ], [ 2.4101648, 39.6043295 ], [ 2.4101657, 39.6043292 ], [ 2.4101666, 39.6043288 ], [ 2.4101675, 39.6043285 ], [ 2.4101684, 39.6043283 ], [ 2.4101693, 39.6043281 ], [ 2.4101701, 39.6043279 ], [ 2.410171, 39.6043277 ], [ 2.4101719, 39.6043276 ], [ 2.4101728, 39.6043275 ], [ 2.4101737, 39.6043274 ], [ 2.4101747, 39.6043274 ], [ 2.4101756, 39.6043274 ], [ 2.4101766, 39.6043274 ], [ 2.4101776, 39.6043275 ], [ 2.4101787, 39.6043276 ], [ 2.4101798, 39.6043278 ], [ 2.410181, 39.604328 ], [ 2.4101822, 39.6043282 ], [ 2.4101834, 39.6043285 ], [ 2.4101848, 39.6043289 ], [ 2.4101862, 39.6043294 ], [ 2.4101878, 39.60433 ], [ 2.4101894, 39.6043306 ], [ 2.4101913, 39.6043315 ], [ 2.4101932, 39.6043325 ], [ 2.4101954, 39.6043337 ], [ 2.4101978, 39.6043351 ], [ 2.4102005, 39.6043369 ], [ 2.4102036, 39.6043392 ], [ 2.4102071, 39.604342 ], [ 2.4102112, 39.6043455 ], [ 2.410216, 39.6043501 ], [ 2.4102216, 39.604356 ], [ 2.4102285, 39.604364 ], [ 2.410237, 39.604375 ], [ 2.4102477, 39.6043905 ], [ 2.4102615, 39.604413099999988 ], [ 2.4102798, 39.6044474 ], [ 2.4103041, 39.6045013 ], [ 2.4103359, 39.6045888 ], [ 2.4103293, 39.6046433 ], [ 2.4103034, 39.6046772 ], [ 2.4102713, 39.6047111 ], [ 2.410238, 39.6047803 ], [ 2.4101868, 39.6047564 ], [ 2.4101504, 39.6046179 ] ] ] } },
{ "type": "Feature", "properties": { "PlotID": "MANFV01", "windspeed": 40.0, "time": "15", "clipped_m2": 155.28590449457988, "clipped_ha": 0.015528590449457988, "wspd": "40" }, "geometry": { "type": "Polygon", "coordinates": [ [ [ 2.4127571, 39.5995063 ], [ 2.4127457, 39.5994806 ], [ 2.4127389, 39.5994581 ], [ 2.4127354, 39.5994396 ], [ 2.412734, 39.5994249 ], [ 2.4127338, 39.5994132 ], [ 2.4127344, 39.5994039 ], [ 2.4127354, 39.5993965 ], [ 2.4127367, 39.5993905 ], [ 2.412738, 39.5993856 ], [ 2.4127394, 39.5993816 ], [ 2.4127408, 39.5993783 ], [ 2.4127422, 39.5993755 ], [ 2.4127435, 39.5993731 ], [ 2.4127448, 39.5993711 ], [ 2.412746, 39.5993694 ], [ 2.4127472, 39.5993679 ], [ 2.4127484, 39.5993665 ], [ 2.4127495, 39.5993654 ], [ 2.4127506, 39.5993644 ], [ 2.4127516, 39.5993635 ], [ 2.4127527, 39.5993627 ], [ 2.4127537, 39.599362 ], [ 2.4127546, 39.5993614 ], [ 2.4127556, 39.5993608 ], [ 2.4127565, 39.5993603 ], [ 2.4127574, 39.5993599 ], [ 2.4127584, 39.5993595 ], [ 2.4127593, 39.5993592 ], [ 2.4127602, 39.5993589 ], [ 2.412761, 39.5993586 ], [ 2.4127619, 39.5993584 ], [ 2.4127628, 39.5993582 ], [ 2.4127637, 39.599358 ], [ 2.4127647, 39.5993578 ], [ 2.4127656, 39.5993577 ], [ 2.4127665, 39.5993577 ], [ 2.4127675, 39.5993576 ], [ 2.4127685, 39.5993576 ], [ 2.4127695, 39.5993577 ], [ 2.4127705, 39.5993577 ], [ 2.4127716, 39.5993578 ], [ 2.4127727, 39.599358 ], [ 2.4127739, 39.5993582 ], [ 2.4127751, 39.5993584 ], [ 2.4127764, 39.5993588 ], [ 2.4127777, 39.5993592 ], [ 2.4127791, 39.5993596 ], [ 2.4127807, 39.5993602 ], [ 2.4127823, 39.5993609 ], [ 2.412784, 39.5993617 ], [ 2.4127859, 39.5993627 ], [ 2.412788, 39.5993639 ], [ 2.4127903, 39.5993653 ], [ 2.4127927, 39.599367 ], [ 2.4127955, 39.5993692 ], [ 2.4127985, 39.5993718 ], [ 2.4128019, 39.599375 ], [ 2.4128058, 39.599379 ], [ 2.4128101, 39.599384 ], [ 2.412815, 39.5993905 ], [ 2.4128205, 39.5993987 ], [ 2.4128265, 39.5994094 ], [ 2.4128331, 39.5994233 ], [ 2.4128398, 39.5994413 ], [ 2.4128456, 39.5994639 ], [ 2.4128489, 39.599491 ], [ 2.412847, 39.5995198 ], [ 2.4128372, 39.5995443 ], [ 2.4128191, 39.5995563 ], [ 2.4127962, 39.5995511 ], [ 2.4127742, 39.599532 ], [ 2.4127571, 39.5995063 ] ] ] } },
{ "type": "Feature", "properties": { "PlotID": "MANFV02", "windspeed": 40.0, "time": "15", "clipped_m2": 315.70657306257635, "clipped_ha": 0.031570657306257632, "wspd": "40" }, "geometry": { "type": "Polygon", "coordinates": [ [ [ 2.4101183, 39.5966155 ], [ 2.4101158, 39.5965665 ], [ 2.410116, 39.5965479 ], [ 2.4101166, 39.596539 ], [ 2.4101173, 39.596534 ], [ 2.4101178, 39.596531 ], [ 2.4101183, 39.596529 ], [ 2.4101188, 39.5965276 ], [ 2.4101191, 39.5965266 ], [ 2.4101194, 39.5965259 ], [ 2.4101197, 39.5965253 ], [ 2.41012, 39.5965248 ], [ 2.4101202, 39.5965245 ], [ 2.4101204, 39.5965242 ], [ 2.4101206, 39.596524 ], [ 2.4101207, 39.5965238 ], [ 2.4101209, 39.5965236 ], [ 2.410121, 39.5965235 ], [ 2.4101212, 39.5965233 ], [ 2.4101213, 39.5965232 ], [ 2.4101214, 39.5965232 ], [ 2.4101215, 39.5965231 ], [ 2.4101216, 39.596523 ], [ 2.4101217, 39.5965229 ], [ 2.4101219, 39.5965229 ], [ 2.4101219, 39.5965228 ], [ 2.410122, 39.5965228 ], [ 2.4101221, 39.5965228 ], [ 2.4101222, 39.5965227 ], [ 2.4101223, 39.5965227 ], [ 2.4101224, 39.5965227 ], [ 2.4101225, 39.5965227 ], [ 2.4101226, 39.5965227 ], [ 2.4101227, 39.5965226 ], [ 2.4101228, 39.5965226 ], [ 2.4101229, 39.5965226 ], [ 2.410123, 39.5965226 ], [ 2.4101231, 39.5965226 ], [ 2.4101232, 39.5965226 ], [ 2.4101233, 39.5965226 ], [ 2.4101234, 39.5965226 ], [ 2.4101235, 39.5965227 ], [ 2.4101236, 39.5965227 ], [ 2.4101237, 39.5965227 ], [ 2.4101238, 39.5965227 ], [ 2.4101239, 39.5965228 ], [ 2.4101241, 39.5965228 ], [ 2.4101242, 39.5965229 ], [ 2.4101244, 39.5965229 ], [ 2.4101245, 39.596523 ], [ 2.4101247, 39.5965231 ], [ 2.4101249, 39.5965232 ], [ 2.4101251, 39.5965233 ], [ 2.4101253, 39.5965235 ], [ 2.4101256, 39.5965237 ], [ 2.4101259, 39.5965239 ], [ 2.4101262, 39.5965242 ], [ 2.4101266, 39.5965246 ], [ 2.4101271, 39.5965251 ], [ 2.4101276, 39.5965257 ], [ 2.4101283, 39.5965266 ], [ 2.4101292, 39.5965278 ], [ 2.4101304, 39.5965296 ], [ 2.410132, 39.5965325 ], [ 2.4101343, 39.5965371 ], [ 2.410138, 39.5965456 ], [ 2.4101447, 39.5965635 ], [ 2.4101593, 39.5966111 ], [ 2.4102039, 39.5967998 ], [ 2.4102847, 39.5974393 ], [ 2.4101407, 39.5968064 ], [ 2.4101183, 39.5966155 ] ] ] } },
{ "type": "Feature", "properties": { "PlotID": "MANFV03", "windspeed": 40.0, "time": "15", "clipped_m2": 320.92822474287823, "clipped_ha": 0.032092822474287824, "wspd": "40" }, "geometry": { "type": "Polygon", "coordinates": [ [ [ 2.4074586, 39.5955978 ], [ 2.4074487, 39.5955126 ], [ 2.4074473, 39.5954618 ], [ 2.4074487, 39.5954314 ], [ 2.4074509, 39.5954124 ], [ 2.4074532, 39.5953999 ], [ 2.4074553, 39.5953913 ], [ 2.4074572, 39.5953851 ], [ 2.4074589, 39.5953806 ], [ 2.4074604, 39.5953772 ], [ 2.4074617, 39.5953745 ], [ 2.4074629, 39.5953724 ], [ 2.407464, 39.5953707 ], [ 2.407465, 39.5953694 ], [ 2.4074659, 39.5953682 ], [ 2.4074667, 39.5953673 ], [ 2.4074675, 39.5953665 ], [ 2.4074682, 39.5953658 ], [ 2.4074689, 39.5953652 ], [ 2.4074695, 39.5953647 ], [ 2.4074701, 39.5953643 ], [ 2.4074707, 39.5953639 ], [ 2.4074712, 39.5953636 ], [ 2.4074718, 39.5953633 ], [ 2.4074723, 39.595363 ], [ 2.4074727, 39.5953628 ], [ 2.4074732, 39.5953626 ], [ 2.4074737, 39.5953625 ], [ 2.4074741, 39.5953623 ], [ 2.4074746, 39.5953622 ], [ 2.407475, 39.5953621 ], [ 2.4074754, 39.595362 ], [ 2.4074759, 39.5953619 ], [ 2.4074763, 39.5953618 ], [ 2.4074767, 39.5953618 ], [ 2.4074772, 39.5953618 ], [ 2.4074776, 39.5953618 ], [ 2.407478, 39.5953618 ], [ 2.4074785, 39.5953618 ], [ 2.4074789, 39.5953618 ], [ 2.4074794, 39.5953618 ], [ 2.4074799, 39.5953619 ], [ 2.4074804, 39.595362 ], [ 2.4074809, 39.5953621 ], [ 2.4074815, 39.5953622 ], [ 2.407482, 39.5953624 ], [ 2.4074826, 39.5953626 ], [ 2.4074832, 39.5953628 ], [ 2.4074839, 39.5953631 ], [ 2.4074846, 39.595363399999989 ], [ 2.4074854, 39.5953638 ], [ 2.4074862, 39.5953642 ], [ 2.4074871, 39.5953648 ], [ 2.4074881, 39.5953654 ], [ 2.4074892, 39.5953662 ], [ 2.4074904, 39.5953671 ], [ 2.4074917, 39.5953683 ], [ 2.4074933, 39.5953698 ], [ 2.407495, 39.5953716 ], [ 2.4074971, 39.595374 ], [ 2.4074996, 39.5953771 ], [ 2.4075025, 39.5953812 ], [ 2.4075061, 39.5953868 ], [ 2.4075107, 39.5953949 ], [ 2.4075165, 39.5954067 ], [ 2.4075241, 39.5954248 ], [ 2.4075342, 39.5954542 ], [ 2.4075475, 39.5955039 ], [ 2.4075624, 39.5955888 ], [ 2.4075678, 39.5957118 ], [ 2.4075391, 39.59579 ], [ 2.4074887, 39.5957187 ], [ 2.4074586, 39.5955978 ] ] ] } },
{ "type": "Feature", "properties": { "PlotID": "MANFV04", "windspeed": 40.0, "time": "15", "clipped_m2": 1.2939144978408876, "clipped_ha": 0.00012939144978408877, "wspd": "40" }, "geometry": { "type": "Polygon", "coordinates": [ [ [ 2.4051233, 39.5900738 ], [ 2.4051233, 39.5900737 ], [ 2.4051233, 39.5900736 ], [ 2.4051233, 39.5900735 ], [ 2.4051234, 39.5900735 ], [ 2.4051234, 39.5900736 ], [ 2.4051235, 39.5900737 ], [ 2.4051235, 39.5900738 ], [ 2.4051237, 39.5900741 ], [ 2.4051243, 39.5900758 ], [ 2.4052626, 39.5905591 ], [ 2.4051238, 39.5900759 ], [ 2.4051234, 39.5900741 ], [ 2.4051233, 39.5900738 ] ] ] } },
{ "type": "Feature", "properties": { "PlotID": "MANFV05", "windspeed": 40.0, "time": "15", "clipped_m2": 31.816296100238105, "clipped_ha": 0.0031816296100238106, "wspd": "40" }, "geometry": { "type": "Polygon", "coordinates": [ [ [ 2.4085062, 39.5907769 ], [ 2.4085062, 39.5907763 ], [ 2.4085061, 39.5907761 ], [ 2.4085062, 39.5907759 ], [ 2.4085062, 39.5907758 ], [ 2.4085062, 39.590775699999988 ], [ 2.4085062, 39.5907756 ], [ 2.4085063, 39.5907756 ], [ 2.4085064, 39.5907756 ], [ 2.4085064, 39.590775699999988 ], [ 2.4085065, 39.5907757 ], [ 2.4085065, 39.5907758 ], [ 2.4085066, 39.5907758 ], [ 2.4085067, 39.590776 ], [ 2.4085068, 39.5907762 ], [ 2.4085071, 39.5907767 ], [ 2.4085077, 39.5907783 ], [ 2.4085108, 39.5907867 ], [ 2.4092106, 39.5932532 ], [ 2.4085082, 39.5907872 ], [ 2.4085064, 39.5907785 ], [ 2.4085062, 39.5907769 ] ] ] } },
{ "type": "Feature", "properties": { "PlotID": "MANFV06", "windspeed": 40.0, "time": "15", "clipped_m2": 1109.8727854406461, "clipped_ha": 0.11098727854406461, "wspd": "40" }, "geometry": { "type": "Polygon", "coordinates": [ [ [ 2.4154997, 39.5837386 ], [ 2.4154798, 39.5836427 ], [ 2.415472, 39.5835784 ], [ 2.4154701, 39.5835351 ], [ 2.4154708, 39.5835051 ], [ 2.4154728, 39.5834837 ], [ 2.4154752, 39.5834681 ], [ 2.4154778, 39.5834563 ], [ 2.4154803, 39.5834472 ], [ 2.4154828, 39.5834401 ], [ 2.4154851, 39.5834344 ], [ 2.4154873, 39.5834298 ], [ 2.4154894, 39.583426 ], [ 2.4154914, 39.5834228 ], [ 2.4154932, 39.5834201 ], [ 2.415495, 39.5834179 ], [ 2.4154966, 39.5834159 ], [ 2.4154982, 39.5834142 ], [ 2.4154997, 39.5834128 ], [ 2.4155011, 39.5834115 ], [ 2.4155025, 39.5834104 ], [ 2.4155038, 39.5834094 ], [ 2.4155051, 39.5834085 ], [ 2.4155064, 39.5834077 ], [ 2.4155076, 39.583407 ], [ 2.4155088, 39.5834064 ], [ 2.4155099, 39.5834059 ], [ 2.4155111, 39.5834054 ], [ 2.4155122, 39.5834049 ], [ 2.4155134, 39.5834046 ], [ 2.4155145, 39.5834042 ], [ 2.4155156, 39.5834039 ], [ 2.4155167, 39.5834037 ], [ 2.4155179, 39.583403499999989 ], [ 2.415519, 39.5834033 ], [ 2.4155202, 39.5834032 ], [ 2.4155214, 39.5834031 ], [ 2.4155226, 39.583403 ], [ 2.4155238, 39.583403 ], [ 2.4155251, 39.5834031 ], [ 2.4155264, 39.5834031 ], [ 2.4155277, 39.5834033 ], [ 2.4155291, 39.5834034 ], [ 2.4155306, 39.5834037 ], [ 2.4155322, 39.583404 ], [ 2.4155338, 39.5834044 ], [ 2.4155356, 39.5834049 ], [ 2.4155374, 39.5834054 ], [ 2.4155394, 39.5834062 ], [ 2.4155415, 39.583407 ], [ 2.4155439, 39.583408 ], [ 2.4155464, 39.5834093 ], [ 2.4155492, 39.5834108 ], [ 2.4155523, 39.5834127 ], [ 2.4155558, 39.5834149 ], [ 2.4155597, 39.5834177 ], [ 2.4155642, 39.5834213 ], [ 2.4155693, 39.5834257 ], [ 2.4155754, 39.583431399999988 ], [ 2.4155825, 39.5834389 ], [ 2.4155911, 39.5834488 ], [ 2.4156016, 39.5834623 ], [ 2.4156147, 39.5834811 ], [ 2.4156313, 39.5835082 ], [ 2.4156526, 39.5835484 ], [ 2.4156797, 39.5836094 ], [ 2.4157125, 39.5837032 ], [ 2.4157449, 39.58384 ], [ 2.4157544, 39.5840001 ], [ 2.4157083, 39.5840888 ], [ 2.4156192, 39.5840226 ], [ 2.4155429, 39.5838736 ], [ 2.4154997, 39.5837386 ] ] ] } },
{ "type": "Feature", "properties": { "PlotID": "MANFV07", "windspeed": 40.0, "time": "15", "clipped_m2": 1198.7455893781735, "clipped_ha": 0.11987455893781734, "wspd": "40" }, "geometry": { "type": "Polygon", "coordinates": [ [ [ 2.4087691, 39.5830394 ], [ 2.4087682, 39.5830305 ], [ 2.4087681, 39.5830263 ], [ 2.4087682, 39.583024 ], [ 2.4087683, 39.5830226 ], [ 2.4087684, 39.5830217 ], [ 2.4087685, 39.583021 ], [ 2.4087687, 39.5830206 ], [ 2.4087688, 39.5830202 ], [ 2.4087689, 39.58302 ], [ 2.4087689, 39.5830198 ], [ 2.408769, 39.5830196 ], [ 2.4087691, 39.5830195 ], [ 2.4087692, 39.5830193 ], [ 2.4087692, 39.5830192 ], [ 2.4087693, 39.5830192 ], [ 2.4087694, 39.5830191 ], [ 2.4087694, 39.583019 ], [ 2.4087695, 39.583019 ], [ 2.4087695, 39.5830189 ], [ 2.4087696, 39.5830189 ], [ 2.4087697, 39.5830188 ], [ 2.4087698, 39.5830188 ], [ 2.4087699, 39.5830187 ], [ 2.40877, 39.5830187 ], [ 2.4087701, 39.5830187 ], [ 2.4087702, 39.5830187 ], [ 2.4087703, 39.5830187 ], [ 2.4087704, 39.5830187 ], [ 2.4087705, 39.5830187 ], [ 2.4087706, 39.5830187 ], [ 2.4087707, 39.5830187 ], [ 2.4087708, 39.5830187 ], [ 2.4087708, 39.5830188 ], [ 2.4087709, 39.5830188 ], [ 2.408771, 39.5830188 ], [ 2.4087711, 39.5830189 ], [ 2.4087712, 39.5830189 ], [ 2.4087713, 39.583019 ], [ 2.4087714, 39.5830191 ], [ 2.4087715, 39.5830192 ], [ 2.4087717, 39.5830193 ], [ 2.4087719, 39.5830194 ], [ 2.4087721, 39.5830196 ], [ 2.4087724, 39.5830199 ], [ 2.4087728, 39.5830203 ], [ 2.4087732, 39.5830208 ], [ 2.4087739, 39.5830216 ], [ 2.4087747, 39.5830228 ], [ 2.408776, 39.5830249 ], [ 2.4087782, 39.5830288 ], [ 2.4087824, 39.5830371 ], [ 2.4087928, 39.5830611 ], [ 2.4088395, 39.5831889 ], [ 2.4105135, 39.5890865 ], [ 2.4088004, 39.5831956 ], [ 2.4087728, 39.5830646 ], [ 2.4087691, 39.5830394 ] ] ] } },
{ "type": "Feature", "properties": { "PlotID": "MANFV08", "windspeed": 40.0, "time": "15", "clipped_m2": 282.421473997063, "clipped_ha": 0.028242147399706301, "wspd": "40" }, "geometry": { "type": "Polygon", "coordinates": [ [ [ 2.420212, 39.6017514 ], [ 2.4201964, 39.6017153 ], [ 2.4201873, 39.6016839 ], [ 2.4202018, 39.6016127 ], [ 2.4201934, 39.601615 ], [ 2.4201835, 39.6016177 ], [ 2.4201817, 39.6016088 ], [ 2.4201832, 39.6015986 ], [ 2.4201849, 39.6015904 ], [ 2.4201868, 39.6015837 ], [ 2.4201888, 39.6015782 ], [ 2.4201907, 39.6015736 ], [ 2.4201926, 39.6015698 ], [ 2.4201945, 39.6015666 ], [ 2.4201962, 39.6015638 ], [ 2.420198, 39.6015614 ], [ 2.4201996, 39.6015594 ], [ 2.4202012, 39.6015576 ], [ 2.4202027, 39.601556 ], [ 2.4202042, 39.6015547 ], [ 2.4202057, 39.6015535 ], [ 2.4202071, 39.6015524 ], [ 2.4202084, 39.6015514 ], [ 2.4202098, 39.6015506 ], [ 2.4202111, 39.6015498 ], [ 2.4202124, 39.6015492 ], [ 2.4202136, 39.6015486 ], [ 2.4202149, 39.601548 ], [ 2.4202161, 39.6015476 ], [ 2.4202173, 39.6015471 ], [ 2.4202185, 39.6015468 ], [ 2.4202198, 39.6015465 ], [ 2.420221, 39.6015462 ], [ 2.4202222, 39.601546 ], [ 2.4202235, 39.6015458 ], [ 2.4202247, 39.6015457 ], [ 2.420226, 39.6015456 ], [ 2.4202273, 39.6015455 ], [ 2.4202287, 39.6015455 ], [ 2.42023, 39.6015455 ], [ 2.4202315, 39.6015456 ], [ 2.4202329, 39.6015458 ], [ 2.4202344, 39.601546 ], [ 2.420236, 39.6015463 ], [ 2.4202377, 39.6015466 ], [ 2.4202394, 39.6015471 ], [ 2.4202413, 39.6015476 ], [ 2.4202432, 39.6015483 ], [ 2.4202453, 39.6015491 ], [ 2.4202475, 39.60155 ], [ 2.4202499, 39.6015511 ], [ 2.4202525, 39.6015525 ], [ 2.4202553, 39.6015541 ], [ 2.4202584, 39.6015561 ], [ 2.4202618, 39.6015584 ], [ 2.4202656, 39.6015613 ], [ 2.4202697, 39.6015649 ], [ 2.4202744, 39.6015693 ], [ 2.4202796, 39.6015748 ], [ 2.4202856, 39.6015818 ], [ 2.4202922, 39.6015906 ], [ 2.4202883, 39.6015951 ], [ 2.4202801, 39.6015966 ], [ 2.4202729, 39.6015979 ], [ 2.4203265, 39.601661 ], [ 2.4203347, 39.6016926 ], [ 2.4203395, 39.6017305 ], [ 2.420337, 39.6017711 ], [ 2.4203235, 39.6018058 ], [ 2.4202982, 39.6018227 ], [ 2.4202662, 39.6018152 ], [ 2.4202356, 39.6017878 ], [ 2.420212, 39.6017514 ] ] ] } },
{ "type": "Feature", "properties": { "PlotID": "MANFV09", "windspeed": 40.0, "time": "15", "clipped_m2": 1.4914084241909222, "clipped_ha": 0.00014914084241909222, "wspd": "40" }, "geometry": { "type": "Polygon", "coordinates": [ [ [ 2.4128617, 39.600439 ], [ 2.4128617, 39.6004389 ], [ 2.4128617, 39.6004388 ], [ 2.4128617, 39.6004387 ], [ 2.4128618, 39.6004387 ], [ 2.4128618, 39.6004388 ], [ 2.4128619, 39.6004389 ], [ 2.4128619, 39.600439 ], [ 2.412862, 39.6004393 ], [ 2.4128626, 39.600441 ], [ 2.4130234, 39.6010201 ], [ 2.4128621, 39.6004411 ], [ 2.4128618, 39.6004393 ], [ 2.4128617, 39.600439 ] ] ] } },
{ "type": "Feature", "properties": { "PlotID": "MANFV10", "windspeed": 40.0, "time": "15", "clipped_m2": 0.89128845627237752, "clipped_ha": 8.9128845627237753e-05, "wspd": "40" }, "geometry": { "type": "Polygon", "coordinates": [ [ [ 2.4128592, 39.5952219 ], [ 2.4128592, 39.5952218 ], [ 2.4128593, 39.5952218 ], [ 2.4128593, 39.5952219 ], [ 2.4128594, 39.5952221 ], [ 2.4128598, 39.5952233 ], [ 2.4129936, 39.5957164 ], [ 2.4128595, 39.5952234 ], [ 2.4128592, 39.5952222 ], [ 2.4128592, 39.5952219 ] ] ] } },
{ "type": "Feature", "properties": { "PlotID": "MANFV11", "windspeed": 40.0, "time": "15", "clipped_m2": 110.52601501904428, "clipped_ha": 0.011052601501904428, "wspd": "40" }, "geometry": { "type": "Polygon", "coordinates": [ [ [ 2.4073467, 39.5978564 ], [ 2.4073453, 39.5978363 ], [ 2.4073453, 39.597826 ], [ 2.4073456, 39.5978201 ], [ 2.407346, 39.5978164 ], [ 2.4073464, 39.5978139 ], [ 2.4073468, 39.5978122 ], [ 2.4073472, 39.597811 ], [ 2.4073475, 39.59781 ], [ 2.4073478, 39.5978093 ], [ 2.4073481, 39.5978087 ], [ 2.4073484, 39.5978083 ], [ 2.4073486, 39.5978079 ], [ 2.4073488, 39.5978076 ], [ 2.407349, 39.5978074 ], [ 2.4073492, 39.5978071 ], [ 2.4073493, 39.597807 ], [ 2.4073495, 39.5978068 ], [ 2.4073497, 39.5978067 ], [ 2.4073498, 39.5978065 ], [ 2.4073499, 39.5978064 ], [ 2.4073501, 39.5978063 ], [ 2.4073502, 39.5978063 ], [ 2.4073503, 39.5978062 ], [ 2.4073504, 39.5978061 ], [ 2.4073506, 39.5978061 ], [ 2.4073507, 39.597806 ], [ 2.4073508, 39.597806 ], [ 2.4073509, 39.5978059 ], [ 2.407351, 39.5978059 ], [ 2.4073511, 39.5978059 ], [ 2.4073512, 39.5978059 ], [ 2.4073513, 39.5978058 ], [ 2.4073514, 39.5978058 ], [ 2.4073515, 39.5978058 ], [ 2.4073517, 39.5978058 ], [ 2.4073518, 39.5978058 ], [ 2.4073519, 39.5978058 ], [ 2.407352, 39.5978058 ], [ 2.4073521, 39.5978058 ], [ 2.4073522, 39.5978058 ], [ 2.4073524, 39.5978058 ], [ 2.4073525, 39.5978058 ], [ 2.4073526, 39.5978059 ], [ 2.4073528, 39.5978059 ], [ 2.407353, 39.5978059 ], [ 2.4073531, 39.597806 ], [ 2.4073533, 39.597806 ], [ 2.4073535, 39.5978061 ], [ 2.4073537, 39.5978062 ], [ 2.4073539, 39.5978063 ], [ 2.4073542, 39.5978064 ], [ 2.4073544, 39.5978066 ], [ 2.4073547, 39.5978068 ], [ 2.4073551, 39.597807 ], [ 2.4073554, 39.5978073 ], [ 2.4073559, 39.5978076 ], [ 2.4073564, 39.5978081 ], [ 2.407357, 39.5978087 ], [ 2.4073578, 39.5978094 ], [ 2.4073587, 39.5978105 ], [ 2.4073599, 39.597812 ], [ 2.4073614, 39.5978142 ], [ 2.4073635, 39.5978175 ], [ 2.4073666, 39.5978229 ], [ 2.4073713, 39.5978325 ], [ 2.4073794, 39.5978516 ], [ 2.4073948, 39.5978958 ], [ 2.4074249, 39.5980102 ], [ 2.4074363, 39.5981575 ], [ 2.4073782, 39.598017 ], [ 2.4073529, 39.5979018 ], [ 2.4073467, 39.5978564 ] ] ] } },
{ "type": "Feature", "properties": { "PlotID": "MANFV12", "windspeed": 40.0, "time": "15", "clipped_m2": 25.502065125387162, "clipped_ha": 0.0025502065125387161, "wspd": "40" }, "geometry": { "type": "Polygon", "coordinates": [ [ [ 2.4019629, 39.5876719 ], [ 2.4019617, 39.5876605 ], [ 2.4019614, 39.5876544 ], [ 2.4019615, 39.5876509 ], [ 2.4019616, 39.5876486 ], [ 2.4019619, 39.5876471 ], [ 2.4019621, 39.587646 ], [ 2.4019623, 39.5876452 ], [ 2.4019625, 39.5876446 ], [ 2.4019626, 39.5876442 ], [ 2.4019628, 39.5876438 ], [ 2.4019629, 39.5876435 ], [ 2.4019631, 39.5876433 ], [ 2.4019632, 39.5876431 ], [ 2.4019633, 39.5876429 ], [ 2.4019634, 39.5876428 ], [ 2.4019635, 39.5876427 ], [ 2.4019636, 39.5876426 ], [ 2.4019637, 39.5876425 ], [ 2.4019638, 39.5876424 ], [ 2.4019639, 39.5876423 ], [ 2.401964, 39.5876423 ], [ 2.4019641, 39.5876422 ], [ 2.4019642, 39.5876421 ], [ 2.4019643, 39.5876421 ], [ 2.4019644, 39.5876421 ], [ 2.4019645, 39.587642 ], [ 2.4019646, 39.587642 ], [ 2.4019647, 39.587642 ], [ 2.4019648, 39.587642 ], [ 2.4019648, 39.5876419 ], [ 2.4019649, 39.5876419 ], [ 2.401965, 39.5876419 ], [ 2.4019651, 39.5876419 ], [ 2.4019652, 39.5876419 ], [ 2.4019653, 39.5876419 ], [ 2.4019654, 39.5876419 ], [ 2.4019655, 39.5876419 ], [ 2.4019656, 39.587642 ], [ 2.4019657, 39.587642 ], [ 2.4019658, 39.587642 ], [ 2.4019659, 39.587642 ], [ 2.401966, 39.5876421 ], [ 2.4019661, 39.5876421 ], [ 2.4019663, 39.5876422 ], [ 2.4019664, 39.5876422 ], [ 2.4019666, 39.5876423 ], [ 2.4019667, 39.5876424 ], [ 2.4019669, 39.5876425 ], [ 2.4019671, 39.5876426 ], [ 2.4019674, 39.5876428 ], [ 2.4019677, 39.587643 ], [ 2.401968, 39.5876433 ], [ 2.4019684, 39.5876437 ], [ 2.4019689, 39.5876442 ], [ 2.4019695, 39.5876448 ], [ 2.4019702, 39.5876457 ], [ 2.4019712, 39.587647 ], [ 2.4019725, 39.5876491 ], [ 2.4019744, 39.5876523 ], [ 2.4019774, 39.587658 ], [ 2.4019821, 39.587668799999989 ], [ 2.4019905, 39.5876919 ], [ 2.4020037, 39.5877416 ], [ 2.402005, 39.5877907 ], [ 2.4019808, 39.5877453 ], [ 2.4019672, 39.5876956 ], [ 2.4019629, 39.5876719 ] ] ] } },
{ "type": "Feature", "properties": { "PlotID": "MANFV13", "windspeed": 40.0, "time": "15", "clipped_m2": 1007.0555641059764, "clipped_ha": 0.10070555641059764, "wspd": "40" }, "geometry": { "type": "Polygon", "coordinates": [ [ [ 2.4038037, 39.5905838 ], [ 2.403795, 39.5905099 ], [ 2.403793, 39.59047 ], [ 2.4037933, 39.5904464 ], [ 2.4037943, 39.5904315 ], [ 2.4037957, 39.5904214 ], [ 2.403797, 39.5904143 ], [ 2.4037983, 39.5904091 ], [ 2.4037996, 39.5904052 ], [ 2.4038007, 39.5904021 ], [ 2.4038017, 39.5903997 ], [ 2.4038027, 39.5903978 ], [ 2.4038036, 39.5903962 ], [ 2.4038044, 39.5903949 ], [ 2.4038052, 39.590393899999988 ], [ 2.4038059, 39.5903929 ], [ 2.4038066, 39.5903921 ], [ 2.4038073, 39.5903915 ], [ 2.4038079, 39.5903909 ], [ 2.4038085, 39.5903904 ], [ 2.403809, 39.5903899 ], [ 2.4038096, 39.5903895 ], [ 2.4038101, 39.5903892 ], [ 2.4038106, 39.5903889 ], [ 2.4038111, 39.5903886 ], [ 2.4038116, 39.5903883 ], [ 2.403812, 39.5903881 ], [ 2.4038125, 39.590387899999989 ], [ 2.4038129, 39.5903878 ], [ 2.4038134, 39.5903876 ], [ 2.4038139, 39.5903875 ], [ 2.4038143, 39.5903873 ], [ 2.4038148, 39.5903873 ], [ 2.4038152, 39.5903872 ], [ 2.4038157, 39.5903871 ], [ 2.4038161, 39.590387 ], [ 2.4038166, 39.590387 ], [ 2.4038171, 39.590387 ], [ 2.4038176, 39.590387 ], [ 2.4038181, 39.590387 ], [ 2.4038186, 39.590387 ], [ 2.4038192, 39.5903871 ], [ 2.4038197, 39.5903871 ], [ 2.4038203, 39.5903872 ], [ 2.4038209, 39.5903874 ], [ 2.4038216, 39.5903875 ], [ 2.4038223, 39.5903877 ], [ 2.403823, 39.590387899999989 ], [ 2.4038239, 39.5903882 ], [ 2.4038247, 39.5903886 ], [ 2.4038257, 39.590389 ], [ 2.4038267, 39.5903895 ], [ 2.4038279, 39.5903901 ], [ 2.4038292, 39.5903908 ], [ 2.4038306, 39.5903918 ], [ 2.4038322, 39.5903929 ], [ 2.4038341, 39.5903944 ], [ 2.4038364, 39.5903962 ], [ 2.403839, 39.5903986 ], [ 2.4038422, 39.5904018 ], [ 2.4038461, 39.5904061 ], [ 2.4038512, 39.5904122 ], [ 2.4038577, 39.590421 ], [ 2.4038666, 39.5904343 ], [ 2.4038793, 39.5904557 ], [ 2.4038986, 39.5904927 ], [ 2.4039299, 39.5905629 ], [ 2.4039834, 39.5907096 ], [ 2.4040635, 39.5910129 ], [ 2.4040675, 39.5912978 ], [ 2.4039202, 39.5910367 ], [ 2.4038326, 39.5907346 ], [ 2.4038037, 39.5905838 ] ] ] } },
{ "type": "Feature", "properties": { "PlotID": "MANFV14", "windspeed": 40.0, "time": "15", "clipped_m2": 29.459142749081366, "clipped_ha": 0.0029459142749081366, "wspd": "40" }, "geometry": { "type": "Polygon", "coordinates": [ [ [ 2.4107403, 39.5948589 ], [ 2.4107395, 39.594848299999988 ], [ 2.4107395, 39.5948429 ], [ 2.4107396, 39.5948397 ], [ 2.4107398, 39.5948377 ], [ 2.4107401, 39.5948364 ], [ 2.4107403, 39.5948355 ], [ 2.4107405, 39.5948348 ], [ 2.4107406, 39.5948343 ], [ 2.4107408, 39.594834 ], [ 2.4107409, 39.5948337 ], [ 2.4107411, 39.5948334 ], [ 2.4107412, 39.5948332 ], [ 2.4107413, 39.594833 ], [ 2.4107414, 39.5948329 ], [ 2.4107415, 39.5948328 ], [ 2.4107416, 39.5948327 ], [ 2.4107417, 39.5948326 ], [ 2.4107418, 39.594832499999988 ], [ 2.4107419, 39.5948324 ], [ 2.410742, 39.5948324 ], [ 2.4107421, 39.5948323 ], [ 2.4107422, 39.5948323 ], [ 2.4107422, 39.5948322 ], [ 2.4107423, 39.5948322 ], [ 2.4107424, 39.5948322 ], [ 2.4107424, 39.5948321 ], [ 2.4107425, 39.5948321 ], [ 2.4107426, 39.5948321 ], [ 2.4107427, 39.5948321 ], [ 2.4107428, 39.5948321 ], [ 2.4107429, 39.5948321 ], [ 2.410743, 39.5948321 ], [ 2.4107431, 39.5948321 ], [ 2.4107432, 39.5948321 ], [ 2.4107433, 39.5948321 ], [ 2.4107434, 39.5948321 ], [ 2.4107435, 39.5948321 ], [ 2.4107436, 39.5948322 ], [ 2.4107437, 39.5948322 ], [ 2.4107438, 39.5948322 ], [ 2.4107439, 39.5948323 ], [ 2.410744, 39.5948323 ], [ 2.4107442, 39.5948324 ], [ 2.4107443, 39.594832499999988 ], [ 2.4107445, 39.5948326 ], [ 2.4107447, 39.5948327 ], [ 2.4107449, 39.5948329 ], [ 2.4107451, 39.594833 ], [ 2.4107454, 39.5948333 ], [ 2.4107457, 39.5948336 ], [ 2.4107461, 39.594834 ], [ 2.4107466, 39.5948346 ], [ 2.4107472, 39.5948354 ], [ 2.4107481, 39.5948365 ], [ 2.4107492, 39.5948383 ], [ 2.4107508, 39.5948412 ], [ 2.4107534, 39.5948463 ], [ 2.4107577, 39.5948564 ], [ 2.4107658, 39.5948795 ], [ 2.4107812, 39.594938 ], [ 2.4107865, 39.5950105 ], [ 2.410757, 39.5949415 ], [ 2.4107437, 39.5948827 ], [ 2.4107403, 39.5948589 ] ] ] } },
{ "type": "Feature", "properties": { "PlotID": "MANFV15", "windspeed": 40.0, "time": "15", "clipped_m2": 1.4423607242551952, "clipped_ha": 0.00014423607242551953, "wspd": "40" }, "geometry": { "type": "Polygon", "coordinates": [ [ [ 2.4106313, 39.5928683 ], [ 2.4106313, 39.5928681 ], [ 2.4106313, 39.592868 ], [ 2.4106313, 39.5928679 ], [ 2.4106313, 39.5928678 ], [ 2.4106314, 39.5928678 ], [ 2.4106315, 39.5928678 ], [ 2.4106315, 39.5928679 ], [ 2.4106316, 39.592868 ], [ 2.4106317, 39.5928682 ], [ 2.4106319, 39.5928689 ], [ 2.410633, 39.5928721 ], [ 2.4107035, 39.5931571 ], [ 2.410632, 39.5928723 ], [ 2.4106314, 39.5928689 ], [ 2.4106313, 39.5928683 ] ] ] } },
{ "type": "Feature", "properties": { "PlotID": "MANFV16", "windspeed": 40.0, "time": "15", "clipped_m2": 173.05613061168697, "clipped_ha": 0.017305613061168696, "wspd": "40" }, "geometry": { "type": "Polygon", "coordinates": [ [ [ 2.4055803, 39.5843847 ], [ 2.4055692, 39.5843556 ], [ 2.405563, 39.584331 ], [ 2.4055602, 39.5843113 ], [ 2.4055593, 39.5842959 ], [ 2.4055595, 39.5842839 ], [ 2.4055605, 39.5842744 ], [ 2.4055617, 39.584267 ], [ 2.4055632, 39.584261 ], [ 2.4055646, 39.5842562 ], [ 2.4055661, 39.5842522 ], [ 2.4055676, 39.5842489 ], [ 2.405569, 39.5842462 ], [ 2.4055704, 39.5842439 ], [ 2.4055717, 39.5842419 ], [ 2.405573, 39.5842402 ], [ 2.4055742, 39.5842388 ], [ 2.4055754, 39.5842375 ], [ 2.4055765, 39.5842364 ], [ 2.4055776, 39.5842355 ], [ 2.4055786, 39.5842346 ], [ 2.4055796, 39.5842339 ], [ 2.4055806, 39.5842332 ], [ 2.4055815, 39.5842326 ], [ 2.4055825, 39.5842321 ], [ 2.4055834, 39.5842316 ], [ 2.4055843, 39.5842312 ], [ 2.4055852, 39.5842308 ], [ 2.4055861, 39.5842305 ], [ 2.405587, 39.5842302 ], [ 2.4055878, 39.58423 ], [ 2.4055887, 39.5842297 ], [ 2.4055896, 39.5842296 ], [ 2.4055905, 39.5842294 ], [ 2.4055913, 39.5842293 ], [ 2.4055922, 39.5842292 ], [ 2.4055931, 39.5842291 ], [ 2.4055941, 39.5842291 ], [ 2.405595, 39.5842291 ], [ 2.405596, 39.5842291 ], [ 2.405597, 39.5842292 ], [ 2.4055981, 39.5842293 ], [ 2.4055991, 39.5842295 ], [ 2.4056003, 39.5842297 ], [ 2.4056014, 39.58423 ], [ 2.4056027, 39.5842303 ], [ 2.405604, 39.5842307 ], [ 2.4056054, 39.5842311 ], [ 2.4056068, 39.5842317 ], [ 2.4056084, 39.5842324 ], [ 2.4056101, 39.5842332 ], [ 2.405612, 39.5842342 ], [ 2.405614, 39.5842354 ], [ 2.4056162, 39.5842368 ], [ 2.4056186, 39.5842385 ], [ 2.4056213, 39.5842406 ], [ 2.4056243, 39.5842432 ], [ 2.4056276, 39.5842464 ], [ 2.4056314, 39.5842504 ], [ 2.4056357, 39.5842555 ], [ 2.4056406, 39.584262 ], [ 2.4056461, 39.5842704 ], [ 2.4056523, 39.5842814 ], [ 2.4056592, 39.5842959 ], [ 2.4056664, 39.584315 ], [ 2.405673, 39.5843395 ], [ 2.4056772, 39.5843696 ], [ 2.405676, 39.5844027 ], [ 2.4056661, 39.5844314 ], [ 2.4056464, 39.5844453 ], [ 2.4056214, 39.584438299999988 ], [ 2.4055979, 39.5844148 ], [ 2.4055803, 39.5843847 ] ] ] } },
{ "type": "Feature", "properties": { "PlotID": "MANFV17", "windspeed": 40.0, "time": "15", "clipped_m2": 22.454734468396055, "clipped_ha": 0.0022454734468396052, "wspd": "40" }, "geometry": { "type": "Polygon", "coordinates": [ [ [ 2.4030951, 39.6011008 ], [ 2.4030947, 39.6010969 ], [ 2.4030947, 39.6010951 ], [ 2.4030947, 39.601094 ], [ 2.4030947, 39.6010934 ], [ 2.4030948, 39.601093 ], [ 2.4030949, 39.6010927 ], [ 2.4030949, 39.6010925 ], [ 2.403095, 39.6010923 ], [ 2.403095, 39.6010922 ], [ 2.4030951, 39.6010921 ], [ 2.4030951, 39.601092 ], [ 2.4030952, 39.6010919 ], [ 2.4030952, 39.6010918 ], [ 2.4030953, 39.6010918 ], [ 2.4030953, 39.6010917 ], [ 2.4030954, 39.6010917 ], [ 2.4030955, 39.6010917 ], [ 2.4030955, 39.6010916 ], [ 2.4030956, 39.6010916 ], [ 2.4030957, 39.6010916 ], [ 2.4030958, 39.6010916 ], [ 2.4030958, 39.6010917 ], [ 2.4030959, 39.6010917 ], [ 2.403096, 39.6010917 ], [ 2.4030961, 39.6010917 ], [ 2.4030961, 39.6010918 ], [ 2.4030962, 39.6010918 ], [ 2.4030962, 39.6010919 ], [ 2.4030963, 39.6010919 ], [ 2.4030964, 39.601092 ], [ 2.4030965, 39.6010921 ], [ 2.4030966, 39.6010922 ], [ 2.4030968, 39.6010924 ], [ 2.403097, 39.6010926 ], [ 2.4030973, 39.601093 ], [ 2.4030977, 39.6010935 ], [ 2.4030982, 39.6010945 ], [ 2.4030992, 39.6010962 ], [ 2.403101, 39.6010998 ], [ 2.4031052, 39.6011099 ], [ 2.4031206, 39.6011541 ], [ 2.403177, 39.6013824 ], [ 2.4031062, 39.6011565 ], [ 2.4030966, 39.6011113 ], [ 2.4030951, 39.6011008 ] ] ] } },
{ "type": "Feature", "properties": { "PlotID": "MANFV18", "windspeed": 40.0, "time": "15", "clipped_m2": 1.7205018785462016, "clipped_ha": 0.00017205018785462016, "wspd": "40" }, "geometry": { "type": "Polygon", "coordinates": [ [ [ 2.4027594, 39.5995335 ], [ 2.4027594, 39.5995325 ], [ 2.4027594, 39.5995321 ], [ 2.4027594, 39.5995318 ], [ 2.4027594, 39.5995317 ], [ 2.4027594, 39.5995316 ], [ 2.4027594, 39.5995315 ], [ 2.4027594, 39.5995314 ], [ 2.4027595, 39.5995314 ], [ 2.4027595, 39.5995313 ], [ 2.4027595, 39.5995312 ], [ 2.4027596, 39.5995312 ], [ 2.4027597, 39.5995312 ], [ 2.4027597, 39.5995313 ], [ 2.4027598, 39.5995313 ], [ 2.4027598, 39.5995314 ], [ 2.4027599, 39.5995314 ], [ 2.4027599, 39.5995315 ], [ 2.40276, 39.5995316 ], [ 2.4027601, 39.5995317 ], [ 2.4027602, 39.5995319 ], [ 2.4027604, 39.5995323 ], [ 2.4027609, 39.5995332 ], [ 2.4027619, 39.5995357 ], [ 2.4027657, 39.599547 ], [ 2.4027836, 39.5996213 ], [ 2.4027621, 39.5995476 ], [ 2.4027598, 39.599536 ], [ 2.4027594, 39.5995335 ] ] ] } },
{ "type": "Feature", "properties": { "PlotID": "MANFV19", "windspeed": 40.0, "time": "15", "clipped_m2": 7.3087927824817598, "clipped_ha": 0.00073087927824817594, "wspd": "40" }, "geometry": { "type": "Polygon", "coordinates": [ [ [ 2.4026587, 39.600246 ], [ 2.4026562, 39.6002405 ], [ 2.4026547, 39.6002357 ], [ 2.4026539, 39.600231699999988 ], [ 2.4026536, 39.6002285 ], [ 2.4026535, 39.6002259 ], [ 2.4026536, 39.600223899999989 ], [ 2.4026538, 39.6002223 ], [ 2.4026541, 39.600221 ], [ 2.4026544, 39.6002199 ], [ 2.4026547, 39.600219 ], [ 2.402655, 39.6002183 ], [ 2.4026553, 39.6002177 ], [ 2.4026556, 39.6002171 ], [ 2.4026559, 39.6002167 ], [ 2.4026561, 39.6002163 ], [ 2.4026564, 39.600216 ], [ 2.4026566, 39.6002157 ], [ 2.4026569, 39.6002154 ], [ 2.4026571, 39.6002152 ], [ 2.4026574, 39.600215 ], [ 2.4026576, 39.6002148 ], [ 2.4026578, 39.6002147 ], [ 2.402658, 39.6002145 ], [ 2.4026582, 39.6002144 ], [ 2.4026584, 39.6002143 ], [ 2.4026586, 39.6002142 ], [ 2.4026588, 39.6002141 ], [ 2.402659, 39.600214 ], [ 2.4026592, 39.600214 ], [ 2.4026594, 39.6002139 ], [ 2.4026596, 39.6002139 ], [ 2.4026598, 39.6002138 ], [ 2.40266, 39.6002138 ], [ 2.4026602, 39.6002137 ], [ 2.4026604, 39.6002137 ], [ 2.4026606, 39.6002137 ], [ 2.4026609, 39.6002137 ], [ 2.4026611, 39.6002137 ], [ 2.4026613, 39.6002137 ], [ 2.4026615, 39.6002137 ], [ 2.4026618, 39.6002137 ], [ 2.402662, 39.6002138 ], [ 2.4026623, 39.6002138 ], [ 2.4026625, 39.6002139 ], [ 2.4026628, 39.6002139 ], [ 2.4026631, 39.600214 ], [ 2.4026634, 39.6002141 ], [ 2.4026638, 39.6002143 ], [ 2.4026641, 39.6002144 ], [ 2.4026645, 39.6002146 ], [ 2.4026649, 39.6002148 ], [ 2.4026654, 39.6002151 ], [ 2.4026659, 39.6002154 ], [ 2.4026665, 39.6002158 ], [ 2.4026671, 39.6002162 ], [ 2.4026677, 39.6002168 ], [ 2.4026685, 39.6002175 ], [ 2.4026693, 39.6002184 ], [ 2.4026703, 39.6002195 ], [ 2.4026713, 39.6002209 ], [ 2.4026725, 39.600222699999989 ], [ 2.4026739, 39.600225 ], [ 2.4026753, 39.6002281 ], [ 2.4026767, 39.6002319 ], [ 2.402678, 39.6002368 ], [ 2.4026787, 39.6002426 ], [ 2.4026782, 39.6002487 ], [ 2.4026761, 39.6002539 ], [ 2.4026722, 39.6002565 ], [ 2.4026672, 39.6002554 ], [ 2.4026625, 39.6002514 ], [ 2.4026587, 39.600246 ] ] ] } },
{ "type": "Feature", "properties": { "PlotID": "MANFV20", "windspeed": 40.0, "time": "15", "clipped_m2": 82.617943293647841, "clipped_ha": 0.0082617943293647848, "wspd": "40" }, "geometry": { "type": "Polygon", "coordinates": [ [ [ 2.4148377, 39.5912011 ], [ 2.4148375, 39.5911984 ], [ 2.4148374, 39.5911972 ], [ 2.4148375, 39.5911965 ], [ 2.4148375, 39.5911961 ], [ 2.4148375, 39.5911959 ], [ 2.4148376, 39.5911957 ], [ 2.4148376, 39.5911955 ], [ 2.4148376, 39.591195399999989 ], [ 2.4148377, 39.5911954 ], [ 2.4148377, 39.5911953 ], [ 2.4148377, 39.5911952 ], [ 2.4148378, 39.5911952 ], [ 2.4148378, 39.5911951 ], [ 2.4148379, 39.5911951 ], [ 2.4148379, 39.591195 ], [ 2.414838, 39.591195 ], [ 2.4148381, 39.591195 ], [ 2.4148382, 39.591195 ], [ 2.4148383, 39.591195 ], [ 2.4148384, 39.5911951 ], [ 2.4148385, 39.5911951 ], [ 2.4148385, 39.5911952 ], [ 2.4148386, 39.5911952 ], [ 2.4148386, 39.591195299999988 ], [ 2.4148387, 39.5911954 ], [ 2.4148388, 39.5911955 ], [ 2.414839, 39.5911956 ], [ 2.4148391, 39.591195899999988 ], [ 2.4148394, 39.5911962 ], [ 2.4148398, 39.5911968 ], [ 2.4148404, 39.591198 ], [ 2.4148416, 39.5912004 ], [ 2.4148446, 39.5912074 ], [ 2.4148581, 39.5912446 ], [ 2.415245, 39.5926287 ], [ 2.4148467, 39.5912465 ], [ 2.4148388, 39.5912084 ], [ 2.4148377, 39.5912011 ] ] ] } },
{ "type": "Feature", "properties": { "PlotID": "MANFV21", "windspeed": 40.0, "time": "15", "clipped_m2": 78.045924478705274, "clipped_ha": 0.0078045924478705271, "wspd": "40" }, "geometry": { "type": "Polygon", "coordinates": [ [ [ 2.4045294, 39.5845979 ], [ 2.4045292, 39.5845954 ], [ 2.4045292, 39.5845942 ], [ 2.4045292, 39.5845936 ], [ 2.4045292, 39.5845932 ], [ 2.4045293, 39.5845929 ], [ 2.4045293, 39.5845928 ], [ 2.4045293, 39.5845926 ], [ 2.4045294, 39.5845925 ], [ 2.4045294, 39.5845924 ], [ 2.4045295, 39.5845923 ], [ 2.4045295, 39.5845922 ], [ 2.4045296, 39.5845922 ], [ 2.4045296, 39.584592099999988 ], [ 2.4045297, 39.5845921 ], [ 2.4045298, 39.584592099999988 ], [ 2.4045299, 39.584592099999988 ], [ 2.40453, 39.584592099999988 ], [ 2.40453, 39.5845922 ], [ 2.4045301, 39.5845922 ], [ 2.4045302, 39.5845922 ], [ 2.4045302, 39.5845923 ], [ 2.4045303, 39.5845923 ], [ 2.4045303, 39.5845924 ], [ 2.4045304, 39.5845924 ], [ 2.4045305, 39.5845926 ], [ 2.4045306, 39.5845927 ], [ 2.4045308, 39.5845929 ], [ 2.404531, 39.5845933 ], [ 2.4045314, 39.5845938 ], [ 2.404532, 39.5845949 ], [ 2.4045331, 39.5845973 ], [ 2.404536, 39.584604 ], [ 2.4045488, 39.5846394 ], [ 2.4049309, 39.5860143 ], [ 2.4045379, 39.5846412 ], [ 2.4045304, 39.5846049 ], [ 2.4045294, 39.5845979 ] ] ] } },
{ "type": "Feature", "properties": { "PlotID": "MANFV22", "windspeed": 40.0, "time": "15", "clipped_m2": 57.753605487116147, "clipped_ha": 0.0057753605487116146, "wspd": "40" }, "geometry": { "type": "Polygon", "coordinates": [ [ [ 2.4059893, 39.5827397 ], [ 2.4059891, 39.5827375 ], [ 2.4059891, 39.5827364 ], [ 2.4059891, 39.5827358 ], [ 2.4059891, 39.5827354 ], [ 2.4059891, 39.5827352 ], [ 2.4059892, 39.582735 ], [ 2.4059892, 39.5827349 ], [ 2.4059892, 39.5827348 ], [ 2.4059893, 39.5827347 ], [ 2.4059893, 39.5827346 ], [ 2.4059894, 39.5827346 ], [ 2.4059894, 39.5827345 ], [ 2.4059895, 39.5827345 ], [ 2.4059895, 39.5827344 ], [ 2.4059896, 39.5827344 ], [ 2.4059897, 39.5827344 ], [ 2.4059897, 39.5827345 ], [ 2.4059898, 39.5827345 ], [ 2.4059899, 39.5827345 ], [ 2.4059899, 39.5827346 ], [ 2.40599, 39.5827346 ], [ 2.4059901, 39.582734699999989 ], [ 2.4059902, 39.5827348 ], [ 2.4059902, 39.5827349 ], [ 2.4059904, 39.582735 ], [ 2.4059905, 39.582735199999988 ], [ 2.4059907, 39.5827355 ], [ 2.4059911, 39.582736 ], [ 2.4059916, 39.582737 ], [ 2.4059927, 39.5827392 ], [ 2.4059954, 39.5827453 ], [ 2.4060072, 39.5827776 ], [ 2.4063203, 39.5838822 ], [ 2.4059973, 39.5827794 ], [ 2.4059903, 39.5827462 ], [ 2.4059893, 39.5827397 ] ] ] } },
{ "type": "Feature", "properties": { "PlotID": "MANFV23", "windspeed": 40.0, "time": "15", "clipped_m2": 748.08532897208352, "clipped_ha": 0.074808532897208346, "wspd": "40" }, "geometry": { "type": "Polygon", "coordinates": [ [ [ 2.413873, 39.5950553 ], [ 2.4138723, 39.5950476 ], [ 2.4138722, 39.5950439 ], [ 2.4138723, 39.5950419 ], [ 2.4138724, 39.5950407 ], [ 2.4138725, 39.5950399 ], [ 2.4138726, 39.5950394 ], [ 2.4138727, 39.595039 ], [ 2.4138728, 39.5950387 ], [ 2.4138729, 39.5950385 ], [ 2.4138729, 39.5950383 ], [ 2.413873, 39.5950381 ], [ 2.4138731, 39.595038 ], [ 2.4138731, 39.5950379 ], [ 2.4138732, 39.5950378 ], [ 2.4138733, 39.5950378 ], [ 2.4138733, 39.5950377 ], [ 2.4138734, 39.5950376 ], [ 2.4138735, 39.5950376 ], [ 2.4138735, 39.5950375 ], [ 2.4138736, 39.5950375 ], [ 2.4138737, 39.5950374 ], [ 2.4138738, 39.5950374 ], [ 2.4138739, 39.5950374 ], [ 2.413874, 39.5950374 ], [ 2.413874, 39.5950373 ], [ 2.4138741, 39.5950373 ], [ 2.4138742, 39.5950373 ], [ 2.4138743, 39.5950374 ], [ 2.4138744, 39.5950374 ], [ 2.4138745, 39.5950374 ], [ 2.4138746, 39.5950374 ], [ 2.4138746, 39.5950375 ], [ 2.4138747, 39.5950375 ], [ 2.4138748, 39.5950375 ], [ 2.4138749, 39.5950376 ], [ 2.413875, 39.5950376 ], [ 2.4138751, 39.5950377 ], [ 2.4138752, 39.5950378 ], [ 2.4138753, 39.5950379 ], [ 2.4138755, 39.595038 ], [ 2.4138757, 39.5950382 ], [ 2.413876, 39.5950384 ], [ 2.4138763, 39.5950388 ], [ 2.4138767, 39.5950392 ], [ 2.4138772, 39.5950399 ], [ 2.4138779, 39.595041 ], [ 2.4138791, 39.5950428 ], [ 2.4138809, 39.5950461 ], [ 2.4138845, 39.5950533 ], [ 2.4138935, 39.5950741 ], [ 2.4139334, 39.5951841 ], [ 2.4151234, 39.5994277 ], [ 2.4138996, 39.5951898 ], [ 2.4138762, 39.5950771 ], [ 2.413873, 39.5950553 ] ] ] } },
{ "type": "Feature", "properties": { "PlotID": "MANFV24", "windspeed": 40.0, "time": "15", "clipped_m2": 2.4503983849281212, "clipped_ha": 0.00024503983849281214, "wspd": "40" }, "geometry": { "type": "Polygon", "coordinates": [ [ [ 2.4000915, 39.5940204 ], [ 2.4000904, 39.5940165 ], [ 2.4000899, 39.5940134 ], [ 2.4000898, 39.5940111 ], [ 2.4000898, 39.5940093 ], [ 2.4000899, 39.594008 ], [ 2.40009, 39.594007 ], [ 2.4000902, 39.5940062 ], [ 2.4000904, 39.594005599999988 ], [ 2.4000906, 39.5940051 ], [ 2.4000908, 39.5940047 ], [ 2.4000909, 39.5940043 ], [ 2.4000911, 39.5940041 ], [ 2.4000912, 39.5940038 ], [ 2.4000914, 39.5940036 ], [ 2.4000915, 39.5940035 ], [ 2.4000916, 39.5940033 ], [ 2.4000918, 39.5940032 ], [ 2.4000919, 39.5940031 ], [ 2.400092, 39.594003 ], [ 2.4000921, 39.5940029 ], [ 2.4000922, 39.5940029 ], [ 2.4000923, 39.5940028 ], [ 2.4000924, 39.5940027 ], [ 2.4000925, 39.5940027 ], [ 2.4000926, 39.5940026 ], [ 2.4000927, 39.5940026 ], [ 2.4000928, 39.5940026 ], [ 2.4000929, 39.5940025 ], [ 2.400093, 39.5940025 ], [ 2.4000931, 39.5940025 ], [ 2.4000932, 39.5940024 ], [ 2.4000933, 39.5940024 ], [ 2.4000934, 39.5940024 ], [ 2.4000935, 39.5940024 ], [ 2.4000936, 39.5940024 ], [ 2.4000937, 39.5940024 ], [ 2.4000938, 39.5940024 ], [ 2.4000939, 39.5940024 ], [ 2.400094, 39.5940024 ], [ 2.4000941, 39.5940024 ], [ 2.4000942, 39.5940025 ], [ 2.4000943, 39.5940025 ], [ 2.4000944, 39.5940025 ], [ 2.4000945, 39.5940025 ], [ 2.4000946, 39.5940026 ], [ 2.4000948, 39.5940026 ], [ 2.4000949, 39.5940027 ], [ 2.4000951, 39.5940028 ], [ 2.4000953, 39.5940028 ], [ 2.4000954, 39.5940029 ], [ 2.4000956, 39.5940031 ], [ 2.4000959, 39.5940032 ], [ 2.4000961, 39.5940034 ], [ 2.4000964, 39.5940036 ], [ 2.4000967, 39.5940039 ], [ 2.400097, 39.5940042 ], [ 2.4000974, 39.5940046 ], [ 2.4000978, 39.5940052 ], [ 2.4000984, 39.5940059 ], [ 2.400099, 39.5940068 ], [ 2.4000997, 39.594008 ], [ 2.4001004, 39.5940097 ], [ 2.4001013, 39.5940119 ], [ 2.4001022, 39.5940149 ], [ 2.4001029, 39.594018899999988 ], [ 2.400103, 39.5940235 ], [ 2.4001019, 39.5940278 ], [ 2.4000995, 39.5940298 ], [ 2.4000963, 39.5940285 ], [ 2.4000934, 39.5940248 ], [ 2.4000915, 39.5940204 ] ] ] } },
{ "type": "Feature", "properties": { "PlotID": "MANFV25", "windspeed": 40.0, "time": "15", "clipped_m2": 75.648910066927783, "clipped_ha": 0.0075648910066927781, "wspd": "40" }, "geometry": { "type": "Polygon", "coordinates": [ [ [ 2.4003893, 39.5930624 ], [ 2.4003874, 39.5930433 ], [ 2.4003871, 39.5930332 ], [ 2.4003873, 39.5930273 ], [ 2.4003876, 39.593023599999988 ], [ 2.400388, 39.593021 ], [ 2.4003883, 39.5930193 ], [ 2.4003887, 39.593018 ], [ 2.400389, 39.593017 ], [ 2.4003893, 39.5930163 ], [ 2.4003895, 39.5930157 ], [ 2.4003898, 39.593015199999989 ], [ 2.40039, 39.5930148 ], [ 2.4003902, 39.5930145 ], [ 2.4003904, 39.5930143 ], [ 2.4003906, 39.593014 ], [ 2.4003908, 39.5930138 ], [ 2.4003909, 39.5930137 ], [ 2.4003911, 39.5930135 ], [ 2.4003912, 39.5930134 ], [ 2.4003914, 39.5930133 ], [ 2.4003915, 39.5930132 ], [ 2.4003916, 39.5930131 ], [ 2.4003918, 39.593013 ], [ 2.4003919, 39.593013 ], [ 2.400392, 39.5930129 ], [ 2.4003921, 39.5930129 ], [ 2.4003922, 39.5930128 ], [ 2.4003923, 39.5930128 ], [ 2.4003925, 39.593012699999989 ], [ 2.4003926, 39.5930127 ], [ 2.4003927, 39.593012699999989 ], [ 2.4003928, 39.5930126 ], [ 2.4003929, 39.5930126 ], [ 2.400393, 39.5930126 ], [ 2.4003931, 39.5930126 ], [ 2.4003932, 39.5930126 ], [ 2.4003934, 39.5930126 ], [ 2.4003935, 39.5930126 ], [ 2.4003936, 39.5930126 ], [ 2.4003937, 39.5930126 ], [ 2.4003939, 39.5930126 ], [ 2.400394, 39.5930126 ], [ 2.4003942, 39.5930127 ], [ 2.4003943, 39.5930127 ], [ 2.4003945, 39.5930127 ], [ 2.4003946, 39.5930128 ], [ 2.4003948, 39.5930128 ], [ 2.400395, 39.5930129 ], [ 2.4003952, 39.593013 ], [ 2.4003955, 39.5930131 ], [ 2.4003957, 39.5930132 ], [ 2.400396, 39.5930134 ], [ 2.4003963, 39.5930136 ], [ 2.4003967, 39.5930138 ], [ 2.4003971, 39.5930141 ], [ 2.4003976, 39.5930144 ], [ 2.4003981, 39.5930149 ], [ 2.4003987, 39.5930155 ], [ 2.4003995, 39.5930163 ], [ 2.4004005, 39.5930174 ], [ 2.4004017, 39.5930189 ], [ 2.4004033, 39.5930211 ], [ 2.4004055, 39.5930244 ], [ 2.4004086, 39.5930298 ], [ 2.4004134, 39.5930392 ], [ 2.4004214, 39.5930574 ], [ 2.4004354, 39.5930967 ], [ 2.4004584, 39.5931842 ], [ 2.4004617, 39.5932745 ], [ 2.4004192, 39.5931904 ], [ 2.4003962, 39.5931029 ], [ 2.4003893, 39.5930624 ] ] ] } },
{ "type": "Feature", "properties": { "PlotID": "MANFV26", "windspeed": 40.0, "time": "15", "clipped_m2": 633.62440663296729, "clipped_ha": 0.063362440663296729, "wspd": "40" }, "geometry": { "type": "Polygon", "coordinates": [ [ [ 2.4008531, 39.5947192 ], [ 2.4008341, 39.5946592 ], [ 2.4008245, 39.5946104 ], [ 2.4008208, 39.5945726 ], [ 2.4008204, 39.594543699999988 ], [ 2.4008217, 39.5945216 ], [ 2.400824, 39.5945046 ], [ 2.4008268, 39.5944913 ], [ 2.4008297, 39.5944807 ], [ 2.4008326, 39.5944722 ], [ 2.4008354, 39.5944653 ], [ 2.4008382, 39.5944596 ], [ 2.4008408, 39.5944548 ], [ 2.4008433, 39.5944509 ], [ 2.4008457, 39.5944475 ], [ 2.4008479, 39.5944446 ], [ 2.4008501, 39.5944421 ], [ 2.4008522, 39.59444 ], [ 2.4008542, 39.5944381 ], [ 2.4008561, 39.5944365 ], [ 2.4008579, 39.594435 ], [ 2.4008597, 39.5944337 ], [ 2.4008614, 39.5944326 ], [ 2.400863, 39.5944316 ], [ 2.4008647, 39.5944307 ], [ 2.4008663, 39.5944299 ], [ 2.4008678, 39.5944293 ], [ 2.4008694, 39.5944286 ], [ 2.4008709, 39.5944281 ], [ 2.4008724, 39.5944276 ], [ 2.4008739, 39.5944272 ], [ 2.4008754, 39.5944269 ], [ 2.4008769, 39.5944266 ], [ 2.4008784, 39.5944263 ], [ 2.40088, 39.5944261 ], [ 2.4008815, 39.594426 ], [ 2.4008831, 39.5944259 ], [ 2.4008847, 39.5944259 ], [ 2.4008863, 39.5944259 ], [ 2.400888, 39.594426 ], [ 2.4008897, 39.5944261 ], [ 2.4008915, 39.5944263 ], [ 2.4008934, 39.5944266 ], [ 2.4008953, 39.594427 ], [ 2.4008973, 39.5944275 ], [ 2.4008994, 39.594428 ], [ 2.4009017, 39.5944287 ], [ 2.400904, 39.5944296 ], [ 2.4009066, 39.5944306 ], [ 2.4009093, 39.5944318 ], [ 2.4009122, 39.5944332 ], [ 2.4009154, 39.594435 ], [ 2.4009188, 39.594437 ], [ 2.4009226, 39.5944395 ], [ 2.4009268, 39.5944425 ], [ 2.4009314, 39.5944462 ], [ 2.4009366, 39.5944508 ], [ 2.4009425, 39.5944565 ], [ 2.4009491, 39.5944636 ], [ 2.4009567, 39.5944727 ], [ 2.4009654, 39.5944844 ], [ 2.4009755, 39.5944996 ], [ 2.400987, 39.5945199 ], [ 2.4009999, 39.594547 ], [ 2.4010139, 39.5945833 ], [ 2.4010275, 39.5946315 ], [ 2.4010375, 39.5946928 ], [ 2.4010376, 39.5947627 ], [ 2.4010197, 39.5948255 ], [ 2.4009811, 39.5948557 ], [ 2.4009311, 39.5948382 ], [ 2.4008854, 39.5947845 ], [ 2.4008531, 39.5947192 ] ] ] } },
{ "type": "Feature", "properties": { "PlotID": "MANFV27", "windspeed": 40.0, "time": "15", "clipped_m2": 201.52402857347624, "clipped_ha": 0.020152402857347623, "wspd": "40" }, "geometry": { "type": "Polygon", "coordinates": [ [ [ 2.407813, 39.6016195 ], [ 2.4078004, 39.6016102 ], [ 2.4077892, 39.6016022 ], [ 2.407785, 39.601581 ], [ 2.4077866, 39.6015575 ], [ 2.4077887, 39.6015417 ], [ 2.4077908, 39.6015306 ], [ 2.4077929, 39.6015224 ], [ 2.4077948, 39.6015163 ], [ 2.4077966, 39.6015115 ], [ 2.4077982, 39.6015078 ], [ 2.4077997, 39.6015048 ], [ 2.4078011, 39.6015023 ], [ 2.4078024, 39.6015003 ], [ 2.4078036, 39.6014986 ], [ 2.4078048, 39.6014971 ], [ 2.4078059, 39.6014959 ], [ 2.4078069, 39.6014948 ], [ 2.4078078, 39.6014939 ], [ 2.4078088, 39.6014931 ], [ 2.4078096, 39.6014924 ], [ 2.4078105, 39.6014918 ], [ 2.4078113, 39.6014912 ], [ 2.4078121, 39.6014907 ], [ 2.4078129, 39.6014903 ], [ 2.4078136, 39.6014899 ], [ 2.4078143, 39.6014896 ], [ 2.4078151, 39.6014893 ], [ 2.4078158, 39.601489 ], [ 2.4078165, 39.6014887 ], [ 2.4078172, 39.6014885 ], [ 2.4078179, 39.6014884 ], [ 2.4078186, 39.6014882 ], [ 2.4078193, 39.6014881 ], [ 2.40782, 39.601488 ], [ 2.4078208, 39.6014879 ], [ 2.4078215, 39.6014878 ], [ 2.4078223, 39.6014878 ], [ 2.407823, 39.6014878 ], [ 2.4078238, 39.6014878 ], [ 2.4078247, 39.6014878 ], [ 2.4078254, 39.6014881 ], [ 2.4078259, 39.601488599999989 ], [ 2.4078265, 39.601489 ], [ 2.4078271, 39.6014894 ], [ 2.4078276, 39.6014898 ], [ 2.4078282, 39.6014902 ], [ 2.4078288, 39.6014907 ], [ 2.4078294, 39.6014911 ], [ 2.4078301, 39.6014916 ], [ 2.4078308, 39.6014921 ], [ 2.4078315, 39.6014927 ], [ 2.4078324, 39.6014933 ], [ 2.4078334, 39.601494 ], [ 2.4078347, 39.6014949 ], [ 2.4078361, 39.601496 ], [ 2.407838, 39.6014974 ], [ 2.4078406, 39.6014993 ], [ 2.4078443, 39.601502 ], [ 2.4078503, 39.6015064 ], [ 2.4078669, 39.6015173 ], [ 2.4078757, 39.6015273 ], [ 2.407886, 39.601541 ], [ 2.4079, 39.6015619 ], [ 2.4079199, 39.6015954 ], [ 2.4079501, 39.6016534 ], [ 2.4079991, 39.6017632 ], [ 2.4079342, 39.6017096 ], [ 2.4078953, 39.6016807 ], [ 2.407867, 39.6016596 ], [ 2.4078452, 39.6016434 ], [ 2.4078276, 39.6016304 ], [ 2.407813, 39.6016195 ] ] ] } },
{ "type": "Feature", "properties": { "PlotID": "MANFV28", "windspeed": 40.0, "time": "15", "clipped_m2": 222.45291418023407, "clipped_ha": 0.022245291418023408, "wspd": "40" }, "geometry": { "type": "Polygon", "coordinates": [ [ [ 2.4019602, 39.6024832 ], [ 2.4019562, 39.6024482 ], [ 2.4019553, 39.6024295 ], [ 2.4019554, 39.6024184 ], [ 2.4019559, 39.6024113 ], [ 2.4019566, 39.602406599999988 ], [ 2.4019572, 39.6024033 ], [ 2.4019578, 39.6024008 ], [ 2.4019584, 39.602399 ], [ 2.4019589, 39.6023976 ], [ 2.4019594, 39.6023965 ], [ 2.4019599, 39.6023956 ], [ 2.4019603, 39.6023948 ], [ 2.4019607, 39.6023942 ], [ 2.4019611, 39.6023937 ], [ 2.4019614, 39.602393299999989 ], [ 2.4019617, 39.6023929 ], [ 2.401962, 39.6023926 ], [ 2.4019623, 39.6023923 ], [ 2.4019626, 39.6023921 ], [ 2.4019628, 39.6023919 ], [ 2.4019631, 39.6023917 ], [ 2.4019633, 39.6023915 ], [ 2.4019636, 39.6023914 ], [ 2.4019638, 39.6023912 ], [ 2.401964, 39.6023911 ], [ 2.4019643, 39.602391 ], [ 2.4019645, 39.6023909 ], [ 2.4019647, 39.6023909 ], [ 2.4019649, 39.6023908 ], [ 2.4019651, 39.6023907 ], [ 2.4019653, 39.6023907 ], [ 2.4019655, 39.6023906 ], [ 2.4019657, 39.6023906 ], [ 2.401966, 39.6023906 ], [ 2.4019662, 39.6023905 ], [ 2.4019664, 39.6023905 ], [ 2.4019666, 39.6023905 ], [ 2.4019669, 39.6023905 ], [ 2.4019671, 39.6023905 ], [ 2.4019673, 39.6023905 ], [ 2.4019676, 39.6023905 ], [ 2.4019679, 39.6023906 ], [ 2.4019681, 39.6023906 ], [ 2.4019684, 39.6023907 ], [ 2.4019687, 39.6023908 ], [ 2.4019691, 39.6023908 ], [ 2.4019694, 39.602391 ], [ 2.4019698, 39.6023911 ], [ 2.4019702, 39.6023912 ], [ 2.4019707, 39.6023914 ], [ 2.4019711, 39.6023917 ], [ 2.4019717, 39.602392 ], [ 2.4019723, 39.6023923 ], [ 2.401973, 39.6023927 ], [ 2.4019737, 39.6023933 ], [ 2.4019746, 39.602394 ], [ 2.4019757, 39.6023948 ], [ 2.4019769, 39.602396 ], [ 2.4019784, 39.6023975 ], [ 2.4019802, 39.6023995 ], [ 2.4019826, 39.6024023 ], [ 2.4019857, 39.6024065 ], [ 2.4019898, 39.6024127 ], [ 2.4019958, 39.6024228 ], [ 2.4020049, 39.6024402 ], [ 2.4020196, 39.6024734 ], [ 2.402045, 39.6025432 ], [ 2.4020837, 39.6026893 ], [ 2.4020808, 39.602808499999988 ], [ 2.4020153, 39.6027006 ], [ 2.4019737, 39.6025549 ], [ 2.4019602, 39.6024832 ] ] ] } },
{ "type": "Feature", "properties": { "PlotID": "MANFV29", "windspeed": 40.0, "time": "15", "clipped_m2": 410.4724619211629, "clipped_ha": 0.041047246192116291, "wspd": "40" }, "geometry": { "type": "Polygon", "coordinates": [ [ [ 2.4101598, 39.6045181 ], [ 2.4101522, 39.6044471 ], [ 2.4101507, 39.6044093 ], [ 2.4101511, 39.6043872 ], [ 2.4101523, 39.6043731 ], [ 2.4101536, 39.6043637 ], [ 2.4101549, 39.604357 ], [ 2.4101562, 39.6043522 ], [ 2.4101574, 39.6043485 ], [ 2.4101585, 39.604345699999989 ], [ 2.4101594, 39.6043435 ], [ 2.4101604, 39.6043417 ], [ 2.4101612, 39.6043402 ], [ 2.410162, 39.604339 ], [ 2.4101627, 39.604338 ], [ 2.4101634, 39.6043372 ], [ 2.410164, 39.6043364 ], [ 2.4101647, 39.6043358 ], [ 2.4101652, 39.6043353 ], [ 2.4101658, 39.6043348 ], [ 2.4101663, 39.6043344 ], [ 2.4101668, 39.604334 ], [ 2.4101673, 39.6043337 ], [ 2.4101678, 39.6043334 ], [ 2.4101682, 39.6043331 ], [ 2.4101687, 39.6043329 ], [ 2.4101691, 39.6043327 ], [ 2.4101695, 39.6043325 ], [ 2.41017, 39.6043324 ], [ 2.4101704, 39.6043322 ], [ 2.4101708, 39.6043321 ], [ 2.4101712, 39.604332 ], [ 2.4101717, 39.6043319 ], [ 2.4101721, 39.6043319 ], [ 2.4101725, 39.6043318 ], [ 2.4101729, 39.604331699999989 ], [ 2.4101734, 39.604331699999989 ], [ 2.4101738, 39.604331699999989 ], [ 2.4101743, 39.604331699999989 ], [ 2.4101748, 39.604331699999989 ], [ 2.4101752, 39.604331699999989 ], [ 2.4101757, 39.6043318 ], [ 2.4101763, 39.6043318 ], [ 2.4101768, 39.6043319 ], [ 2.4101774, 39.6043321 ], [ 2.410178, 39.6043322 ], [ 2.4101787, 39.6043324 ], [ 2.4101794, 39.6043326 ], [ 2.4101801, 39.6043329 ], [ 2.4101809, 39.6043332 ], [ 2.4101818, 39.6043336 ], [ 2.4101828, 39.604334 ], [ 2.4101838, 39.6043346 ], [ 2.410185, 39.604335299999988 ], [ 2.4101864, 39.6043362 ], [ 2.4101879, 39.6043373 ], [ 2.4101897, 39.6043386 ], [ 2.4101917, 39.6043404 ], [ 2.4101942, 39.6043426 ], [ 2.4101971, 39.6043456 ], [ 2.4102008, 39.6043496 ], [ 2.4102054, 39.6043553 ], [ 2.4102115, 39.6043636 ], [ 2.4102198, 39.604376099999989 ], [ 2.4102317, 39.6043963 ], [ 2.4102498, 39.6044314 ], [ 2.4102795, 39.6044988 ], [ 2.4103298, 39.604639 ], [ 2.4103055, 39.6046754 ], [ 2.4102735, 39.6047082 ], [ 2.4102403, 39.6047735 ], [ 2.4101863, 39.6046662 ], [ 2.4101598, 39.6045181 ] ] ] } },
{ "type": "Feature", "properties": { "PlotID": "MANFV01", "windspeed": 10.0, "time": "30", "clipped_m2": 141.37605912995059, "clipped_ha": 0.014137605912995059, "wspd": "10" }, "geometry": { "type": "Polygon", "coordinates": [ [ [ 2.4127554, 39.5994686 ], [ 2.4127447, 39.599463799999988 ], [ 2.4127351, 39.5994578 ], [ 2.412727, 39.5994509 ], [ 2.4127202, 39.5994435 ], [ 2.4127149, 39.5994357 ], [ 2.4127108, 39.599428 ], [ 2.4127079, 39.5994204 ], [ 2.4127061, 39.5994131 ], [ 2.4127051, 39.5994062 ], [ 2.4127048, 39.5993997 ], [ 2.4127052, 39.5993936 ], [ 2.4127061, 39.5993881 ], [ 2.4127074, 39.5993829 ], [ 2.412709, 39.5993782 ], [ 2.4127109, 39.5993739 ], [ 2.4127129, 39.5993699 ], [ 2.4127152, 39.5993663 ], [ 2.4127176, 39.599363 ], [ 2.4127201, 39.59936 ], [ 2.4127227, 39.5993573 ], [ 2.4127253, 39.5993548 ], [ 2.412728, 39.5993526 ], [ 2.4127308, 39.5993506 ], [ 2.4127336, 39.5993487 ], [ 2.4127364, 39.5993471 ], [ 2.4127392, 39.5993456 ], [ 2.4127421, 39.5993443 ], [ 2.4127449, 39.5993431 ], [ 2.4127478, 39.5993421 ], [ 2.4127507, 39.5993412 ], [ 2.4127537, 39.5993405 ], [ 2.4127566, 39.5993398 ], [ 2.4127596, 39.5993394 ], [ 2.4127627, 39.599339 ], [ 2.4127657, 39.5993388 ], [ 2.4127688, 39.5993386 ], [ 2.412772, 39.5993387 ], [ 2.4127751, 39.5993388 ], [ 2.4127784, 39.5993391 ], [ 2.4127816, 39.5993396 ], [ 2.412785, 39.5993402 ], [ 2.4127883, 39.5993409 ], [ 2.4127918, 39.5993419 ], [ 2.4127953, 39.599343 ], [ 2.4127988, 39.5993444 ], [ 2.4128024, 39.599346 ], [ 2.4128061, 39.5993478 ], [ 2.4128098, 39.5993499 ], [ 2.4128136, 39.5993523 ], [ 2.4128173, 39.5993551 ], [ 2.4128211, 39.5993582 ], [ 2.4128249, 39.5993617 ], [ 2.4128285, 39.5993657 ], [ 2.4128321, 39.5993701 ], [ 2.4128355, 39.5993751 ], [ 2.4128386, 39.5993806 ], [ 2.4128414, 39.5993868 ], [ 2.4128436, 39.5993935 ], [ 2.4128453, 39.5994008 ], [ 2.412846, 39.5994087 ], [ 2.4128458, 39.5994171 ], [ 2.4128444, 39.5994258 ], [ 2.4128415, 39.5994346 ], [ 2.4128371, 39.5994433 ], [ 2.4128309, 39.5994516 ], [ 2.4128231, 39.599459 ], [ 2.4128137, 39.5994651 ], [ 2.412803, 39.5994697 ], [ 2.4127913, 39.599472399999989 ], [ 2.4127791, 39.5994731 ], [ 2.412767, 39.5994718 ], [ 2.4127554, 39.5994686 ] ] ] } },
{ "type": "Feature", "properties": { "PlotID": "MANFV02", "windspeed": 10.0, "time": "30", "clipped_m2": 987.65246508456767, "clipped_ha": 0.098765246508456764, "wspd": "10" }, "geometry": { "type": "Polygon", "coordinates": [ [ [ 2.4101126, 39.5967023 ], [ 2.4100285, 39.5970744 ], [ 2.4100179, 39.5968883 ], [ 2.4100227, 39.5967684 ], [ 2.4100318, 39.5966932 ], [ 2.4100411, 39.5966447 ], [ 2.4100495, 39.5966123 ], [ 2.4100569, 39.5965898 ], [ 2.4100633, 39.5965736 ], [ 2.4100689, 39.5965616 ], [ 2.4100737, 39.5965525 ], [ 2.410078, 39.5965455 ], [ 2.4100817, 39.5965399 ], [ 2.4100851, 39.5965355 ], [ 2.4100881, 39.5965319 ], [ 2.4100909, 39.5965289 ], [ 2.4100934, 39.5965264 ], [ 2.4100957, 39.5965243 ], [ 2.4100978, 39.5965225 ], [ 2.4100998, 39.596521 ], [ 2.4101017, 39.5965197 ], [ 2.4101034, 39.5965186 ], [ 2.4101051, 39.5965177 ], [ 2.4101067, 39.5965169 ], [ 2.4101082, 39.5965161 ], [ 2.4101096, 39.5965155 ], [ 2.410111, 39.596515 ], [ 2.4101124, 39.5965145 ], [ 2.4101137, 39.5965141 ], [ 2.410115, 39.5965138 ], [ 2.4101162, 39.5965135 ], [ 2.4101175, 39.5965132 ], [ 2.4101187, 39.5965131 ], [ 2.4101199, 39.5965129 ], [ 2.4101211, 39.5965128 ], [ 2.4101223, 39.5965127 ], [ 2.4101235, 39.5965127 ], [ 2.4101247, 39.5965128 ], [ 2.4101259, 39.5965128 ], [ 2.4101272, 39.5965129 ], [ 2.4101284, 39.5965131 ], [ 2.4101297, 39.5965133 ], [ 2.410131, 39.5965135 ], [ 2.4101324, 39.5965138 ], [ 2.4101338, 39.5965142 ], [ 2.4101352, 39.5965147 ], [ 2.4101367, 39.5965152 ], [ 2.4101383, 39.5965158 ], [ 2.41014, 39.5965165 ], [ 2.4101417, 39.5965174 ], [ 2.4101436, 39.5965184 ], [ 2.4101456, 39.5965195 ], [ 2.4101478, 39.5965209 ], [ 2.4101501, 39.5965225 ], [ 2.4101526, 39.5965244 ], [ 2.4101554, 39.5965267 ], [ 2.4101585, 39.5965295 ], [ 2.4101619, 39.5965329 ], [ 2.4101657, 39.5965372 ], [ 2.4101701, 39.5965424 ], [ 2.4101751, 39.5965492 ], [ 2.4101809, 39.5965579 ], [ 2.4101878, 39.5965695 ], [ 2.4101959, 39.5965852 ], [ 2.4102058, 39.5966071 ], [ 2.4102178, 39.596638899999988 ], [ 2.4102324, 39.5966865 ], [ 2.4102498, 39.5967609 ], [ 2.4102678, 39.5968801 ], [ 2.4102778, 39.5970662 ], [ 2.4102548, 39.5973035 ], [ 2.4101491, 39.5969971 ], [ 2.4101126, 39.5967023 ] ] ] } },
{ "type": "Feature", "properties": { "PlotID": "MANFV03", "windspeed": 10.0, "time": "30", "clipped_m2": 1001.4768860836048, "clipped_ha": 0.10014768860836047, "wspd": "10" }, "geometry": { "type": "Polygon", "coordinates": [ [ [ 2.4074437, 39.5958541 ], [ 2.4073998, 39.5957898 ], [ 2.4073737, 39.5957116 ], [ 2.4073624, 39.5956385 ], [ 2.4073606, 39.5955779 ], [ 2.407364, 39.5955302 ], [ 2.4073698, 39.5954934 ], [ 2.4073766, 39.5954652 ], [ 2.4073836, 39.5954432 ], [ 2.4073903, 39.5954261 ], [ 2.4073967, 39.5954125 ], [ 2.4074029, 39.5954015 ], [ 2.4074082, 39.5953928 ], [ 2.4074133, 39.5953856 ], [ 2.407418, 39.5953796 ], [ 2.4074223, 39.5953746 ], [ 2.4074264, 39.5953704 ], [ 2.4074302, 39.5953669 ], [ 2.4074338, 39.5953638 ], [ 2.4074371, 39.5953612 ], [ 2.4074403, 39.595359 ], [ 2.4074433, 39.5953571 ], [ 2.4074462, 39.5953554 ], [ 2.4074489, 39.5953539 ], [ 2.4074515, 39.5953527 ], [ 2.4074541, 39.5953516 ], [ 2.4074565, 39.5953506 ], [ 2.4074589, 39.5953498 ], [ 2.4074612, 39.5953491 ], [ 2.4074635, 39.5953485 ], [ 2.4074657, 39.595348 ], [ 2.4074679, 39.5953476 ], [ 2.4074701, 39.5953472 ], [ 2.4074722, 39.595347 ], [ 2.4074743, 39.5953468 ], [ 2.4074765, 39.5953467 ], [ 2.4074786, 39.5953467 ], [ 2.4074807, 39.5953468 ], [ 2.4074829, 39.5953469 ], [ 2.4074851, 39.5953471 ], [ 2.4074873, 39.5953474 ], [ 2.4074896, 39.5953478 ], [ 2.4074919, 39.5953483 ], [ 2.4074942, 39.5953489 ], [ 2.4074967, 39.5953495 ], [ 2.4074992, 39.5953504 ], [ 2.4075018, 39.5953513 ], [ 2.4075046, 39.5953525 ], [ 2.4075074, 39.5953538 ], [ 2.4075104, 39.5953553 ], [ 2.4075136, 39.5953571 ], [ 2.407517, 39.5953591 ], [ 2.4075205, 39.5953615 ], [ 2.4075244, 39.5953644 ], [ 2.4075285, 39.5953677 ], [ 2.4075329, 39.5953717 ], [ 2.4075377, 39.5953765 ], [ 2.4075429, 39.5953822 ], [ 2.4075487, 39.5953891 ], [ 2.4075549, 39.5953976 ], [ 2.4075618, 39.5954082 ], [ 2.4075694, 39.5954214 ], [ 2.4075776, 39.5954381 ], [ 2.4075865, 39.5954596 ], [ 2.4075958, 39.5954875 ], [ 2.4076048, 39.5955238 ], [ 2.4076124, 39.5955712 ], [ 2.407616, 39.5956318 ], [ 2.4076111, 39.5957053 ], [ 2.407592, 39.5957847 ], [ 2.4075538, 39.5958512 ], [ 2.4074999, 39.5958789 ], [ 2.4074437, 39.5958541 ] ] ] } },
{ "type": "Feature", "properties": { "PlotID": "MANFV04", "windspeed": 10.0, "time": "30", "clipped_m2": 79.943382720346563, "clipped_ha": 0.0079943382720346571, "wspd": "10" }, "geometry": { "type": "Polygon", "coordinates": [ [ [ 2.4051167, 39.5901691 ], [ 2.4051102, 39.5901451 ], [ 2.4051072, 39.5901273 ], [ 2.4051061, 39.5901143 ], [ 2.4051061, 39.5901049 ], [ 2.4051065, 39.5900979 ], [ 2.4051072, 39.5900927 ], [ 2.405108, 39.5900886 ], [ 2.4051089, 39.5900855 ], [ 2.4051097, 39.590083 ], [ 2.4051105, 39.590081 ], [ 2.4051113, 39.5900793 ], [ 2.405112, 39.590078 ], [ 2.4051127, 39.5900768 ], [ 2.4051134, 39.5900759 ], [ 2.405114, 39.5900751 ], [ 2.4051146, 39.5900744 ], [ 2.4051151, 39.5900737 ], [ 2.4051157, 39.5900732 ], [ 2.4051162, 39.5900727 ], [ 2.4051167, 39.5900723 ], [ 2.4051172, 39.590072 ], [ 2.4051177, 39.590071699999989 ], [ 2.4051181, 39.5900714 ], [ 2.4051186, 39.5900711 ], [ 2.405119, 39.5900709 ], [ 2.4051194, 39.5900707 ], [ 2.4051199, 39.590070499999989 ], [ 2.4051203, 39.5900704 ], [ 2.4051207, 39.5900702 ], [ 2.4051211, 39.5900701 ], [ 2.4051215, 39.59007 ], [ 2.4051219, 39.5900699 ], [ 2.4051224, 39.590069799999988 ], [ 2.4051228, 39.5900698 ], [ 2.4051232, 39.5900697 ], [ 2.4051236, 39.5900697 ], [ 2.4051241, 39.5900697 ], [ 2.4051245, 39.5900697 ], [ 2.405125, 39.5900697 ], [ 2.4051255, 39.5900697 ], [ 2.405126, 39.5900698 ], [ 2.4051265, 39.5900698 ], [ 2.405127, 39.5900699 ], [ 2.4051276, 39.59007 ], [ 2.4051282, 39.5900702 ], [ 2.4051288, 39.5900704 ], [ 2.4051295, 39.5900706 ], [ 2.4051302, 39.5900708 ], [ 2.405131, 39.5900712 ], [ 2.4051318, 39.5900715 ], [ 2.4051327, 39.590072 ], [ 2.4051337, 39.5900726 ], [ 2.4051348, 39.5900732 ], [ 2.4051361, 39.5900741 ], [ 2.4051375, 39.5900751 ], [ 2.405139, 39.5900764 ], [ 2.4051408, 39.5900779 ], [ 2.4051429, 39.59008 ], [ 2.4051453, 39.5900826 ], [ 2.4051481, 39.590086 ], [ 2.4051515, 39.5900906 ], [ 2.4051555, 39.5900968 ], [ 2.4051604, 39.5901055 ], [ 2.4051662, 39.5901176 ], [ 2.4051727, 39.5901349 ], [ 2.4051793, 39.5901589 ], [ 2.4051834, 39.5901892 ], [ 2.4051807, 39.5902195 ], [ 2.4051673, 39.5902349 ], [ 2.405147, 39.590225 ], [ 2.4051287, 39.590198099999988 ], [ 2.4051167, 39.5901691 ] ] ] } },
{ "type": "Feature", "properties": { "PlotID": "MANFV05", "windspeed": 10.0, "time": "30", "clipped_m2": 1012.2700515678152, "clipped_ha": 0.10122700515678153, "wspd": "10" }, "geometry": { "type": "Polygon", "coordinates": [ [ [ 2.4084692, 39.5912099 ], [ 2.4084366, 39.5911248 ], [ 2.4084243, 39.5910343 ], [ 2.4084209, 39.59097 ], [ 2.4084218, 39.5909239 ], [ 2.4084248, 39.5908903 ], [ 2.4084315, 39.5908621 ], [ 2.408433, 39.5908461 ], [ 2.4084373, 39.5908313 ], [ 2.4084415, 39.5908195 ], [ 2.4084455, 39.59081 ], [ 2.4084493, 39.5908023 ], [ 2.4084528, 39.590796 ], [ 2.4084562, 39.5907906 ], [ 2.4084593, 39.5907862 ], [ 2.4084623, 39.5907823 ], [ 2.4084652, 39.5907791 ], [ 2.4084679, 39.5907762 ], [ 2.4084705, 39.5907738 ], [ 2.408473, 39.590771599999989 ], [ 2.4084753, 39.5907697 ], [ 2.4084776, 39.590768 ], [ 2.4084798, 39.5907666 ], [ 2.408482, 39.5907653 ], [ 2.4084841, 39.5907641 ], [ 2.4084862, 39.5907631 ], [ 2.4084882, 39.5907622 ], [ 2.4084902, 39.5907614 ], [ 2.4084921, 39.5907606 ], [ 2.4084941, 39.59076 ], [ 2.408496, 39.5907595 ], [ 2.4084979, 39.590759 ], [ 2.4084999, 39.5907586 ], [ 2.4085018, 39.5907582 ], [ 2.4085038, 39.590758 ], [ 2.4085058, 39.5907578 ], [ 2.4085078, 39.5907576 ], [ 2.4085099, 39.5907576 ], [ 2.408512, 39.5907576 ], [ 2.4085142, 39.5907577 ], [ 2.4085162, 39.5907582 ], [ 2.4085182, 39.5907588 ], [ 2.4085202, 39.5907595 ], [ 2.4085223, 39.5907601 ], [ 2.4085246, 39.5907608 ], [ 2.408527, 39.5907616 ], [ 2.4085296, 39.5907624 ], [ 2.4085325, 39.5907633 ], [ 2.4085358, 39.5907643 ], [ 2.4085397, 39.5907655 ], [ 2.4085444, 39.590767 ], [ 2.4085502, 39.5907688 ], [ 2.4085549, 39.5907715 ], [ 2.40856, 39.5907747 ], [ 2.4085658, 39.5907786 ], [ 2.4085722, 39.5907835 ], [ 2.4085795, 39.5907895 ], [ 2.4085878, 39.590797 ], [ 2.4085975, 39.5908067 ], [ 2.4086088, 39.5908191 ], [ 2.4086222, 39.5908356 ], [ 2.4086382, 39.5908576 ], [ 2.4086576, 39.5908878 ], [ 2.4086759, 39.5909254 ], [ 2.4086399, 39.5909167 ], [ 2.408743, 39.5910778 ], [ 2.4087778, 39.5912021 ], [ 2.4088023, 39.5913654 ], [ 2.408612, 39.5910568 ], [ 2.4085771, 39.5910516 ], [ 2.4085445, 39.5910468 ], [ 2.4085237, 39.5914082 ], [ 2.4084692, 39.5912099 ] ] ] } },
{ "type": "Feature", "properties": { "PlotID": "MANFV06", "windspeed": 10.0, "time": "30", "clipped_m2": 1848.6059200695599, "clipped_ha": 0.18486059200695598, "wspd": "10" }, "geometry": { "type": "Polygon", "coordinates": [ [ [ 2.4154813, 39.5837851 ], [ 2.4154425, 39.583767699999989 ], [ 2.4154081, 39.5837458 ], [ 2.4153787, 39.5837206 ], [ 2.4153544, 39.5836934 ], [ 2.4153352, 39.5836653 ], [ 2.4153207, 39.5836371 ], [ 2.4153104, 39.5836096 ], [ 2.4153038, 39.5835832 ], [ 2.4153004, 39.5835582 ], [ 2.4152997, 39.5835347 ], [ 2.4153011, 39.583512899999988 ], [ 2.4153044, 39.5834927 ], [ 2.4153091, 39.5834742 ], [ 2.4153151, 39.5834571 ], [ 2.4153219, 39.5834415 ], [ 2.4153295, 39.5834273 ], [ 2.4153378, 39.5834143 ], [ 2.4153464, 39.5834025 ], [ 2.4153555, 39.5833918 ], [ 2.4153649, 39.583382 ], [ 2.4153744, 39.5833731 ], [ 2.4153842, 39.583365 ], [ 2.4153941, 39.5833577 ], [ 2.4154041, 39.5833511 ], [ 2.4154142, 39.5833452 ], [ 2.4154245, 39.5833399 ], [ 2.4154347, 39.5833352 ], [ 2.4154451, 39.583331 ], [ 2.4154555, 39.5833273 ], [ 2.415466, 39.5833242 ], [ 2.4154766, 39.5833215 ], [ 2.4154873, 39.5833193 ], [ 2.4154981, 39.5833175 ], [ 2.415509, 39.5833162 ], [ 2.41552, 39.5833154 ], [ 2.4155311, 39.583315 ], [ 2.4155424, 39.5833151 ], [ 2.4155538, 39.5833157 ], [ 2.4155654, 39.5833168 ], [ 2.4155772, 39.5833184 ], [ 2.4155892, 39.5833206 ], [ 2.4156014, 39.5833234 ], [ 2.4156137, 39.5833268 ], [ 2.4156263, 39.5833309 ], [ 2.4156391, 39.5833358 ], [ 2.4156521, 39.5833415 ], [ 2.4156653, 39.5833481 ], [ 2.4156787, 39.5833558 ], [ 2.4156922, 39.5833645 ], [ 2.4157058, 39.5833744 ], [ 2.4157194, 39.5833856 ], [ 2.415733, 39.5833983 ], [ 2.4157462, 39.5834126 ], [ 2.4157591, 39.5834287 ], [ 2.4157714, 39.5834467 ], [ 2.4157826, 39.5834667 ], [ 2.4157926, 39.5834889 ], [ 2.4158008, 39.5835132 ], [ 2.4158067, 39.5835398 ], [ 2.4158096, 39.5835683 ], [ 2.4158088, 39.5835986 ], [ 2.4158036, 39.5836302 ], [ 2.4157933, 39.5836622 ], [ 2.4157772, 39.5836938 ], [ 2.415755, 39.5837238 ], [ 2.4157266, 39.5837506 ], [ 2.4156925, 39.5837729 ], [ 2.4156536, 39.5837895 ], [ 2.4156113, 39.5837992 ], [ 2.4155673, 39.5838016 ], [ 2.4155233, 39.5837967 ], [ 2.4154813, 39.5837851 ] ] ] } },
{ "type": "Feature", "properties": { "PlotID": "MANFV07", "windspeed": 10.0, "time": "30", "clipped_m2": 11305.817546827719, "clipped_ha": 1.1305817546827719, "wspd": "10" }, "geometry": { "type": "Polygon", "coordinates": [ [ [ 2.4086937, 39.5841605 ], [ 2.408615, 39.5838772 ], [ 2.408578, 39.5836647 ], [ 2.4085645, 39.5835099 ], [ 2.4085632, 39.5833969 ], [ 2.4086029, 39.5832628 ], [ 2.4085764, 39.5832502 ], [ 2.4085858, 39.5832018 ], [ 2.4085957, 39.583163899999988 ], [ 2.4086056, 39.5831338 ], [ 2.4086152, 39.5831095 ], [ 2.4086244, 39.5830896 ], [ 2.4086331, 39.5830731 ], [ 2.4086414, 39.5830593 ], [ 2.4086493, 39.5830477 ], [ 2.4086568, 39.5830377 ], [ 2.408664, 39.5830292 ], [ 2.4086708, 39.5830217 ], [ 2.4086774, 39.5830153 ], [ 2.4086836, 39.5830096 ], [ 2.4086897, 39.5830047 ], [ 2.4086955, 39.5830003 ], [ 2.4087012, 39.5829964 ], [ 2.4087067, 39.5829929 ], [ 2.4087121, 39.5829899 ], [ 2.4087174, 39.5829871 ], [ 2.4087226, 39.5829847 ], [ 2.4087277, 39.5829825 ], [ 2.4087328, 39.5829806 ], [ 2.4087378, 39.5829789 ], [ 2.4087428, 39.5829774 ], [ 2.4087478, 39.5829762 ], [ 2.4087528, 39.5829751 ], [ 2.4087578, 39.5829741 ], [ 2.4087629, 39.5829734 ], [ 2.4087681, 39.5829728 ], [ 2.4087733, 39.5829724 ], [ 2.4087787, 39.5829722 ], [ 2.4087841, 39.5829721 ], [ 2.4087898, 39.5829723 ], [ 2.4087956, 39.5829727 ], [ 2.4088016, 39.5829733 ], [ 2.4088078, 39.5829741 ], [ 2.4088144, 39.5829752 ], [ 2.4088212, 39.5829766 ], [ 2.4088201, 39.5829842 ], [ 2.4088361, 39.5829805 ], [ 2.4088443, 39.5829832 ], [ 2.4088064, 39.5830047 ], [ 2.408804, 39.5830084 ], [ 2.4088725, 39.5829948 ], [ 2.4088835, 39.5830003 ], [ 2.4088956, 39.583007 ], [ 2.408909, 39.5830152 ], [ 2.4089239, 39.5830252 ], [ 2.4089406, 39.5830375 ], [ 2.4089594, 39.5830527 ], [ 2.408981, 39.5830719 ], [ 2.4090059, 39.5830963 ], [ 2.4090349, 39.5831278 ], [ 2.409069, 39.583169 ], [ 2.4091097, 39.583224 ], [ 2.4091583, 39.5832988 ], [ 2.4092168, 39.5834023 ], [ 2.409286, 39.583548 ], [ 2.4093642, 39.5837536 ], [ 2.4094416, 39.5840371 ], [ 2.4094895, 39.5843943 ], [ 2.4094549, 39.5847484 ], [ 2.409296, 39.5849277 ], [ 2.4090564, 39.584814099999988 ], [ 2.4088382, 39.5845017 ], [ 2.4086937, 39.5841605 ] ] ] } },
{ "type": "Feature", "properties": { "PlotID": "MANFV08", "windspeed": 10.0, "time": "30", "clipped_m2": 117.18381975977536, "clipped_ha": 0.011718381975977537, "wspd": "10" }, "geometry": { "type": "Polygon", "coordinates": [ [ [ 2.4202246, 39.6016067 ], [ 2.4202188, 39.601608 ], [ 2.4202125, 39.6016097 ], [ 2.4202055, 39.6016117 ], [ 2.4201976, 39.601613799999988 ], [ 2.4201885, 39.6016163 ], [ 2.4201553, 39.6016485 ], [ 2.4201642, 39.601623 ], [ 2.420147, 39.6016276 ], [ 2.420145, 39.6016178 ], [ 2.4201441, 39.6016086 ], [ 2.4201442, 39.6015999 ], [ 2.420145, 39.601592 ], [ 2.4201465, 39.6015846 ], [ 2.4201484, 39.6015779 ], [ 2.4201508, 39.6015718 ], [ 2.4201535, 39.6015662 ], [ 2.4201564, 39.6015611 ], [ 2.4201595, 39.6015564 ], [ 2.4201628, 39.6015522 ], [ 2.4201661, 39.6015484 ], [ 2.4201696, 39.601545 ], [ 2.4201731, 39.6015418 ], [ 2.4201767, 39.601539 ], [ 2.4201803, 39.6015364 ], [ 2.420184, 39.6015341 ], [ 2.4201877, 39.6015321 ], [ 2.4201914, 39.6015302 ], [ 2.4201951, 39.6015286 ], [ 2.4201988, 39.6015271 ], [ 2.4202026, 39.6015259 ], [ 2.4202064, 39.6015248 ], [ 2.4202102, 39.601523899999989 ], [ 2.420214, 39.6015231 ], [ 2.4202179, 39.6015226 ], [ 2.4202218, 39.6015222 ], [ 2.4202257, 39.6015219 ], [ 2.4202297, 39.6015218 ], [ 2.4202337, 39.6015219 ], [ 2.4202378, 39.6015221 ], [ 2.4202419, 39.6015226 ], [ 2.4202461, 39.6015232 ], [ 2.4202504, 39.601524 ], [ 2.4202548, 39.601525 ], [ 2.4202592, 39.6015263 ], [ 2.4202637, 39.6015278 ], [ 2.4202682, 39.6015296 ], [ 2.4202729, 39.6015317 ], [ 2.4202776, 39.6015341 ], [ 2.4202824, 39.6015369 ], [ 2.4202872, 39.6015401 ], [ 2.4202921, 39.6015437 ], [ 2.420297, 39.6015477 ], [ 2.4203019, 39.6015524 ], [ 2.4203067, 39.6015576 ], [ 2.4203113, 39.6015635 ], [ 2.4203158, 39.60157 ], [ 2.4203199, 39.6015774 ], [ 2.4203236, 39.6015855 ], [ 2.4203149, 39.6015902 ], [ 2.4203028, 39.6015924 ], [ 2.4202926, 39.6015943 ], [ 2.420284, 39.6015959 ], [ 2.4202763, 39.6015973 ], [ 2.4202694, 39.6015985 ], [ 2.4202631, 39.6015997 ], [ 2.4202572, 39.6016008 ], [ 2.4202516, 39.6016018 ], [ 2.4202461, 39.6016028 ], [ 2.4202408, 39.6016038 ], [ 2.4202355, 39.6016047 ], [ 2.4202301, 39.6016057 ], [ 2.4202246, 39.6016067 ] ] ] } },
{ "type": "Feature", "properties": { "PlotID": "MANFV09", "windspeed": 10.0, "time": "30", "clipped_m2": 119.92882450087927, "clipped_ha": 0.011992882450087927, "wspd": "10" }, "geometry": { "type": "Polygon", "coordinates": [ [ [ 2.4128492, 39.6005465 ], [ 2.4128442, 39.6005149 ], [ 2.4128426, 39.6004935 ], [ 2.4128426, 39.6004791 ], [ 2.4128434, 39.6004691 ], [ 2.4128444, 39.6004619 ], [ 2.4128454, 39.6004567 ], [ 2.4128465, 39.6004527 ], [ 2.4128475, 39.6004497 ], [ 2.4128485, 39.6004473 ], [ 2.4128494, 39.6004454 ], [ 2.4128502, 39.6004439 ], [ 2.4128509, 39.6004426 ], [ 2.4128517, 39.6004416 ], [ 2.4128523, 39.6004407 ], [ 2.412853, 39.6004399 ], [ 2.4128536, 39.6004393 ], [ 2.4128541, 39.6004387 ], [ 2.4128546, 39.6004383 ], [ 2.4128552, 39.6004378 ], [ 2.4128556, 39.6004375 ], [ 2.4128561, 39.6004371 ], [ 2.4128566, 39.6004369 ], [ 2.412857, 39.6004366 ], [ 2.4128574, 39.6004364 ], [ 2.4128578, 39.6004362 ], [ 2.4128582, 39.600436 ], [ 2.4128586, 39.6004359 ], [ 2.412859, 39.6004357 ], [ 2.4128594, 39.6004356 ], [ 2.4128598, 39.6004355 ], [ 2.4128602, 39.6004354 ], [ 2.4128606, 39.6004354 ], [ 2.412861, 39.6004353 ], [ 2.4128614, 39.6004352 ], [ 2.4128618, 39.6004352 ], [ 2.4128622, 39.6004352 ], [ 2.4128626, 39.6004352 ], [ 2.412863, 39.6004352 ], [ 2.4128634, 39.6004352 ], [ 2.4128639, 39.6004353 ], [ 2.4128643, 39.6004353 ], [ 2.4128648, 39.6004354 ], [ 2.4128653, 39.6004355 ], [ 2.4128658, 39.6004356 ], [ 2.4128664, 39.6004358 ], [ 2.4128669, 39.6004359 ], [ 2.4128676, 39.6004362 ], [ 2.4128682, 39.6004364 ], [ 2.4128689, 39.6004367 ], [ 2.4128697, 39.6004371 ], [ 2.4128705, 39.6004376 ], [ 2.4128715, 39.6004381 ], [ 2.4128725, 39.6004388 ], [ 2.4128736, 39.6004396 ], [ 2.4128749, 39.6004406 ], [ 2.4128763, 39.6004418 ], [ 2.412878, 39.6004434 ], [ 2.4128799, 39.6004453 ], [ 2.4128822, 39.6004479 ], [ 2.4128849, 39.6004514 ], [ 2.4128882, 39.600456 ], [ 2.4128923, 39.6004625 ], [ 2.4128974, 39.6004717 ], [ 2.4129037, 39.6004853 ], [ 2.4129115, 39.6005058 ], [ 2.4129206, 39.6005369 ], [ 2.4129284, 39.600581399999989 ], [ 2.4129282, 39.6006324 ], [ 2.4129114, 39.6006598 ], [ 2.4128837, 39.6006384 ], [ 2.4128613, 39.6005905 ], [ 2.4128492, 39.6005465 ] ] ] } },
{ "type": "Feature", "properties": { "PlotID": "MANFV10", "windspeed": 10.0, "time": "30", "clipped_m2": 104.34777386859059, "clipped_ha": 0.01043477738685906, "wspd": "10" }, "geometry": { "type": "Polygon", "coordinates": [ [ [ 2.4128561, 39.595360299999989 ], [ 2.4128465, 39.5953151 ], [ 2.4128432, 39.5952854 ], [ 2.4128426, 39.5952665 ], [ 2.4128431, 39.5952542 ], [ 2.412844, 39.5952458 ], [ 2.412845, 39.59524 ], [ 2.412846, 39.5952358 ], [ 2.412847, 39.5952326 ], [ 2.4128479, 39.5952302 ], [ 2.4128487, 39.5952283 ], [ 2.4128494, 39.5952269 ], [ 2.4128501, 39.5952257 ], [ 2.4128507, 39.5952247 ], [ 2.4128513, 39.5952239 ], [ 2.4128519, 39.5952232 ], [ 2.4128524, 39.5952226 ], [ 2.4128528, 39.5952221 ], [ 2.4128533, 39.5952217 ], [ 2.4128537, 39.5952213 ], [ 2.4128541, 39.595221 ], [ 2.4128545, 39.5952207 ], [ 2.4128549, 39.5952205 ], [ 2.4128552, 39.5952202 ], [ 2.4128556, 39.59522 ], [ 2.4128559, 39.5952199 ], [ 2.4128562, 39.5952197 ], [ 2.4128565, 39.5952196 ], [ 2.4128568, 39.5952195 ], [ 2.4128572, 39.5952194 ], [ 2.4128575, 39.5952193 ], [ 2.4128578, 39.5952192 ], [ 2.4128581, 39.5952192 ], [ 2.4128584, 39.5952191 ], [ 2.4128587, 39.5952191 ], [ 2.412859, 39.595219 ], [ 2.4128593, 39.595219 ], [ 2.4128596, 39.595219 ], [ 2.4128599, 39.595219 ], [ 2.4128602, 39.595219 ], [ 2.4128606, 39.595219 ], [ 2.4128609, 39.5952191 ], [ 2.4128613, 39.5952191 ], [ 2.4128616, 39.5952192 ], [ 2.412862, 39.5952193 ], [ 2.4128624, 39.5952194 ], [ 2.4128628, 39.5952195 ], [ 2.4128633, 39.5952196 ], [ 2.4128638, 39.5952198 ], [ 2.4128643, 39.59522 ], [ 2.4128648, 39.5952202 ], [ 2.4128654, 39.5952205 ], [ 2.4128661, 39.5952209 ], [ 2.4128668, 39.5952213 ], [ 2.4128676, 39.5952219 ], [ 2.4128685, 39.5952225 ], [ 2.4128694, 39.5952233 ], [ 2.4128706, 39.5952243 ], [ 2.4128719, 39.5952255 ], [ 2.4128734, 39.5952271 ], [ 2.4128752, 39.5952292 ], [ 2.4128773, 39.5952319 ], [ 2.41288, 39.5952357 ], [ 2.4128833, 39.595241 ], [ 2.4128875, 39.5952487 ], [ 2.4128929, 39.5952603 ], [ 2.4128999, 39.5952785 ], [ 2.4129086, 39.5953075 ], [ 2.4129175, 39.5953527 ], [ 2.41292, 39.5954102 ], [ 2.4129046, 39.5954433 ], [ 2.4128768, 39.5954155 ], [ 2.4128561, 39.595360299999989 ] ] ] } },
{ "type": "Feature", "properties": { "PlotID": "MANFV11", "windspeed": 10.0, "time": "30", "clipped_m2": 282.90032571408665, "clipped_ha": 0.028290032571408663, "wspd": "10" }, "geometry": { "type": "Polygon", "coordinates": [ [ [ 2.4073322, 39.598020399999989 ], [ 2.4073134, 39.5979929 ], [ 2.407301, 39.5979634 ], [ 2.4072941, 39.5979359 ], [ 2.407291, 39.597912 ], [ 2.4072905, 39.597892 ], [ 2.4072916, 39.5978755 ], [ 2.4072937, 39.5978621 ], [ 2.4072963, 39.5978511 ], [ 2.4072991, 39.5978421 ], [ 2.4073019, 39.5978347 ], [ 2.4073048, 39.5978285 ], [ 2.4073076, 39.5978234 ], [ 2.4073103, 39.597819 ], [ 2.4073129, 39.5978154 ], [ 2.4073154, 39.5978122 ], [ 2.4073178, 39.5978095 ], [ 2.40732, 39.5978072 ], [ 2.4073222, 39.5978052 ], [ 2.4073243, 39.5978034 ], [ 2.4073263, 39.5978019 ], [ 2.4073282, 39.5978005 ], [ 2.4073301, 39.5977993 ], [ 2.4073319, 39.5977983 ], [ 2.4073337, 39.5977974 ], [ 2.4073354, 39.5977966 ], [ 2.4073371, 39.5977959 ], [ 2.4073387, 39.5977953 ], [ 2.4073404, 39.5977947 ], [ 2.407342, 39.5977943 ], [ 2.4073435, 39.5977939 ], [ 2.4073451, 39.5977935 ], [ 2.4073467, 39.5977933 ], [ 2.4073482, 39.5977931 ], [ 2.4073498, 39.5977929 ], [ 2.4073514, 39.5977928 ], [ 2.4073529, 39.5977928 ], [ 2.4073545, 39.5977928 ], [ 2.4073562, 39.5977929 ], [ 2.4073578, 39.597793 ], [ 2.4073595, 39.5977932 ], [ 2.4073612, 39.5977934 ], [ 2.407363, 39.5977938 ], [ 2.4073648, 39.5977942 ], [ 2.4073667, 39.5977947 ], [ 2.4073687, 39.5977953 ], [ 2.4073708, 39.5977961 ], [ 2.4073729, 39.5977969 ], [ 2.4073752, 39.5977979 ], [ 2.4073775, 39.5977991 ], [ 2.4073801, 39.5978005 ], [ 2.4073827, 39.5978021 ], [ 2.4073856, 39.597804 ], [ 2.4073886, 39.5978063 ], [ 2.4073919, 39.597809 ], [ 2.4073954, 39.5978122 ], [ 2.4073992, 39.597816 ], [ 2.4074033, 39.5978206 ], [ 2.4074078, 39.5978261 ], [ 2.4074126, 39.5978329 ], [ 2.4074177, 39.5978413 ], [ 2.4074232, 39.5978516 ], [ 2.4074288, 39.5978644 ], [ 2.4074342, 39.5978804 ], [ 2.4074391, 39.5979 ], [ 2.4074425, 39.5979239 ], [ 2.407443, 39.597952 ], [ 2.4074388, 39.5979827 ], [ 2.4074278, 39.5980127 ], [ 2.407409, 39.5980359 ], [ 2.407384, 39.5980461 ], [ 2.4073567, 39.5980401 ], [ 2.4073322, 39.598020399999989 ] ] ] } },
{ "type": "Feature", "properties": { "PlotID": "MANFV12", "windspeed": 10.0, "time": "30", "clipped_m2": 44.653378504735883, "clipped_ha": 0.004465337850473588, "wspd": "10" }, "geometry": { "type": "Polygon", "coordinates": [ [ [ 2.4019635, 39.5877186 ], [ 2.4019556, 39.5877127 ], [ 2.4019493, 39.5877055 ], [ 2.4019447, 39.5876978 ], [ 2.4019415, 39.5876903 ], [ 2.4019395, 39.5876832 ], [ 2.4019384, 39.5876769 ], [ 2.4019381, 39.5876713 ], [ 2.4019383, 39.5876664 ], [ 2.4019388, 39.5876622 ], [ 2.4019395, 39.5876586 ], [ 2.4019404, 39.5876554 ], [ 2.4019414, 39.5876527 ], [ 2.4019425, 39.5876503 ], [ 2.4019436, 39.5876483 ], [ 2.4019447, 39.5876465 ], [ 2.4019458, 39.5876449 ], [ 2.4019469, 39.5876436 ], [ 2.4019479, 39.5876423 ], [ 2.401949, 39.5876413 ], [ 2.40195, 39.5876403 ], [ 2.4019511, 39.5876395 ], [ 2.4019521, 39.5876387 ], [ 2.4019531, 39.5876381 ], [ 2.401954, 39.5876375 ], [ 2.401955, 39.5876369 ], [ 2.4019559, 39.5876365 ], [ 2.4019569, 39.5876361 ], [ 2.4019578, 39.5876357 ], [ 2.4019587, 39.5876354 ], [ 2.4019596, 39.5876351 ], [ 2.4019605, 39.5876348 ], [ 2.4019615, 39.5876346 ], [ 2.4019624, 39.5876345 ], [ 2.4019633, 39.5876343 ], [ 2.4019642, 39.5876343 ], [ 2.4019652, 39.5876342 ], [ 2.4019661, 39.5876342 ], [ 2.4019671, 39.5876342 ], [ 2.4019681, 39.5876342 ], [ 2.4019691, 39.5876343 ], [ 2.4019701, 39.5876344 ], [ 2.4019711, 39.5876346 ], [ 2.4019722, 39.5876348 ], [ 2.4019734, 39.5876351 ], [ 2.4019745, 39.5876354 ], [ 2.4019757, 39.5876358 ], [ 2.401977, 39.5876363 ], [ 2.4019783, 39.5876368 ], [ 2.4019797, 39.5876375 ], [ 2.4019811, 39.5876382 ], [ 2.4019826, 39.5876391 ], [ 2.4019842, 39.5876402 ], [ 2.4019859, 39.5876414 ], [ 2.4019877, 39.5876428 ], [ 2.4019895, 39.587644499999989 ], [ 2.4019915, 39.5876465 ], [ 2.4019935, 39.5876488 ], [ 2.4019957, 39.5876516 ], [ 2.4019979, 39.5876549 ], [ 2.402, 39.5876588 ], [ 2.4020022, 39.5876634 ], [ 2.4020041, 39.5876688 ], [ 2.4020057, 39.587675 ], [ 2.4020066, 39.587682199999989 ], [ 2.4020067, 39.5876901 ], [ 2.4020053, 39.5876986 ], [ 2.4020022, 39.5877069 ], [ 2.4019972, 39.5877144 ], [ 2.4019901, 39.5877199 ], [ 2.4019816, 39.5877226 ], [ 2.4019724, 39.5877221 ], [ 2.4019635, 39.5877186 ] ] ] } },
{ "type": "Feature", "properties": { "PlotID": "MANFV13", "windspeed": 10.0, "time": "30", "clipped_m2": 1510.3933858769014, "clipped_ha": 0.15103933858769014, "wspd": "10" }, "geometry": { "type": "Polygon", "coordinates": [ [ [ 2.4037725, 39.5907917 ], [ 2.4037348, 39.5907551 ], [ 2.4037055, 39.5907147 ], [ 2.4036844, 39.5906741 ], [ 2.4036703, 39.5906352 ], [ 2.4036619, 39.5905995 ], [ 2.4036578, 39.5905674 ], [ 2.403657, 39.5905389 ], [ 2.4036586, 39.5905139 ], [ 2.4036619, 39.5904921 ], [ 2.4036663, 39.590473 ], [ 2.4036716, 39.5904563 ], [ 2.4036773, 39.5904417 ], [ 2.4036835, 39.5904289 ], [ 2.4036898, 39.590417699999989 ], [ 2.4036962, 39.5904079 ], [ 2.4037026, 39.5903992 ], [ 2.403709, 39.5903914 ], [ 2.4037154, 39.5903846 ], [ 2.4037217, 39.5903785 ], [ 2.4037279, 39.5903731 ], [ 2.4037341, 39.5903682 ], [ 2.4037401, 39.5903639 ], [ 2.4037462, 39.5903601 ], [ 2.4037521, 39.5903566 ], [ 2.403758, 39.5903535 ], [ 2.4037638, 39.5903508 ], [ 2.4037696, 39.5903484 ], [ 2.4037754, 39.5903463 ], [ 2.4037812, 39.5903444 ], [ 2.4037869, 39.5903428 ], [ 2.4037927, 39.5903414 ], [ 2.4037985, 39.5903402 ], [ 2.4038043, 39.5903393 ], [ 2.4038102, 39.5903386 ], [ 2.4038161, 39.5903381 ], [ 2.4038222, 39.5903379 ], [ 2.4038283, 39.5903378 ], [ 2.4038345, 39.5903381 ], [ 2.4038409, 39.5903385 ], [ 2.4038474, 39.5903392 ], [ 2.4038541, 39.5903402 ], [ 2.403861, 39.5903415 ], [ 2.4038682, 39.5903431 ], [ 2.4038755, 39.5903452 ], [ 2.4038832, 39.5903476 ], [ 2.4038911, 39.5903505 ], [ 2.4038994, 39.5903539 ], [ 2.403908, 39.5903579 ], [ 2.4039171, 39.5903626 ], [ 2.4039265, 39.5903681 ], [ 2.4039365, 39.5903745 ], [ 2.4039469, 39.5903821 ], [ 2.4039579, 39.5903909 ], [ 2.4039693, 39.5904012 ], [ 2.4039813, 39.5904133 ], [ 2.4039937, 39.5904276 ], [ 2.4040064, 39.5904443 ], [ 2.4040193, 39.5904639 ], [ 2.404032, 39.590486899999988 ], [ 2.4040441, 39.5905138 ], [ 2.4040547, 39.5905451 ], [ 2.4040628, 39.5905808 ], [ 2.404067, 39.590621 ], [ 2.4040654, 39.5906648 ], [ 2.4040561, 39.5907105 ], [ 2.4040372, 39.590755 ], [ 2.4040075, 39.5907942 ], [ 2.4039676, 39.5908233 ], [ 2.4039199, 39.5908382 ], [ 2.4038684, 39.590837 ], [ 2.4038179, 39.5908205 ], [ 2.4037725, 39.5907917 ] ] ] } },
{ "type": "Feature", "properties": { "PlotID": "MANFV14", "windspeed": 10.0, "time": "30", "clipped_m2": 69.305313791090157, "clipped_ha": 0.0069305313791090161, "wspd": "10" }, "geometry": { "type": "Polygon", "coordinates": [ [ [ 2.4107343, 39.5949368 ], [ 2.4107248, 39.5949243 ], [ 2.4107184, 39.5949106 ], [ 2.4107145, 39.5948976 ], [ 2.4107126, 39.594886 ], [ 2.4107121, 39.5948762 ], [ 2.4107124, 39.594868 ], [ 2.4107133, 39.5948612 ], [ 2.4107144, 39.5948556 ], [ 2.4107157, 39.594851 ], [ 2.4107171, 39.5948472 ], [ 2.4107185, 39.594844 ], [ 2.4107199, 39.5948414 ], [ 2.4107213, 39.5948391 ], [ 2.4107226, 39.5948372 ], [ 2.4107239, 39.5948355 ], [ 2.4107251, 39.5948341 ], [ 2.4107263, 39.5948329 ], [ 2.4107274, 39.5948318 ], [ 2.4107285, 39.5948309 ], [ 2.4107295, 39.5948301 ], [ 2.4107305, 39.5948294 ], [ 2.4107315, 39.5948288 ], [ 2.4107324, 39.5948282 ], [ 2.4107334, 39.5948277 ], [ 2.4107343, 39.5948273 ], [ 2.4107351, 39.5948269 ], [ 2.410736, 39.5948266 ], [ 2.4107368, 39.5948263 ], [ 2.4107377, 39.594826 ], [ 2.4107385, 39.5948258 ], [ 2.4107393, 39.5948256 ], [ 2.4107402, 39.5948255 ], [ 2.410741, 39.5948254 ], [ 2.4107418, 39.5948253 ], [ 2.4107426, 39.5948252 ], [ 2.4107434, 39.5948252 ], [ 2.4107443, 39.5948252 ], [ 2.4107451, 39.5948253 ], [ 2.410746, 39.5948253 ], [ 2.4107469, 39.5948254 ], [ 2.4107478, 39.5948256 ], [ 2.4107487, 39.5948257 ], [ 2.4107497, 39.5948259 ], [ 2.4107507, 39.5948262 ], [ 2.4107517, 39.5948265 ], [ 2.4107528, 39.5948269 ], [ 2.410754, 39.5948274 ], [ 2.4107551, 39.5948279 ], [ 2.4107564, 39.5948285 ], [ 2.4107577, 39.5948292 ], [ 2.4107591, 39.5948301 ], [ 2.4107606, 39.5948311 ], [ 2.4107622, 39.5948322 ], [ 2.4107639, 39.5948336 ], [ 2.4107657, 39.5948353 ], [ 2.4107677, 39.5948373 ], [ 2.4107698, 39.5948396 ], [ 2.4107721, 39.5948425 ], [ 2.4107745, 39.594846 ], [ 2.4107771, 39.5948502 ], [ 2.4107798, 39.5948555 ], [ 2.4107826, 39.5948619 ], [ 2.4107852, 39.5948699 ], [ 2.4107875, 39.5948796 ], [ 2.410789, 39.5948912 ], [ 2.4107889, 39.5949046 ], [ 2.4107865, 39.594919 ], [ 2.4107809, 39.5949328 ], [ 2.4107716, 39.5949434 ], [ 2.4107595, 39.5949481 ], [ 2.4107463, 39.5949456 ], [ 2.4107343, 39.5949368 ] ] ] } },
{ "type": "Feature", "properties": { "PlotID": "MANFV15", "windspeed": 10.0, "time": "30", "clipped_m2": 59.162007214268669, "clipped_ha": 0.005916200721426867, "wspd": "10" }, "geometry": { "type": "Polygon", "coordinates": [ [ [ 2.4106234, 39.5929708 ], [ 2.4106184, 39.5929358 ], [ 2.4106173, 39.5929135 ], [ 2.4106177, 39.5928995 ], [ 2.4106186, 39.5928906 ], [ 2.4106196, 39.5928846 ], [ 2.4106206, 39.5928804 ], [ 2.4106215, 39.5928774 ], [ 2.4106223, 39.5928752 ], [ 2.410623, 39.5928735 ], [ 2.4106237, 39.5928722 ], [ 2.4106242, 39.5928712 ], [ 2.4106248, 39.5928703 ], [ 2.4106253, 39.5928696 ], [ 2.4106257, 39.5928691 ], [ 2.4106261, 39.5928686 ], [ 2.4106265, 39.5928682 ], [ 2.4106269, 39.5928679 ], [ 2.4106272, 39.5928676 ], [ 2.4106275, 39.5928673 ], [ 2.4106278, 39.5928671 ], [ 2.4106281, 39.5928669 ], [ 2.4106284, 39.5928668 ], [ 2.4106286, 39.5928666 ], [ 2.4106289, 39.5928665 ], [ 2.4106291, 39.5928664 ], [ 2.4106293, 39.5928663 ], [ 2.4106296, 39.5928662 ], [ 2.4106298, 39.5928661 ], [ 2.41063, 39.5928661 ], [ 2.4106302, 39.592866 ], [ 2.4106305, 39.592866 ], [ 2.4106307, 39.5928659 ], [ 2.4106309, 39.5928659 ], [ 2.4106311, 39.5928659 ], [ 2.4106313, 39.5928659 ], [ 2.4106315, 39.5928658 ], [ 2.4106318, 39.5928658 ], [ 2.410632, 39.5928658 ], [ 2.4106322, 39.5928659 ], [ 2.4106324, 39.5928659 ], [ 2.4106327, 39.5928659 ], [ 2.4106329, 39.592866 ], [ 2.4106332, 39.592866 ], [ 2.4106335, 39.5928661 ], [ 2.4106337, 39.5928662 ], [ 2.410634, 39.5928663 ], [ 2.4106343, 39.5928664 ], [ 2.4106347, 39.5928665 ], [ 2.410635, 39.592866699999988 ], [ 2.4106354, 39.592866799999989 ], [ 2.4106358, 39.5928671 ], [ 2.4106363, 39.5928673 ], [ 2.4106368, 39.5928677 ], [ 2.4106373, 39.592868 ], [ 2.4106379, 39.5928685 ], [ 2.4106386, 39.5928691 ], [ 2.4106393, 39.5928698 ], [ 2.4106402, 39.5928707 ], [ 2.4106412, 39.5928719 ], [ 2.4106424, 39.5928734 ], [ 2.4106439, 39.5928754 ], [ 2.4106456, 39.5928782 ], [ 2.4106478, 39.5928821 ], [ 2.4106505, 39.5928877 ], [ 2.410654, 39.5928963 ], [ 2.4106585, 39.5929098 ], [ 2.4106641, 39.5929317 ], [ 2.4106694, 39.5929667 ], [ 2.4106697, 39.593012699999989 ], [ 2.410657, 39.5930396 ], [ 2.4106366, 39.5930157 ], [ 2.4106234, 39.5929708 ] ] ] } },
{ "type": "Feature", "properties": { "PlotID": "MANFV16", "windspeed": 10.0, "time": "30", "clipped_m2": 190.18145810904389, "clipped_ha": 0.019018145810904389, "wspd": "10" }, "geometry": { "type": "Polygon", "coordinates": [ [ [ 2.4055845, 39.5843683 ], [ 2.4055706, 39.5843627 ], [ 2.4055582, 39.584355 ], [ 2.4055477, 39.5843458 ], [ 2.4055392, 39.5843358 ], [ 2.4055327, 39.5843253 ], [ 2.405528, 39.584315 ], [ 2.4055249, 39.5843049 ], [ 2.4055231, 39.5842954 ], [ 2.4055224, 39.5842865 ], [ 2.4055227, 39.5842784 ], [ 2.4055236, 39.5842709 ], [ 2.4055251, 39.5842641 ], [ 2.405527, 39.584258 ], [ 2.4055292, 39.5842525 ], [ 2.4055317, 39.5842475 ], [ 2.4055343, 39.584243 ], [ 2.4055371, 39.584238899999988 ], [ 2.40554, 39.5842353 ], [ 2.4055429, 39.584232 ], [ 2.4055459, 39.5842291 ], [ 2.4055489, 39.5842265 ], [ 2.4055519, 39.5842241 ], [ 2.4055549, 39.584222 ], [ 2.4055579, 39.5842201 ], [ 2.4055609, 39.5842184 ], [ 2.4055639, 39.5842168 ], [ 2.4055669, 39.5842155 ], [ 2.4055699, 39.5842143 ], [ 2.4055729, 39.5842133 ], [ 2.4055759, 39.5842124 ], [ 2.4055789, 39.5842117 ], [ 2.4055819, 39.584211 ], [ 2.405585, 39.5842106 ], [ 2.405588, 39.5842102 ], [ 2.4055911, 39.58421 ], [ 2.4055941, 39.5842098 ], [ 2.4055973, 39.5842098 ], [ 2.4056004, 39.58421 ], [ 2.4056036, 39.5842103 ], [ 2.4056068, 39.5842107 ], [ 2.4056101, 39.5842112 ], [ 2.4056135, 39.5842119 ], [ 2.4056169, 39.5842128 ], [ 2.4056203, 39.5842139 ], [ 2.4056239, 39.5842151 ], [ 2.4056275, 39.5842166 ], [ 2.4056312, 39.584218299999989 ], [ 2.4056349, 39.5842203 ], [ 2.4056388, 39.5842225 ], [ 2.4056427, 39.5842251 ], [ 2.4056466, 39.5842281 ], [ 2.4056506, 39.5842315 ], [ 2.4056547, 39.5842353 ], [ 2.4056587, 39.5842396 ], [ 2.4056626, 39.5842446 ], [ 2.4056665, 39.5842501 ], [ 2.4056701, 39.5842564 ], [ 2.4056735, 39.5842634 ], [ 2.4056763, 39.5842713 ], [ 2.4056786, 39.58428 ], [ 2.40568, 39.5842895 ], [ 2.4056802, 39.5842999 ], [ 2.405679, 39.5843108 ], [ 2.4056761, 39.5843222 ], [ 2.4056712, 39.5843336 ], [ 2.405664, 39.5843445 ], [ 2.4056546, 39.5843544 ], [ 2.4056429, 39.5843625 ], [ 2.4056294, 39.5843683 ], [ 2.4056147, 39.5843713 ], [ 2.4055994, 39.5843713 ], [ 2.4055845, 39.5843683 ] ] ] } },
{ "type": "Feature", "properties": { "PlotID": "MANFV17", "windspeed": 10.0, "time": "30", "clipped_m2": 85.802613705571275, "clipped_ha": 0.0085802613705571271, "wspd": "10" }, "geometry": { "type": "Polygon", "coordinates": [ [ [ 2.4030854, 39.6011948 ], [ 2.4030768, 39.6011799 ], [ 2.4030712, 39.6011656 ], [ 2.4030679, 39.6011528 ], [ 2.4030662, 39.6011419 ], [ 2.4030658, 39.6011328 ], [ 2.403066, 39.6011253 ], [ 2.4030667, 39.601119 ], [ 2.4030677, 39.6011139 ], [ 2.4030688, 39.6011096 ], [ 2.4030701, 39.601106 ], [ 2.4030713, 39.6011029 ], [ 2.4030726, 39.6011003 ], [ 2.4030738, 39.6010981 ], [ 2.403075, 39.6010962 ], [ 2.4030762, 39.6010946 ], [ 2.4030774, 39.6010932 ], [ 2.4030785, 39.6010919 ], [ 2.4030796, 39.6010908 ], [ 2.4030807, 39.6010899 ], [ 2.4030817, 39.601089 ], [ 2.4030827, 39.6010883 ], [ 2.4030837, 39.6010876 ], [ 2.4030847, 39.601087 ], [ 2.4030856, 39.6010865 ], [ 2.4030865, 39.601086 ], [ 2.4030874, 39.6010856 ], [ 2.4030883, 39.6010852 ], [ 2.4030892, 39.6010849 ], [ 2.4030901, 39.6010846 ], [ 2.403091, 39.6010844 ], [ 2.4030919, 39.6010841 ], [ 2.4030928, 39.601084 ], [ 2.4030937, 39.6010838 ], [ 2.4030946, 39.6010837 ], [ 2.4030955, 39.6010836 ], [ 2.4030964, 39.6010836 ], [ 2.4030974, 39.6010836 ], [ 2.4030983, 39.6010836 ], [ 2.4030993, 39.6010836 ], [ 2.4031003, 39.6010837 ], [ 2.4031014, 39.6010839 ], [ 2.4031025, 39.601084 ], [ 2.4031036, 39.6010843 ], [ 2.4031048, 39.6010845 ], [ 2.403106, 39.6010849 ], [ 2.4031073, 39.6010853 ], [ 2.4031087, 39.6010858 ], [ 2.4031101, 39.6010864 ], [ 2.4031116, 39.6010871 ], [ 2.4031133, 39.601088 ], [ 2.403115, 39.601089 ], [ 2.4031169, 39.6010902 ], [ 2.4031189, 39.6010916 ], [ 2.4031211, 39.6010933 ], [ 2.4031235, 39.6010953 ], [ 2.4031261, 39.6010978 ], [ 2.4031289, 39.6011008 ], [ 2.403132, 39.6011045 ], [ 2.4031353, 39.6011091 ], [ 2.4031389, 39.6011147 ], [ 2.4031427, 39.6011217 ], [ 2.4031465, 39.6011303 ], [ 2.4031501, 39.6011409 ], [ 2.403153, 39.6011537 ], [ 2.4031544, 39.601168699999988 ], [ 2.4031534, 39.601185 ], [ 2.4031486, 39.6012008 ], [ 2.4031395, 39.6012133 ], [ 2.4031265, 39.6012193 ], [ 2.4031116, 39.6012173 ], [ 2.4030972, 39.6012082 ], [ 2.4030854, 39.6011948 ] ] ] } },
{ "type": "Feature", "properties": { "PlotID": "MANFV18", "windspeed": 10.0, "time": "30", "clipped_m2": 10.010615079081617, "clipped_ha": 0.0010010615079081616, "wspd": "10" }, "geometry": { "type": "Polygon", "coordinates": [ [ [ 2.4027585, 39.5995731 ], [ 2.4027546, 39.5995667 ], [ 2.4027522, 39.5995603 ], [ 2.4027508, 39.5995546 ], [ 2.4027502, 39.5995499 ], [ 2.4027501, 39.5995462 ], [ 2.4027503, 39.5995432 ], [ 2.4027506, 39.5995408 ], [ 2.402751, 39.5995389 ], [ 2.4027514, 39.5995373 ], [ 2.4027519, 39.5995361 ], [ 2.4027523, 39.5995351 ], [ 2.4027527, 39.5995342 ], [ 2.4027531, 39.5995335 ], [ 2.4027535, 39.5995329 ], [ 2.4027539, 39.5995324 ], [ 2.4027543, 39.5995319 ], [ 2.4027546, 39.5995315 ], [ 2.402755, 39.5995312 ], [ 2.4027553, 39.5995309 ], [ 2.4027556, 39.5995307 ], [ 2.4027559, 39.5995304 ], [ 2.4027562, 39.5995302 ], [ 2.4027564, 39.5995301 ], [ 2.4027567, 39.5995299 ], [ 2.402757, 39.5995298 ], [ 2.4027572, 39.5995297 ], [ 2.4027575, 39.5995296 ], [ 2.4027577, 39.5995295 ], [ 2.402758, 39.5995294 ], [ 2.4027582, 39.5995293 ], [ 2.4027584, 39.5995292 ], [ 2.4027587, 39.5995292 ], [ 2.4027589, 39.5995292 ], [ 2.4027592, 39.5995291 ], [ 2.4027594, 39.5995291 ], [ 2.4027597, 39.5995291 ], [ 2.4027599, 39.5995291 ], [ 2.4027602, 39.5995291 ], [ 2.4027604, 39.5995291 ], [ 2.4027607, 39.5995291 ], [ 2.402761, 39.5995291 ], [ 2.4027612, 39.5995292 ], [ 2.4027615, 39.5995292 ], [ 2.4027618, 39.5995293 ], [ 2.4027621, 39.5995294 ], [ 2.4027625, 39.5995295 ], [ 2.4027628, 39.5995296 ], [ 2.4027632, 39.5995297 ], [ 2.4027636, 39.5995299 ], [ 2.402764, 39.5995301 ], [ 2.4027644, 39.5995304 ], [ 2.4027649, 39.5995306 ], [ 2.4027654, 39.599531 ], [ 2.402766, 39.5995314 ], [ 2.4027666, 39.599531899999988 ], [ 2.4027673, 39.5995325 ], [ 2.402768, 39.5995332 ], [ 2.4027688, 39.5995341 ], [ 2.4027698, 39.5995351 ], [ 2.4027708, 39.5995365 ], [ 2.4027719, 39.5995382 ], [ 2.4027731, 39.5995404 ], [ 2.4027744, 39.5995433 ], [ 2.4027758, 39.5995469 ], [ 2.4027771, 39.5995515 ], [ 2.402778, 39.5995572 ], [ 2.4027782, 39.5995639 ], [ 2.402777, 39.5995709 ], [ 2.402774, 39.5995767 ], [ 2.4027692, 39.5995794 ], [ 2.4027636, 39.5995779 ], [ 2.4027585, 39.5995731 ] ] ] } },
{ "type": "Feature", "properties": { "PlotID": "MANFV19", "windspeed": 10.0, "time": "30", "clipped_m2": 7.4514451665945671, "clipped_ha": 0.00074514451665945675, "wspd": "10" }, "geometry": { "type": "Polygon", "coordinates": [ [ [ 2.4026587, 39.6002387 ], [ 2.4026562, 39.6002378 ], [ 2.402654, 39.6002365 ], [ 2.4026521, 39.600235 ], [ 2.4026505, 39.6002334 ], [ 2.4026492, 39.600231699999988 ], [ 2.4026482, 39.60023 ], [ 2.4026474, 39.6002283 ], [ 2.4026469, 39.6002266 ], [ 2.4026466, 39.600225099999989 ], [ 2.4026465, 39.6002236 ], [ 2.4026465, 39.6002222 ], [ 2.4026466, 39.6002209 ], [ 2.4026469, 39.6002197 ], [ 2.4026472, 39.6002186 ], [ 2.4026476, 39.6002176 ], [ 2.4026481, 39.6002166 ], [ 2.4026486, 39.6002158 ], [ 2.4026491, 39.600215 ], [ 2.4026497, 39.6002143 ], [ 2.4026502, 39.6002136 ], [ 2.4026508, 39.600213 ], [ 2.4026515, 39.6002125 ], [ 2.4026521, 39.600212 ], [ 2.4026527, 39.6002115 ], [ 2.4026534, 39.6002111 ], [ 2.4026541, 39.6002108 ], [ 2.4026547, 39.6002105 ], [ 2.4026554, 39.6002102 ], [ 2.4026561, 39.6002099 ], [ 2.4026568, 39.6002097 ], [ 2.4026575, 39.6002095 ], [ 2.4026582, 39.6002093 ], [ 2.4026589, 39.6002092 ], [ 2.4026596, 39.6002091 ], [ 2.4026603, 39.6002091 ], [ 2.4026611, 39.600209 ], [ 2.4026618, 39.600209 ], [ 2.4026626, 39.600209 ], [ 2.4026633, 39.6002091 ], [ 2.4026641, 39.6002092 ], [ 2.4026649, 39.6002093 ], [ 2.4026657, 39.6002095 ], [ 2.4026665, 39.6002097 ], [ 2.4026674, 39.60021 ], [ 2.4026682, 39.6002103 ], [ 2.4026691, 39.6002107 ], [ 2.4026699, 39.6002111 ], [ 2.4026708, 39.6002116 ], [ 2.4026717, 39.6002122 ], [ 2.4026726, 39.6002128 ], [ 2.4026735, 39.6002135 ], [ 2.4026744, 39.6002143 ], [ 2.4026752, 39.6002153 ], [ 2.402676, 39.6002163 ], [ 2.4026768, 39.6002174 ], [ 2.4026775, 39.6002187 ], [ 2.4026782, 39.6002201 ], [ 2.4026787, 39.6002217 ], [ 2.402679, 39.600223299999989 ], [ 2.4026792, 39.6002251 ], [ 2.4026791, 39.600227 ], [ 2.4026788, 39.600229 ], [ 2.4026781, 39.6002309 ], [ 2.4026771, 39.6002329 ], [ 2.4026757, 39.6002347 ], [ 2.4026739, 39.6002364 ], [ 2.4026718, 39.6002377 ], [ 2.4026694, 39.6002388 ], [ 2.4026668, 39.6002394 ], [ 2.402664, 39.6002396 ], [ 2.4026613, 39.6002394 ], [ 2.4026587, 39.6002387 ] ] ] } },
{ "type": "Feature", "properties": { "PlotID": "MANFV20", "windspeed": 10.0, "time": "30", "clipped_m2": 1314.3561648842879, "clipped_ha": 0.13143561648842877, "wspd": "10" }, "geometry": { "type": "Polygon", "coordinates": [ [ [ 2.4148043, 39.5916013 ], [ 2.4147738, 39.5915207 ], [ 2.414757, 39.5914527 ], [ 2.4147492, 39.5913983 ], [ 2.4147469, 39.5913559 ], [ 2.4147477, 39.5913228 ], [ 2.4147503, 39.591297 ], [ 2.4147538, 39.5912765 ], [ 2.4147577, 39.5912602 ], [ 2.4147619, 39.5912469 ], [ 2.414766, 39.5912361 ], [ 2.41477, 39.5912271 ], [ 2.4147739, 39.5912196 ], [ 2.4147777, 39.5912133 ], [ 2.4147813, 39.591208 ], [ 2.4147847, 39.5912033 ], [ 2.4147881, 39.5911994 ], [ 2.4147913, 39.5911959 ], [ 2.4147943, 39.5911929 ], [ 2.4147973, 39.5911903 ], [ 2.4148001, 39.5911879 ], [ 2.4148029, 39.5911859 ], [ 2.4148056, 39.5911841 ], [ 2.4148082, 39.5911824 ], [ 2.4148107, 39.591181 ], [ 2.4148133, 39.5911797 ], [ 2.4148157, 39.5911786 ], [ 2.4148182, 39.5911776 ], [ 2.4148206, 39.5911767 ], [ 2.414823, 39.5911759 ], [ 2.4148254, 39.5911752 ], [ 2.4148277, 39.591174599999988 ], [ 2.4148301, 39.5911741 ], [ 2.4148325, 39.5911737 ], [ 2.414835, 39.5911734 ], [ 2.4148374, 39.5911731 ], [ 2.4148399, 39.591173 ], [ 2.4148424, 39.5911729 ], [ 2.4148451, 39.5911729 ], [ 2.4148477, 39.591173 ], [ 2.4148505, 39.5911732 ], [ 2.4148533, 39.5911735 ], [ 2.4148563, 39.591174 ], [ 2.4148593, 39.5911745 ], [ 2.4148626, 39.5911752 ], [ 2.414866, 39.5911761 ], [ 2.4148695, 39.5911772 ], [ 2.4148733, 39.5911785 ], [ 2.4148774, 39.5911801 ], [ 2.4148817, 39.5911819 ], [ 2.4148863, 39.5911842 ], [ 2.4148914, 39.5911868 ], [ 2.4148969, 39.5911901 ], [ 2.4149029, 39.5911939 ], [ 2.4149095, 39.5911986 ], [ 2.4149168, 39.591204399999988 ], [ 2.414925, 39.5912115 ], [ 2.4149342, 39.591220199999988 ], [ 2.4149446, 39.5912312 ], [ 2.4149563, 39.5912452 ], [ 2.4149697, 39.591263 ], [ 2.414985, 39.5912861 ], [ 2.4150022, 39.5913164 ], [ 2.4150211, 39.5913562 ], [ 2.415041, 39.5914087 ], [ 2.4150594, 39.5914765 ], [ 2.4150713, 39.59156 ], [ 2.4150684, 39.5916517 ], [ 2.4150411, 39.5917316 ], [ 2.4149868, 39.5917702 ], [ 2.4149176, 39.5917507 ], [ 2.4148526, 39.5916851 ], [ 2.4148043, 39.5916013 ] ] ] } },
{ "type": "Feature", "properties": { "PlotID": "MANFV21", "windspeed": 10.0, "time": "30", "clipped_m2": 1680.4511760068126, "clipped_ha": 0.16804511760068125, "wspd": "10" }, "geometry": { "type": "Polygon", "coordinates": [ [ [ 2.40449, 39.585050599999988 ], [ 2.4044563, 39.5849576 ], [ 2.4044382, 39.5848799 ], [ 2.4044301, 39.5848183 ], [ 2.4044279, 39.5847706 ], [ 2.4044291, 39.5847336 ], [ 2.4044323, 39.584704699999989 ], [ 2.4044363, 39.584682 ], [ 2.4044408, 39.5846639 ], [ 2.4044455, 39.5846492 ], [ 2.4044501, 39.5846372 ], [ 2.4044546, 39.5846273 ], [ 2.404459, 39.5846191 ], [ 2.4044632, 39.5846121 ], [ 2.4044672, 39.5846062 ], [ 2.4044711, 39.5846012 ], [ 2.4044747, 39.5845968 ], [ 2.4044783, 39.584593 ], [ 2.4044817, 39.5845897 ], [ 2.4044849, 39.5845868 ], [ 2.4044881, 39.5845842 ], [ 2.4044911, 39.584582 ], [ 2.4044941, 39.58458 ], [ 2.404497, 39.5845782 ], [ 2.4044998, 39.5845766 ], [ 2.4045026, 39.5845752 ], [ 2.4045053, 39.584574 ], [ 2.404508, 39.5845729 ], [ 2.4045106, 39.5845719 ], [ 2.4045133, 39.5845711 ], [ 2.4045159, 39.5845703 ], [ 2.4045185, 39.5845697 ], [ 2.4045211, 39.584569099999989 ], [ 2.4045238, 39.5845687 ], [ 2.4045264, 39.5845683 ], [ 2.4045291, 39.584568 ], [ 2.4045319, 39.584567899999989 ], [ 2.4045347, 39.5845678 ], [ 2.4045375, 39.5845678 ], [ 2.4045405, 39.5845679 ], [ 2.4045435, 39.5845682 ], [ 2.4045466, 39.5845685 ], [ 2.4045499, 39.584569 ], [ 2.4045533, 39.5845696 ], [ 2.4045568, 39.5845704 ], [ 2.4045605, 39.5845714 ], [ 2.4045644, 39.5845726 ], [ 2.4045686, 39.584574 ], [ 2.4045731, 39.584575699999988 ], [ 2.4045778, 39.5845778 ], [ 2.4045829, 39.5845803 ], [ 2.4045885, 39.5845832 ], [ 2.4045945, 39.5845868 ], [ 2.4046011, 39.5845911 ], [ 2.4046084, 39.5845963 ], [ 2.4046165, 39.5846026 ], [ 2.4046256, 39.5846105 ], [ 2.4046357, 39.584620199999989 ], [ 2.4046472, 39.5846324 ], [ 2.4046603, 39.5846478 ], [ 2.4046752, 39.5846677 ], [ 2.4046923, 39.5846934 ], [ 2.4047116, 39.5847273 ], [ 2.404733, 39.5847721 ], [ 2.4047557, 39.5848314 ], [ 2.4047771, 39.5849086 ], [ 2.4047915, 39.5850045 ], [ 2.4047894, 39.5851111 ], [ 2.4047591, 39.5852047 ], [ 2.4046975, 39.5852499 ], [ 2.4046182, 39.5852262 ], [ 2.4045443, 39.5851485 ], [ 2.40449, 39.585050599999988 ] ] ] } },
{ "type": "Feature", "properties": { "PlotID": "MANFV22", "windspeed": 10.0, "time": "30", "clipped_m2": 950.1327819628641, "clipped_ha": 0.09501327819628641, "wspd": "10" }, "geometry": { "type": "Polygon", "coordinates": [ [ [ 2.4059687, 39.5830816 ], [ 2.4059401, 39.583019 ], [ 2.405923, 39.5829638 ], [ 2.405914, 39.5829182 ], [ 2.4059102, 39.5828817 ], [ 2.4059096, 39.5828526 ], [ 2.4059109, 39.5828295 ], [ 2.4059133, 39.582811 ], [ 2.4059163, 39.5827961 ], [ 2.4059196, 39.5827839 ], [ 2.405923, 39.5827738 ], [ 2.4059265, 39.5827654 ], [ 2.4059299, 39.5827584 ], [ 2.4059332, 39.5827525 ], [ 2.4059364, 39.5827474 ], [ 2.4059395, 39.582743 ], [ 2.4059425, 39.5827392 ], [ 2.4059454, 39.5827359 ], [ 2.4059482, 39.582733 ], [ 2.4059509, 39.5827305 ], [ 2.4059535, 39.5827283 ], [ 2.4059561, 39.5827263 ], [ 2.4059586, 39.5827245 ], [ 2.405961, 39.5827229 ], [ 2.4059634, 39.5827215 ], [ 2.4059657, 39.5827203 ], [ 2.4059681, 39.5827192 ], [ 2.4059703, 39.5827182 ], [ 2.4059726, 39.5827173 ], [ 2.4059749, 39.5827165 ], [ 2.4059771, 39.5827158 ], [ 2.4059793, 39.5827152 ], [ 2.4059816, 39.5827147 ], [ 2.4059839, 39.5827143 ], [ 2.4059862, 39.582714 ], [ 2.4059885, 39.5827137 ], [ 2.4059908, 39.5827135 ], [ 2.4059933, 39.5827134 ], [ 2.4059957, 39.5827134 ], [ 2.4059983, 39.5827135 ], [ 2.4060009, 39.5827136 ], [ 2.4060036, 39.5827139 ], [ 2.4060064, 39.5827143 ], [ 2.4060093, 39.5827148 ], [ 2.4060124, 39.5827154 ], [ 2.4060156, 39.5827162 ], [ 2.406019, 39.5827172 ], [ 2.4060226, 39.5827184 ], [ 2.4060264, 39.5827198 ], [ 2.4060305, 39.5827215 ], [ 2.4060349, 39.5827236 ], [ 2.4060397, 39.5827261 ], [ 2.4060448, 39.582729 ], [ 2.4060505, 39.5827326 ], [ 2.4060567, 39.5827369 ], [ 2.4060636, 39.5827422 ], [ 2.4060713, 39.5827487 ], [ 2.4060798, 39.5827568 ], [ 2.4060894, 39.5827668 ], [ 2.4061002, 39.5827794 ], [ 2.4061124, 39.5827954 ], [ 2.406126, 39.582816 ], [ 2.4061411, 39.5828426 ], [ 2.4061574, 39.582877 ], [ 2.4061737, 39.5829213 ], [ 2.4061879, 39.582977 ], [ 2.4061958, 39.5830432 ], [ 2.4061907, 39.5831134 ], [ 2.4061663, 39.5831728 ], [ 2.4061216, 39.5832019 ], [ 2.4060653, 39.5831899 ], [ 2.4060111, 39.5831438 ], [ 2.4059687, 39.5830816 ] ] ] } },
{ "type": "Feature", "properties": { "PlotID": "MANFV23", "windspeed": 10.0, "time": "30", "clipped_m2": 8883.3202803302556, "clipped_ha": 0.88833202803302558, "wspd": "10" }, "geometry": { "type": "Polygon", "coordinates": [ [ [ 2.4137842, 39.5960806 ], [ 2.4137108, 39.5958518 ], [ 2.4136737, 39.5956678 ], [ 2.4136587, 39.5955267 ], [ 2.4136561, 39.5954196 ], [ 2.4136603, 39.5953382 ], [ 2.4136681, 39.5952755 ], [ 2.4136775, 39.5952266 ], [ 2.4136876, 39.5951879 ], [ 2.4136979, 39.5951569 ], [ 2.4137079, 39.5951317 ], [ 2.4137176, 39.5951109 ], [ 2.4137269, 39.5950936 ], [ 2.4137358, 39.5950791 ], [ 2.4137443, 39.5950668 ], [ 2.4137524, 39.5950563 ], [ 2.4137601, 39.5950472 ], [ 2.4137674, 39.5950394 ], [ 2.4137745, 39.595032499999988 ], [ 2.4137813, 39.5950265 ], [ 2.4137878, 39.5950213 ], [ 2.4137942, 39.5950166 ], [ 2.4138003, 39.595012499999989 ], [ 2.4138063, 39.5950088 ], [ 2.4138121, 39.5950056 ], [ 2.4138178, 39.5950027 ], [ 2.4138235, 39.5950001 ], [ 2.413829, 39.5949979 ], [ 2.4138345, 39.5949958 ], [ 2.4138399, 39.5949941 ], [ 2.4138453, 39.5949925 ], [ 2.4138507, 39.5949912 ], [ 2.4138562, 39.5949901 ], [ 2.4138616, 39.5949891 ], [ 2.4138671, 39.5949884 ], [ 2.4138727, 39.5949878 ], [ 2.4138783, 39.5949875 ], [ 2.4138841, 39.5949873 ], [ 2.41389, 39.5949873 ], [ 2.4138961, 39.5949876 ], [ 2.4139023, 39.5949881 ], [ 2.4139088, 39.5949888 ], [ 2.4139155, 39.5949898 ], [ 2.4139225, 39.5949911 ], [ 2.4139298, 39.5949927 ], [ 2.4139375, 39.5949947 ], [ 2.4139456, 39.5949971 ], [ 2.4139543, 39.5950001 ], [ 2.4139635, 39.5950036 ], [ 2.4139734, 39.5950078 ], [ 2.4139841, 39.5950129 ], [ 2.4139957, 39.595019 ], [ 2.4140083, 39.5950264 ], [ 2.4140222, 39.5950353 ], [ 2.4140376, 39.5950461 ], [ 2.4140547, 39.5950593 ], [ 2.4140739, 39.5950757 ], [ 2.4140956, 39.595096 ], [ 2.4141203, 39.5951217 ], [ 2.4141487, 39.5951545 ], [ 2.4141815, 39.595197 ], [ 2.4142195, 39.595252599999988 ], [ 2.4142635, 39.5953267 ], [ 2.4143137, 39.5954264 ], [ 2.4143693, 39.5955614 ], [ 2.4144255, 39.5957425 ], [ 2.4144702, 39.5959756 ], [ 2.4144794, 39.5962459 ], [ 2.4144199, 39.5964925 ], [ 2.4142766, 39.5966128 ], [ 2.414085, 39.5965437 ], [ 2.4139087, 39.5963332 ], [ 2.4137842, 39.5960806 ] ] ] } },
{ "type": "Feature", "properties": { "PlotID": "MANFV24", "windspeed": 10.0, "time": "30", "clipped_m2": 3.8187079455692583, "clipped_ha": 0.00038187079455692582, "wspd": "10" }, "geometry": { "type": "Polygon", "coordinates": [ [ [ 2.4000933, 39.5940246 ], [ 2.400091, 39.5940238 ], [ 2.4000889, 39.5940224 ], [ 2.4000872, 39.594020799999988 ], [ 2.4000859, 39.5940189 ], [ 2.400085, 39.594017 ], [ 2.4000844, 39.5940152 ], [ 2.4000841, 39.5940134 ], [ 2.400084, 39.5940118 ], [ 2.4000841, 39.5940104 ], [ 2.4000842, 39.5940091 ], [ 2.4000845, 39.594008 ], [ 2.4000848, 39.594007 ], [ 2.4000851, 39.5940062 ], [ 2.4000855, 39.5940054 ], [ 2.4000859, 39.5940047 ], [ 2.4000863, 39.5940042 ], [ 2.4000867, 39.5940036 ], [ 2.4000871, 39.594003199999989 ], [ 2.4000875, 39.5940028 ], [ 2.4000879, 39.5940024 ], [ 2.4000883, 39.5940021 ], [ 2.4000886, 39.5940018 ], [ 2.400089, 39.5940016 ], [ 2.4000894, 39.5940014 ], [ 2.4000897, 39.5940012 ], [ 2.4000901, 39.594001 ], [ 2.4000905, 39.5940008 ], [ 2.4000908, 39.5940007 ], [ 2.4000911, 39.5940006 ], [ 2.4000915, 39.5940005 ], [ 2.4000918, 39.5940004 ], [ 2.4000922, 39.5940003 ], [ 2.4000925, 39.5940003 ], [ 2.4000928, 39.5940003 ], [ 2.4000932, 39.5940002 ], [ 2.4000935, 39.5940002 ], [ 2.4000938, 39.594000199999989 ], [ 2.4000942, 39.5940002 ], [ 2.4000945, 39.5940002 ], [ 2.4000949, 39.5940003 ], [ 2.4000952, 39.5940003 ], [ 2.4000956, 39.5940004 ], [ 2.400096, 39.5940005 ], [ 2.4000963, 39.5940006 ], [ 2.4000967, 39.5940007 ], [ 2.4000971, 39.5940009 ], [ 2.4000975, 39.594001 ], [ 2.400098, 39.5940012 ], [ 2.4000984, 39.5940015 ], [ 2.4000988, 39.5940017 ], [ 2.4000993, 39.594002 ], [ 2.4000998, 39.5940024 ], [ 2.4001003, 39.5940028 ], [ 2.4001008, 39.5940033 ], [ 2.4001013, 39.5940038 ], [ 2.4001018, 39.5940044 ], [ 2.4001023, 39.5940051 ], [ 2.4001028, 39.5940059 ], [ 2.4001034, 39.5940068 ], [ 2.4001038, 39.5940079 ], [ 2.4001043, 39.5940091 ], [ 2.4001046, 39.5940105 ], [ 2.4001048, 39.5940121 ], [ 2.4001049, 39.5940139 ], [ 2.4001047, 39.5940158 ], [ 2.4001042, 39.5940178 ], [ 2.4001033, 39.5940198 ], [ 2.400102, 39.5940216 ], [ 2.4001002, 39.5940232 ], [ 2.4000981, 39.5940243 ], [ 2.4000957, 39.5940248 ], [ 2.4000933, 39.5940246 ] ] ] } },
{ "type": "Feature", "properties": { "PlotID": "MANFV25", "windspeed": 10.0, "time": "30", "clipped_m2": 114.85141923298943, "clipped_ha": 0.011485141923298943, "wspd": "10" }, "geometry": { "type": "Polygon", "coordinates": [ [ [ 2.4003865, 39.5931412 ], [ 2.4003768, 39.593112 ], [ 2.4003643, 39.5931159 ], [ 2.4003576, 39.5931018 ], [ 2.4003535, 39.5930884 ], [ 2.4003512, 39.5930764 ], [ 2.4003504, 39.5930658 ], [ 2.4003506, 39.5930568 ], [ 2.4003515, 39.593049 ], [ 2.4003528, 39.5930424 ], [ 2.4003543, 39.5930368 ], [ 2.400356, 39.5930321 ], [ 2.4003578, 39.593028 ], [ 2.4003596, 39.5930245 ], [ 2.4003614, 39.5930214 ], [ 2.4003632, 39.5930188 ], [ 2.400365, 39.5930166 ], [ 2.4003667, 39.5930146 ], [ 2.4003683, 39.5930128 ], [ 2.40037, 39.5930113 ], [ 2.4003716, 39.59301 ], [ 2.4003731, 39.5930088 ], [ 2.4003746, 39.5930077 ], [ 2.4003761, 39.5930068 ], [ 2.4003776, 39.593006 ], [ 2.400379, 39.5930052 ], [ 2.4003804, 39.5930046 ], [ 2.4003817, 39.593004 ], [ 2.4003831, 39.5930035 ], [ 2.4003844, 39.5930031 ], [ 2.4003858, 39.5930027 ], [ 2.4003871, 39.5930024 ], [ 2.4003884, 39.5930021 ], [ 2.4003898, 39.5930019 ], [ 2.4003911, 39.5930018 ], [ 2.4003924, 39.5930016 ], [ 2.4003938, 39.5930016 ], [ 2.4003952, 39.5930016 ], [ 2.4003966, 39.5930016 ], [ 2.400398, 39.5930017 ], [ 2.4003994, 39.5930018 ], [ 2.4004009, 39.593002 ], [ 2.4004024, 39.5930023 ], [ 2.400404, 39.5930026 ], [ 2.4004056, 39.5930031 ], [ 2.4004073, 39.5930036 ], [ 2.400409, 39.5930041 ], [ 2.4004108, 39.5930049 ], [ 2.4004127, 39.5930057 ], [ 2.4004147, 39.5930067 ], [ 2.4004168, 39.593007799999988 ], [ 2.400419, 39.5930091 ], [ 2.4004214, 39.5930107 ], [ 2.4004238, 39.5930125 ], [ 2.4004265, 39.5930147 ], [ 2.4004292, 39.5930172 ], [ 2.4004322, 39.5930202 ], [ 2.4004353, 39.5930238 ], [ 2.4004386, 39.5930281 ], [ 2.400442, 39.5930331 ], [ 2.4004455, 39.5930392 ], [ 2.4004489, 39.5930465 ], [ 2.4004522, 39.5930552 ], [ 2.4004551, 39.5930656 ], [ 2.400457, 39.5930776 ], [ 2.4004576, 39.5930914 ], [ 2.400456, 39.5931063 ], [ 2.4004514, 39.5931215 ], [ 2.4004432, 39.5931353 ], [ 2.4004315, 39.5931455 ], [ 2.4004169, 39.5931502 ], [ 2.4004013, 39.5931486 ], [ 2.4003865, 39.5931412 ] ] ] } },
{ "type": "Feature", "properties": { "PlotID": "MANFV26", "windspeed": 10.0, "time": "30", "clipped_m2": 592.83067850302905, "clipped_ha": 0.059283067850302906, "wspd": "10" }, "geometry": { "type": "Polygon", "coordinates": [ [ [ 2.4008525, 39.5947275 ], [ 2.400823, 39.5947116 ], [ 2.4007979, 39.5946908 ], [ 2.4007777, 39.5946671 ], [ 2.4008034, 39.5945727 ], [ 2.4007755, 39.5945851 ], [ 2.4007453, 39.5945934 ], [ 2.4007419, 39.5945711 ], [ 2.400741, 39.5945506 ], [ 2.4007421, 39.5945321 ], [ 2.4007447, 39.5945154 ], [ 2.4007484, 39.5945006 ], [ 2.4007528, 39.5944874 ], [ 2.4007578, 39.5944756 ], [ 2.4007632, 39.5944652 ], [ 2.4007689, 39.594456 ], [ 2.4007747, 39.5944478 ], [ 2.4007806, 39.5944405 ], [ 2.4007865, 39.594434 ], [ 2.4007924, 39.5944282 ], [ 2.4007982, 39.5944231 ], [ 2.4008041, 39.5944185 ], [ 2.4008132, 39.5944156 ], [ 2.4008155, 39.5944108 ], [ 2.4008212, 39.5944076 ], [ 2.4008268, 39.5944048 ], [ 2.4008323, 39.5944023 ], [ 2.4008508, 39.5944118 ], [ 2.4008433, 39.5943982 ], [ 2.4008487, 39.5943965 ], [ 2.4008541, 39.5943951 ], [ 2.4008595, 39.5943939 ], [ 2.4008649, 39.594393 ], [ 2.4008703, 39.5943923 ], [ 2.4008757, 39.5943917 ], [ 2.4008811, 39.5943914 ], [ 2.4008866, 39.5943914 ], [ 2.4008921, 39.5943915 ], [ 2.4008977, 39.5943918 ], [ 2.4009033, 39.5943924 ], [ 2.4009091, 39.5943932 ], [ 2.4009149, 39.5943943 ], [ 2.4009208, 39.5943957 ], [ 2.4009269, 39.5943973 ], [ 2.4009331, 39.5943993 ], [ 2.4009394, 39.5944016 ], [ 2.4009459, 39.5944043 ], [ 2.4009526, 39.5944074 ], [ 2.4009594, 39.5944111 ], [ 2.4009665, 39.5944152 ], [ 2.4009737, 39.59442 ], [ 2.4009811, 39.5944255 ], [ 2.4009886, 39.5944318 ], [ 2.4009964, 39.594439 ], [ 2.4010042, 39.5944472 ], [ 2.4010121, 39.5944566 ], [ 2.4010199, 39.5944674 ], [ 2.4010276, 39.5944797 ], [ 2.4010348, 39.5944937 ], [ 2.4010415, 39.5945097 ], [ 2.4010471, 39.5945277 ], [ 2.4010044, 39.594518 ], [ 2.400989, 39.5945213 ], [ 2.4009751, 39.5945243 ], [ 2.4010486, 39.5946207 ], [ 2.4010399, 39.5946475 ], [ 2.401026, 39.5946737 ], [ 2.4009276, 39.5945346 ], [ 2.4009166, 39.594537 ], [ 2.4009518, 39.5947319 ], [ 2.400919, 39.5947384 ], [ 2.4008829, 39.5945457 ], [ 2.4008525, 39.5947275 ] ] ] } },
{ "type": "Feature", "properties": { "PlotID": "MANFV27", "windspeed": 10.0, "time": "30", "clipped_m2": 733.86906169124995, "clipped_ha": 0.073386906169124994, "wspd": "10" }, "geometry": { "type": "Polygon", "coordinates": [ [ [ 2.4078078, 39.601615699999989 ], [ 2.4077958, 39.601607 ], [ 2.4077851, 39.6015993 ], [ 2.4077754, 39.6015924 ], [ 2.4077663, 39.6015859 ], [ 2.4077761, 39.6015551 ], [ 2.40777, 39.6015511 ], [ 2.4077641, 39.6015472 ], [ 2.4077581, 39.6015434 ], [ 2.4077521, 39.6015394 ], [ 2.4077459, 39.6015353 ], [ 2.4077394, 39.6015311 ], [ 2.4077325, 39.6015266 ], [ 2.4077251, 39.6015217 ], [ 2.4077168, 39.6015162 ], [ 2.4077075, 39.6015101 ], [ 2.4076968, 39.6015031 ], [ 2.407684, 39.6014947 ], [ 2.407673, 39.6014847 ], [ 2.4076822, 39.6014758 ], [ 2.4076914, 39.6014678 ], [ 2.4077004, 39.6014607 ], [ 2.4077093, 39.6014544 ], [ 2.4077181, 39.6014487 ], [ 2.4077269, 39.6014437 ], [ 2.4077355, 39.6014391 ], [ 2.4077441, 39.6014351 ], [ 2.407771, 39.6014485 ], [ 2.4077957, 39.6014665 ], [ 2.4078055, 39.6014737 ], [ 2.4078109, 39.6014776 ], [ 2.4078143, 39.6014801 ], [ 2.4078167, 39.6014818 ], [ 2.4078185, 39.6014831 ], [ 2.4078199, 39.6014842 ], [ 2.407821, 39.601485 ], [ 2.407822, 39.6014857 ], [ 2.4078229, 39.6014863 ], [ 2.4078237, 39.6014869 ], [ 2.4078243, 39.6014874 ], [ 2.407825, 39.6014879 ], [ 2.4078256, 39.6014883 ], [ 2.4078262, 39.6014887 ], [ 2.4078267, 39.601489199999989 ], [ 2.4078273, 39.6014896 ], [ 2.4078279, 39.60149 ], [ 2.4078284, 39.6014904 ], [ 2.407829, 39.6014908 ], [ 2.4078297, 39.6014913 ], [ 2.4078303, 39.6014918 ], [ 2.4078311, 39.6014923 ], [ 2.4078319, 39.6014929 ], [ 2.4078328, 39.6014936 ], [ 2.4078339, 39.6014944 ], [ 2.4078352, 39.6014953 ], [ 2.4078368, 39.6014965 ], [ 2.407839, 39.6014981 ], [ 2.4078419, 39.6015002 ], [ 2.4078463, 39.6015034 ], [ 2.4078542, 39.6015091 ], [ 2.4078833, 39.6015279 ], [ 2.4081698, 39.6017195 ], [ 2.4081815, 39.6017717 ], [ 2.4081875, 39.6018304 ], [ 2.408185, 39.6018942 ], [ 2.4081712, 39.6019607 ], [ 2.4079661, 39.6017334 ], [ 2.4079172, 39.601697 ], [ 2.4078831, 39.6016717 ], [ 2.4078577, 39.6016528 ], [ 2.4078378, 39.601638 ], [ 2.4078215, 39.6016259 ], [ 2.4078078, 39.601615699999989 ] ] ] } },
{ "type": "Feature", "properties": { "PlotID": "MANFV28", "windspeed": 10.0, "time": "30", "clipped_m2": 374.34370275854599, "clipped_ha": 0.037434370275854598, "wspd": "10" }, "geometry": { "type": "Polygon", "coordinates": [ [ [ 2.4019427, 39.6025965 ], [ 2.4019237, 39.6025772 ], [ 2.4019092, 39.6025561 ], [ 2.4019015, 39.6025294 ], [ 2.4018934, 39.6025129 ], [ 2.4018881, 39.6024968 ], [ 2.4018863, 39.6024805 ], [ 2.4018862, 39.6024661 ], [ 2.4018872, 39.6024535 ], [ 2.401889, 39.6024425 ], [ 2.4018914, 39.6024329 ], [ 2.4018941, 39.6024246 ], [ 2.4018971, 39.6024173 ], [ 2.4019002, 39.602411 ], [ 2.4019034, 39.602405399999988 ], [ 2.4019067, 39.6024005 ], [ 2.4019099, 39.6023962 ], [ 2.4019131, 39.6023924 ], [ 2.4019163, 39.602389 ], [ 2.4019195, 39.602386 ], [ 2.4019226, 39.6023834 ], [ 2.4019257, 39.602381 ], [ 2.4019287, 39.6023789 ], [ 2.4019317, 39.602377 ], [ 2.4019346, 39.6023753 ], [ 2.4019376, 39.602373799999988 ], [ 2.4019404, 39.6023724 ], [ 2.4019433, 39.6023712 ], [ 2.4019462, 39.6023702 ], [ 2.401949, 39.6023693 ], [ 2.4019519, 39.6023685 ], [ 2.4019547, 39.6023678 ], [ 2.4019576, 39.6023673 ], [ 2.4019605, 39.6023668 ], [ 2.4019634, 39.6023665 ], [ 2.4019663, 39.6023663 ], [ 2.4019693, 39.6023662 ], [ 2.4019723, 39.6023662 ], [ 2.4019754, 39.6023663 ], [ 2.4019786, 39.6023665 ], [ 2.4019818, 39.6023669 ], [ 2.4019851, 39.6023674 ], [ 2.4019885, 39.602368 ], [ 2.401992, 39.6023688 ], [ 2.4019957, 39.6023698 ], [ 2.4019994, 39.602371 ], [ 2.4020034, 39.6023725 ], [ 2.4020075, 39.6023742 ], [ 2.4020118, 39.6023761 ], [ 2.4020162, 39.6023785 ], [ 2.4020209, 39.6023812 ], [ 2.4020259, 39.6023844 ], [ 2.4020311, 39.6023882 ], [ 2.4020365, 39.6023926 ], [ 2.4020408, 39.6023976 ], [ 2.4020432, 39.6024031 ], [ 2.4020458, 39.6024091 ], [ 2.4020487, 39.6024158 ], [ 2.4020521, 39.6024236 ], [ 2.4020561, 39.6024328 ], [ 2.402061, 39.602444 ], [ 2.4020672, 39.6024582 ], [ 2.4020754, 39.6024772 ], [ 2.4020875, 39.6025046 ], [ 2.4020916, 39.6025315 ], [ 2.4020872, 39.6025551 ], [ 2.4020777, 39.6025782 ], [ 2.4020627, 39.6025986 ], [ 2.4020424, 39.6026138 ], [ 2.4020179, 39.6026215 ], [ 2.4019915, 39.6026206 ], [ 2.4019658, 39.6026117 ], [ 2.4019427, 39.6025965 ] ] ] } },
{ "type": "Feature", "properties": { "PlotID": "MANFV29", "windspeed": 10.0, "time": "30", "clipped_m2": 1275.9946559283417, "clipped_ha": 0.12759946559283417, "wspd": "10" }, "geometry": { "type": "Polygon", "coordinates": [ [ [ 2.4101623, 39.6048063 ], [ 2.410114, 39.6047695 ], [ 2.4100753, 39.6047243 ], [ 2.4101194, 39.6044802 ], [ 2.4100865, 39.60451 ], [ 2.4100155, 39.6045854 ], [ 2.4100094, 39.6045462 ], [ 2.4100076, 39.6045117 ], [ 2.4100089, 39.6044817 ], [ 2.4100122, 39.6044557 ], [ 2.410017, 39.6044334 ], [ 2.4100226, 39.6044141 ], [ 2.4100289, 39.6043974 ], [ 2.4100354, 39.604383 ], [ 2.4100422, 39.6043704 ], [ 2.410049, 39.6043595 ], [ 2.4100558, 39.60435 ], [ 2.4100625, 39.6043416 ], [ 2.4100691, 39.6043342 ], [ 2.4100756, 39.6043277 ], [ 2.410082, 39.604321899999988 ], [ 2.4100882, 39.6043168 ], [ 2.4100944, 39.6043122 ], [ 2.4101004, 39.6043082 ], [ 2.4101063, 39.6043046 ], [ 2.4101122, 39.6043014 ], [ 2.410118, 39.6042985 ], [ 2.4101237, 39.604296 ], [ 2.4101293, 39.6042938 ], [ 2.4101349, 39.6042918 ], [ 2.4101405, 39.6042901 ], [ 2.4101461, 39.6042887 ], [ 2.4101517, 39.6042875 ], [ 2.4101573, 39.6042865 ], [ 2.4101629, 39.6042857 ], [ 2.4101685, 39.6042851 ], [ 2.4101743, 39.6042847 ], [ 2.41018, 39.6042845 ], [ 2.4101859, 39.6042846 ], [ 2.4101919, 39.6042849 ], [ 2.410198, 39.6042854 ], [ 2.4102043, 39.6042861 ], [ 2.4102107, 39.6042872 ], [ 2.4102174, 39.6042885 ], [ 2.4102242, 39.6042902 ], [ 2.4102313, 39.6042922 ], [ 2.4102386, 39.6042946 ], [ 2.4102463, 39.6042974 ], [ 2.4102543, 39.6043008 ], [ 2.4102627, 39.6043048 ], [ 2.4102714, 39.6043094 ], [ 2.4102807, 39.6043149 ], [ 2.4102904, 39.6043213 ], [ 2.4103007, 39.6043287 ], [ 2.4103115, 39.6043375 ], [ 2.4103229, 39.6043478 ], [ 2.4103349, 39.60436 ], [ 2.4103475, 39.6043743 ], [ 2.4103606, 39.6043913 ], [ 2.410374, 39.6044115 ], [ 2.4103875, 39.6044354 ], [ 2.4104007, 39.6044636 ], [ 2.4104128, 39.6044969 ], [ 2.410403, 39.6045199 ], [ 2.4103825, 39.6045358 ], [ 2.4103642, 39.604554899999989 ], [ 2.4103448, 39.6045754 ], [ 2.4103326, 39.6046129 ], [ 2.4103204, 39.6046668 ], [ 2.4102874, 39.6046908 ], [ 2.4102545, 39.6047341 ], [ 2.4102169, 39.6048217 ], [ 2.4101623, 39.6048063 ] ] ] } },
{ "type": "Feature", "properties": { "PlotID": "MANFV01", "windspeed": 20.0, "time": "30", "clipped_m2": 287.95897636614973, "clipped_ha": 0.028795897636614973, "wspd": "20" }, "geometry": { "type": "Polygon", "coordinates": [ [ [ 2.4127528, 39.5995385 ], [ 2.4127357, 39.5995248 ], [ 2.4127312, 39.5994792 ], [ 2.4127115, 39.599493 ], [ 2.4127039, 39.599477 ], [ 2.412699, 39.599462 ], [ 2.412696, 39.5994482 ], [ 2.4126947, 39.5994357 ], [ 2.4126945, 39.5994245 ], [ 2.4126953, 39.5994146 ], [ 2.4126967, 39.5994059 ], [ 2.4126986, 39.5993981 ], [ 2.4127009, 39.5993913 ], [ 2.4127034, 39.5993852 ], [ 2.412706, 39.5993799 ], [ 2.4127088, 39.5993751 ], [ 2.4127116, 39.5993709 ], [ 2.4127144, 39.5993672 ], [ 2.4127173, 39.5993638 ], [ 2.4127202, 39.5993608 ], [ 2.412723, 39.5993581 ], [ 2.4127259, 39.5993557 ], [ 2.4127287, 39.5993536 ], [ 2.4127315, 39.5993516 ], [ 2.4127343, 39.5993499 ], [ 2.4127371, 39.5993483 ], [ 2.4127399, 39.5993469 ], [ 2.4127426, 39.5993457 ], [ 2.4127454, 39.5993446 ], [ 2.4127482, 39.5993436 ], [ 2.4127509, 39.5993428 ], [ 2.4127537, 39.5993421 ], [ 2.4127565, 39.5993414 ], [ 2.4127593, 39.5993409 ], [ 2.4127622, 39.5993405 ], [ 2.412765, 39.5993403 ], [ 2.412768, 39.5993401 ], [ 2.4127709, 39.59934 ], [ 2.412774, 39.5993401 ], [ 2.4127771, 39.5993402 ], [ 2.4127802, 39.5993405 ], [ 2.4127835, 39.599341 ], [ 2.4127869, 39.5993415 ], [ 2.4127903, 39.5993423 ], [ 2.4127939, 39.5993432 ], [ 2.4127976, 39.5993443 ], [ 2.4128014, 39.5993457 ], [ 2.4128054, 39.5993472 ], [ 2.4128096, 39.5993491 ], [ 2.4128139, 39.5993513 ], [ 2.4128185, 39.5993539 ], [ 2.4128232, 39.599356899999989 ], [ 2.4128282, 39.5993605 ], [ 2.4128333, 39.5993646 ], [ 2.4128387, 39.5993694 ], [ 2.4128443, 39.599375 ], [ 2.41285, 39.5993815 ], [ 2.4128557, 39.5993891 ], [ 2.4128461, 39.5993928 ], [ 2.4128671, 39.5994083 ], [ 2.4128722, 39.5994202 ], [ 2.4128765, 39.5994338 ], [ 2.4128796, 39.5994491 ], [ 2.4128808, 39.599466 ], [ 2.4128794, 39.5994841 ], [ 2.4128747, 39.5995027 ], [ 2.4128661, 39.5995205 ], [ 2.4128531, 39.5995361 ], [ 2.4128361, 39.5995477 ], [ 2.4128159, 39.599554 ], [ 2.4127942, 39.5995543 ], [ 2.4127727, 39.5995489 ], [ 2.4127528, 39.5995385 ] ] ] } },
{ "type": "Feature", "properties": { "PlotID": "MANFV02", "windspeed": 20.0, "time": "30", "clipped_m2": 901.35951526928693, "clipped_ha": 0.090135951526928687, "wspd": "20" }, "geometry": { "type": "Polygon", "coordinates": [ [ [ 2.410098, 39.5967397 ], [ 2.4100603, 39.5967958 ], [ 2.4100643, 39.5966914 ], [ 2.4100704, 39.5966344 ], [ 2.4100762, 39.5966006 ], [ 2.4100812, 39.5965791 ], [ 2.4100855, 39.5965646 ], [ 2.4100891, 39.5965544 ], [ 2.4100923, 39.596547 ], [ 2.410095, 39.5965415 ], [ 2.4100973, 39.5965372 ], [ 2.4100994, 39.5965338 ], [ 2.4101013, 39.5965311 ], [ 2.410103, 39.596529 ], [ 2.4101045, 39.5965272 ], [ 2.4101059, 39.5965257 ], [ 2.4101072, 39.5965244 ], [ 2.4101084, 39.5965234 ], [ 2.4101095, 39.5965225 ], [ 2.4101105, 39.5965217 ], [ 2.4101115, 39.596521 ], [ 2.4101125, 39.5965204 ], [ 2.4101133, 39.5965199 ], [ 2.4101142, 39.5965195 ], [ 2.410115, 39.5965191 ], [ 2.4101158, 39.5965188 ], [ 2.4101166, 39.5965185 ], [ 2.4101173, 39.5965182 ], [ 2.410118, 39.596518 ], [ 2.4101187, 39.5965178 ], [ 2.4101194, 39.5965177 ], [ 2.4101201, 39.5965175 ], [ 2.4101208, 39.5965174 ], [ 2.4101215, 39.5965174 ], [ 2.4101222, 39.5965173 ], [ 2.4101229, 39.5965173 ], [ 2.4101236, 39.5965173 ], [ 2.4101243, 39.5965173 ], [ 2.410125, 39.5965173 ], [ 2.4101257, 39.5965174 ], [ 2.4101265, 39.5965175 ], [ 2.4101272, 39.5965176 ], [ 2.410128, 39.5965177 ], [ 2.4101288, 39.5965179 ], [ 2.4101297, 39.5965181 ], [ 2.4101306, 39.5965184 ], [ 2.4101315, 39.5965187 ], [ 2.4101325, 39.5965191 ], [ 2.4101335, 39.5965196 ], [ 2.4101347, 39.5965201 ], [ 2.4101359, 39.5965207 ], [ 2.4101372, 39.5965215 ], [ 2.4101386, 39.5965224 ], [ 2.4101401, 39.5965234 ], [ 2.4101418, 39.5965247 ], [ 2.4101437, 39.5965263 ], [ 2.4101459, 39.5965282 ], [ 2.4101483, 39.5965306 ], [ 2.4101511, 39.5965336 ], [ 2.4101544, 39.5965375 ], [ 2.4101583, 39.5965426 ], [ 2.410163, 39.5965495 ], [ 2.4101688, 39.596559 ], [ 2.4101762, 39.5965727 ], [ 2.4101859, 39.5965933 ], [ 2.4101991, 39.5966258 ], [ 2.4102176, 39.5966812 ], [ 2.4102447, 39.5967835 ], [ 2.4102829, 39.5969881 ], [ 2.4103157, 39.597377 ], [ 2.4102146, 39.597349 ], [ 2.4101226, 39.5966768 ], [ 2.410098, 39.5967397 ] ] ] } },
{ "type": "Feature", "properties": { "PlotID": "MANFV03", "windspeed": 20.0, "time": "30", "clipped_m2": 1136.7641997097526, "clipped_ha": 0.11367641997097526, "wspd": "20" }, "geometry": { "type": "Polygon", "coordinates": [ [ [ 2.407463, 39.595939 ], [ 2.4074127, 39.5958329 ], [ 2.4073872, 39.5957205 ], [ 2.407379, 39.5956289 ], [ 2.4073798, 39.595561 ], [ 2.4073846, 39.595512 ], [ 2.4073907, 39.5954766 ], [ 2.4073972, 39.5954506 ], [ 2.4074034, 39.5954312 ], [ 2.4074091, 39.5954164 ], [ 2.4074144, 39.5954049 ], [ 2.4074192, 39.5953958 ], [ 2.4074236, 39.5953885 ], [ 2.4074277, 39.5953826 ], [ 2.4074313, 39.5953778 ], [ 2.4074347, 39.5953738 ], [ 2.4074379, 39.5953704 ], [ 2.4074408, 39.5953675 ], [ 2.4074435, 39.595365099999988 ], [ 2.4074461, 39.595363 ], [ 2.4074485, 39.5953613 ], [ 2.4074508, 39.5953597 ], [ 2.407453, 39.5953584 ], [ 2.4074551, 39.5953572 ], [ 2.4074571, 39.5953562 ], [ 2.407459, 39.5953553 ], [ 2.4074608, 39.5953545 ], [ 2.4074626, 39.5953538 ], [ 2.4074644, 39.5953533 ], [ 2.4074661, 39.5953528 ], [ 2.4074678, 39.5953523 ], [ 2.4074695, 39.595352 ], [ 2.4074711, 39.5953517 ], [ 2.4074728, 39.5953515 ], [ 2.4074744, 39.5953513 ], [ 2.407476, 39.5953512 ], [ 2.4074777, 39.5953511 ], [ 2.4074793, 39.5953511 ], [ 2.407481, 39.5953512 ], [ 2.4074826, 39.5953513 ], [ 2.4074844, 39.5953515 ], [ 2.4074861, 39.5953517 ], [ 2.4074879, 39.595352 ], [ 2.4074897, 39.5953524 ], [ 2.4074916, 39.5953529 ], [ 2.4074936, 39.5953535 ], [ 2.4074957, 39.5953541 ], [ 2.4074978, 39.5953549 ], [ 2.4075001, 39.5953559 ], [ 2.4075025, 39.595357 ], [ 2.407505, 39.5953583 ], [ 2.4075077, 39.5953598 ], [ 2.4075106, 39.5953616 ], [ 2.4075138, 39.5953637 ], [ 2.4075172, 39.5953662 ], [ 2.4075209, 39.5953692 ], [ 2.4075249, 39.5953729 ], [ 2.4075294, 39.5953773 ], [ 2.4075345, 39.5953827 ], [ 2.4075401, 39.5953894 ], [ 2.4075465, 39.5953979 ], [ 2.4075537, 39.5954087 ], [ 2.407562, 39.5954228 ], [ 2.4075716, 39.5954414 ], [ 2.4075825, 39.5954665 ], [ 2.4075948, 39.5955009 ], [ 2.4076081, 39.5955489 ], [ 2.4076207, 39.5956161 ], [ 2.4076287, 39.5957078 ], [ 2.4076231, 39.5958218 ], [ 2.4075919, 39.5959322 ], [ 2.4075316, 39.5959832 ], [ 2.407463, 39.595939 ] ] ] } },
{ "type": "Feature", "properties": { "PlotID": "MANFV04", "windspeed": 20.0, "time": "30", "clipped_m2": 94.653205809998326, "clipped_ha": 0.0094653205809998326, "wspd": "20" }, "geometry": { "type": "Polygon", "coordinates": [ [ [ 2.4051213, 39.5901079 ], [ 2.4051199, 39.5900936 ], [ 2.4051196, 39.5900865 ], [ 2.4051197, 39.5900825 ], [ 2.4051199, 39.59008 ], [ 2.4051201, 39.5900783 ], [ 2.4051203, 39.5900772 ], [ 2.4051205, 39.5900764 ], [ 2.4051207, 39.5900757 ], [ 2.4051209, 39.5900753 ], [ 2.4051211, 39.5900749 ], [ 2.4051212, 39.5900746 ], [ 2.4051214, 39.5900743 ], [ 2.4051215, 39.5900741 ], [ 2.4051216, 39.5900739 ], [ 2.4051217, 39.5900738 ], [ 2.4051219, 39.5900737 ], [ 2.405122, 39.5900736 ], [ 2.405122, 39.5900735 ], [ 2.4051221, 39.5900734 ], [ 2.4051222, 39.5900733 ], [ 2.4051223, 39.5900733 ], [ 2.4051224, 39.5900732 ], [ 2.4051225, 39.5900732 ], [ 2.4051225, 39.5900731 ], [ 2.4051226, 39.5900731 ], [ 2.4051227, 39.5900731 ], [ 2.4051228, 39.590073 ], [ 2.4051229, 39.590073 ], [ 2.405123, 39.590073 ], [ 2.405123, 39.5900729 ], [ 2.4051231, 39.5900729 ], [ 2.4051232, 39.5900729 ], [ 2.4051233, 39.5900729 ], [ 2.4051234, 39.5900729 ], [ 2.4051235, 39.5900729 ], [ 2.4051236, 39.5900729 ], [ 2.4051237, 39.5900729 ], [ 2.4051238, 39.5900729 ], [ 2.4051239, 39.5900729 ], [ 2.405124, 39.5900729 ], [ 2.4051241, 39.5900729 ], [ 2.4051242, 39.590073 ], [ 2.4051243, 39.590073 ], [ 2.4051244, 39.590073 ], [ 2.4051245, 39.5900731 ], [ 2.4051247, 39.5900731 ], [ 2.4051248, 39.5900732 ], [ 2.405125, 39.5900733 ], [ 2.4051252, 39.5900734 ], [ 2.4051254, 39.5900735 ], [ 2.4051256, 39.5900736 ], [ 2.4051259, 39.5900738 ], [ 2.4051262, 39.590074 ], [ 2.4051265, 39.5900743 ], [ 2.4051269, 39.5900747 ], [ 2.4051274, 39.5900752 ], [ 2.4051281, 39.5900759 ], [ 2.4051289, 39.5900768 ], [ 2.40513, 39.5900783 ], [ 2.4051315, 39.5900805 ], [ 2.4051338, 39.5900841 ], [ 2.4051373, 39.5900906 ], [ 2.4051438, 39.5901041 ], [ 2.4051576, 39.590138 ], [ 2.4051934, 39.5902472 ], [ 2.4052323, 39.5904591 ], [ 2.4051534, 39.590254 ], [ 2.405127, 39.5901431 ], [ 2.4051213, 39.5901079 ] ] ] } },
{ "type": "Feature", "properties": { "PlotID": "MANFV05", "windspeed": 20.0, "time": "30", "clipped_m2": 808.56247583590448, "clipped_ha": 0.080856247583590446, "wspd": "20" }, "geometry": { "type": "Polygon", "coordinates": [ [ [ 2.4084954, 39.5909392 ], [ 2.4084891, 39.5908706 ], [ 2.4084881, 39.5908368 ], [ 2.4084886, 39.5908178 ], [ 2.4084896, 39.590806 ], [ 2.4084908, 39.5907982 ], [ 2.4084919, 39.5907928 ], [ 2.4084929, 39.5907889 ], [ 2.4084938, 39.5907859 ], [ 2.4084947, 39.5907837 ], [ 2.4084955, 39.5907819 ], [ 2.4084962, 39.5907805 ], [ 2.4084969, 39.5907793 ], [ 2.4084975, 39.5907783 ], [ 2.4084981, 39.5907775 ], [ 2.4084986, 39.5907769 ], [ 2.4084991, 39.5907763 ], [ 2.4084996, 39.5907758 ], [ 2.4085001, 39.5907753 ], [ 2.4085005, 39.590775 ], [ 2.4085009, 39.5907746 ], [ 2.4085013, 39.5907743 ], [ 2.4085017, 39.5907741 ], [ 2.4085021, 39.590773899999988 ], [ 2.4085024, 39.5907737 ], [ 2.4085028, 39.5907735 ], [ 2.4085031, 39.5907733 ], [ 2.4085035, 39.5907732 ], [ 2.4085038, 39.590773 ], [ 2.4085041, 39.5907729 ], [ 2.4085045, 39.5907728 ], [ 2.4085048, 39.5907728 ], [ 2.4085051, 39.5907727 ], [ 2.4085055, 39.5907726 ], [ 2.4085058, 39.5907726 ], [ 2.4085061, 39.5907725 ], [ 2.4085065, 39.5907725 ], [ 2.4085068, 39.5907725 ], [ 2.4085072, 39.5907725 ], [ 2.4085076, 39.5907725 ], [ 2.408508, 39.5907725 ], [ 2.4085084, 39.5907726 ], [ 2.4085088, 39.5907726 ], [ 2.4085092, 39.5907727 ], [ 2.4085097, 39.5907728 ], [ 2.4085102, 39.5907729 ], [ 2.4085107, 39.590773 ], [ 2.4085112, 39.5907732 ], [ 2.4085118, 39.5907734 ], [ 2.4085125, 39.5907736 ], [ 2.4085132, 39.590774 ], [ 2.4085139, 39.5907743 ], [ 2.4085148, 39.5907748 ], [ 2.4085157, 39.5907753 ], [ 2.4085168, 39.590776 ], [ 2.4085181, 39.5907769 ], [ 2.4085195, 39.5907779 ], [ 2.4085211, 39.5907793 ], [ 2.4085231, 39.5907811 ], [ 2.4085255, 39.5907835 ], [ 2.4085286, 39.5907868 ], [ 2.4085324, 39.5907914 ], [ 2.4085375, 39.5907981 ], [ 2.4085447, 39.5908085 ], [ 2.4085552, 39.5908257 ], [ 2.4085721, 39.5908569 ], [ 2.4086026, 39.5909215 ], [ 2.4086683, 39.591085 ], [ 2.4086181, 39.5910577 ], [ 2.4090513, 39.5927502 ], [ 2.4085498, 39.5910476 ], [ 2.4085217, 39.5911092 ], [ 2.4084954, 39.5909392 ] ] ] } },
{ "type": "Feature", "properties": { "PlotID": "MANFV06", "windspeed": 20.0, "time": "30", "clipped_m2": 3569.0610071009723, "clipped_ha": 0.35690610071009721, "wspd": "20" }, "geometry": { "type": "Polygon", "coordinates": [ [ [ 2.4154728, 39.5840244 ], [ 2.4154132, 39.5839721 ], [ 2.4153659, 39.5839136 ], [ 2.4153307, 39.5838537 ], [ 2.4153061, 39.5837959 ], [ 2.4152905, 39.583742 ], [ 2.4152818, 39.5836932 ], [ 2.4152784, 39.5836495 ], [ 2.4152791, 39.5836108 ], [ 2.4152826, 39.5835767 ], [ 2.4152882, 39.5835468 ], [ 2.4152953, 39.5835206 ], [ 2.4153034, 39.5834975 ], [ 2.4153122, 39.5834772 ], [ 2.4153214, 39.5834593 ], [ 2.4153308, 39.5834435 ], [ 2.4153405, 39.5834295 ], [ 2.4153502, 39.5834171 ], [ 2.4153598, 39.583406 ], [ 2.4153695, 39.5833962 ], [ 2.4153791, 39.5833873 ], [ 2.4153886, 39.5833794 ], [ 2.415398, 39.5833724 ], [ 2.4154073, 39.583366 ], [ 2.4154166, 39.5833603 ], [ 2.4154258, 39.5833552 ], [ 2.415435, 39.5833507 ], [ 2.4154441, 39.5833467 ], [ 2.4154532, 39.5833431 ], [ 2.4154623, 39.5833399 ], [ 2.4154714, 39.5833372 ], [ 2.4154805, 39.5833348 ], [ 2.4154897, 39.5833328 ], [ 2.4154989, 39.5833311 ], [ 2.4155083, 39.5833298 ], [ 2.4155178, 39.5833289 ], [ 2.4155274, 39.5833283 ], [ 2.4155371, 39.5833281 ], [ 2.4155471, 39.5833282 ], [ 2.4155573, 39.5833288 ], [ 2.4155677, 39.5833297 ], [ 2.4155785, 39.5833312 ], [ 2.4155895, 39.583333 ], [ 2.4156009, 39.5833355 ], [ 2.4156127, 39.583338499999989 ], [ 2.415625, 39.5833421 ], [ 2.4156377, 39.5833465 ], [ 2.415651, 39.5833517 ], [ 2.4156649, 39.5833579 ], [ 2.4156794, 39.5833651 ], [ 2.4156946, 39.5833737 ], [ 2.4157105, 39.5833836 ], [ 2.4157272, 39.5833953 ], [ 2.4157448, 39.583409 ], [ 2.4157631, 39.583425 ], [ 2.4157822, 39.5834437 ], [ 2.415802, 39.5834657 ], [ 2.4158223, 39.5834916 ], [ 2.4158428, 39.5835218 ], [ 2.415863, 39.5835572 ], [ 2.415882, 39.5835984 ], [ 2.4158987, 39.583646 ], [ 2.4159115, 39.5837003 ], [ 2.4159183, 39.583761 ], [ 2.4159162, 39.5838267 ], [ 2.4159023, 39.5838949 ], [ 2.4158739, 39.5839611 ], [ 2.4158295, 39.5840193 ], [ 2.4157697, 39.5840629 ], [ 2.415698, 39.5840863 ], [ 2.4156202, 39.5840865 ], [ 2.4155431, 39.5840645 ], [ 2.4154728, 39.5840244 ] ] ] } },
{ "type": "Feature", "properties": { "PlotID": "MANFV07", "windspeed": 20.0, "time": "30", "clipped_m2": 17778.533639624715, "clipped_ha": 1.7778533639624714, "wspd": "20" }, "geometry": { "type": "Polygon", "coordinates": [ [ [ 2.4087369, 39.5835854 ], [ 2.4087124, 39.5833537 ], [ 2.4087073, 39.5832365 ], [ 2.4087084, 39.5831697 ], [ 2.4087115, 39.583128 ], [ 2.4087152, 39.5831004 ], [ 2.4087189, 39.583081 ], [ 2.4087225, 39.583067 ], [ 2.4087257, 39.5830564 ], [ 2.4087288, 39.5830483 ], [ 2.4087316, 39.5830419 ], [ 2.4087341, 39.5830367 ], [ 2.4087365, 39.5830325 ], [ 2.4087387, 39.5830291 ], [ 2.4087408, 39.5830261 ], [ 2.4087427, 39.5830237 ], [ 2.4087445, 39.5830216 ], [ 2.4087462, 39.5830198 ], [ 2.4087478, 39.5830182 ], [ 2.4087494, 39.5830169 ], [ 2.4087508, 39.5830157 ], [ 2.4087523, 39.5830146 ], [ 2.4087536, 39.583013699999988 ], [ 2.408755, 39.5830129 ], [ 2.4087563, 39.5830121 ], [ 2.4087575, 39.5830115 ], [ 2.4087588, 39.5830109 ], [ 2.40876, 39.5830104 ], [ 2.4087612, 39.5830099 ], [ 2.4087624, 39.5830095 ], [ 2.4087636, 39.5830092 ], [ 2.4087648, 39.5830088 ], [ 2.408766, 39.5830086 ], [ 2.4087672, 39.5830083 ], [ 2.4087684, 39.5830082 ], [ 2.4087696, 39.583008 ], [ 2.4087708, 39.5830079 ], [ 2.4087721, 39.5830079 ], [ 2.4087734, 39.5830078 ], [ 2.4087748, 39.5830079 ], [ 2.4087762, 39.5830079 ], [ 2.4087776, 39.5830081 ], [ 2.4087791, 39.5830082 ], [ 2.4087807, 39.5830085 ], [ 2.4087823, 39.5830088 ], [ 2.4087841, 39.5830092 ], [ 2.4087859, 39.5830097 ], [ 2.4087879, 39.5830103 ], [ 2.4087901, 39.583011 ], [ 2.4087924, 39.5830119 ], [ 2.4087949, 39.583013 ], [ 2.4087977, 39.5830143 ], [ 2.4088008, 39.5830159 ], [ 2.4088042, 39.5830179 ], [ 2.4088081, 39.5830204 ], [ 2.4088125, 39.5830234 ], [ 2.4088176, 39.5830272 ], [ 2.4088236, 39.5830321 ], [ 2.4088308, 39.5830385 ], [ 2.4088395, 39.5830471 ], [ 2.4088503, 39.5830587 ], [ 2.4088642, 39.583075 ], [ 2.4088825, 39.583099 ], [ 2.4089079, 39.5831357 ], [ 2.4089451, 39.5831961 ], [ 2.4090039, 39.5833041 ], [ 2.4091073, 39.5835224 ], [ 2.4093165, 39.584045 ], [ 2.409784, 39.5855232 ], [ 2.4101085, 39.5877315 ], [ 2.4092066, 39.5856214 ], [ 2.4088301, 39.5841277 ], [ 2.4087369, 39.5835854 ] ] ] } },
{ "type": "Feature", "properties": { "PlotID": "MANFV08", "windspeed": 20.0, "time": "30", "clipped_m2": 277.39110220316797, "clipped_ha": 0.027739110220316797, "wspd": "20" }, "geometry": { "type": "Polygon", "coordinates": [ [ [ 2.4202208, 39.6016075 ], [ 2.4202147, 39.6016091 ], [ 2.420208, 39.601611 ], [ 2.4202005, 39.601613 ], [ 2.4201918, 39.6016154 ], [ 2.4201816, 39.6016182 ], [ 2.4201314, 39.6016651 ], [ 2.4201534, 39.6016259 ], [ 2.4201324, 39.6016317 ], [ 2.4201314, 39.6016203 ], [ 2.4201336, 39.6016087 ], [ 2.4201363, 39.6015985 ], [ 2.4201394, 39.6015895 ], [ 2.4201429, 39.6015816 ], [ 2.4201465, 39.6015746 ], [ 2.4201502, 39.6015684 ], [ 2.420154, 39.6015629 ], [ 2.4201578, 39.601558 ], [ 2.4201616, 39.6015536 ], [ 2.4201655, 39.6015497 ], [ 2.4201693, 39.6015463 ], [ 2.420173, 39.6015432 ], [ 2.4201768, 39.6015404 ], [ 2.4201805, 39.6015379 ], [ 2.4201842, 39.6015356 ], [ 2.4201878, 39.6015336 ], [ 2.4201915, 39.6015318 ], [ 2.4201951, 39.6015303 ], [ 2.4201987, 39.6015288 ], [ 2.4202023, 39.6015276 ], [ 2.4202059, 39.6015265 ], [ 2.4202096, 39.6015256 ], [ 2.4202132, 39.6015248 ], [ 2.4202169, 39.6015242 ], [ 2.4202206, 39.6015237 ], [ 2.4202244, 39.6015234 ], [ 2.4202282, 39.6015231 ], [ 2.4202321, 39.6015231 ], [ 2.420236, 39.6015232 ], [ 2.4202401, 39.6015234 ], [ 2.4202442, 39.6015238 ], [ 2.4202484, 39.6015244 ], [ 2.4202528, 39.6015252 ], [ 2.4202573, 39.6015262 ], [ 2.420262, 39.6015274 ], [ 2.4202668, 39.6015289 ], [ 2.4202718, 39.6015307 ], [ 2.420277, 39.6015328 ], [ 2.4202825, 39.6015352 ], [ 2.4202881, 39.6015382 ], [ 2.4202941, 39.6015416 ], [ 2.4203003, 39.6015455 ], [ 2.4203068, 39.6015502 ], [ 2.4203135, 39.6015556 ], [ 2.4203206, 39.601562 ], [ 2.4203279, 39.6015694 ], [ 2.4203354, 39.601578 ], [ 2.4203362, 39.6015863 ], [ 2.4203197, 39.6015893 ], [ 2.4203067, 39.6015917 ], [ 2.4203651, 39.6016296 ], [ 2.4202868, 39.6015953 ], [ 2.4202788, 39.6015968 ], [ 2.4202717, 39.6015981 ], [ 2.4202652, 39.6015993 ], [ 2.4202592, 39.6016004 ], [ 2.4202535, 39.6016015 ], [ 2.4203403, 39.6017872 ], [ 2.4203173, 39.6018031 ], [ 2.42029, 39.6018116 ], [ 2.4202606, 39.6018117 ], [ 2.4202315, 39.6018037 ], [ 2.4202208, 39.6016075 ] ] ] } },
{ "type": "Feature", "properties": { "PlotID": "MANFV09", "windspeed": 20.0, "time": "30", "clipped_m2": 119.16788520477712, "clipped_ha": 0.011916788520477712, "wspd": "20" }, "geometry": { "type": "Polygon", "coordinates": [ [ [ 2.4128591, 39.6004715 ], [ 2.4128581, 39.6004577 ], [ 2.412858, 39.6004509 ], [ 2.4128581, 39.6004471 ], [ 2.4128584, 39.6004447 ], [ 2.4128586, 39.6004432 ], [ 2.4128588, 39.6004421 ], [ 2.4128591, 39.6004414 ], [ 2.4128593, 39.6004408 ], [ 2.4128594, 39.6004403 ], [ 2.4128596, 39.60044 ], [ 2.4128597, 39.6004397 ], [ 2.4128599, 39.6004395 ], [ 2.41286, 39.6004393 ], [ 2.4128601, 39.6004391 ], [ 2.4128602, 39.600439 ], [ 2.4128603, 39.6004389 ], [ 2.4128604, 39.6004388 ], [ 2.4128605, 39.6004387 ], [ 2.4128606, 39.6004386 ], [ 2.4128607, 39.6004385 ], [ 2.4128608, 39.6004385 ], [ 2.4128609, 39.6004384 ], [ 2.412861, 39.6004384 ], [ 2.4128611, 39.6004383 ], [ 2.4128612, 39.6004383 ], [ 2.4128613, 39.6004382 ], [ 2.4128614, 39.6004382 ], [ 2.4128615, 39.6004382 ], [ 2.4128616, 39.6004382 ], [ 2.4128617, 39.6004381 ], [ 2.4128618, 39.6004381 ], [ 2.4128619, 39.6004381 ], [ 2.412862, 39.6004381 ], [ 2.4128621, 39.6004381 ], [ 2.4128622, 39.6004381 ], [ 2.4128623, 39.6004382 ], [ 2.4128624, 39.6004382 ], [ 2.4128625, 39.6004382 ], [ 2.4128626, 39.6004382 ], [ 2.4128627, 39.6004383 ], [ 2.4128629, 39.6004383 ], [ 2.412863, 39.6004384 ], [ 2.4128631, 39.6004384 ], [ 2.4128633, 39.6004385 ], [ 2.4128634, 39.6004386 ], [ 2.4128636, 39.6004387 ], [ 2.4128638, 39.6004388 ], [ 2.4128641, 39.600439 ], [ 2.4128644, 39.6004392 ], [ 2.4128647, 39.6004395 ], [ 2.4128651, 39.6004399 ], [ 2.4128655, 39.600440299999988 ], [ 2.4128661, 39.600441 ], [ 2.4128669, 39.6004419 ], [ 2.4128679, 39.6004433 ], [ 2.4128693, 39.6004453 ], [ 2.4128713, 39.6004488 ], [ 2.4128746, 39.6004551 ], [ 2.4128807, 39.6004682 ], [ 2.4128939, 39.6005021 ], [ 2.412932, 39.6006231 ], [ 2.4129876, 39.600921 ], [ 2.4128895, 39.6006297 ], [ 2.4128639, 39.6005068 ], [ 2.4128591, 39.6004715 ] ] ] } },
{ "type": "Feature", "properties": { "PlotID": "MANFV10", "windspeed": 20.0, "time": "30", "clipped_m2": 83.475519309169613, "clipped_ha": 0.0083475519309169615, "wspd": "20" }, "geometry": { "type": "Polygon", "coordinates": [ [ [ 2.412857, 39.5952459 ], [ 2.4128563, 39.5952356 ], [ 2.4128563, 39.5952306 ], [ 2.4128565, 39.5952278 ], [ 2.4128567, 39.5952261 ], [ 2.4128569, 39.595225 ], [ 2.4128571, 39.5952242 ], [ 2.4128572, 39.5952236 ], [ 2.4128574, 39.5952232 ], [ 2.4128575, 39.5952229 ], [ 2.4128576, 39.5952226 ], [ 2.4128577, 39.5952224 ], [ 2.4128578, 39.5952223 ], [ 2.4128579, 39.5952221 ], [ 2.412858, 39.595222 ], [ 2.4128581, 39.5952219 ], [ 2.4128582, 39.5952218 ], [ 2.4128583, 39.5952218 ], [ 2.4128583, 39.5952217 ], [ 2.4128584, 39.5952216 ], [ 2.4128585, 39.5952216 ], [ 2.4128586, 39.5952215 ], [ 2.4128587, 39.5952215 ], [ 2.4128587, 39.5952214 ], [ 2.4128588, 39.5952214 ], [ 2.4128589, 39.5952214 ], [ 2.412859, 39.5952213 ], [ 2.4128591, 39.5952213 ], [ 2.4128592, 39.5952213 ], [ 2.4128593, 39.5952213 ], [ 2.4128594, 39.5952213 ], [ 2.4128595, 39.5952213 ], [ 2.4128596, 39.5952213 ], [ 2.4128597, 39.5952213 ], [ 2.4128598, 39.5952214 ], [ 2.4128599, 39.5952214 ], [ 2.41286, 39.5952214 ], [ 2.4128601, 39.5952215 ], [ 2.4128602, 39.5952215 ], [ 2.4128603, 39.5952216 ], [ 2.4128604, 39.5952216 ], [ 2.4128606, 39.595221699999989 ], [ 2.4128607, 39.5952218 ], [ 2.4128609, 39.595222 ], [ 2.4128611, 39.5952221 ], [ 2.4128613, 39.5952223 ], [ 2.4128616, 39.5952226 ], [ 2.412862, 39.5952229 ], [ 2.4128624, 39.595223399999988 ], [ 2.4128629, 39.5952241 ], [ 2.4128637, 39.5952251 ], [ 2.4128647, 39.5952266 ], [ 2.4128661, 39.5952291 ], [ 2.4128685, 39.5952338 ], [ 2.4128729, 39.5952436 ], [ 2.4128827, 39.5952694 ], [ 2.412913, 39.5953678 ], [ 2.4129687, 39.5956624 ], [ 2.4128793, 39.5953728 ], [ 2.4128602, 39.5952727 ], [ 2.412857, 39.5952459 ] ] ] } },
{ "type": "Feature", "properties": { "PlotID": "MANFV11", "windspeed": 20.0, "time": "30", "clipped_m2": 408.51405259757303, "clipped_ha": 0.040851405259757299, "wspd": "20" }, "geometry": { "type": "Polygon", "coordinates": [ [ [ 2.407343, 39.5980888 ], [ 2.4073211, 39.5980188 ], [ 2.4073111, 39.5979629 ], [ 2.4073078, 39.5979224 ], [ 2.4073078, 39.5978935 ], [ 2.4073094, 39.5978728 ], [ 2.4073116, 39.5978576 ], [ 2.407314, 39.5978463 ], [ 2.4073165, 39.5978377 ], [ 2.4073188, 39.597831 ], [ 2.407321, 39.5978257 ], [ 2.407323, 39.5978215 ], [ 2.407325, 39.5978181 ], [ 2.4073268, 39.5978152 ], [ 2.4073284, 39.5978128 ], [ 2.40733, 39.5978109 ], [ 2.4073315, 39.5978092 ], [ 2.4073328, 39.5978077 ], [ 2.4073341, 39.5978065 ], [ 2.4073354, 39.5978054 ], [ 2.4073366, 39.5978044 ], [ 2.4073377, 39.5978036 ], [ 2.4073388, 39.5978029 ], [ 2.4073398, 39.5978022 ], [ 2.4073409, 39.5978017 ], [ 2.4073419, 39.5978012 ], [ 2.4073428, 39.5978008 ], [ 2.4073438, 39.5978004 ], [ 2.4073447, 39.5978 ], [ 2.4073456, 39.5977997 ], [ 2.4073465, 39.5977995 ], [ 2.4073474, 39.5977993 ], [ 2.4073483, 39.5977991 ], [ 2.4073492, 39.5977989 ], [ 2.4073501, 39.5977988 ], [ 2.407351, 39.5977987 ], [ 2.4073519, 39.5977986 ], [ 2.4073528, 39.5977986 ], [ 2.4073538, 39.5977986 ], [ 2.4073547, 39.5977987 ], [ 2.4073557, 39.5977987 ], [ 2.4073568, 39.5977988 ], [ 2.4073578, 39.597799 ], [ 2.4073589, 39.5977992 ], [ 2.40736, 39.5977994 ], [ 2.4073612, 39.5977997 ], [ 2.4073625, 39.5978001 ], [ 2.4073638, 39.5978005 ], [ 2.4073652, 39.5978011 ], [ 2.4073667, 39.5978017 ], [ 2.4073683, 39.5978024 ], [ 2.40737, 39.5978033 ], [ 2.4073719, 39.5978044 ], [ 2.4073739, 39.5978057 ], [ 2.4073762, 39.5978072 ], [ 2.4073787, 39.5978091 ], [ 2.4073815, 39.5978114 ], [ 2.4073846, 39.5978143 ], [ 2.4073882, 39.5978179 ], [ 2.4073924, 39.5978224 ], [ 2.4073971, 39.5978282 ], [ 2.4074028, 39.5978359 ], [ 2.4074094, 39.5978461 ], [ 2.4074173, 39.5978601 ], [ 2.4074268, 39.5978795 ], [ 2.4074379, 39.5979071 ], [ 2.4074503, 39.5979466 ], [ 2.4074622, 39.5980022 ], [ 2.4074682, 39.5980741 ], [ 2.4074584, 39.5981473 ], [ 2.4074256, 39.5981836 ], [ 2.4073804, 39.5981564 ], [ 2.407343, 39.5980888 ] ] ] } },
{ "type": "Feature", "properties": { "PlotID": "MANFV12", "windspeed": 20.0, "time": "30", "clipped_m2": 77.75845547975041, "clipped_ha": 0.0077758455479750412, "wspd": "20" }, "geometry": { "type": "Polygon", "coordinates": [ [ [ 2.4019558, 39.5877409 ], [ 2.4019488, 39.587720399999988 ], [ 2.4019451, 39.5877035 ], [ 2.4019436, 39.5876902 ], [ 2.4019433, 39.58768 ], [ 2.4019436, 39.5876722 ], [ 2.4019444, 39.5876661 ], [ 2.4019453, 39.5876613 ], [ 2.4019463, 39.5876575 ], [ 2.4019473, 39.5876544 ], [ 2.4019483, 39.5876519 ], [ 2.4019493, 39.5876498 ], [ 2.4019502, 39.5876481 ], [ 2.4019511, 39.5876466 ], [ 2.4019519, 39.5876454 ], [ 2.4019527, 39.5876444 ], [ 2.4019535, 39.5876435 ], [ 2.4019543, 39.587642699999989 ], [ 2.401955, 39.587642 ], [ 2.4019557, 39.5876414 ], [ 2.4019563, 39.5876409 ], [ 2.401957, 39.5876404 ], [ 2.4019576, 39.58764 ], [ 2.4019582, 39.5876396 ], [ 2.4019588, 39.5876393 ], [ 2.4019594, 39.587639 ], [ 2.4019599, 39.5876387 ], [ 2.4019605, 39.5876385 ], [ 2.401961, 39.5876383 ], [ 2.4019616, 39.5876381 ], [ 2.4019621, 39.587638 ], [ 2.4019627, 39.5876378 ], [ 2.4019632, 39.5876377 ], [ 2.4019638, 39.5876376 ], [ 2.4019643, 39.5876376 ], [ 2.4019649, 39.5876375 ], [ 2.4019655, 39.5876375 ], [ 2.4019661, 39.5876375 ], [ 2.4019666, 39.5876375 ], [ 2.4019673, 39.5876375 ], [ 2.4019679, 39.5876376 ], [ 2.4019685, 39.5876376 ], [ 2.4019692, 39.5876377 ], [ 2.4019699, 39.5876379 ], [ 2.4019707, 39.587638 ], [ 2.4019714, 39.5876382 ], [ 2.4019722, 39.5876385 ], [ 2.4019731, 39.5876388 ], [ 2.401974, 39.5876392 ], [ 2.401975, 39.5876396 ], [ 2.4019761, 39.5876401 ], [ 2.4019773, 39.5876407 ], [ 2.4019785, 39.5876415 ], [ 2.4019799, 39.5876424 ], [ 2.4019814, 39.5876435 ], [ 2.4019831, 39.5876448 ], [ 2.401985, 39.5876464 ], [ 2.4019871, 39.5876485 ], [ 2.4019895, 39.5876511 ], [ 2.4019923, 39.5876543 ], [ 2.4019954, 39.587658499999989 ], [ 2.401999, 39.587664 ], [ 2.4020031, 39.5876712 ], [ 2.4020077, 39.5876807 ], [ 2.4020126, 39.5876935 ], [ 2.4020173, 39.5877102 ], [ 2.4020206, 39.5877312 ], [ 2.4020203, 39.5877549 ], [ 2.4020139, 39.5877758 ], [ 2.4020005, 39.5877859 ], [ 2.4019833, 39.5877803 ], [ 2.4019673, 39.5877627 ], [ 2.4019558, 39.5877409 ] ] ] } },
{ "type": "Feature", "properties": { "PlotID": "MANFV13", "windspeed": 20.0, "time": "30", "clipped_m2": 2920.7026757909916, "clipped_ha": 0.29207026757909915, "wspd": "20" }, "geometry": { "type": "Polygon", "coordinates": [ [ [ 2.4037679, 39.5909973 ], [ 2.4037218, 39.5908783 ], [ 2.4036962, 39.5907773 ], [ 2.403684, 39.5906964 ], [ 2.4036802, 39.590633 ], [ 2.4036811, 39.5905835 ], [ 2.4036848, 39.5905447 ], [ 2.4036899, 39.590514 ], [ 2.4036957, 39.5904894 ], [ 2.4037018, 39.5904695 ], [ 2.4037079, 39.5904532 ], [ 2.4037139, 39.5904397 ], [ 2.4037197, 39.5904284 ], [ 2.4037254, 39.5904189 ], [ 2.4037308, 39.5904108 ], [ 2.403736, 39.5904038 ], [ 2.4037409, 39.5903978 ], [ 2.4037457, 39.5903926 ], [ 2.4037503, 39.590388 ], [ 2.4037548, 39.5903841 ], [ 2.4037591, 39.5903805 ], [ 2.4037632, 39.5903774 ], [ 2.4037673, 39.5903747 ], [ 2.4037712, 39.5903722 ], [ 2.403775, 39.59037 ], [ 2.4037788, 39.5903681 ], [ 2.4037825, 39.5903664 ], [ 2.4037862, 39.5903648 ], [ 2.4037898, 39.5903635 ], [ 2.4037935, 39.5903623 ], [ 2.4037971, 39.5903612 ], [ 2.4038006, 39.5903603 ], [ 2.4038042, 39.5903596 ], [ 2.4038079, 39.5903589 ], [ 2.4038115, 39.5903584 ], [ 2.4038152, 39.5903581 ], [ 2.403819, 39.5903578 ], [ 2.4038228, 39.5903577 ], [ 2.4038268, 39.5903577 ], [ 2.4038308, 39.5903578 ], [ 2.4038349, 39.5903581 ], [ 2.4038392, 39.5903586 ], [ 2.4038437, 39.5903593 ], [ 2.4038483, 39.5903601 ], [ 2.4038532, 39.5903612 ], [ 2.4038583, 39.5903625 ], [ 2.4038637, 39.5903641 ], [ 2.4038694, 39.5903661 ], [ 2.4038755, 39.5903684 ], [ 2.4038821, 39.5903712 ], [ 2.4038891, 39.5903746 ], [ 2.4038967, 39.5903786 ], [ 2.403905, 39.5903834 ], [ 2.403914, 39.5903893 ], [ 2.403924, 39.5903964 ], [ 2.4039351, 39.590405 ], [ 2.4039474, 39.5904156 ], [ 2.4039612, 39.5904288 ], [ 2.4039769, 39.5904453 ], [ 2.4039946, 39.5904662 ], [ 2.4040147, 39.590493 ], [ 2.4040376, 39.5905276 ], [ 2.4040634, 39.5905729 ], [ 2.4040918, 39.5906324 ], [ 2.4041213, 39.5907106 ], [ 2.4041486, 39.5908113 ], [ 2.404166, 39.5909348 ], [ 2.4041612, 39.591070099999989 ], [ 2.4041204, 39.5911874 ], [ 2.4040398, 39.5912442 ], [ 2.4039371, 39.5912161 ], [ 2.4038403, 39.5911204 ], [ 2.4037679, 39.5909973 ] ] ] } },
{ "type": "Feature", "properties": { "PlotID": "MANFV14", "windspeed": 20.0, "time": "30", "clipped_m2": 104.64914707932621, "clipped_ha": 0.010464914707932621, "wspd": "20" }, "geometry": { "type": "Polygon", "coordinates": [ [ [ 2.4107394, 39.5949752 ], [ 2.4107279, 39.5949413 ], [ 2.4107224, 39.5949135 ], [ 2.4107204, 39.594893 ], [ 2.4107202, 39.5948781 ], [ 2.4107208, 39.5948674 ], [ 2.4107219, 39.5948595 ], [ 2.4107231, 39.5948536 ], [ 2.4107243, 39.5948491 ], [ 2.4107255, 39.5948455 ], [ 2.4107266, 39.5948427 ], [ 2.4107277, 39.5948405 ], [ 2.4107287, 39.5948386 ], [ 2.4107296, 39.5948371 ], [ 2.4107305, 39.5948359 ], [ 2.4107313, 39.5948348 ], [ 2.4107321, 39.5948339 ], [ 2.4107328, 39.5948331 ], [ 2.4107335, 39.594832499999988 ], [ 2.4107342, 39.5948319 ], [ 2.4107348, 39.5948314 ], [ 2.4107354, 39.5948309 ], [ 2.410736, 39.5948305 ], [ 2.4107365, 39.5948302 ], [ 2.4107371, 39.5948299 ], [ 2.4107376, 39.5948296 ], [ 2.4107381, 39.5948294 ], [ 2.4107386, 39.5948292 ], [ 2.4107391, 39.594829 ], [ 2.4107396, 39.5948289 ], [ 2.4107401, 39.5948287 ], [ 2.4107405, 39.5948286 ], [ 2.410741, 39.5948285 ], [ 2.4107415, 39.5948284 ], [ 2.410742, 39.5948283 ], [ 2.4107425, 39.5948283 ], [ 2.4107429, 39.5948283 ], [ 2.4107434, 39.5948282 ], [ 2.4107439, 39.5948282 ], [ 2.4107445, 39.5948283 ], [ 2.410745, 39.5948283 ], [ 2.4107455, 39.5948284 ], [ 2.4107461, 39.5948284 ], [ 2.4107467, 39.5948285 ], [ 2.4107473, 39.5948287 ], [ 2.4107479, 39.5948288 ], [ 2.4107486, 39.594829 ], [ 2.4107493, 39.5948292 ], [ 2.41075, 39.5948295 ], [ 2.4107508, 39.5948299 ], [ 2.4107517, 39.5948303 ], [ 2.4107526, 39.5948307 ], [ 2.4107536, 39.5948313 ], [ 2.4107547, 39.594832 ], [ 2.4107559, 39.5948328 ], [ 2.4107572, 39.594833799999989 ], [ 2.4107587, 39.594835 ], [ 2.4107604, 39.5948365 ], [ 2.4107623, 39.5948384 ], [ 2.4107645, 39.5948408 ], [ 2.410767, 39.5948439 ], [ 2.41077, 39.5948479 ], [ 2.4107735, 39.5948532 ], [ 2.4107776, 39.5948605 ], [ 2.4107825, 39.5948706 ], [ 2.4107882, 39.5948847 ], [ 2.4107944, 39.5949048 ], [ 2.4108001, 39.5949325 ], [ 2.4108027, 39.5949675 ], [ 2.4107973, 39.5950024 ], [ 2.4107808, 39.5950195 ], [ 2.4107584, 39.5950071 ], [ 2.4107394, 39.5949752 ] ] ] } },
{ "type": "Feature", "properties": { "PlotID": "MANFV15", "windspeed": 20.0, "time": "30", "clipped_m2": 52.932357064448297, "clipped_ha": 0.00529323570644483, "wspd": "20" }, "geometry": { "type": "Polygon", "coordinates": [ [ [ 2.4106304, 39.5929193 ], [ 2.410628, 39.5928931 ], [ 2.4106278, 39.5928824 ], [ 2.4106279, 39.5928772 ], [ 2.4106282, 39.5928742 ], [ 2.4106285, 39.5928724 ], [ 2.4106287, 39.5928712 ], [ 2.410629, 39.592870399999988 ], [ 2.4106292, 39.592869799999988 ], [ 2.4106293, 39.5928693 ], [ 2.4106295, 39.592869 ], [ 2.4106296, 39.5928687 ], [ 2.4106298, 39.5928685 ], [ 2.4106299, 39.5928683 ], [ 2.41063, 39.5928682 ], [ 2.4106301, 39.592868 ], [ 2.4106302, 39.5928679 ], [ 2.4106303, 39.5928678 ], [ 2.4106304, 39.5928677 ], [ 2.4106305, 39.5928676 ], [ 2.4106306, 39.5928676 ], [ 2.4106307, 39.5928675 ], [ 2.4106308, 39.5928675 ], [ 2.4106309, 39.5928674 ], [ 2.410631, 39.5928674 ], [ 2.4106311, 39.5928674 ], [ 2.4106311, 39.5928673 ], [ 2.4106312, 39.5928673 ], [ 2.4106313, 39.5928673 ], [ 2.4106314, 39.5928673 ], [ 2.4106315, 39.5928673 ], [ 2.4106316, 39.5928673 ], [ 2.4106317, 39.5928673 ], [ 2.4106318, 39.5928673 ], [ 2.4106319, 39.5928673 ], [ 2.4106319, 39.592867399999989 ], [ 2.410632, 39.5928674 ], [ 2.4106321, 39.5928674 ], [ 2.4106322, 39.5928674 ], [ 2.4106323, 39.5928675 ], [ 2.4106324, 39.5928675 ], [ 2.4106325, 39.5928676 ], [ 2.4106326, 39.5928676 ], [ 2.4106327, 39.5928677 ], [ 2.4106329, 39.5928678 ], [ 2.410633, 39.5928679 ], [ 2.4106332, 39.592868 ], [ 2.4106334, 39.5928682 ], [ 2.4106337, 39.5928684 ], [ 2.4106339, 39.5928687 ], [ 2.4106343, 39.5928691 ], [ 2.4106347, 39.5928697 ], [ 2.4106353, 39.5928704 ], [ 2.410636, 39.5928715 ], [ 2.410637, 39.5928731 ], [ 2.4106385, 39.5928759 ], [ 2.4106408, 39.5928808 ], [ 2.4106448, 39.592891 ], [ 2.4106533, 39.5929165 ], [ 2.4106743, 39.5929992 ], [ 2.4106926, 39.5931613 ], [ 2.4106441, 39.593003 ], [ 2.4106304, 39.5929193 ] ] ] } },
{ "type": "Feature", "properties": { "PlotID": "MANFV16", "windspeed": 20.0, "time": "30", "clipped_m2": 337.52944759989623, "clipped_ha": 0.03375294475998962, "wspd": "20" }, "geometry": { "type": "Polygon", "coordinates": [ [ [ 2.4055702, 39.5844272 ], [ 2.4055525, 39.5844094 ], [ 2.4055389, 39.5843899 ], [ 2.4055292, 39.5843704 ], [ 2.4055228, 39.5843518 ], [ 2.4055191, 39.5843348 ], [ 2.4055175, 39.5843196 ], [ 2.4055173, 39.5843061 ], [ 2.4055182, 39.5842943 ], [ 2.4055199, 39.5842841 ], [ 2.4055221, 39.5842751 ], [ 2.4055246, 39.5842673 ], [ 2.4055274, 39.5842605 ], [ 2.4055304, 39.5842545 ], [ 2.4055334, 39.5842493 ], [ 2.4055364, 39.5842447 ], [ 2.4055395, 39.584240699999988 ], [ 2.4055425, 39.5842371 ], [ 2.4055455, 39.5842339 ], [ 2.4055485, 39.5842311 ], [ 2.4055514, 39.584228599999989 ], [ 2.4055543, 39.5842264 ], [ 2.4055571, 39.5842244 ], [ 2.40556, 39.5842226 ], [ 2.4055627, 39.584221 ], [ 2.4055655, 39.5842196 ], [ 2.4055682, 39.5842183 ], [ 2.4055709, 39.5842172 ], [ 2.4055736, 39.5842162 ], [ 2.4055763, 39.5842154 ], [ 2.405579, 39.5842146 ], [ 2.4055817, 39.584214 ], [ 2.4055844, 39.5842135 ], [ 2.4055871, 39.5842131 ], [ 2.4055898, 39.5842128 ], [ 2.4055926, 39.5842126 ], [ 2.4055954, 39.5842124 ], [ 2.4055982, 39.5842124 ], [ 2.4056011, 39.5842125 ], [ 2.4056041, 39.5842128 ], [ 2.4056071, 39.5842131 ], [ 2.4056102, 39.5842136 ], [ 2.4056134, 39.5842142 ], [ 2.4056168, 39.584215 ], [ 2.4056202, 39.5842159 ], [ 2.4056237, 39.5842171 ], [ 2.4056274, 39.5842184 ], [ 2.4056313, 39.58422 ], [ 2.4056353, 39.5842219 ], [ 2.4056395, 39.5842241 ], [ 2.4056439, 39.5842267 ], [ 2.4056485, 39.5842297 ], [ 2.4056534, 39.5842332 ], [ 2.4056585, 39.5842374 ], [ 2.4056638, 39.5842422 ], [ 2.4056694, 39.5842479 ], [ 2.4056752, 39.5842546 ], [ 2.4056812, 39.5842625 ], [ 2.4056873, 39.5842717 ], [ 2.4056932, 39.5842826 ], [ 2.4056989, 39.5842953 ], [ 2.405704, 39.5843101 ], [ 2.4057078, 39.584327 ], [ 2.4057099, 39.5843462 ], [ 2.4057093, 39.5843671 ], [ 2.4057049, 39.584389 ], [ 2.405696, 39.5844104 ], [ 2.4056819, 39.5844292 ], [ 2.4056629, 39.584443199999988 ], [ 2.4056401, 39.5844503 ], [ 2.4056156, 39.5844495 ], [ 2.4055917, 39.5844413 ], [ 2.4055702, 39.5844272 ] ] ] } },
{ "type": "Feature", "properties": { "PlotID": "MANFV17", "windspeed": 20.0, "time": "30", "clipped_m2": 150.22805579821579, "clipped_ha": 0.01502280557982158, "wspd": "20" }, "geometry": { "type": "Polygon", "coordinates": [ [ [ 2.4030872, 39.601205 ], [ 2.403081, 39.6011695 ], [ 2.4030788, 39.6011468 ], [ 2.4030785, 39.6011318 ], [ 2.403079, 39.6011217 ], [ 2.4030798, 39.6011146 ], [ 2.4030807, 39.6011094 ], [ 2.4030816, 39.6011056 ], [ 2.4030825, 39.6011026 ], [ 2.4030833, 39.6011003 ], [ 2.4030841, 39.6010984 ], [ 2.4030848, 39.6010969 ], [ 2.4030855, 39.6010957 ], [ 2.4030862, 39.6010947 ], [ 2.4030868, 39.6010938 ], [ 2.4030873, 39.6010931 ], [ 2.4030879, 39.6010925 ], [ 2.4030884, 39.601092 ], [ 2.4030889, 39.6010915 ], [ 2.4030893, 39.6010911 ], [ 2.4030898, 39.6010907 ], [ 2.4030902, 39.6010904 ], [ 2.4030906, 39.6010901 ], [ 2.403091, 39.6010899 ], [ 2.4030914, 39.6010897 ], [ 2.4030918, 39.6010895 ], [ 2.4030922, 39.6010893 ], [ 2.4030926, 39.6010891 ], [ 2.4030929, 39.601089 ], [ 2.4030933, 39.6010889 ], [ 2.4030937, 39.6010888 ], [ 2.403094, 39.6010887 ], [ 2.4030944, 39.6010886 ], [ 2.4030947, 39.6010885 ], [ 2.4030951, 39.6010885 ], [ 2.4030955, 39.601088499999989 ], [ 2.4030959, 39.6010884 ], [ 2.4030963, 39.6010884 ], [ 2.4030967, 39.6010884 ], [ 2.4030971, 39.6010884 ], [ 2.4030975, 39.6010884 ], [ 2.4030979, 39.6010885 ], [ 2.4030984, 39.6010886 ], [ 2.4030988, 39.6010886 ], [ 2.4030993, 39.6010887 ], [ 2.4030999, 39.6010889 ], [ 2.4031004, 39.601089 ], [ 2.403101, 39.6010892 ], [ 2.4031017, 39.6010894 ], [ 2.4031023, 39.6010897 ], [ 2.4031031, 39.6010901 ], [ 2.4031039, 39.6010905 ], [ 2.4031048, 39.601091 ], [ 2.4031058, 39.6010916 ], [ 2.4031069, 39.6010923 ], [ 2.4031082, 39.6010932 ], [ 2.4031096, 39.6010943 ], [ 2.4031113, 39.6010958 ], [ 2.4031133, 39.6010977 ], [ 2.4031156, 39.6011001 ], [ 2.4031184, 39.6011034 ], [ 2.4031219, 39.6011078 ], [ 2.4031263, 39.6011141 ], [ 2.4031319, 39.6011233 ], [ 2.4031393, 39.601137099999988 ], [ 2.403149, 39.6011586 ], [ 2.4031615, 39.6011931 ], [ 2.4031753, 39.6012466 ], [ 2.403182, 39.6013143 ], [ 2.4031658, 39.6013538 ], [ 2.4031307, 39.6013225 ], [ 2.403102, 39.6012583 ], [ 2.4030872, 39.601205 ] ] ] } },
{ "type": "Feature", "properties": { "PlotID": "MANFV18", "windspeed": 20.0, "time": "30", "clipped_m2": 14.211295766057447, "clipped_ha": 0.0014211295766057446, "wspd": "20" }, "geometry": { "type": "Polygon", "coordinates": [ [ [ 2.4027565, 39.5995628 ], [ 2.4027552, 39.5995521 ], [ 2.4027548, 39.5995456 ], [ 2.4027549, 39.5995416 ], [ 2.4027551, 39.5995389 ], [ 2.4027554, 39.599537 ], [ 2.4027557, 39.5995357 ], [ 2.402756, 39.5995347 ], [ 2.4027562, 39.5995339 ], [ 2.4027564, 39.5995334 ], [ 2.4027567, 39.5995329 ], [ 2.4027569, 39.5995325 ], [ 2.402757, 39.5995322 ], [ 2.4027572, 39.599532 ], [ 2.4027574, 39.5995318 ], [ 2.4027575, 39.5995316 ], [ 2.4027577, 39.5995314 ], [ 2.4027578, 39.5995313 ], [ 2.4027579, 39.5995312 ], [ 2.402758, 39.5995311 ], [ 2.4027581, 39.599531 ], [ 2.4027583, 39.5995309 ], [ 2.4027584, 39.5995308 ], [ 2.4027585, 39.5995308 ], [ 2.4027586, 39.5995307 ], [ 2.4027587, 39.5995307 ], [ 2.4027588, 39.5995306 ], [ 2.4027589, 39.5995306 ], [ 2.402759, 39.5995305 ], [ 2.4027591, 39.5995305 ], [ 2.4027592, 39.5995305 ], [ 2.4027593, 39.5995305 ], [ 2.4027594, 39.5995305 ], [ 2.4027595, 39.5995305 ], [ 2.4027596, 39.5995304 ], [ 2.4027597, 39.5995304 ], [ 2.4027598, 39.5995304 ], [ 2.4027599, 39.5995304 ], [ 2.40276, 39.5995304 ], [ 2.4027601, 39.5995304 ], [ 2.4027602, 39.5995305 ], [ 2.4027603, 39.5995305 ], [ 2.4027604, 39.5995305 ], [ 2.4027605, 39.5995305 ], [ 2.4027607, 39.5995306 ], [ 2.4027608, 39.5995306 ], [ 2.402761, 39.5995307 ], [ 2.4027611, 39.5995307 ], [ 2.4027613, 39.5995308 ], [ 2.4027615, 39.5995309 ], [ 2.4027617, 39.599531 ], [ 2.4027619, 39.5995311 ], [ 2.4027621, 39.5995313 ], [ 2.4027624, 39.5995314 ], [ 2.4027627, 39.5995317 ], [ 2.4027631, 39.599532 ], [ 2.4027635, 39.5995323 ], [ 2.402764, 39.5995328 ], [ 2.4027646, 39.5995334 ], [ 2.4027653, 39.5995343 ], [ 2.4027662, 39.5995355 ], [ 2.4027673, 39.5995371 ], [ 2.4027688, 39.5995396 ], [ 2.4027708, 39.5995433 ], [ 2.4027735, 39.5995494 ], [ 2.4027773, 39.5995598 ], [ 2.402782, 39.5995773 ], [ 2.4027854, 39.5996026 ], [ 2.4027808, 39.5996189 ], [ 2.402769, 39.599605 ], [ 2.4027603, 39.5995805 ], [ 2.4027565, 39.5995628 ] ] ] } },
{ "type": "Feature", "properties": { "PlotID": "MANFV19", "windspeed": 20.0, "time": "30", "clipped_m2": 15.274831781178364, "clipped_ha": 0.0015274831781178363, "wspd": "20" }, "geometry": { "type": "Polygon", "coordinates": [ [ [ 2.402658, 39.6002546 ], [ 2.4026541, 39.6002516 ], [ 2.4026509, 39.6002482 ], [ 2.4026484, 39.6002446 ], [ 2.4026466, 39.600241 ], [ 2.4026454, 39.6002377 ], [ 2.4026446, 39.6002345 ], [ 2.4026443, 39.600231699999988 ], [ 2.4026442, 39.6002292 ], [ 2.4026443, 39.6002269 ], [ 2.4026446, 39.6002249 ], [ 2.402645, 39.6002231 ], [ 2.4026455, 39.6002215 ], [ 2.402646, 39.6002201 ], [ 2.4026466, 39.6002189 ], [ 2.4026472, 39.6002178 ], [ 2.4026479, 39.6002168 ], [ 2.4026485, 39.6002159 ], [ 2.4026492, 39.6002151 ], [ 2.4026498, 39.6002144 ], [ 2.4026505, 39.6002138 ], [ 2.4026512, 39.6002132 ], [ 2.4026518, 39.6002127 ], [ 2.4026525, 39.6002122 ], [ 2.4026531, 39.6002118 ], [ 2.4026537, 39.6002115 ], [ 2.4026544, 39.6002111 ], [ 2.402655, 39.6002108 ], [ 2.4026557, 39.6002106 ], [ 2.4026563, 39.6002103 ], [ 2.402657, 39.6002101 ], [ 2.4026576, 39.60021 ], [ 2.4026583, 39.6002098 ], [ 2.4026589, 39.6002097 ], [ 2.4026596, 39.6002096 ], [ 2.4026603, 39.6002095 ], [ 2.4026609, 39.6002095 ], [ 2.4026616, 39.6002095 ], [ 2.4026623, 39.6002095 ], [ 2.4026631, 39.6002095 ], [ 2.4026638, 39.6002096 ], [ 2.4026646, 39.6002097 ], [ 2.4026654, 39.6002098 ], [ 2.4026662, 39.60021 ], [ 2.402667, 39.6002102 ], [ 2.4026679, 39.6002104 ], [ 2.4026688, 39.6002107 ], [ 2.4026697, 39.6002111 ], [ 2.4026707, 39.6002115 ], [ 2.4026717, 39.6002121 ], [ 2.4026727, 39.6002126 ], [ 2.4026738, 39.6002133 ], [ 2.402675, 39.6002142 ], [ 2.4026762, 39.6002151 ], [ 2.4026774, 39.6002162 ], [ 2.4026787, 39.6002175 ], [ 2.40268, 39.600219 ], [ 2.4026814, 39.6002208 ], [ 2.4026827, 39.6002228 ], [ 2.4026839, 39.6002251 ], [ 2.4026851, 39.6002278 ], [ 2.4026861, 39.6002309 ], [ 2.4026867, 39.6002344 ], [ 2.402687, 39.6002382 ], [ 2.4026866, 39.6002423 ], [ 2.4026855, 39.6002464 ], [ 2.4026836, 39.6002504 ], [ 2.4026806, 39.6002538 ], [ 2.4026768, 39.6002564 ], [ 2.4026722, 39.6002578 ], [ 2.4026674, 39.600258 ], [ 2.4026625, 39.6002568 ], [ 2.402658, 39.6002546 ] ] ] } },
{ "type": "Feature", "properties": { "PlotID": "MANFV20", "windspeed": 20.0, "time": "30", "clipped_m2": 1870.8478524172679, "clipped_ha": 0.18708478524172678, "wspd": "20" }, "geometry": { "type": "Polygon", "coordinates": [ [ [ 2.4148207, 39.5914562 ], [ 2.4148091, 39.5913558 ], [ 2.4148064, 39.5913018 ], [ 2.4148068, 39.5912698 ], [ 2.4148083, 39.5912496 ], [ 2.4148101, 39.5912359 ], [ 2.4148119, 39.5912263 ], [ 2.4148137, 39.5912193 ], [ 2.4148154, 39.591214 ], [ 2.4148169, 39.5912099 ], [ 2.4148187, 39.5912064 ], [ 2.4148196, 39.591204 ], [ 2.4148208, 39.5912019 ], [ 2.414822, 39.591200099999988 ], [ 2.414823, 39.5911987 ], [ 2.414824, 39.5911974 ], [ 2.4148249, 39.5911963 ], [ 2.4148258, 39.5911954 ], [ 2.4148266, 39.5911946 ], [ 2.4148274, 39.5911939 ], [ 2.4148282, 39.5911933 ], [ 2.4148289, 39.5911928 ], [ 2.4148296, 39.5911923 ], [ 2.4148303, 39.5911919 ], [ 2.414831, 39.5911915 ], [ 2.4148316, 39.5911912 ], [ 2.4148323, 39.5911909 ], [ 2.4148329, 39.5911906 ], [ 2.4148335, 39.591190399999988 ], [ 2.4148341, 39.5911902 ], [ 2.4148347, 39.59119 ], [ 2.4148353, 39.5911899 ], [ 2.4148359, 39.5911897 ], [ 2.4148366, 39.5911896 ], [ 2.4148372, 39.5911895 ], [ 2.4148378, 39.5911895 ], [ 2.4148384, 39.5911894 ], [ 2.4148391, 39.5911894 ], [ 2.4148398, 39.5911894 ], [ 2.4148404, 39.5911894 ], [ 2.4148412, 39.5911894 ], [ 2.4148419, 39.5911895 ], [ 2.4148427, 39.5911896 ], [ 2.4148435, 39.5911897 ], [ 2.4148443, 39.5911899 ], [ 2.4148452, 39.5911901 ], [ 2.4148462, 39.5911904 ], [ 2.4148472, 39.5911907 ], [ 2.4148483, 39.5911911 ], [ 2.4148494, 39.5911915 ], [ 2.4148507, 39.5911921 ], [ 2.4148521, 39.5911928 ], [ 2.4148537, 39.5911936 ], [ 2.4148554, 39.5911946 ], [ 2.4148574, 39.5911959 ], [ 2.4148596, 39.5911974 ], [ 2.4148622, 39.5911994 ], [ 2.4148652, 39.5912019 ], [ 2.4148688, 39.591205099999989 ], [ 2.4148731, 39.5912095 ], [ 2.4148784, 39.5912153 ], [ 2.4148852, 39.5912235 ], [ 2.414894, 39.591235399999988 ], [ 2.4149061, 39.5912534 ], [ 2.4149233, 39.5912824 ], [ 2.4149494, 39.5913326 ], [ 2.4149918, 39.5914279 ], [ 2.4150646, 39.591627699999989 ], [ 2.4151742, 39.5920427 ], [ 2.4151803, 39.5924349 ], [ 2.4149789, 39.592075 ], [ 2.4148597, 39.5916615 ], [ 2.4148207, 39.5914562 ] ] ] } },
{ "type": "Feature", "properties": { "PlotID": "MANFV21", "windspeed": 20.0, "time": "30", "clipped_m2": 2074.2358058467507, "clipped_ha": 0.20742358058467508, "wspd": "20" }, "geometry": { "type": "Polygon", "coordinates": [ [ [ 2.4045112, 39.5848606 ], [ 2.4044997, 39.5847568 ], [ 2.4044971, 39.5847012 ], [ 2.4044976, 39.5846685 ], [ 2.4044992, 39.5846477 ], [ 2.4045011, 39.5846338 ], [ 2.404503, 39.584624 ], [ 2.4045049, 39.5846168 ], [ 2.4045066, 39.5846114 ], [ 2.4045082, 39.5846072 ], [ 2.4045096, 39.5846039 ], [ 2.404511, 39.5846013 ], [ 2.4045122, 39.5845991 ], [ 2.4045134, 39.5845973 ], [ 2.4045144, 39.5845958 ], [ 2.4045154, 39.5845945 ], [ 2.4045164, 39.5845935 ], [ 2.4045173, 39.5845925 ], [ 2.4045181, 39.5845917 ], [ 2.4045189, 39.584591 ], [ 2.4045197, 39.584590399999989 ], [ 2.4045205, 39.584589799999989 ], [ 2.4045212, 39.5845894 ], [ 2.4045219, 39.5845889 ], [ 2.4045226, 39.5845886 ], [ 2.4045232, 39.5845882 ], [ 2.4045239, 39.584587899999988 ], [ 2.4045245, 39.5845877 ], [ 2.4045251, 39.5845874 ], [ 2.4045258, 39.5845872 ], [ 2.4045264, 39.584587 ], [ 2.404527, 39.5845869 ], [ 2.4045276, 39.5845867 ], [ 2.4045283, 39.5845866 ], [ 2.4045289, 39.5845865 ], [ 2.4045295, 39.5845865 ], [ 2.4045302, 39.5845864 ], [ 2.4045308, 39.5845864 ], [ 2.4045315, 39.5845864 ], [ 2.4045322, 39.5845864 ], [ 2.4045329, 39.5845864 ], [ 2.4045337, 39.5845865 ], [ 2.4045345, 39.5845866 ], [ 2.4045353, 39.5845867 ], [ 2.4045361, 39.5845869 ], [ 2.4045371, 39.5845871 ], [ 2.404538, 39.5845874 ], [ 2.4045391, 39.5845877 ], [ 2.4045402, 39.5845881 ], [ 2.4045414, 39.5845886 ], [ 2.4045427, 39.5845892 ], [ 2.4045441, 39.5845899 ], [ 2.4045457, 39.5845907 ], [ 2.4045475, 39.5845917 ], [ 2.4045494, 39.584593 ], [ 2.4045517, 39.5845946 ], [ 2.4045543, 39.5845966 ], [ 2.4045574, 39.5845992 ], [ 2.404561, 39.5846025 ], [ 2.4045654, 39.5846069 ], [ 2.4045708, 39.5846129 ], [ 2.4045777, 39.584621299999988 ], [ 2.4045868, 39.5846334 ], [ 2.4045991, 39.5846519 ], [ 2.4046167, 39.5846816 ], [ 2.4046434, 39.5847332 ], [ 2.4046872, 39.5848318 ], [ 2.4047633, 39.5850407 ], [ 2.4048812, 39.585485 ], [ 2.4048919, 39.5859171 ], [ 2.4046755, 39.5855187 ], [ 2.4045509, 39.5850755 ], [ 2.4045112, 39.5848606 ] ] ] } },
{ "type": "Feature", "properties": { "PlotID": "MANFV22", "windspeed": 20.0, "time": "30", "clipped_m2": 1344.7593087228015, "clipped_ha": 0.13447593087228016, "wspd": "20" }, "geometry": { "type": "Polygon", "coordinates": [ [ [ 2.4059764, 39.582969 ], [ 2.4059648, 39.5828803 ], [ 2.4059617, 39.5828319 ], [ 2.4059617, 39.582803 ], [ 2.4059628, 39.5827846 ], [ 2.4059643, 39.5827721 ], [ 2.4059659, 39.5827633 ], [ 2.4059674, 39.5827569 ], [ 2.4059689, 39.582752 ], [ 2.4059703, 39.5827482 ], [ 2.4059715, 39.5827452 ], [ 2.4059727, 39.5827428 ], [ 2.4059738, 39.5827409 ], [ 2.4059748, 39.5827393 ], [ 2.4059758, 39.5827379 ], [ 2.4059767, 39.5827367 ], [ 2.4059775, 39.5827358 ], [ 2.4059783, 39.5827349 ], [ 2.4059791, 39.5827342 ], [ 2.4059798, 39.5827335 ], [ 2.4059805, 39.582733 ], [ 2.4059811, 39.5827325 ], [ 2.4059818, 39.582732 ], [ 2.4059824, 39.5827316 ], [ 2.405983, 39.5827313 ], [ 2.4059836, 39.582731 ], [ 2.4059842, 39.5827307 ], [ 2.4059848, 39.5827305 ], [ 2.4059853, 39.5827302 ], [ 2.4059859, 39.5827301 ], [ 2.4059865, 39.5827299 ], [ 2.405987, 39.5827297 ], [ 2.4059876, 39.5827296 ], [ 2.4059881, 39.5827295 ], [ 2.4059887, 39.5827294 ], [ 2.4059893, 39.5827293 ], [ 2.4059899, 39.5827293 ], [ 2.4059905, 39.5827293 ], [ 2.4059911, 39.5827293 ], [ 2.4059917, 39.5827293 ], [ 2.4059924, 39.5827293 ], [ 2.4059931, 39.5827294 ], [ 2.4059938, 39.5827294 ], [ 2.4059945, 39.5827296 ], [ 2.4059953, 39.5827297 ], [ 2.4059961, 39.5827299 ], [ 2.405997, 39.5827301 ], [ 2.4059979, 39.5827304 ], [ 2.4059989, 39.5827308 ], [ 2.406, 39.5827312 ], [ 2.4060012, 39.5827317 ], [ 2.4060025, 39.5827323 ], [ 2.4060039, 39.5827331 ], [ 2.4060055, 39.582734 ], [ 2.4060073, 39.5827351 ], [ 2.4060094, 39.5827365 ], [ 2.4060118, 39.5827383 ], [ 2.4060146, 39.5827406 ], [ 2.4060179, 39.5827436 ], [ 2.4060218, 39.5827475 ], [ 2.4060268, 39.5827529 ], [ 2.406033, 39.5827603 ], [ 2.4060412, 39.5827711 ], [ 2.4060523, 39.5827875 ], [ 2.406068, 39.5828136 ], [ 2.4060917, 39.5828586 ], [ 2.4061296, 39.5829427 ], [ 2.4061928, 39.5831142 ], [ 2.4062814, 39.5834507 ], [ 2.40628, 39.5837479 ], [ 2.4061163, 39.583479 ], [ 2.4060128, 39.583145 ], [ 2.4059764, 39.582969 ] ] ] } },
{ "type": "Feature", "properties": { "PlotID": "MANFV23", "windspeed": 20.0, "time": "30", "clipped_m2": 15089.528501531109, "clipped_ha": 1.5089528501531109, "wspd": "20" }, "geometry": { "type": "Polygon", "coordinates": [ [ [ 2.4138264, 39.595754 ], [ 2.4137949, 39.5954762 ], [ 2.4137878, 39.5953279 ], [ 2.413789, 39.5952408 ], [ 2.4137931, 39.5951855 ], [ 2.4137981, 39.5951484 ], [ 2.4138031, 39.5951223 ], [ 2.413808, 39.5951032 ], [ 2.4138125, 39.5950888 ], [ 2.4138167, 39.5950777 ], [ 2.4138205, 39.5950689 ], [ 2.4138241, 39.5950618 ], [ 2.4138274, 39.5950561 ], [ 2.4138304, 39.5950513 ], [ 2.4138333, 39.5950473 ], [ 2.4138359, 39.5950439 ], [ 2.4138385, 39.5950411 ], [ 2.4138408, 39.5950386 ], [ 2.4138431, 39.5950364 ], [ 2.4138452, 39.5950345 ], [ 2.4138473, 39.5950329 ], [ 2.4138493, 39.5950314 ], [ 2.4138512, 39.595030199999989 ], [ 2.413853, 39.595029 ], [ 2.4138548, 39.595028 ], [ 2.4138566, 39.5950271 ], [ 2.4138583, 39.5950263 ], [ 2.41386, 39.5950256 ], [ 2.4138617, 39.595025 ], [ 2.4138633, 39.5950244 ], [ 2.413865, 39.595024 ], [ 2.4138666, 39.5950235 ], [ 2.4138683, 39.5950232 ], [ 2.4138699, 39.5950229 ], [ 2.4138716, 39.5950226 ], [ 2.4138733, 39.5950224 ], [ 2.413875, 39.5950223 ], [ 2.4138768, 39.5950222 ], [ 2.4138786, 39.5950222 ], [ 2.4138805, 39.5950222 ], [ 2.4138824, 39.5950223 ], [ 2.4138844, 39.5950225 ], [ 2.4138865, 39.5950228 ], [ 2.4138886, 39.5950231 ], [ 2.4138909, 39.5950236 ], [ 2.4138933, 39.5950242 ], [ 2.4138959, 39.5950249 ], [ 2.4138986, 39.5950257 ], [ 2.4139016, 39.5950268 ], [ 2.4139048, 39.595028 ], [ 2.4139083, 39.5950295 ], [ 2.4139121, 39.5950314 ], [ 2.4139163, 39.5950336 ], [ 2.413921, 39.5950363 ], [ 2.4139263, 39.5950397 ], [ 2.4139324, 39.5950439 ], [ 2.4139393, 39.5950493 ], [ 2.4139475, 39.5950561 ], [ 2.4139572, 39.5950649 ], [ 2.4139689, 39.5950766 ], [ 2.4139834, 39.5950925 ], [ 2.4140018, 39.5951147 ], [ 2.4140259, 39.595147 ], [ 2.4140589, 39.5951962 ], [ 2.414106, 39.5952753 ], [ 2.4141778, 39.595413 ], [ 2.4142957, 39.5956764 ], [ 2.4145025, 39.5962376 ], [ 2.4148282, 39.5974437 ], [ 2.4148666, 39.5986327 ], [ 2.4142737, 39.5975353 ], [ 2.4139341, 39.5963316 ], [ 2.4138264, 39.595754 ] ] ] } },
{ "type": "Feature", "properties": { "PlotID": "MANFV24", "windspeed": 20.0, "time": "30", "clipped_m2": 5.3171428237401415, "clipped_ha": 0.00053171428237401412, "wspd": "20" }, "geometry": { "type": "Polygon", "coordinates": [ [ [ 2.4000919, 39.5940306 ], [ 2.4000893, 39.594028 ], [ 2.4000872, 39.594025 ], [ 2.4000859, 39.5940219 ], [ 2.400085, 39.594019 ], [ 2.4000846, 39.5940164 ], [ 2.4000844, 39.5940142 ], [ 2.4000845, 39.5940122 ], [ 2.4000847, 39.5940106 ], [ 2.400085, 39.5940092 ], [ 2.4000853, 39.594008 ], [ 2.4000857, 39.594007 ], [ 2.4000861, 39.5940062 ], [ 2.4000865, 39.5940055 ], [ 2.4000869, 39.5940048 ], [ 2.4000872, 39.5940043 ], [ 2.4000876, 39.5940038 ], [ 2.400088, 39.5940034 ], [ 2.4000883, 39.594003 ], [ 2.4000887, 39.5940027 ], [ 2.400089, 39.5940024 ], [ 2.4000893, 39.5940022 ], [ 2.4000896, 39.594002 ], [ 2.4000899, 39.5940018 ], [ 2.4000902, 39.5940016 ], [ 2.4000905, 39.5940015 ], [ 2.4000908, 39.5940013 ], [ 2.4000911, 39.5940012 ], [ 2.4000914, 39.5940011 ], [ 2.4000917, 39.594001 ], [ 2.400092, 39.594001 ], [ 2.4000922, 39.5940009 ], [ 2.4000925, 39.5940008 ], [ 2.4000928, 39.5940008 ], [ 2.4000931, 39.5940008 ], [ 2.4000933, 39.5940007 ], [ 2.4000936, 39.5940007 ], [ 2.4000939, 39.5940007 ], [ 2.4000942, 39.5940007 ], [ 2.4000945, 39.5940007 ], [ 2.4000948, 39.5940008 ], [ 2.4000951, 39.5940008 ], [ 2.4000954, 39.5940009 ], [ 2.4000957, 39.5940009 ], [ 2.4000961, 39.594001 ], [ 2.4000964, 39.5940011 ], [ 2.4000968, 39.5940013 ], [ 2.4000971, 39.5940014 ], [ 2.4000975, 39.5940016 ], [ 2.400098, 39.5940018 ], [ 2.4000984, 39.594002 ], [ 2.4000989, 39.5940023 ], [ 2.4000993, 39.5940026 ], [ 2.4000999, 39.594003 ], [ 2.4001004, 39.5940034 ], [ 2.400101, 39.594004 ], [ 2.4001016, 39.5940046 ], [ 2.4001023, 39.5940054 ], [ 2.4001029, 39.594006199999988 ], [ 2.4001037, 39.5940073 ], [ 2.4001044, 39.5940086 ], [ 2.4001052, 39.5940101 ], [ 2.4001059, 39.594012 ], [ 2.4001065, 39.5940142 ], [ 2.4001069, 39.5940168 ], [ 2.4001071, 39.5940198 ], [ 2.4001068, 39.594023 ], [ 2.4001059, 39.5940263 ], [ 2.4001041, 39.5940294 ], [ 2.4001016, 39.5940316 ], [ 2.4000985, 39.5940327 ], [ 2.4000951, 39.5940323 ], [ 2.4000919, 39.5940306 ] ] ] } },
{ "type": "Feature", "properties": { "PlotID": "MANFV25", "windspeed": 20.0, "time": "30", "clipped_m2": 197.79368585348129, "clipped_ha": 0.01977936858534813, "wspd": "20" }, "geometry": { "type": "Polygon", "coordinates": [ [ [ 2.4003845, 39.5930916 ], [ 2.4003649, 39.593139 ], [ 2.4003598, 39.5931104 ], [ 2.4003581, 39.5930886 ], [ 2.4003581, 39.593072 ], [ 2.4003591, 39.5930595 ], [ 2.4003605, 39.5930498 ], [ 2.4003622, 39.5930423 ], [ 2.4003639, 39.5930364 ], [ 2.4003656, 39.5930316 ], [ 2.4003672, 39.5930277 ], [ 2.4003688, 39.5930245 ], [ 2.4003703, 39.5930219 ], [ 2.4003717, 39.5930197 ], [ 2.4003731, 39.5930178 ], [ 2.4003744, 39.5930162 ], [ 2.4003756, 39.5930148 ], [ 2.4003767, 39.5930136 ], [ 2.4003779, 39.5930126 ], [ 2.4003789, 39.5930117 ], [ 2.40038, 39.5930109 ], [ 2.4003809, 39.5930102 ], [ 2.4003819, 39.5930096 ], [ 2.4003828, 39.593009 ], [ 2.4003838, 39.5930085 ], [ 2.4003846, 39.5930081 ], [ 2.4003855, 39.5930077 ], [ 2.4003864, 39.5930074 ], [ 2.4003872, 39.5930071 ], [ 2.4003881, 39.5930068 ], [ 2.4003889, 39.5930066 ], [ 2.4003898, 39.5930064 ], [ 2.4003906, 39.5930063 ], [ 2.4003914, 39.5930061 ], [ 2.4003923, 39.593006 ], [ 2.4003932, 39.5930059 ], [ 2.400394, 39.5930059 ], [ 2.4003949, 39.5930059 ], [ 2.4003958, 39.5930059 ], [ 2.4003968, 39.593006 ], [ 2.4003977, 39.593006 ], [ 2.4003987, 39.5930062 ], [ 2.4003997, 39.5930063 ], [ 2.4004008, 39.5930066 ], [ 2.4004019, 39.5930068 ], [ 2.4004031, 39.5930071 ], [ 2.4004044, 39.5930075 ], [ 2.4004057, 39.593008 ], [ 2.4004071, 39.5930086 ], [ 2.4004086, 39.5930093 ], [ 2.4004102, 39.5930101 ], [ 2.400412, 39.593011 ], [ 2.4004139, 39.5930122 ], [ 2.400416, 39.5930136 ], [ 2.4004183, 39.5930153 ], [ 2.4004209, 39.5930174 ], [ 2.4004238, 39.5930199 ], [ 2.4004271, 39.5930231 ], [ 2.4004308, 39.5930271 ], [ 2.400435, 39.5930323 ], [ 2.4004399, 39.5930389 ], [ 2.4004456, 39.5930476 ], [ 2.4004521, 39.5930591 ], [ 2.4004595, 39.5930746 ], [ 2.4004676, 39.5930956 ], [ 2.4004756, 39.5931237 ], [ 2.4004817, 39.5931599 ], [ 2.4004822, 39.5932019 ], [ 2.4004721, 39.5932401 ], [ 2.4004495, 39.5932585 ], [ 2.4004201, 39.5932473 ], [ 2.4003936, 39.5932141 ], [ 2.4003845, 39.5930916 ] ] ] } },
{ "type": "Feature", "properties": { "PlotID": "MANFV26", "windspeed": 20.0, "time": "30", "clipped_m2": 760.7995894420892, "clipped_ha": 0.076079958944208922, "wspd": "20" }, "geometry": { "type": "Polygon", "coordinates": [ [ [ 2.4008659, 39.594865299999988 ], [ 2.400823, 39.5948297 ], [ 2.4007893, 39.5947867 ], [ 2.4007651, 39.5947416 ], [ 2.4007492, 39.5946981 ], [ 2.4007923, 39.5945777 ], [ 2.4007607, 39.5945917 ], [ 2.4007353, 39.594592 ], [ 2.4007372, 39.5945654 ], [ 2.4007409, 39.5945426 ], [ 2.4007456, 39.5945231 ], [ 2.400751, 39.5945063 ], [ 2.4007568, 39.5944919 ], [ 2.4007628, 39.5944795 ], [ 2.4007689, 39.5944687 ], [ 2.400775, 39.5944594 ], [ 2.400781, 39.5944512 ], [ 2.400787, 39.5944441 ], [ 2.4007928, 39.5944378 ], [ 2.4007985, 39.5944323 ], [ 2.400804, 39.5944274 ], [ 2.4008095, 39.5944231 ], [ 2.4008148, 39.5944193 ], [ 2.40082, 39.5944159 ], [ 2.4008252, 39.5944128 ], [ 2.4008302, 39.5944102 ], [ 2.4008423, 39.5944127 ], [ 2.4008479, 39.5944121 ], [ 2.4008449, 39.594403799999988 ], [ 2.4008497, 39.5944022 ], [ 2.4008545, 39.5944008 ], [ 2.4008593, 39.5943996 ], [ 2.400864, 39.5943986 ], [ 2.4008688, 39.594397799999989 ], [ 2.4008736, 39.5943972 ], [ 2.4008784, 39.5943967 ], [ 2.4008833, 39.5943964 ], [ 2.4008882, 39.5943963 ], [ 2.4008932, 39.5943964 ], [ 2.4008983, 39.5943967 ], [ 2.4009035, 39.594397199999989 ], [ 2.4009088, 39.5943979 ], [ 2.4009143, 39.5943988 ], [ 2.40092, 39.5944 ], [ 2.4009258, 39.5944014 ], [ 2.4009318, 39.5944031 ], [ 2.4009381, 39.5944052 ], [ 2.4009446, 39.5944077 ], [ 2.4009514, 39.5944106 ], [ 2.4009586, 39.5944141 ], [ 2.4009661, 39.5944181 ], [ 2.400974, 39.5944228 ], [ 2.4009823, 39.5944283 ], [ 2.4009911, 39.5944348 ], [ 2.4010004, 39.5944424 ], [ 2.4010102, 39.5944514 ], [ 2.4010206, 39.5944619 ], [ 2.4010315, 39.594474399999989 ], [ 2.401043, 39.5944893 ], [ 2.4010547, 39.594507 ], [ 2.4010667, 39.594528 ], [ 2.4010785, 39.594553 ], [ 2.4009975, 39.5945195 ], [ 2.401068, 39.5945924 ], [ 2.4011046, 39.5946577 ], [ 2.4010168, 39.5945985 ], [ 2.4010991, 39.5947514 ], [ 2.4009339, 39.594533299999988 ], [ 2.4009228, 39.5945357 ], [ 2.4009118, 39.5945381 ], [ 2.4009675, 39.5948917 ], [ 2.4008896, 39.5945437 ], [ 2.4008659, 39.594865299999988 ] ] ] } },
{ "type": "Feature", "properties": { "PlotID": "MANFV27", "windspeed": 20.0, "time": "30", "clipped_m2": 915.31042245344725, "clipped_ha": 0.091531042245344724, "wspd": "20" }, "geometry": { "type": "Polygon", "coordinates": [ [ [ 2.4078112, 39.6016182 ], [ 2.4077989, 39.6016091 ], [ 2.4077879, 39.6016013 ], [ 2.4077779, 39.6015942 ], [ 2.4077687, 39.6015876 ], [ 2.4076919, 39.601678199999988 ], [ 2.4077716, 39.6015522 ], [ 2.4077656, 39.6015483 ], [ 2.4077597, 39.6015444 ], [ 2.4077537, 39.6015405 ], [ 2.4077476, 39.6015364 ], [ 2.4077412, 39.6015322 ], [ 2.4077344, 39.6015278 ], [ 2.4077271, 39.601523 ], [ 2.4077191, 39.6015177 ], [ 2.4077101, 39.6015118 ], [ 2.4077063, 39.6015045 ], [ 2.4077136, 39.6014966 ], [ 2.4077206, 39.6014896 ], [ 2.4077273, 39.6014835 ], [ 2.4077338, 39.6014782 ], [ 2.4077402, 39.6014734 ], [ 2.4077463, 39.6014692 ], [ 2.4077523, 39.6014655 ], [ 2.4077582, 39.6014622 ], [ 2.4077639, 39.6014592 ], [ 2.4077696, 39.6014566 ], [ 2.4077752, 39.6014543 ], [ 2.4077914, 39.6014634 ], [ 2.4078035, 39.6014722 ], [ 2.4078097, 39.6014767 ], [ 2.4078135, 39.6014795 ], [ 2.4078161, 39.6014814 ], [ 2.407818, 39.6014828 ], [ 2.4078195, 39.6014839 ], [ 2.4078208, 39.6014848 ], [ 2.4078218, 39.6014855 ], [ 2.4078227, 39.6014862 ], [ 2.4078235, 39.6014868 ], [ 2.4078242, 39.6014873 ], [ 2.4078248, 39.6014878 ], [ 2.4078254, 39.6014882 ], [ 2.407826, 39.6014886 ], [ 2.4078266, 39.601489 ], [ 2.4078272, 39.6014895 ], [ 2.4078277, 39.6014899 ], [ 2.4078283, 39.6014903 ], [ 2.4078289, 39.6014907 ], [ 2.4078295, 39.6014912 ], [ 2.4078301, 39.6014916 ], [ 2.4078309, 39.6014922 ], [ 2.4078317, 39.6014927 ], [ 2.4078325, 39.6014934 ], [ 2.4078336, 39.6014942 ], [ 2.4078348, 39.6014951 ], [ 2.4078364, 39.6014962 ], [ 2.4078383, 39.6014976 ], [ 2.407841, 39.6014996 ], [ 2.4078449, 39.6015024 ], [ 2.4078514, 39.6015071 ], [ 2.4078711, 39.60152 ], [ 2.4081575, 39.6017015 ], [ 2.4081965, 39.6017701 ], [ 2.4082392, 39.6018602 ], [ 2.4082837, 39.6019784 ], [ 2.4083244, 39.6021303 ], [ 2.4079878, 39.6017533 ], [ 2.4079284, 39.6017053 ], [ 2.4078912, 39.601677599999988 ], [ 2.4078639, 39.6016573 ], [ 2.4078427, 39.6016416 ], [ 2.4078256, 39.6016289 ], [ 2.4078112, 39.6016182 ] ] ] } },
{ "type": "Feature", "properties": { "PlotID": "MANFV28", "windspeed": 20.0, "time": "30", "clipped_m2": 630.78813467908185, "clipped_ha": 0.063078813467908182, "wspd": "20" }, "geometry": { "type": "Polygon", "coordinates": [ [ [ 2.4019439, 39.6026597 ], [ 2.4019193, 39.6026297 ], [ 2.4019072, 39.60258 ], [ 2.4019041, 39.6025346 ], [ 2.4019, 39.6025093 ], [ 2.4019006, 39.6024853 ], [ 2.4019025, 39.6024664 ], [ 2.4019051, 39.6024516 ], [ 2.401908, 39.6024397 ], [ 2.401911, 39.6024301 ], [ 2.401914, 39.6024222 ], [ 2.4019169, 39.6024157 ], [ 2.4019197, 39.6024103 ], [ 2.4019225, 39.6024057 ], [ 2.4019251, 39.6024018 ], [ 2.4019276, 39.6023985 ], [ 2.40193, 39.6023956 ], [ 2.4019323, 39.6023931 ], [ 2.4019346, 39.6023909 ], [ 2.4019367, 39.602389 ], [ 2.4019388, 39.6023873 ], [ 2.4019408, 39.6023858 ], [ 2.4019427, 39.6023845 ], [ 2.4019446, 39.6023833 ], [ 2.4019465, 39.6023823 ], [ 2.4019483, 39.6023813 ], [ 2.4019501, 39.602380499999988 ], [ 2.4019519, 39.6023798 ], [ 2.4019536, 39.6023791 ], [ 2.4019553, 39.6023786 ], [ 2.4019571, 39.6023781 ], [ 2.4019588, 39.6023776 ], [ 2.4019605, 39.6023773 ], [ 2.4019623, 39.602377 ], [ 2.401964, 39.6023767 ], [ 2.4019658, 39.6023766 ], [ 2.4019676, 39.6023764 ], [ 2.4019695, 39.6023764 ], [ 2.4019713, 39.6023764 ], [ 2.4019733, 39.6023765 ], [ 2.4019753, 39.6023766 ], [ 2.4019773, 39.6023769 ], [ 2.4019795, 39.6023772 ], [ 2.4019817, 39.6023776 ], [ 2.401984, 39.6023781 ], [ 2.4019865, 39.6023787 ], [ 2.4019891, 39.6023795 ], [ 2.4019918, 39.6023805 ], [ 2.4019948, 39.6023816 ], [ 2.4019979, 39.6023829 ], [ 2.4020013, 39.6023846 ], [ 2.4020049, 39.6023865 ], [ 2.4020089, 39.6023888 ], [ 2.4020133, 39.6023917 ], [ 2.4020181, 39.602395099999988 ], [ 2.4020234, 39.6023992 ], [ 2.4020293, 39.6024044 ], [ 2.402036, 39.6024107 ], [ 2.4020435, 39.6024187 ], [ 2.4020521, 39.6024288 ], [ 2.4020595, 39.6024406 ], [ 2.4020653, 39.6024538 ], [ 2.4020728, 39.6024713 ], [ 2.4020835, 39.6024957 ], [ 2.4021025, 39.6025359 ], [ 2.4021275, 39.6025977 ], [ 2.4021365, 39.6026589 ], [ 2.4021346, 39.602726499999989 ], [ 2.4021148, 39.6027854 ], [ 2.402071, 39.602798 ], [ 2.4020157, 39.6027386 ], [ 2.4019751, 39.6026951 ], [ 2.4019439, 39.6026597 ] ] ] } },
{ "type": "Feature", "properties": { "PlotID": "MANFV29", "windspeed": 20.0, "time": "30", "clipped_m2": 1214.8760175909847, "clipped_ha": 0.12148760175909847, "wspd": "20" }, "geometry": { "type": "Polygon", "coordinates": [ [ [ 2.4101146, 39.6049493 ], [ 2.4100714, 39.6048204 ], [ 2.4101284, 39.604472099999988 ], [ 2.4101, 39.6044978 ], [ 2.410038, 39.604568 ], [ 2.4100404, 39.6045191 ], [ 2.4100451, 39.6044812 ], [ 2.4100509, 39.6044515 ], [ 2.4100571, 39.6044278 ], [ 2.4100634, 39.6044088 ], [ 2.4100696, 39.6043933 ], [ 2.4100757, 39.6043805 ], [ 2.4100815, 39.6043698 ], [ 2.410087, 39.6043609 ], [ 2.4100923, 39.6043533 ], [ 2.4100973, 39.6043468 ], [ 2.4101021, 39.6043412 ], [ 2.4101067, 39.6043363 ], [ 2.4101111, 39.6043321 ], [ 2.4101154, 39.6043284 ], [ 2.4101195, 39.6043251 ], [ 2.4101235, 39.6043222 ], [ 2.4101273, 39.6043197 ], [ 2.410131, 39.6043174 ], [ 2.4101347, 39.6043154 ], [ 2.4101383, 39.6043136 ], [ 2.4101418, 39.604312 ], [ 2.4101452, 39.6043106 ], [ 2.4101487, 39.6043094 ], [ 2.4101521, 39.6043083 ], [ 2.4101555, 39.6043074 ], [ 2.4101588, 39.6043066 ], [ 2.4101622, 39.6043059 ], [ 2.4101656, 39.6043053 ], [ 2.4101691, 39.6043049 ], [ 2.4101725, 39.6043045 ], [ 2.4101761, 39.6043043 ], [ 2.4101797, 39.6043043 ], [ 2.4101833, 39.6043043 ], [ 2.4101871, 39.6043045 ], [ 2.410191, 39.6043048 ], [ 2.410195, 39.6043053 ], [ 2.4101992, 39.6043059 ], [ 2.4102035, 39.6043067 ], [ 2.4102081, 39.6043078 ], [ 2.4102129, 39.6043091 ], [ 2.4102179, 39.6043106 ], [ 2.4102233, 39.6043125 ], [ 2.410229, 39.6043147 ], [ 2.4102351, 39.6043174 ], [ 2.4102417, 39.6043206 ], [ 2.4102489, 39.6043244 ], [ 2.4102566, 39.6043291 ], [ 2.4102652, 39.6043346 ], [ 2.4102746, 39.6043414 ], [ 2.410285, 39.6043497 ], [ 2.4102967, 39.6043598 ], [ 2.4103099, 39.6043725 ], [ 2.4103248, 39.6043884 ], [ 2.4103418, 39.6044086 ], [ 2.4103613, 39.6044346 ], [ 2.4103836, 39.6044685 ], [ 2.4104092, 39.6045133 ], [ 2.4103889, 39.6045291 ], [ 2.4103709, 39.6045479 ], [ 2.4103518, 39.6045677 ], [ 2.4103371, 39.6045983 ], [ 2.4103281, 39.6046515 ], [ 2.4102992, 39.6046808 ], [ 2.410267, 39.604717 ], [ 2.4102327, 39.6047908 ], [ 2.4101824, 39.6048638 ], [ 2.4101146, 39.6049493 ] ] ] } },
{ "type": "Feature", "properties": { "PlotID": "MANFV01", "windspeed": 30.0, "time": "30", "clipped_m2": 461.66989300528076, "clipped_ha": 0.046166989300528073, "wspd": "30" }, "geometry": { "type": "Polygon", "coordinates": [ [ [ 2.41275, 39.599602 ], [ 2.4127286, 39.5995722 ], [ 2.4127134, 39.5995422 ], [ 2.4127037, 39.5995145 ], [ 2.412698, 39.59949 ], [ 2.4126953, 39.5994689 ], [ 2.4126946, 39.599451 ], [ 2.4126954, 39.599436 ], [ 2.412697, 39.5994233 ], [ 2.4126992, 39.5994126 ], [ 2.4127017, 39.5994035 ], [ 2.4127045, 39.5993958 ], [ 2.4127073, 39.5993892 ], [ 2.4127102, 39.5993835 ], [ 2.4127131, 39.5993785 ], [ 2.4127159, 39.5993743 ], [ 2.4127187, 39.5993705 ], [ 2.4127215, 39.5993672 ], [ 2.4127242, 39.5993643 ], [ 2.4127269, 39.5993618 ], [ 2.4127294, 39.5993595 ], [ 2.412732, 39.5993575 ], [ 2.4127345, 39.5993557 ], [ 2.4127369, 39.5993541 ], [ 2.4127393, 39.5993526 ], [ 2.4127417, 39.5993514 ], [ 2.412744, 39.5993502 ], [ 2.4127464, 39.5993492 ], [ 2.4127487, 39.5993483 ], [ 2.412751, 39.5993475 ], [ 2.4127533, 39.5993468 ], [ 2.4127556, 39.5993462 ], [ 2.4127579, 39.5993457 ], [ 2.4127603, 39.5993452 ], [ 2.4127626, 39.5993449 ], [ 2.412765, 39.5993446 ], [ 2.4127674, 39.5993445 ], [ 2.4127699, 39.5993444 ], [ 2.4127724, 39.5993444 ], [ 2.412775, 39.5993445 ], [ 2.4127777, 39.5993447 ], [ 2.4127805, 39.599345 ], [ 2.4127833, 39.5993454 ], [ 2.4127863, 39.599346 ], [ 2.4127893, 39.5993467 ], [ 2.4127926, 39.5993475 ], [ 2.4127959, 39.5993486 ], [ 2.4127995, 39.5993498 ], [ 2.4128033, 39.5993513 ], [ 2.4128073, 39.5993531 ], [ 2.4128115, 39.5993553 ], [ 2.412816, 39.5993578 ], [ 2.4128209, 39.5993608 ], [ 2.4128261, 39.5993644 ], [ 2.4128318, 39.5993687 ], [ 2.4128378, 39.5993738 ], [ 2.4128444, 39.59938 ], [ 2.4128515, 39.5993875 ], [ 2.4128591, 39.5993966 ], [ 2.4128673, 39.5994077 ], [ 2.4128759, 39.5994212 ], [ 2.4128847, 39.5994377 ], [ 2.4128933, 39.5994578 ], [ 2.412901, 39.599482 ], [ 2.4129067, 39.5995104 ], [ 2.4129086, 39.5995426 ], [ 2.4129047, 39.5995766 ], [ 2.4128928, 39.5996087 ], [ 2.4128718, 39.5996337 ], [ 2.412843, 39.599646299999989 ], [ 2.4128101, 39.5996438 ], [ 2.4127778, 39.5996276 ], [ 2.41275, 39.599602 ] ] ] } },
{ "type": "Feature", "properties": { "PlotID": "MANFV02", "windspeed": 30.0, "time": "30", "clipped_m2": 680.73404850810766, "clipped_ha": 0.068073404850810773, "wspd": "30" }, "geometry": { "type": "Polygon", "coordinates": [ [ [ 2.4101083, 39.5967133 ], [ 2.4100914, 39.5966883 ], [ 2.4100932, 39.5966197 ], [ 2.4100963, 39.5965853 ], [ 2.4100992, 39.5965658 ], [ 2.4101017, 39.5965538 ], [ 2.4101038, 39.5965458 ], [ 2.4101056, 39.5965402 ], [ 2.4101072, 39.5965362 ], [ 2.4101085, 39.5965332 ], [ 2.4101097, 39.596531 ], [ 2.4101108, 39.5965292 ], [ 2.4101117, 39.5965277 ], [ 2.4101126, 39.5965266 ], [ 2.4101134, 39.5965256 ], [ 2.4101141, 39.5965248 ], [ 2.4101147, 39.5965241 ], [ 2.4101153, 39.5965236 ], [ 2.4101159, 39.5965231 ], [ 2.4101164, 39.5965227 ], [ 2.4101169, 39.5965223 ], [ 2.4101174, 39.596522 ], [ 2.4101178, 39.5965217 ], [ 2.4101183, 39.5965215 ], [ 2.4101187, 39.5965213 ], [ 2.4101191, 39.5965211 ], [ 2.4101195, 39.5965209 ], [ 2.4101199, 39.5965208 ], [ 2.4101203, 39.5965207 ], [ 2.4101206, 39.5965205 ], [ 2.410121, 39.5965205 ], [ 2.4101213, 39.5965204 ], [ 2.4101217, 39.5965203 ], [ 2.4101221, 39.5965203 ], [ 2.4101224, 39.5965202 ], [ 2.4101228, 39.5965202 ], [ 2.4101231, 39.5965202 ], [ 2.4101235, 39.5965202 ], [ 2.4101239, 39.5965202 ], [ 2.4101242, 39.5965202 ], [ 2.4101246, 39.5965203 ], [ 2.410125, 39.5965203 ], [ 2.4101255, 39.5965204 ], [ 2.4101259, 39.5965205 ], [ 2.4101263, 39.5965206 ], [ 2.4101268, 39.5965207 ], [ 2.4101273, 39.5965209 ], [ 2.4101278, 39.596521 ], [ 2.4101284, 39.5965213 ], [ 2.410129, 39.5965215 ], [ 2.4101296, 39.5965218 ], [ 2.4101303, 39.5965222 ], [ 2.4101311, 39.5965227 ], [ 2.4101319, 39.5965232 ], [ 2.4101328, 39.5965239 ], [ 2.4101338, 39.5965246 ], [ 2.410135, 39.5965256 ], [ 2.4101364, 39.5965269 ], [ 2.4101379, 39.5965284 ], [ 2.4101398, 39.5965305 ], [ 2.410142, 39.5965331 ], [ 2.4101447, 39.5965368 ], [ 2.4101481, 39.5965418 ], [ 2.4101525, 39.5965492 ], [ 2.4101585, 39.5965605 ], [ 2.4101671, 39.596579 ], [ 2.4101802, 39.5966119 ], [ 2.4102022, 39.5966784 ], [ 2.4102442, 39.5968382 ], [ 2.4103289, 39.5972995 ], [ 2.41021, 39.5971055 ], [ 2.4101413, 39.5970331 ], [ 2.4101083, 39.5967133 ] ] ] } },
{ "type": "Feature", "properties": { "PlotID": "MANFV03", "windspeed": 30.0, "time": "30", "clipped_m2": 1221.8356396676973, "clipped_ha": 0.12218356396676973, "wspd": "30" }, "geometry": { "type": "Polygon", "coordinates": [ [ [ 2.4074265, 39.5958478 ], [ 2.4074035, 39.595701 ], [ 2.4073985, 39.5955987 ], [ 2.4074009, 39.595531 ], [ 2.4074059, 39.5954859 ], [ 2.4074115, 39.595455 ], [ 2.4074169, 39.5954332 ], [ 2.4074219, 39.5954173 ], [ 2.4074264, 39.5954054 ], [ 2.4074305, 39.5953963 ], [ 2.4074342, 39.5953893 ], [ 2.4074375, 39.5953836 ], [ 2.4074405, 39.595379099999988 ], [ 2.4074433, 39.5953754 ], [ 2.4074458, 39.5953723 ], [ 2.4074481, 39.5953697 ], [ 2.4074502, 39.5953676 ], [ 2.4074522, 39.5953657 ], [ 2.4074541, 39.5953642 ], [ 2.4074559, 39.5953628 ], [ 2.4074576, 39.5953616 ], [ 2.4074591, 39.5953606 ], [ 2.4074607, 39.5953597 ], [ 2.4074621, 39.5953589 ], [ 2.4074635, 39.5953583 ], [ 2.4074649, 39.5953577 ], [ 2.4074662, 39.5953571 ], [ 2.4074675, 39.595356699999989 ], [ 2.4074688, 39.5953563 ], [ 2.40747, 39.595356 ], [ 2.4074712, 39.5953557 ], [ 2.4074724, 39.595355499999989 ], [ 2.4074736, 39.5953553 ], [ 2.4074748, 39.5953551 ], [ 2.407476, 39.595355 ], [ 2.4074772, 39.5953549 ], [ 2.4074784, 39.5953549 ], [ 2.4074796, 39.5953549 ], [ 2.4074809, 39.595355 ], [ 2.4074822, 39.5953551 ], [ 2.4074834, 39.5953552 ], [ 2.4074848, 39.5953554 ], [ 2.4074861, 39.5953557 ], [ 2.4074876, 39.595356 ], [ 2.407489, 39.5953564 ], [ 2.4074906, 39.5953569 ], [ 2.4074922, 39.5953574 ], [ 2.4074939, 39.5953581 ], [ 2.4074957, 39.5953589 ], [ 2.4074976, 39.5953598 ], [ 2.4074997, 39.5953609 ], [ 2.4075019, 39.5953621 ], [ 2.4075043, 39.5953637 ], [ 2.407507, 39.5953655 ], [ 2.4075099, 39.5953677 ], [ 2.4075131, 39.5953703 ], [ 2.4075167, 39.5953736 ], [ 2.4075207, 39.5953776 ], [ 2.4075253, 39.5953827 ], [ 2.4075306, 39.5953891 ], [ 2.4075368, 39.5953974 ], [ 2.4075441, 39.5954085 ], [ 2.4075528, 39.5954234 ], [ 2.4075634, 39.595444 ], [ 2.4075763, 39.5954736 ], [ 2.407592, 39.5955172 ], [ 2.4075937, 39.5955557 ], [ 2.4076301, 39.5956846 ], [ 2.4076427, 39.5958322 ], [ 2.4076279, 39.596004 ], [ 2.4075654, 39.596095 ], [ 2.4074823, 39.5960146 ], [ 2.4074265, 39.5958478 ] ] ] } },
{ "type": "Feature", "properties": { "PlotID": "MANFV04", "windspeed": 30.0, "time": "30", "clipped_m2": 30.041385580290807, "clipped_ha": 0.0030041385580290808, "wspd": "30" }, "geometry": { "type": "Polygon", "coordinates": [ [ [ 2.4051231, 39.5900783 ], [ 2.4051229, 39.5900762 ], [ 2.4051229, 39.5900752 ], [ 2.4051229, 39.5900747 ], [ 2.4051229, 39.5900744 ], [ 2.4051229, 39.5900742 ], [ 2.405123, 39.590074 ], [ 2.405123, 39.5900739 ], [ 2.405123, 39.5900738 ], [ 2.4051231, 39.5900737 ], [ 2.4051231, 39.5900736 ], [ 2.4051232, 39.5900736 ], [ 2.4051232, 39.5900735 ], [ 2.4051233, 39.5900735 ], [ 2.4051233, 39.5900734 ], [ 2.4051234, 39.5900734 ], [ 2.4051234, 39.5900735 ], [ 2.4051235, 39.5900735 ], [ 2.4051236, 39.5900735 ], [ 2.4051237, 39.5900736 ], [ 2.4051238, 39.5900736 ], [ 2.4051238, 39.5900737 ], [ 2.4051239, 39.5900737 ], [ 2.405124, 39.5900738 ], [ 2.4051241, 39.590074 ], [ 2.4051242, 39.5900741 ], [ 2.4051244, 39.5900744 ], [ 2.4051247, 39.5900749 ], [ 2.4051252, 39.5900758 ], [ 2.4051262, 39.5900778 ], [ 2.4051286, 39.5900834 ], [ 2.4051391, 39.5901123 ], [ 2.4053117, 39.5907334 ], [ 2.4051302, 39.5901138 ], [ 2.405124, 39.5900842 ], [ 2.4051231, 39.5900783 ] ] ] } },
{ "type": "Feature", "properties": { "PlotID": "MANFV05", "windspeed": 30.0, "time": "30", "clipped_m2": 731.44413320033345, "clipped_ha": 0.073144413320033339, "wspd": "30" }, "geometry": { "type": "Polygon", "coordinates": [ [ [ 2.4085049, 39.5907984 ], [ 2.408504, 39.5907884 ], [ 2.4085039, 39.5907837 ], [ 2.408504, 39.5907812 ], [ 2.4085041, 39.5907796 ], [ 2.4085043, 39.5907786 ], [ 2.4085044, 39.5907778 ], [ 2.4085045, 39.5907773 ], [ 2.4085047, 39.5907769 ], [ 2.4085048, 39.5907766 ], [ 2.4085049, 39.5907764 ], [ 2.408505, 39.5907762 ], [ 2.4085051, 39.5907761 ], [ 2.4085051, 39.5907759 ], [ 2.4085052, 39.5907758 ], [ 2.4085053, 39.5907758 ], [ 2.4085054, 39.5907757 ], [ 2.4085054, 39.5907756 ], [ 2.4085055, 39.5907756 ], [ 2.4085055, 39.5907755 ], [ 2.4085056, 39.5907755 ], [ 2.4085056, 39.5907754 ], [ 2.4085057, 39.5907754 ], [ 2.4085058, 39.5907753 ], [ 2.4085059, 39.5907753 ], [ 2.408506, 39.5907753 ], [ 2.408506, 39.5907752 ], [ 2.4085061, 39.5907752 ], [ 2.4085062, 39.5907752 ], [ 2.4085063, 39.5907752 ], [ 2.4085064, 39.5907752 ], [ 2.4085065, 39.5907752 ], [ 2.4085066, 39.5907752 ], [ 2.4085067, 39.5907752 ], [ 2.4085068, 39.5907752 ], [ 2.4085069, 39.5907753 ], [ 2.408507, 39.5907753 ], [ 2.4085071, 39.5907753 ], [ 2.4085072, 39.5907754 ], [ 2.4085073, 39.5907754 ], [ 2.4085074, 39.5907755 ], [ 2.4085075, 39.5907755 ], [ 2.4085076, 39.5907756 ], [ 2.4085078, 39.590775699999988 ], [ 2.408508, 39.5907759 ], [ 2.4085082, 39.5907761 ], [ 2.4085085, 39.5907763 ], [ 2.4085088, 39.5907766 ], [ 2.4085092, 39.590777 ], [ 2.4085097, 39.5907776 ], [ 2.4085104, 39.5907785 ], [ 2.4085114, 39.5907799 ], [ 2.4085128, 39.5907822 ], [ 2.4085152, 39.5907865 ], [ 2.4085198, 39.5907959 ], [ 2.4085312, 39.5908227 ], [ 2.408581, 39.5909613 ], [ 2.409454, 39.5941403 ], [ 2.4085382, 39.5909685 ], [ 2.4085089, 39.5908264 ], [ 2.4085049, 39.5907984 ] ] ] } },
{ "type": "Feature", "properties": { "PlotID": "MANFV06", "windspeed": 30.0, "time": "30", "clipped_m2": 4525.9814087832347, "clipped_ha": 0.45259814087832345, "wspd": "30" }, "geometry": { "type": "Polygon", "coordinates": [ [ [ 2.4154683, 39.584171 ], [ 2.415406, 39.5840402 ], [ 2.415368, 39.5839228 ], [ 2.4153476, 39.5838244 ], [ 2.4153387, 39.5837443 ], [ 2.4153371, 39.5836801 ], [ 2.4153398, 39.5836285 ], [ 2.4153452, 39.583587 ], [ 2.415352, 39.5835533 ], [ 2.4153595, 39.5835256 ], [ 2.4153673, 39.5835028 ], [ 2.4153752, 39.5834837 ], [ 2.415383, 39.5834677 ], [ 2.4153906, 39.5834541 ], [ 2.415398, 39.5834425 ], [ 2.4154052, 39.5834325 ], [ 2.4154121, 39.5834238 ], [ 2.4154188, 39.5834162 ], [ 2.4154253, 39.5834096 ], [ 2.4154316, 39.5834038 ], [ 2.4154377, 39.5833987 ], [ 2.4154436, 39.5833941 ], [ 2.4154493, 39.5833901 ], [ 2.415455, 39.5833865 ], [ 2.4154605, 39.5833833 ], [ 2.4154659, 39.5833804 ], [ 2.4154713, 39.5833779 ], [ 2.4154766, 39.5833756 ], [ 2.4154818, 39.5833736 ], [ 2.415487, 39.5833718 ], [ 2.4154922, 39.5833703 ], [ 2.4154974, 39.5833689 ], [ 2.4155026, 39.5833678 ], [ 2.4155079, 39.5833668 ], [ 2.4155132, 39.583366 ], [ 2.4155186, 39.5833655 ], [ 2.415524, 39.5833651 ], [ 2.4155296, 39.5833648 ], [ 2.4155353, 39.5833648 ], [ 2.4155411, 39.583365 ], [ 2.4155472, 39.5833654 ], [ 2.4155534, 39.5833661 ], [ 2.4155599, 39.583367 ], [ 2.4155666, 39.5833682 ], [ 2.4155736, 39.5833697 ], [ 2.415581, 39.5833716 ], [ 2.4155888, 39.5833739 ], [ 2.4155971, 39.5833767 ], [ 2.4156058, 39.5833801 ], [ 2.4156152, 39.583384099999989 ], [ 2.4156253, 39.5833889 ], [ 2.4156362, 39.5833947 ], [ 2.415648, 39.5834016 ], [ 2.4156608, 39.5834099 ], [ 2.4156749, 39.58342 ], [ 2.4156904, 39.5834322 ], [ 2.4157076, 39.5834471 ], [ 2.4157267, 39.5834656 ], [ 2.415748, 39.5834885 ], [ 2.4157719, 39.5835172 ], [ 2.4157985, 39.5835535 ], [ 2.415828, 39.5835998 ], [ 2.4158601, 39.583659 ], [ 2.4158939, 39.583735 ], [ 2.4159267, 39.5838314 ], [ 2.4159534, 39.5839507 ], [ 2.4159647, 39.5840898 ], [ 2.4159479, 39.5842343 ], [ 2.415891, 39.5843545 ], [ 2.4157938, 39.5844132 ], [ 2.4156742, 39.58439 ], [ 2.4155593, 39.5842979 ], [ 2.4154683, 39.584171 ] ] ] } },
{ "type": "Feature", "properties": { "PlotID": "MANFV07", "windspeed": 30.0, "time": "30", "clipped_m2": 12426.388528085314, "clipped_ha": 1.2426388528085315, "wspd": "30" }, "geometry": { "type": "Polygon", "coordinates": [ [ [ 2.4087606, 39.5831893 ], [ 2.4087538, 39.5831153 ], [ 2.4087526, 39.5830803 ], [ 2.4087531, 39.583061 ], [ 2.408754, 39.5830492 ], [ 2.4087551, 39.5830414 ], [ 2.4087562, 39.583036 ], [ 2.4087572, 39.5830322 ], [ 2.4087581, 39.5830292 ], [ 2.4087589, 39.583027 ], [ 2.4087597, 39.5830253 ], [ 2.4087604, 39.5830239 ], [ 2.408761, 39.5830227 ], [ 2.4087616, 39.5830218 ], [ 2.4087622, 39.583021 ], [ 2.4087627, 39.5830203 ], [ 2.4087632, 39.5830197 ], [ 2.4087637, 39.5830192 ], [ 2.4087641, 39.5830188 ], [ 2.4087645, 39.5830184 ], [ 2.4087649, 39.5830181 ], [ 2.4087653, 39.5830178 ], [ 2.4087657, 39.5830176 ], [ 2.4087661, 39.5830173 ], [ 2.4087664, 39.5830171 ], [ 2.4087667, 39.583017 ], [ 2.4087671, 39.5830168 ], [ 2.4087674, 39.5830167 ], [ 2.4087677, 39.5830165 ], [ 2.4087681, 39.5830164 ], [ 2.4087684, 39.5830163 ], [ 2.4087687, 39.5830163 ], [ 2.408769, 39.5830162 ], [ 2.4087694, 39.5830161 ], [ 2.4087697, 39.583016099999988 ], [ 2.40877, 39.583016 ], [ 2.4087704, 39.583016 ], [ 2.4087707, 39.583016 ], [ 2.4087711, 39.583016 ], [ 2.4087714, 39.583016 ], [ 2.4087718, 39.583016 ], [ 2.4087722, 39.583016 ], [ 2.4087726, 39.583016099999988 ], [ 2.408773, 39.5830162 ], [ 2.4087735, 39.5830162 ], [ 2.408774, 39.5830163 ], [ 2.4087745, 39.5830165 ], [ 2.408775, 39.5830166 ], [ 2.4087756, 39.5830168 ], [ 2.4087762, 39.5830171 ], [ 2.4087769, 39.5830174 ], [ 2.4087777, 39.5830177 ], [ 2.4087785, 39.5830182 ], [ 2.4087794, 39.5830187 ], [ 2.4087805, 39.5830194 ], [ 2.4087817, 39.5830202 ], [ 2.4087831, 39.5830212 ], [ 2.4087848, 39.5830226 ], [ 2.4087868, 39.5830243 ], [ 2.4087892, 39.5830267 ], [ 2.4087922, 39.5830299 ], [ 2.4087961, 39.5830344 ], [ 2.4088013, 39.5830411 ], [ 2.4088086, 39.5830515 ], [ 2.4088196, 39.5830688 ], [ 2.4088376, 39.583101 ], [ 2.4088719, 39.5831702 ], [ 2.4089545, 39.5833635 ], [ 2.4092804, 39.5842717 ], [ 2.41111, 39.5911895 ], [ 2.4089916, 39.5843213 ], [ 2.4087911, 39.5833915 ], [ 2.4087606, 39.5831893 ] ] ] } },
{ "type": "Feature", "properties": { "PlotID": "MANFV08", "windspeed": 30.0, "time": "30", "clipped_m2": 705.47717157029547, "clipped_ha": 0.070547717157029552, "wspd": "30" }, "geometry": { "type": "Polygon", "coordinates": [ [ [ 2.4202046, 39.601835 ], [ 2.4201726, 39.6018364 ], [ 2.4201526, 39.6017949 ], [ 2.4202014, 39.6016128 ], [ 2.4201929, 39.6016151 ], [ 2.4201829, 39.6016179 ], [ 2.4201288, 39.6016705 ], [ 2.4201554, 39.6016254 ], [ 2.4201352, 39.6016309 ], [ 2.4201356, 39.6016188 ], [ 2.4201391, 39.6016066 ], [ 2.4201429, 39.6015963 ], [ 2.4201468, 39.6015875 ], [ 2.4201507, 39.6015799 ], [ 2.4201547, 39.6015734 ], [ 2.4201585, 39.6015677 ], [ 2.4201623, 39.6015627 ], [ 2.420166, 39.6015583 ], [ 2.4201697, 39.6015545 ], [ 2.4201732, 39.6015511 ], [ 2.4201767, 39.6015481 ], [ 2.4201801, 39.6015454 ], [ 2.4201834, 39.601543 ], [ 2.4201867, 39.6015409 ], [ 2.4201899, 39.601539 ], [ 2.4201931, 39.6015373 ], [ 2.4201962, 39.6015358 ], [ 2.4201993, 39.6015345 ], [ 2.4202024, 39.6015333 ], [ 2.4202055, 39.6015322 ], [ 2.4202086, 39.6015313 ], [ 2.4202116, 39.6015305 ], [ 2.4202147, 39.6015299 ], [ 2.4202178, 39.6015293 ], [ 2.420221, 39.6015289 ], [ 2.4202241, 39.6015285 ], [ 2.4202274, 39.6015283 ], [ 2.4202307, 39.6015282 ], [ 2.420234, 39.6015282 ], [ 2.4202375, 39.6015284 ], [ 2.420241, 39.6015286 ], [ 2.4202447, 39.6015291 ], [ 2.4202484, 39.6015296 ], [ 2.4202524, 39.6015304 ], [ 2.4202565, 39.6015313 ], [ 2.4202607, 39.6015325 ], [ 2.4202652, 39.6015339 ], [ 2.42027, 39.6015356 ], [ 2.420275, 39.6015376 ], [ 2.4202803, 39.60154 ], [ 2.4202859, 39.6015429 ], [ 2.420292, 39.6015463 ], [ 2.4202984, 39.6015503 ], [ 2.4203054, 39.6015551 ], [ 2.4203129, 39.6015609 ], [ 2.420321, 39.6015678 ], [ 2.4203298, 39.6015761 ], [ 2.4203384, 39.6015859 ], [ 2.4203214, 39.601589 ], [ 2.4203081, 39.6015914 ], [ 2.420372, 39.6016315 ], [ 2.4202878, 39.6015952 ], [ 2.4202797, 39.6015966 ], [ 2.4202725, 39.601598 ], [ 2.4204142, 39.601753 ], [ 2.4204171, 39.6017972 ], [ 2.420412, 39.6018441 ], [ 2.420396, 39.6018887 ], [ 2.4203674, 39.6019234 ], [ 2.4203281, 39.6019407 ], [ 2.420283, 39.6019369 ], [ 2.420239, 39.6019138 ], [ 2.4202046, 39.601835 ] ] ] } },
{ "type": "Feature", "properties": { "PlotID": "MANFV09", "windspeed": 30.0, "time": "30", "clipped_m2": 32.262050348566845, "clipped_ha": 0.0032262050348566846, "wspd": "30" }, "geometry": { "type": "Polygon", "coordinates": [ [ [ 2.4128614, 39.6004433 ], [ 2.4128613, 39.6004413 ], [ 2.4128613, 39.6004404 ], [ 2.4128613, 39.6004398 ], [ 2.4128613, 39.6004395 ], [ 2.4128613, 39.6004393 ], [ 2.4128614, 39.6004392 ], [ 2.4128614, 39.6004391 ], [ 2.4128614, 39.600439 ], [ 2.4128615, 39.600439 ], [ 2.4128615, 39.6004389 ], [ 2.4128615, 39.6004388 ], [ 2.4128616, 39.6004388 ], [ 2.4128616, 39.6004387 ], [ 2.4128617, 39.6004387 ], [ 2.4128618, 39.6004387 ], [ 2.4128619, 39.6004387 ], [ 2.412862, 39.6004387 ], [ 2.412862, 39.6004388 ], [ 2.4128621, 39.6004388 ], [ 2.4128622, 39.6004389 ], [ 2.4128623, 39.6004389 ], [ 2.4128623, 39.600439 ], [ 2.4128624, 39.6004392 ], [ 2.4128626, 39.6004393 ], [ 2.4128628, 39.6004396 ], [ 2.412863, 39.6004401 ], [ 2.4128635, 39.6004409 ], [ 2.4128644, 39.6004428 ], [ 2.4128666, 39.6004482 ], [ 2.4128764, 39.6004761 ], [ 2.4130639, 39.6011806 ], [ 2.4128678, 39.6004775 ], [ 2.4128622, 39.6004489 ], [ 2.4128614, 39.6004433 ] ] ] } },
{ "type": "Feature", "properties": { "PlotID": "MANFV10", "windspeed": 30.0, "time": "30", "clipped_m2": 21.868392001866596, "clipped_ha": 0.0021868392001866597, "wspd": "30" }, "geometry": { "type": "Polygon", "coordinates": [ [ [ 2.412859, 39.595225 ], [ 2.4128589, 39.5952236 ], [ 2.4128589, 39.5952229 ], [ 2.4128589, 39.5952225 ], [ 2.4128589, 39.5952223 ], [ 2.4128589, 39.5952222 ], [ 2.4128589, 39.5952221 ], [ 2.412859, 39.595222 ], [ 2.412859, 39.5952219 ], [ 2.412859, 39.5952218 ], [ 2.4128591, 39.5952218 ], [ 2.4128591, 39.5952217 ], [ 2.4128592, 39.5952217 ], [ 2.4128593, 39.5952217 ], [ 2.4128594, 39.5952217 ], [ 2.4128594, 39.5952218 ], [ 2.4128595, 39.5952218 ], [ 2.4128596, 39.5952219 ], [ 2.4128596, 39.595222 ], [ 2.4128597, 39.595222 ], [ 2.4128598, 39.5952222 ], [ 2.4128599, 39.5952224 ], [ 2.4128601, 39.5952227 ], [ 2.4128605, 39.5952233 ], [ 2.4128611, 39.5952247 ], [ 2.4128627, 39.5952285 ], [ 2.4128696, 39.5952487 ], [ 2.4130445, 39.5959236 ], [ 2.4128634, 39.5952497 ], [ 2.4128595, 39.595229 ], [ 2.412859, 39.595225 ] ] ] } },
{ "type": "Feature", "properties": { "PlotID": "MANFV11", "windspeed": 30.0, "time": "30", "clipped_m2": 468.33866380853578, "clipped_ha": 0.04683386638085358, "wspd": "30" }, "geometry": { "type": "Polygon", "coordinates": [ [ [ 2.4073322, 39.5979742 ], [ 2.4073267, 39.5979149 ], [ 2.407326, 39.5978804 ], [ 2.4073269, 39.597859 ], [ 2.4073284, 39.5978451 ], [ 2.40733, 39.5978356 ], [ 2.4073316, 39.597828799999988 ], [ 2.4073331, 39.5978238 ], [ 2.4073344, 39.5978201 ], [ 2.4073357, 39.5978171 ], [ 2.4073368, 39.5978148 ], [ 2.4073378, 39.5978129 ], [ 2.4073388, 39.5978114 ], [ 2.4073397, 39.5978101 ], [ 2.4073405, 39.5978091 ], [ 2.4073412, 39.5978082 ], [ 2.407342, 39.5978074 ], [ 2.4073426, 39.5978068 ], [ 2.4073433, 39.5978062 ], [ 2.4073439, 39.5978057 ], [ 2.4073445, 39.5978053 ], [ 2.407345, 39.5978049 ], [ 2.4073455, 39.5978046 ], [ 2.4073461, 39.5978043 ], [ 2.4073466, 39.597804 ], [ 2.4073471, 39.5978038 ], [ 2.4073475, 39.5978036 ], [ 2.407348, 39.597803399999989 ], [ 2.4073485, 39.5978032 ], [ 2.4073489, 39.5978031 ], [ 2.4073494, 39.597803 ], [ 2.4073498, 39.5978029 ], [ 2.4073503, 39.5978028 ], [ 2.4073508, 39.597802699999988 ], [ 2.4073512, 39.5978027 ], [ 2.4073517, 39.5978026 ], [ 2.4073522, 39.5978026 ], [ 2.4073526, 39.5978026 ], [ 2.4073531, 39.5978026 ], [ 2.4073536, 39.5978026 ], [ 2.4073542, 39.5978027 ], [ 2.4073547, 39.5978027 ], [ 2.4073553, 39.5978028 ], [ 2.4073558, 39.5978029 ], [ 2.4073565, 39.5978031 ], [ 2.4073571, 39.5978033 ], [ 2.4073578, 39.5978035 ], [ 2.4073585, 39.5978037 ], [ 2.4073593, 39.597804 ], [ 2.4073602, 39.5978044 ], [ 2.4073611, 39.5978048 ], [ 2.4073621, 39.5978054 ], [ 2.4073632, 39.597806 ], [ 2.4073644, 39.5978068 ], [ 2.4073658, 39.5978078 ], [ 2.4073674, 39.597809 ], [ 2.4073692, 39.5978104 ], [ 2.4073712, 39.5978123 ], [ 2.4073737, 39.5978148 ], [ 2.4073766, 39.597818 ], [ 2.4073802, 39.5978223 ], [ 2.4073846, 39.5978283 ], [ 2.4073903, 39.5978368 ], [ 2.4073978, 39.5978495 ], [ 2.407408, 39.5978693 ], [ 2.4074224, 39.597902 ], [ 2.4074431, 39.5979593 ], [ 2.4074712, 39.5980625 ], [ 2.4074954, 39.5982256 ], [ 2.4074715, 39.5983394 ], [ 2.4073992, 39.5982386 ], [ 2.4073509, 39.5980787 ], [ 2.4073322, 39.5979742 ] ] ] } },
{ "type": "Feature", "properties": { "PlotID": "MANFV12", "windspeed": 30.0, "time": "30", "clipped_m2": 100.05044975574128, "clipped_ha": 0.010005044975574128, "wspd": "30" }, "geometry": { "type": "Polygon", "coordinates": [ [ [ 2.4019578, 39.5877334 ], [ 2.401953, 39.5877044 ], [ 2.4019515, 39.5876861 ], [ 2.4019513, 39.5876742 ], [ 2.4019517, 39.5876661 ], [ 2.4019524, 39.5876605 ], [ 2.4019531, 39.5876564 ], [ 2.4019539, 39.5876534 ], [ 2.4019546, 39.587651 ], [ 2.4019553, 39.5876492 ], [ 2.4019559, 39.5876477 ], [ 2.4019565, 39.5876466 ], [ 2.401957, 39.5876456 ], [ 2.4019576, 39.5876448 ], [ 2.401958, 39.5876441 ], [ 2.4019585, 39.5876436 ], [ 2.4019589, 39.5876431 ], [ 2.4019593, 39.5876427 ], [ 2.4019597, 39.5876423 ], [ 2.4019601, 39.587642 ], [ 2.4019604, 39.5876417 ], [ 2.4019608, 39.5876414 ], [ 2.4019611, 39.5876412 ], [ 2.4019614, 39.587641 ], [ 2.4019617, 39.5876409 ], [ 2.401962, 39.5876407 ], [ 2.4019623, 39.5876406 ], [ 2.4019626, 39.5876405 ], [ 2.4019629, 39.5876404 ], [ 2.4019632, 39.5876403 ], [ 2.4019635, 39.5876402 ], [ 2.4019638, 39.5876401 ], [ 2.401964, 39.58764 ], [ 2.4019643, 39.58764 ], [ 2.4019646, 39.58764 ], [ 2.4019649, 39.5876399 ], [ 2.4019652, 39.5876399 ], [ 2.4019655, 39.5876399 ], [ 2.4019658, 39.5876399 ], [ 2.4019661, 39.5876399 ], [ 2.4019665, 39.5876399 ], [ 2.4019668, 39.58764 ], [ 2.4019672, 39.58764 ], [ 2.4019675, 39.5876401 ], [ 2.4019679, 39.5876402 ], [ 2.4019683, 39.5876403 ], [ 2.4019688, 39.5876404 ], [ 2.4019692, 39.5876405 ], [ 2.4019697, 39.5876407 ], [ 2.4019703, 39.5876409 ], [ 2.4019709, 39.5876412 ], [ 2.4019715, 39.5876415 ], [ 2.4019722, 39.5876419 ], [ 2.401973, 39.5876424 ], [ 2.4019739, 39.587643 ], [ 2.4019749, 39.5876437 ], [ 2.401976, 39.5876446 ], [ 2.4019773, 39.587645699999989 ], [ 2.4019788, 39.5876472 ], [ 2.4019807, 39.5876491 ], [ 2.4019829, 39.5876517 ], [ 2.4019856, 39.5876553 ], [ 2.4019891, 39.5876602 ], [ 2.4019936, 39.5876675 ], [ 2.4019994, 39.5876786 ], [ 2.4020073, 39.5876959 ], [ 2.4020175, 39.587724 ], [ 2.402029, 39.5877683 ], [ 2.4020351, 39.5878257 ], [ 2.4020221, 39.587859699999989 ], [ 2.4019929, 39.5878323 ], [ 2.4019696, 39.5877776 ], [ 2.4019578, 39.5877334 ] ] ] } },
{ "type": "Feature", "properties": { "PlotID": "MANFV13", "windspeed": 30.0, "time": "30", "clipped_m2": 3865.5065214596689, "clipped_ha": 0.3865506521459669, "wspd": "30" }, "geometry": { "type": "Polygon", "coordinates": [ [ [ 2.4037755, 39.5909723 ], [ 2.4037424, 39.5907923 ], [ 2.4037307, 39.5906758 ], [ 2.4037285, 39.590599 ], [ 2.4037305, 39.5905467 ], [ 2.4037344, 39.5905099 ], [ 2.4037389, 39.5904831 ], [ 2.4037435, 39.590463 ], [ 2.403748, 39.5904477 ], [ 2.4037523, 39.5904356 ], [ 2.4037564, 39.590426 ], [ 2.4037602, 39.5904182 ], [ 2.4037638, 39.5904118 ], [ 2.4037671, 39.5904065 ], [ 2.4037702, 39.590402 ], [ 2.4037732, 39.590398199999989 ], [ 2.403776, 39.590395 ], [ 2.4037787, 39.5903922 ], [ 2.4037812, 39.5903897 ], [ 2.4037836, 39.5903876 ], [ 2.4037859, 39.5903857 ], [ 2.4037882, 39.5903841 ], [ 2.4037903, 39.5903826 ], [ 2.4037924, 39.5903813 ], [ 2.4037945, 39.5903802 ], [ 2.4037965, 39.5903792 ], [ 2.4037984, 39.5903782 ], [ 2.4038004, 39.5903774 ], [ 2.4038023, 39.5903767 ], [ 2.4038042, 39.5903761 ], [ 2.4038061, 39.5903755 ], [ 2.4038079, 39.5903751 ], [ 2.4038098, 39.5903747 ], [ 2.4038117, 39.5903743 ], [ 2.4038136, 39.590374 ], [ 2.4038156, 39.5903738 ], [ 2.4038176, 39.5903737 ], [ 2.4038196, 39.5903736 ], [ 2.4038216, 39.5903736 ], [ 2.4038238, 39.5903736 ], [ 2.4038259, 39.5903738 ], [ 2.4038282, 39.590374 ], [ 2.4038306, 39.5903743 ], [ 2.403833, 39.5903747 ], [ 2.4038356, 39.5903752 ], [ 2.4038384, 39.5903759 ], [ 2.4038413, 39.5903767 ], [ 2.4038444, 39.5903777 ], [ 2.4038477, 39.5903789 ], [ 2.4038513, 39.5903803 ], [ 2.4038552, 39.5903821 ], [ 2.4038595, 39.5903842 ], [ 2.4038641, 39.5903867 ], [ 2.4038693, 39.5903899 ], [ 2.4038752, 39.5903937 ], [ 2.4038818, 39.5903984 ], [ 2.4038893, 39.5904044 ], [ 2.403898, 39.5904119 ], [ 2.4039082, 39.5904216 ], [ 2.4039204, 39.5904342 ], [ 2.4039351, 39.5904511 ], [ 2.4039532, 39.5904743 ], [ 2.4039759, 39.5905068 ], [ 2.404005, 39.590554 ], [ 2.404043, 39.5906249 ], [ 2.404093, 39.5907352 ], [ 2.4041565, 39.5909103 ], [ 2.4042252, 39.5911785 ], [ 2.4042565, 39.5915128 ], [ 2.4041741, 39.5917058 ], [ 2.4039981, 39.5915549 ], [ 2.4038525, 39.5912392 ], [ 2.4037755, 39.5909723 ] ] ] } },
{ "type": "Feature", "properties": { "PlotID": "MANFV14", "windspeed": 30.0, "time": "30", "clipped_m2": 123.85243014083244, "clipped_ha": 0.012385243014083244, "wspd": "30" }, "geometry": { "type": "Polygon", "coordinates": [ [ [ 2.4107331, 39.594921 ], [ 2.4107299, 39.5948901 ], [ 2.4107293, 39.5948719 ], [ 2.4107297, 39.5948606 ], [ 2.4107305, 39.5948532 ], [ 2.4107313, 39.5948481 ], [ 2.4107321, 39.5948445 ], [ 2.4107329, 39.5948418 ], [ 2.4107336, 39.5948398 ], [ 2.4107343, 39.5948382 ], [ 2.4107349, 39.5948369 ], [ 2.4107354, 39.5948359 ], [ 2.4107359, 39.5948351 ], [ 2.4107364, 39.5948344 ], [ 2.4107368, 39.5948339 ], [ 2.4107372, 39.5948334 ], [ 2.4107376, 39.594833 ], [ 2.410738, 39.5948326 ], [ 2.4107383, 39.5948323 ], [ 2.4107386, 39.594832 ], [ 2.410739, 39.5948318 ], [ 2.4107393, 39.5948316 ], [ 2.4107395, 39.5948314 ], [ 2.4107398, 39.5948313 ], [ 2.4107401, 39.5948311 ], [ 2.4107404, 39.594831 ], [ 2.4107406, 39.5948309 ], [ 2.4107409, 39.5948308 ], [ 2.4107411, 39.5948307 ], [ 2.4107414, 39.5948306 ], [ 2.4107416, 39.5948306 ], [ 2.4107418, 39.5948305 ], [ 2.4107421, 39.5948304 ], [ 2.4107423, 39.5948304 ], [ 2.4107426, 39.5948304 ], [ 2.4107428, 39.5948304 ], [ 2.4107431, 39.5948303 ], [ 2.4107434, 39.5948303 ], [ 2.4107436, 39.5948303 ], [ 2.4107439, 39.5948304 ], [ 2.4107442, 39.5948304 ], [ 2.4107445, 39.5948304 ], [ 2.4107448, 39.5948305 ], [ 2.4107451, 39.5948305 ], [ 2.4107454, 39.5948306 ], [ 2.4107458, 39.5948307 ], [ 2.4107461, 39.5948308 ], [ 2.4107465, 39.5948309 ], [ 2.410747, 39.5948311 ], [ 2.4107474, 39.5948313 ], [ 2.4107479, 39.5948315 ], [ 2.4107484, 39.5948318 ], [ 2.410749, 39.5948322 ], [ 2.4107497, 39.5948326 ], [ 2.4107505, 39.5948331 ], [ 2.4107513, 39.5948337 ], [ 2.4107523, 39.5948345 ], [ 2.4107534, 39.5948355 ], [ 2.4107547, 39.5948369 ], [ 2.4107563, 39.5948386 ], [ 2.4107582, 39.5948409 ], [ 2.4107606, 39.5948441 ], [ 2.4107636, 39.5948486 ], [ 2.4107676, 39.5948554 ], [ 2.4107731, 39.5948659 ], [ 2.4107807, 39.5948831 ], [ 2.4107915, 39.5949129 ], [ 2.4108058, 39.5949657 ], [ 2.4108175, 39.5950465 ], [ 2.4108048, 39.5951014 ], [ 2.4107683, 39.5950533 ], [ 2.4107432, 39.5949743 ], [ 2.4107331, 39.594921 ] ] ] } },
{ "type": "Feature", "properties": { "PlotID": "MANFV15", "windspeed": 30.0, "time": "30", "clipped_m2": 21.750783883879194, "clipped_ha": 0.0021750783883879195, "wspd": "30" }, "geometry": { "type": "Polygon", "coordinates": [ [ [ 2.4106308, 39.5928733 ], [ 2.4106307, 39.5928709 ], [ 2.4106307, 39.5928697 ], [ 2.4106308, 39.5928691 ], [ 2.4106308, 39.5928687 ], [ 2.4106309, 39.5928685 ], [ 2.4106309, 39.5928683 ], [ 2.4106309, 39.5928682 ], [ 2.410631, 39.5928681 ], [ 2.410631, 39.592868 ], [ 2.4106311, 39.5928679 ], [ 2.4106311, 39.5928678 ], [ 2.4106312, 39.5928678 ], [ 2.4106312, 39.5928677 ], [ 2.4106313, 39.5928677 ], [ 2.4106314, 39.5928677 ], [ 2.4106315, 39.5928677 ], [ 2.4106316, 39.5928677 ], [ 2.4106317, 39.5928678 ], [ 2.4106318, 39.5928678 ], [ 2.4106318, 39.5928679 ], [ 2.4106319, 39.592868 ], [ 2.410632, 39.592868 ], [ 2.4106321, 39.5928681 ], [ 2.4106322, 39.5928683 ], [ 2.4106324, 39.5928685 ], [ 2.4106326, 39.5928689 ], [ 2.4106329, 39.5928694 ], [ 2.4106334, 39.5928705 ], [ 2.4106344, 39.5928728 ], [ 2.4106369, 39.5928793 ], [ 2.4106468, 39.592911199999989 ], [ 2.410732, 39.5932959 ], [ 2.4106368, 39.5929126 ], [ 2.4106315, 39.59288 ], [ 2.4106308, 39.5928733 ] ] ] } },
{ "type": "Feature", "properties": { "PlotID": "MANFV16", "windspeed": 30.0, "time": "30", "clipped_m2": 521.49616039078683, "clipped_ha": 0.052149616039078681, "wspd": "30" }, "geometry": { "type": "Polygon", "coordinates": [ [ [ 2.4055686, 39.5844906 ], [ 2.4055471, 39.584455 ], [ 2.4055327, 39.5844204 ], [ 2.4055241, 39.5843894 ], [ 2.4055197, 39.5843626 ], [ 2.4055182, 39.5843402 ], [ 2.4055186, 39.5843215 ], [ 2.4055201, 39.5843059 ], [ 2.4055224, 39.584293 ], [ 2.4055252, 39.5842822 ], [ 2.4055282, 39.5842732 ], [ 2.4055312, 39.5842655 ], [ 2.4055344, 39.584259 ], [ 2.4055375, 39.5842534 ], [ 2.4055405, 39.5842486 ], [ 2.4055435, 39.5842445 ], [ 2.4055464, 39.5842409 ], [ 2.4055492, 39.5842377 ], [ 2.4055519, 39.5842349 ], [ 2.4055546, 39.5842325 ], [ 2.4055572, 39.5842303 ], [ 2.4055597, 39.5842284 ], [ 2.4055622, 39.5842267 ], [ 2.4055646, 39.5842252 ], [ 2.405567, 39.5842238 ], [ 2.4055693, 39.5842226 ], [ 2.4055717, 39.5842216 ], [ 2.4055739, 39.5842206 ], [ 2.4055762, 39.5842198 ], [ 2.4055785, 39.5842191 ], [ 2.4055807, 39.5842184 ], [ 2.405583, 39.5842179 ], [ 2.4055852, 39.5842174 ], [ 2.4055875, 39.584217 ], [ 2.4055898, 39.5842167 ], [ 2.4055921, 39.5842165 ], [ 2.4055944, 39.5842164 ], [ 2.4055968, 39.5842163 ], [ 2.4055993, 39.5842164 ], [ 2.4056018, 39.5842165 ], [ 2.4056044, 39.5842167 ], [ 2.405607, 39.5842171 ], [ 2.4056098, 39.5842175 ], [ 2.4056126, 39.5842181 ], [ 2.4056156, 39.5842188 ], [ 2.4056187, 39.5842197 ], [ 2.405622, 39.5842207 ], [ 2.4056254, 39.584222 ], [ 2.4056291, 39.5842235 ], [ 2.4056329, 39.5842253 ], [ 2.4056371, 39.5842274 ], [ 2.4056415, 39.58423 ], [ 2.4056462, 39.584233 ], [ 2.4056513, 39.5842366 ], [ 2.4056569, 39.5842409 ], [ 2.4056629, 39.584246 ], [ 2.4056694, 39.5842522 ], [ 2.4056765, 39.5842598 ], [ 2.4056842, 39.5842691 ], [ 2.4056925, 39.5842804 ], [ 2.4057013, 39.5842944 ], [ 2.4057106, 39.5843117 ], [ 2.4057199, 39.584333 ], [ 2.4057286, 39.5843591 ], [ 2.4057354, 39.5843904 ], [ 2.4057386, 39.5844266 ], [ 2.4057355, 39.5844659 ], [ 2.4057235, 39.5845037 ], [ 2.405701, 39.5845334 ], [ 2.4056693, 39.5845478 ], [ 2.4056329, 39.5845435 ], [ 2.4055978, 39.5845223 ], [ 2.4055686, 39.5844906 ] ] ] } },
{ "type": "Feature", "properties": { "PlotID": "MANFV17", "windspeed": 30.0, "time": "30", "clipped_m2": 148.50835838844068, "clipped_ha": 0.014850835838844069, "wspd": "30" }, "geometry": { "type": "Polygon", "coordinates": [ [ [ 2.403092, 39.6011469 ], [ 2.4030897, 39.6011245 ], [ 2.4030893, 39.6011131 ], [ 2.4030894, 39.6011066 ], [ 2.4030898, 39.6011025 ], [ 2.4030901, 39.6010998 ], [ 2.4030905, 39.6010979 ], [ 2.4030909, 39.6010965 ], [ 2.4030912, 39.6010955 ], [ 2.4030915, 39.6010947 ], [ 2.4030918, 39.601094 ], [ 2.403092, 39.6010935 ], [ 2.4030923, 39.6010931 ], [ 2.4030925, 39.6010928 ], [ 2.4030927, 39.6010925 ], [ 2.4030929, 39.6010922 ], [ 2.4030931, 39.601092 ], [ 2.4030932, 39.6010919 ], [ 2.4030934, 39.6010917 ], [ 2.4030936, 39.6010916 ], [ 2.4030937, 39.6010914 ], [ 2.4030939, 39.6010913 ], [ 2.403094, 39.6010913 ], [ 2.4030941, 39.6010912 ], [ 2.4030942, 39.6010911 ], [ 2.4030944, 39.601091 ], [ 2.4030945, 39.601091 ], [ 2.4030946, 39.6010909 ], [ 2.4030947, 39.6010909 ], [ 2.4030949, 39.6010908 ], [ 2.403095, 39.6010908 ], [ 2.4030951, 39.6010908 ], [ 2.4030952, 39.6010908 ], [ 2.4030953, 39.6010907 ], [ 2.4030954, 39.6010907 ], [ 2.4030956, 39.6010907 ], [ 2.4030957, 39.6010907 ], [ 2.4030958, 39.6010907 ], [ 2.4030959, 39.6010907 ], [ 2.4030961, 39.6010907 ], [ 2.4030962, 39.6010907 ], [ 2.4030964, 39.6010907 ], [ 2.4030965, 39.6010907 ], [ 2.4030967, 39.6010908 ], [ 2.4030968, 39.6010908 ], [ 2.403097, 39.6010908 ], [ 2.4030972, 39.6010909 ], [ 2.4030974, 39.6010909 ], [ 2.4030976, 39.601091 ], [ 2.4030978, 39.6010911 ], [ 2.4030981, 39.6010912 ], [ 2.4030983, 39.6010913 ], [ 2.4030986, 39.6010915 ], [ 2.403099, 39.6010917 ], [ 2.4030994, 39.6010919 ], [ 2.4030998, 39.6010922 ], [ 2.4031003, 39.6010926 ], [ 2.4031009, 39.6010931 ], [ 2.4031016, 39.6010937 ], [ 2.4031024, 39.601094599999989 ], [ 2.4031035, 39.6010957 ], [ 2.4031048, 39.6010974 ], [ 2.4031066, 39.6010997 ], [ 2.4031091, 39.6011033 ], [ 2.4031127, 39.6011093 ], [ 2.4031183, 39.6011198 ], [ 2.4031281, 39.601141 ], [ 2.4031474, 39.6011906 ], [ 2.4031878, 39.6013241 ], [ 2.4032102, 39.6015068 ], [ 2.4031342, 39.6013329 ], [ 2.4031006, 39.6011983 ], [ 2.403092, 39.6011469 ] ] ] } },
{ "type": "Feature", "properties": { "PlotID": "MANFV18", "windspeed": 30.0, "time": "30", "clipped_m2": 12.577946452540345, "clipped_ha": 0.0012577946452540345, "wspd": "30" }, "geometry": { "type": "Polygon", "coordinates": [ [ [ 2.4027584, 39.5995451 ], [ 2.402758, 39.5995394 ], [ 2.4027579, 39.5995365 ], [ 2.402758, 39.5995349 ], [ 2.4027581, 39.5995339 ], [ 2.4027582, 39.5995332 ], [ 2.4027583, 39.5995327 ], [ 2.4027584, 39.5995324 ], [ 2.4027585, 39.5995322 ], [ 2.4027586, 39.599532 ], [ 2.4027587, 39.5995318 ], [ 2.4027587, 39.5995317 ], [ 2.4027588, 39.5995316 ], [ 2.4027588, 39.5995315 ], [ 2.4027589, 39.5995314 ], [ 2.402759, 39.5995313 ], [ 2.4027591, 39.5995312 ], [ 2.4027592, 39.5995312 ], [ 2.4027592, 39.5995311 ], [ 2.4027593, 39.5995311 ], [ 2.4027594, 39.5995311 ], [ 2.4027594, 39.599531 ], [ 2.4027595, 39.599531 ], [ 2.4027596, 39.599531 ], [ 2.4027597, 39.599531 ], [ 2.4027598, 39.599531 ], [ 2.4027599, 39.599531 ], [ 2.40276, 39.5995311 ], [ 2.4027601, 39.5995311 ], [ 2.4027602, 39.5995311 ], [ 2.4027603, 39.5995312 ], [ 2.4027604, 39.5995313 ], [ 2.4027605, 39.5995313 ], [ 2.4027606, 39.5995314 ], [ 2.4027607, 39.5995315 ], [ 2.4027609, 39.5995316 ], [ 2.402761, 39.5995318 ], [ 2.4027612, 39.599532 ], [ 2.4027615, 39.5995323 ], [ 2.4027618, 39.5995327 ], [ 2.4027623, 39.5995332 ], [ 2.4027629, 39.5995341 ], [ 2.4027637, 39.5995356 ], [ 2.4027651, 39.5995383 ], [ 2.4027675, 39.5995437 ], [ 2.4027725, 39.599557 ], [ 2.4027844, 39.5995969 ], [ 2.4027939, 39.5996638 ], [ 2.4027693, 39.5995992 ], [ 2.4027604, 39.5995588 ], [ 2.4027584, 39.5995451 ] ] ] } },
{ "type": "Feature", "properties": { "PlotID": "MANFV19", "windspeed": 30.0, "time": "30", "clipped_m2": 22.174970406893408, "clipped_ha": 0.0022174970406893409, "wspd": "30" }, "geometry": { "type": "Polygon", "coordinates": [ [ [ 2.4026574, 39.6002671 ], [ 2.4026526, 39.6002608 ], [ 2.4026492, 39.6002544 ], [ 2.402647, 39.6002484 ], [ 2.4026457, 39.600243 ], [ 2.402645, 39.6002384 ], [ 2.4026448, 39.6002345 ], [ 2.4026449, 39.6002312 ], [ 2.4026452, 39.6002284 ], [ 2.4026457, 39.600226 ], [ 2.4026462, 39.600224 ], [ 2.4026468, 39.6002223 ], [ 2.4026474, 39.6002208 ], [ 2.4026481, 39.6002195 ], [ 2.4026487, 39.6002184 ], [ 2.4026493, 39.6002174 ], [ 2.40265, 39.6002166 ], [ 2.4026506, 39.6002159 ], [ 2.4026512, 39.6002152 ], [ 2.4026518, 39.6002146 ], [ 2.4026523, 39.6002141 ], [ 2.4026529, 39.6002137 ], [ 2.4026534, 39.6002133 ], [ 2.402654, 39.6002129 ], [ 2.4026545, 39.6002126 ], [ 2.4026551, 39.6002123 ], [ 2.4026556, 39.600212 ], [ 2.4026561, 39.6002118 ], [ 2.4026566, 39.6002116 ], [ 2.4026571, 39.6002114 ], [ 2.4026577, 39.6002112 ], [ 2.4026582, 39.6002111 ], [ 2.4026587, 39.600211 ], [ 2.4026592, 39.6002109 ], [ 2.4026598, 39.6002108 ], [ 2.4026603, 39.6002107 ], [ 2.4026608, 39.6002107 ], [ 2.4026614, 39.6002107 ], [ 2.402662, 39.6002107 ], [ 2.4026625, 39.6002107 ], [ 2.4026631, 39.6002107 ], [ 2.4026638, 39.6002108 ], [ 2.4026644, 39.6002109 ], [ 2.4026651, 39.600211 ], [ 2.4026658, 39.6002112 ], [ 2.4026665, 39.6002114 ], [ 2.4026672, 39.6002116 ], [ 2.402668, 39.6002119 ], [ 2.4026689, 39.6002122 ], [ 2.4026698, 39.6002126 ], [ 2.4026707, 39.6002131 ], [ 2.4026717, 39.6002137 ], [ 2.4026728, 39.6002143 ], [ 2.402674, 39.6002151 ], [ 2.4026753, 39.6002161 ], [ 2.4026766, 39.6002172 ], [ 2.4026781, 39.6002186 ], [ 2.4026797, 39.6002203 ], [ 2.4026814, 39.6002223 ], [ 2.4026832, 39.6002247 ], [ 2.402685, 39.6002277 ], [ 2.402687, 39.6002314 ], [ 2.4026888, 39.6002358 ], [ 2.4026905, 39.600241 ], [ 2.4026917, 39.6002472 ], [ 2.4026921, 39.6002541 ], [ 2.4026911, 39.6002614 ], [ 2.4026885, 39.6002683 ], [ 2.4026839, 39.6002736 ], [ 2.4026777, 39.6002763 ], [ 2.4026705, 39.6002758 ], [ 2.4026635, 39.6002725 ], [ 2.4026574, 39.6002671 ] ] ] } },
{ "type": "Feature", "properties": { "PlotID": "MANFV20", "windspeed": 30.0, "time": "30", "clipped_m2": 1101.6711025363766, "clipped_ha": 0.11016711025363765, "wspd": "30" }, "geometry": { "type": "Polygon", "coordinates": [ [ [ 2.4148341, 39.5912592 ], [ 2.4148317, 39.5912315 ], [ 2.4148313, 39.5912183 ], [ 2.4148315, 39.591211 ], [ 2.4148319, 39.5912065 ], [ 2.4148323, 39.5912036 ], [ 2.4148327, 39.5912016 ], [ 2.4148331, 39.5912001 ], [ 2.4148334, 39.591199 ], [ 2.4148338, 39.5911981 ], [ 2.4148341, 39.5911975 ], [ 2.4148343, 39.5911969 ], [ 2.4148346, 39.5911965 ], [ 2.4148348, 39.5911961 ], [ 2.414835, 39.5911958 ], [ 2.4148352, 39.5911956 ], [ 2.4148354, 39.5911954 ], [ 2.4148356, 39.5911952 ], [ 2.4148358, 39.591195 ], [ 2.4148359, 39.5911949 ], [ 2.4148361, 39.591194699999988 ], [ 2.4148362, 39.5911946 ], [ 2.4148364, 39.5911945 ], [ 2.4148365, 39.5911945 ], [ 2.4148366, 39.5911944 ], [ 2.4148368, 39.5911943 ], [ 2.4148369, 39.5911943 ], [ 2.414837, 39.5911942 ], [ 2.4148371, 39.591194099999989 ], [ 2.4148373, 39.5911941 ], [ 2.4148374, 39.5911941 ], [ 2.4148375, 39.591194 ], [ 2.4148376, 39.591194 ], [ 2.4148378, 39.591194 ], [ 2.4148379, 39.591194 ], [ 2.414838, 39.591194 ], [ 2.4148381, 39.5911939 ], [ 2.4148383, 39.5911939 ], [ 2.4148384, 39.5911939 ], [ 2.4148385, 39.5911939 ], [ 2.4148387, 39.5911939 ], [ 2.4148388, 39.591194 ], [ 2.414839, 39.591194 ], [ 2.4148392, 39.591194 ], [ 2.4148393, 39.591194 ], [ 2.4148395, 39.5911941 ], [ 2.4148397, 39.5911941 ], [ 2.4148399, 39.5911942 ], [ 2.4148401, 39.5911943 ], [ 2.4148404, 39.5911944 ], [ 2.4148406, 39.5911945 ], [ 2.4148409, 39.5911946 ], [ 2.4148412, 39.5911948 ], [ 2.4148416, 39.591195 ], [ 2.414842, 39.5911952 ], [ 2.4148425, 39.5911956 ], [ 2.414843, 39.591196 ], [ 2.4148436, 39.5911965 ], [ 2.4148444, 39.5911971 ], [ 2.4148453, 39.591198 ], [ 2.4148464, 39.5911992 ], [ 2.4148479, 39.591201 ], [ 2.4148499, 39.5912035 ], [ 2.4148526, 39.591207499999989 ], [ 2.4148567, 39.5912141 ], [ 2.4148635, 39.5912262 ], [ 2.4148761, 39.5912522 ], [ 2.414906, 39.5913234 ], [ 2.4150151, 39.5916351 ], [ 2.4154046, 39.5932076 ], [ 2.4149136, 39.5916522 ], [ 2.4148452, 39.5913337 ], [ 2.4148341, 39.5912592 ] ] ] } },
{ "type": "Feature", "properties": { "PlotID": "MANFV21", "windspeed": 30.0, "time": "30", "clipped_m2": 1114.1031544909347, "clipped_ha": 0.11141031544909347, "wspd": "30" }, "geometry": { "type": "Polygon", "coordinates": [ [ [ 2.4045258, 39.5846553 ], [ 2.4045234, 39.584628 ], [ 2.4045231, 39.584615 ], [ 2.4045233, 39.5846078 ], [ 2.4045237, 39.5846034 ], [ 2.4045241, 39.5846005 ], [ 2.4045245, 39.5845985 ], [ 2.4045249, 39.5845971 ], [ 2.4045252, 39.584596 ], [ 2.4045255, 39.5845952 ], [ 2.4045258, 39.5845945 ], [ 2.4045261, 39.584594 ], [ 2.4045263, 39.5845936 ], [ 2.4045266, 39.5845932 ], [ 2.4045268, 39.5845929 ], [ 2.404527, 39.5845927 ], [ 2.4045272, 39.5845925 ], [ 2.4045273, 39.5845923 ], [ 2.4045275, 39.5845921 ], [ 2.4045277, 39.584592 ], [ 2.4045278, 39.5845919 ], [ 2.404528, 39.5845917 ], [ 2.4045281, 39.5845916 ], [ 2.4045282, 39.5845916 ], [ 2.4045284, 39.5845915 ], [ 2.4045285, 39.5845914 ], [ 2.4045286, 39.5845914 ], [ 2.4045287, 39.5845913 ], [ 2.4045289, 39.5845913 ], [ 2.404529, 39.5845912 ], [ 2.4045291, 39.5845912 ], [ 2.4045292, 39.5845912 ], [ 2.4045293, 39.5845911 ], [ 2.4045295, 39.5845911 ], [ 2.4045296, 39.5845911 ], [ 2.4045297, 39.5845911 ], [ 2.4045298, 39.5845911 ], [ 2.40453, 39.5845911 ], [ 2.4045301, 39.5845911 ], [ 2.4045302, 39.5845911 ], [ 2.4045304, 39.5845911 ], [ 2.4045305, 39.5845911 ], [ 2.4045307, 39.5845911 ], [ 2.4045308, 39.5845911 ], [ 2.404531, 39.5845912 ], [ 2.4045312, 39.5845912 ], [ 2.4045314, 39.5845913 ], [ 2.4045316, 39.5845913 ], [ 2.4045318, 39.5845914 ], [ 2.404532, 39.5845915 ], [ 2.4045323, 39.5845916 ], [ 2.4045326, 39.5845917 ], [ 2.4045329, 39.5845919 ], [ 2.4045332, 39.584592099999988 ], [ 2.4045336, 39.5845923 ], [ 2.4045341, 39.5845927 ], [ 2.4045346, 39.584593 ], [ 2.4045352, 39.5845935 ], [ 2.404536, 39.5845942 ], [ 2.4045368, 39.5845951 ], [ 2.404538, 39.5845963 ], [ 2.4045394, 39.584598 ], [ 2.4045413, 39.5846005 ], [ 2.404544, 39.5846044 ], [ 2.4045481, 39.5846108 ], [ 2.4045547, 39.5846228 ], [ 2.4045671, 39.5846484 ], [ 2.4045964, 39.5847186 ], [ 2.4047042, 39.5850284 ], [ 2.4051052, 39.586653 ], [ 2.4046036, 39.5850452 ], [ 2.4045365, 39.5847286 ], [ 2.4045258, 39.5846553 ] ] ] } },
{ "type": "Feature", "properties": { "PlotID": "MANFV22", "windspeed": 30.0, "time": "30", "clipped_m2": 787.74893683730625, "clipped_ha": 0.078774893683730626, "wspd": "30" }, "geometry": { "type": "Polygon", "coordinates": [ [ [ 2.4059864, 39.5827918 ], [ 2.4059841, 39.5827671 ], [ 2.4059836, 39.582755299999988 ], [ 2.4059838, 39.5827488 ], [ 2.4059841, 39.5827448 ], [ 2.4059845, 39.5827422 ], [ 2.4059848, 39.5827403 ], [ 2.4059851, 39.582739 ], [ 2.4059855, 39.582738 ], [ 2.4059857, 39.5827373 ], [ 2.405986, 39.5827367 ], [ 2.4059862, 39.5827362 ], [ 2.4059865, 39.582735799999988 ], [ 2.4059867, 39.5827355 ], [ 2.4059869, 39.5827352 ], [ 2.405987, 39.582735 ], [ 2.4059872, 39.5827348 ], [ 2.4059874, 39.5827346 ], [ 2.4059875, 39.5827345 ], [ 2.4059877, 39.5827343 ], [ 2.4059878, 39.5827342 ], [ 2.4059879, 39.5827341 ], [ 2.405988, 39.582734 ], [ 2.4059882, 39.582734 ], [ 2.4059883, 39.5827339 ], [ 2.4059884, 39.5827338 ], [ 2.4059885, 39.5827338 ], [ 2.4059886, 39.5827337 ], [ 2.4059887, 39.5827337 ], [ 2.4059889, 39.5827336 ], [ 2.405989, 39.5827336 ], [ 2.4059891, 39.5827336 ], [ 2.4059892, 39.5827336 ], [ 2.4059893, 39.5827335 ], [ 2.4059894, 39.5827335 ], [ 2.4059895, 39.5827335 ], [ 2.4059896, 39.5827335 ], [ 2.4059898, 39.5827335 ], [ 2.4059899, 39.5827335 ], [ 2.40599, 39.5827335 ], [ 2.4059901, 39.5827335 ], [ 2.4059903, 39.5827335 ], [ 2.4059904, 39.5827335 ], [ 2.4059906, 39.5827335 ], [ 2.4059907, 39.5827336 ], [ 2.4059909, 39.5827336 ], [ 2.405991, 39.5827337 ], [ 2.4059912, 39.5827337 ], [ 2.4059914, 39.5827338 ], [ 2.4059916, 39.5827339 ], [ 2.4059919, 39.582734 ], [ 2.4059921, 39.5827341 ], [ 2.4059924, 39.5827342 ], [ 2.4059927, 39.5827344 ], [ 2.4059931, 39.582734599999988 ], [ 2.4059935, 39.5827349 ], [ 2.405994, 39.5827353 ], [ 2.4059946, 39.5827357 ], [ 2.4059952, 39.5827363 ], [ 2.4059961, 39.5827371 ], [ 2.4059971, 39.5827382 ], [ 2.4059984, 39.5827398 ], [ 2.4060002, 39.582742 ], [ 2.4060027, 39.5827455 ], [ 2.4060064, 39.5827514 ], [ 2.4060124, 39.5827622 ], [ 2.4060238, 39.5827853 ], [ 2.4060507, 39.5828484 ], [ 2.4061466, 39.583119 ], [ 2.4064584, 39.5843651 ], [ 2.406058, 39.5831343 ], [ 2.4059966, 39.5828577 ], [ 2.4059864, 39.5827918 ] ] ] } },
{ "type": "Feature", "properties": { "PlotID": "MANFV23", "windspeed": 30.0, "time": "30", "clipped_m2": 9410.6937335226685, "clipped_ha": 0.94106937335226681, "wspd": "30" }, "geometry": { "type": "Polygon", "coordinates": [ [ [ 2.4138629, 39.5952204 ], [ 2.4138559, 39.5951415 ], [ 2.4138547, 39.5951038 ], [ 2.4138553, 39.595083 ], [ 2.4138564, 39.5950702 ], [ 2.4138576, 39.5950619 ], [ 2.4138588, 39.5950561 ], [ 2.4138598, 39.5950518 ], [ 2.4138608, 39.5950487 ], [ 2.4138618, 39.5950463 ], [ 2.4138626, 39.5950444 ], [ 2.4138634, 39.5950429 ], [ 2.4138641, 39.5950416 ], [ 2.4138647, 39.5950406 ], [ 2.4138653, 39.5950397 ], [ 2.4138659, 39.595039 ], [ 2.4138664, 39.5950384 ], [ 2.4138669, 39.5950379 ], [ 2.4138674, 39.5950374 ], [ 2.4138679, 39.595037 ], [ 2.4138683, 39.5950367 ], [ 2.4138687, 39.5950363 ], [ 2.4138691, 39.5950361 ], [ 2.4138695, 39.5950358 ], [ 2.4138699, 39.5950356 ], [ 2.4138703, 39.5950354 ], [ 2.4138707, 39.5950353 ], [ 2.413871, 39.5950351 ], [ 2.4138714, 39.595035 ], [ 2.4138717, 39.5950349 ], [ 2.4138721, 39.5950347 ], [ 2.4138724, 39.5950347 ], [ 2.4138728, 39.5950346 ], [ 2.4138731, 39.5950345 ], [ 2.4138735, 39.5950345 ], [ 2.4138738, 39.5950344 ], [ 2.4138742, 39.5950344 ], [ 2.4138746, 39.5950344 ], [ 2.413875, 39.5950344 ], [ 2.4138754, 39.5950344 ], [ 2.4138758, 39.5950344 ], [ 2.4138762, 39.5950344 ], [ 2.4138766, 39.5950345 ], [ 2.4138771, 39.5950346 ], [ 2.4138776, 39.5950347 ], [ 2.4138781, 39.5950348 ], [ 2.4138787, 39.5950349 ], [ 2.4138792, 39.5950351 ], [ 2.4138799, 39.5950353 ], [ 2.4138806, 39.5950356 ], [ 2.4138813, 39.5950359 ], [ 2.4138821, 39.5950363 ], [ 2.413883, 39.5950368 ], [ 2.413884, 39.5950373 ], [ 2.4138852, 39.5950381 ], [ 2.4138865, 39.595039 ], [ 2.413888, 39.5950401 ], [ 2.4138898, 39.5950415 ], [ 2.4138919, 39.5950435 ], [ 2.4138945, 39.595046 ], [ 2.4138978, 39.5950495 ], [ 2.413902, 39.5950544 ], [ 2.4139076, 39.5950616 ], [ 2.4139154, 39.5950729 ], [ 2.4139272, 39.5950916 ], [ 2.4139464, 39.5951262 ], [ 2.4139825, 39.5952002 ], [ 2.4140682, 39.5954038 ], [ 2.4143833, 39.5963023 ], [ 2.4155661, 39.6010378 ], [ 2.4140918, 39.5963515 ], [ 2.4138946, 39.5954331 ], [ 2.4138629, 39.5952204 ] ] ] } },
{ "type": "Feature", "properties": { "PlotID": "MANFV24", "windspeed": 30.0, "time": "30", "clipped_m2": 8.3667901819862891, "clipped_ha": 0.00083667901819862891, "wspd": "30" }, "geometry": { "type": "Polygon", "coordinates": [ [ [ 2.4000927, 39.594041 ], [ 2.4000891, 39.5940356 ], [ 2.4000867, 39.5940301 ], [ 2.4000854, 39.5940251 ], [ 2.4000847, 39.5940209 ], [ 2.4000845, 39.5940174 ], [ 2.4000846, 39.5940146 ], [ 2.4000849, 39.5940124 ], [ 2.4000852, 39.5940106 ], [ 2.4000856, 39.5940091 ], [ 2.400086, 39.5940079 ], [ 2.4000864, 39.5940069 ], [ 2.4000868, 39.5940061 ], [ 2.4000872, 39.5940054 ], [ 2.4000876, 39.5940048 ], [ 2.4000879, 39.5940043 ], [ 2.4000883, 39.5940039 ], [ 2.4000886, 39.5940035 ], [ 2.4000889, 39.5940032 ], [ 2.4000892, 39.5940029 ], [ 2.4000895, 39.5940026 ], [ 2.4000898, 39.5940024 ], [ 2.4000901, 39.5940022 ], [ 2.4000904, 39.594002 ], [ 2.4000906, 39.5940019 ], [ 2.4000909, 39.5940018 ], [ 2.4000911, 39.5940016 ], [ 2.4000914, 39.5940015 ], [ 2.4000916, 39.5940014 ], [ 2.4000919, 39.5940014 ], [ 2.4000921, 39.5940013 ], [ 2.4000923, 39.5940012 ], [ 2.4000926, 39.5940012 ], [ 2.4000928, 39.5940011 ], [ 2.400093, 39.5940011 ], [ 2.4000933, 39.5940011 ], [ 2.4000935, 39.5940011 ], [ 2.4000938, 39.594001 ], [ 2.400094, 39.594001 ], [ 2.4000943, 39.5940011 ], [ 2.4000945, 39.5940011 ], [ 2.4000948, 39.5940011 ], [ 2.4000951, 39.5940011 ], [ 2.4000954, 39.5940012 ], [ 2.4000957, 39.5940013 ], [ 2.400096, 39.5940013 ], [ 2.4000963, 39.5940014 ], [ 2.4000966, 39.5940016 ], [ 2.400097, 39.5940017 ], [ 2.4000974, 39.5940019 ], [ 2.4000978, 39.5940021 ], [ 2.4000982, 39.5940023 ], [ 2.4000987, 39.5940026 ], [ 2.4000992, 39.5940029 ], [ 2.4000997, 39.5940033 ], [ 2.4001003, 39.5940038 ], [ 2.400101, 39.5940043 ], [ 2.4001017, 39.594005 ], [ 2.4001025, 39.5940059 ], [ 2.4001033, 39.5940069 ], [ 2.4001043, 39.5940082 ], [ 2.4001053, 39.5940099 ], [ 2.4001065, 39.5940119 ], [ 2.4001077, 39.5940146 ], [ 2.4001089, 39.5940179 ], [ 2.4001099, 39.5940221 ], [ 2.4001107, 39.5940272 ], [ 2.4001106, 39.594033 ], [ 2.4001094, 39.5940389 ], [ 2.4001066, 39.5940437 ], [ 2.4001023, 39.5940459 ], [ 2.4000973, 39.5940448 ], [ 2.4000927, 39.594041 ] ] ] } },
{ "type": "Feature", "properties": { "PlotID": "MANFV25", "windspeed": 30.0, "time": "30", "clipped_m2": 260.92042960808612, "clipped_ha": 0.026092042960808613, "wspd": "30" }, "geometry": { "type": "Polygon", "coordinates": [ [ [ 2.4003799, 39.5931618 ], [ 2.4003728, 39.5931134 ], [ 2.4003708, 39.5930833 ], [ 2.4003708, 39.593064 ], [ 2.4003717, 39.593051 ], [ 2.4003729, 39.593042 ], [ 2.4003741, 39.5930355 ], [ 2.4003754, 39.5930306 ], [ 2.4003766, 39.5930269 ], [ 2.4003777, 39.5930241 ], [ 2.4003787, 39.593021799999988 ], [ 2.4003797, 39.5930199 ], [ 2.4003805, 39.5930184 ], [ 2.4003814, 39.5930171 ], [ 2.4003821, 39.5930161 ], [ 2.4003829, 39.5930152 ], [ 2.4003836, 39.5930144 ], [ 2.4003842, 39.5930137 ], [ 2.4003848, 39.5930132 ], [ 2.4003854, 39.593012699999989 ], [ 2.400386, 39.5930122 ], [ 2.4003865, 39.5930119 ], [ 2.400387, 39.5930115 ], [ 2.4003875, 39.5930112 ], [ 2.400388, 39.5930109 ], [ 2.4003885, 39.5930107 ], [ 2.400389, 39.5930105 ], [ 2.4003894, 39.5930103 ], [ 2.4003899, 39.5930101 ], [ 2.4003904, 39.59301 ], [ 2.4003908, 39.5930099 ], [ 2.4003913, 39.5930098 ], [ 2.4003917, 39.5930097 ], [ 2.4003922, 39.5930096 ], [ 2.4003926, 39.5930095 ], [ 2.4003931, 39.5930095 ], [ 2.4003935, 39.5930095 ], [ 2.400394, 39.5930094 ], [ 2.4003945, 39.5930094 ], [ 2.400395, 39.5930095 ], [ 2.4003955, 39.5930095 ], [ 2.4003961, 39.5930096 ], [ 2.4003966, 39.5930096 ], [ 2.4003972, 39.5930098 ], [ 2.4003978, 39.5930099 ], [ 2.4003985, 39.59301 ], [ 2.4003992, 39.5930102 ], [ 2.4003999, 39.5930105 ], [ 2.4004007, 39.5930108 ], [ 2.4004015, 39.5930111 ], [ 2.4004025, 39.5930116 ], [ 2.4004035, 39.593012099999989 ], [ 2.4004046, 39.5930127 ], [ 2.4004058, 39.5930134 ], [ 2.4004072, 39.5930144 ], [ 2.4004087, 39.5930155 ], [ 2.4004105, 39.593017 ], [ 2.4004126, 39.5930188 ], [ 2.400415, 39.5930211 ], [ 2.4004179, 39.5930242 ], [ 2.4004214, 39.5930283 ], [ 2.4004257, 39.593034 ], [ 2.4004312, 39.593042 ], [ 2.4004383, 39.5930538 ], [ 2.4004478, 39.5930717 ], [ 2.4004605, 39.5931002 ], [ 2.4004774, 39.5931471 ], [ 2.4004972, 39.5932231 ], [ 2.4004857, 39.5932628 ], [ 2.4004874, 39.5933877 ], [ 2.4004372, 39.5933362 ], [ 2.4003984, 39.593238 ], [ 2.4003799, 39.5931618 ] ] ] } },
{ "type": "Feature", "properties": { "PlotID": "MANFV26", "windspeed": 30.0, "time": "30", "clipped_m2": 1714.4042349667288, "clipped_ha": 0.17144042349667288, "wspd": "30" }, "geometry": { "type": "Polygon", "coordinates": [ [ [ 2.4008224, 39.5949355 ], [ 2.4007838, 39.594857 ], [ 2.4007601, 39.5947839 ], [ 2.4007475, 39.5947206 ], [ 2.4007424, 39.5946679 ], [ 2.4007702, 39.5945875 ], [ 2.4007449, 39.5945894 ], [ 2.4007493, 39.5945606 ], [ 2.4007548, 39.594537 ], [ 2.4007607, 39.5945175 ], [ 2.4007668, 39.5945014 ], [ 2.4007729, 39.5944878 ], [ 2.400779, 39.5944764 ], [ 2.4007848, 39.5944666 ], [ 2.4007905, 39.5944583 ], [ 2.4007961, 39.5944511 ], [ 2.4008014, 39.5944449 ], [ 2.4008065, 39.5944395 ], [ 2.4008114, 39.5944348 ], [ 2.4008162, 39.5944306 ], [ 2.4008209, 39.5944269 ], [ 2.4008254, 39.5944237 ], [ 2.4008298, 39.5944208 ], [ 2.4008341, 39.5944183 ], [ 2.4008383, 39.594416 ], [ 2.4008424, 39.594414 ], [ 2.4008464, 39.5944122 ], [ 2.4008515, 39.5944117 ], [ 2.4008544, 39.5944093 ], [ 2.4008583, 39.5944081 ], [ 2.4008622, 39.594407 ], [ 2.4008661, 39.5944062 ], [ 2.40087, 39.5944054 ], [ 2.4008739, 39.5944048 ], [ 2.4008779, 39.5944044 ], [ 2.4008819, 39.5944041 ], [ 2.400886, 39.5944039 ], [ 2.4008901, 39.5944039 ], [ 2.4008943, 39.594404 ], [ 2.4008986, 39.5944043 ], [ 2.4009031, 39.5944047 ], [ 2.4009076, 39.5944054 ], [ 2.4009124, 39.5944062 ], [ 2.4009173, 39.5944072 ], [ 2.4009224, 39.5944085 ], [ 2.4009278, 39.5944101 ], [ 2.4009335, 39.594412 ], [ 2.4009394, 39.5944143 ], [ 2.4009457, 39.594417 ], [ 2.4009524, 39.5944202 ], [ 2.4009596, 39.5944239 ], [ 2.4009673, 39.5944284 ], [ 2.4009756, 39.5944338 ], [ 2.4009845, 39.5944402 ], [ 2.4009943, 39.5944478 ], [ 2.4010049, 39.5944571 ], [ 2.4010165, 39.5944683 ], [ 2.4010292, 39.594482 ], [ 2.4010432, 39.5944988 ], [ 2.4010584, 39.5945196 ], [ 2.401075, 39.5945456 ], [ 2.4010018, 39.5945185 ], [ 2.4010758, 39.5945915 ], [ 2.401129, 39.5946701 ], [ 2.4011443, 39.594733 ], [ 2.4011534, 39.5948081 ], [ 2.4009369, 39.5945326 ], [ 2.4011299, 39.5949756 ], [ 2.4010863, 39.5950423 ], [ 2.401022, 39.5950739 ], [ 2.4009479, 39.5950607 ], [ 2.400878, 39.595009 ], [ 2.4008224, 39.5949355 ] ] ] } },
{ "type": "Feature", "properties": { "PlotID": "MANFV27", "windspeed": 30.0, "time": "30", "clipped_m2": 885.59751654602587, "clipped_ha": 0.088559751654602586, "wspd": "30" }, "geometry": { "type": "Polygon", "coordinates": [ [ [ 2.4078124, 39.6016191 ], [ 2.4077999, 39.6016099 ], [ 2.4077888, 39.6016019 ], [ 2.4077787, 39.6015948 ], [ 2.4077694, 39.6015882 ], [ 2.4076941, 39.6016785 ], [ 2.4077721, 39.6015525 ], [ 2.4077662, 39.6015486 ], [ 2.4077602, 39.6015447 ], [ 2.4077543, 39.6015408 ], [ 2.4077481, 39.6015368 ], [ 2.4077418, 39.6015326 ], [ 2.4077395, 39.6015264 ], [ 2.4077447, 39.6015182 ], [ 2.4077496, 39.6015112 ], [ 2.4077542, 39.6015053 ], [ 2.4077585, 39.6015003 ], [ 2.4077626, 39.6014959 ], [ 2.4077665, 39.6014921 ], [ 2.4077703, 39.6014888 ], [ 2.4077739, 39.6014859 ], [ 2.4077774, 39.6014834 ], [ 2.4077807, 39.6014811 ], [ 2.407784, 39.6014791 ], [ 2.4077871, 39.6014773 ], [ 2.4077903, 39.6014757 ], [ 2.4077933, 39.6014743 ], [ 2.4077963, 39.6014731 ], [ 2.4077993, 39.6014719 ], [ 2.4078028, 39.6014717 ], [ 2.4078093, 39.6014764 ], [ 2.4078132, 39.6014793 ], [ 2.4078159, 39.6014813 ], [ 2.4078179, 39.6014827 ], [ 2.4078194, 39.6014838 ], [ 2.4078207, 39.6014847 ], [ 2.4078217, 39.6014855 ], [ 2.4078226, 39.6014861 ], [ 2.4078234, 39.6014867 ], [ 2.4078241, 39.6014872 ], [ 2.4078248, 39.6014877 ], [ 2.4078254, 39.6014882 ], [ 2.407826, 39.6014886 ], [ 2.4078265, 39.601489 ], [ 2.4078271, 39.6014894 ], [ 2.4078277, 39.6014898 ], [ 2.4078282, 39.6014902 ], [ 2.4078288, 39.6014907 ], [ 2.4078294, 39.6014911 ], [ 2.4078301, 39.6014916 ], [ 2.4078308, 39.6014921 ], [ 2.4078316, 39.6014927 ], [ 2.4078325, 39.6014933 ], [ 2.4078335, 39.6014941 ], [ 2.4078347, 39.601495 ], [ 2.4078362, 39.6014961 ], [ 2.4078381, 39.6014975 ], [ 2.4078407, 39.6014994 ], [ 2.4078445, 39.6015021 ], [ 2.4078506, 39.6015066 ], [ 2.4078681, 39.6015181 ], [ 2.4080334, 39.6016231 ], [ 2.4080686, 39.6016734 ], [ 2.4081137, 39.6017464 ], [ 2.4081724, 39.6018561 ], [ 2.4082495, 39.6020264 ], [ 2.4083473, 39.602296 ], [ 2.4079323, 39.6017082 ], [ 2.407894, 39.6016797 ], [ 2.407866, 39.6016589 ], [ 2.4078444, 39.6016429 ], [ 2.407827, 39.6016299 ], [ 2.4078124, 39.6016191 ] ] ] } },
{ "type": "Feature", "properties": { "PlotID": "MANFV28", "windspeed": 30.0, "time": "30", "clipped_m2": 593.45619229541626, "clipped_ha": 0.059345619229541624, "wspd": "30" }, "geometry": { "type": "Polygon", "coordinates": [ [ [ 2.4019466, 39.6026629 ], [ 2.4019306, 39.6025832 ], [ 2.4019253, 39.6025275 ], [ 2.4019244, 39.6024909 ], [ 2.4019255, 39.6024661 ], [ 2.4019274, 39.6024486 ], [ 2.4019295, 39.6024359 ], [ 2.4019318, 39.6024264 ], [ 2.4019339, 39.6024191 ], [ 2.401936, 39.6024134 ], [ 2.4019379, 39.6024089 ], [ 2.4019397, 39.6024052 ], [ 2.4019414, 39.6024022 ], [ 2.401943, 39.6023997 ], [ 2.4019445, 39.6023976 ], [ 2.4019459, 39.6023958 ], [ 2.4019472, 39.6023942 ], [ 2.4019485, 39.6023929 ], [ 2.4019497, 39.6023918 ], [ 2.4019508, 39.6023908 ], [ 2.4019519, 39.6023899 ], [ 2.401953, 39.602389099999989 ], [ 2.401954, 39.6023884 ], [ 2.401955, 39.6023878 ], [ 2.401956, 39.6023873 ], [ 2.4019569, 39.6023868 ], [ 2.4019578, 39.6023863 ], [ 2.4019588, 39.602386 ], [ 2.4019597, 39.6023856 ], [ 2.4019606, 39.6023853 ], [ 2.4019614, 39.6023851 ], [ 2.4019623, 39.6023849 ], [ 2.4019632, 39.602384699999988 ], [ 2.4019641, 39.6023845 ], [ 2.401965, 39.6023844 ], [ 2.4019659, 39.6023843 ], [ 2.4019669, 39.6023842 ], [ 2.4019678, 39.6023842 ], [ 2.4019688, 39.6023842 ], [ 2.4019698, 39.6023842 ], [ 2.4019708, 39.6023843 ], [ 2.4019719, 39.6023844 ], [ 2.401973, 39.6023845 ], [ 2.4019742, 39.602384699999988 ], [ 2.4019754, 39.602385 ], [ 2.4019767, 39.6023853 ], [ 2.4019781, 39.6023857 ], [ 2.4019795, 39.6023861 ], [ 2.4019811, 39.6023867 ], [ 2.4019828, 39.6023874 ], [ 2.4019846, 39.6023882 ], [ 2.4019866, 39.6023892 ], [ 2.4019889, 39.6023904 ], [ 2.4019913, 39.6023919 ], [ 2.4019941, 39.6023937 ], [ 2.4019972, 39.6023959 ], [ 2.4020007, 39.6023987 ], [ 2.4020049, 39.6024023 ], [ 2.4020097, 39.6024069 ], [ 2.4020154, 39.6024129 ], [ 2.4020224, 39.6024209 ], [ 2.4020309, 39.6024319 ], [ 2.4020417, 39.6024473 ], [ 2.4020555, 39.6024697 ], [ 2.4020736, 39.6025036 ], [ 2.4020975, 39.6025563 ], [ 2.4021281, 39.6026405 ], [ 2.4021616, 39.6027707 ], [ 2.4021513, 39.6028671 ], [ 2.4020774, 39.6028049 ], [ 2.4020202, 39.6027435 ], [ 2.4019786, 39.6026988 ], [ 2.4019466, 39.6026629 ] ] ] } },
{ "type": "Feature", "properties": { "PlotID": "MANFV29", "windspeed": 30.0, "time": "30", "clipped_m2": 938.91784104681574, "clipped_ha": 0.093891784104681575, "wspd": "30" }, "geometry": { "type": "Polygon", "coordinates": [ [ [ 2.4101277, 39.6049001 ], [ 2.4100984, 39.6047198 ], [ 2.4101314, 39.6044694 ], [ 2.4101045, 39.6044938 ], [ 2.4100908, 39.6044816 ], [ 2.4100949, 39.6044467 ], [ 2.4100996, 39.6044214 ], [ 2.4101042, 39.6044025 ], [ 2.4101086, 39.604388 ], [ 2.4101128, 39.6043768 ], [ 2.4101167, 39.6043678 ], [ 2.4101204, 39.6043605 ], [ 2.4101238, 39.6043546 ], [ 2.410127, 39.6043496 ], [ 2.41013, 39.6043455 ], [ 2.4101328, 39.6043419 ], [ 2.4101354, 39.6043389 ], [ 2.4101379, 39.6043363 ], [ 2.4101403, 39.604334 ], [ 2.4101426, 39.6043321 ], [ 2.4101448, 39.6043303 ], [ 2.4101469, 39.6043288 ], [ 2.4101489, 39.6043275 ], [ 2.4101509, 39.6043263 ], [ 2.4101528, 39.6043252 ], [ 2.4101547, 39.6043243 ], [ 2.4101565, 39.6043234 ], [ 2.4101583, 39.6043227 ], [ 2.4101601, 39.604322 ], [ 2.4101619, 39.6043215 ], [ 2.4101637, 39.604321 ], [ 2.4101654, 39.6043205 ], [ 2.4101672, 39.6043202 ], [ 2.410169, 39.6043198 ], [ 2.4101707, 39.6043196 ], [ 2.4101726, 39.6043194 ], [ 2.4101744, 39.6043193 ], [ 2.4101763, 39.6043192 ], [ 2.4101782, 39.6043192 ], [ 2.4101802, 39.6043193 ], [ 2.4101822, 39.6043194 ], [ 2.4101843, 39.6043196 ], [ 2.4101865, 39.6043199 ], [ 2.4101888, 39.6043203 ], [ 2.4101912, 39.6043208 ], [ 2.4101938, 39.6043215 ], [ 2.4101965, 39.6043222 ], [ 2.4101994, 39.6043232 ], [ 2.4102025, 39.6043243 ], [ 2.4102058, 39.6043257 ], [ 2.4102094, 39.6043273 ], [ 2.4102134, 39.6043293 ], [ 2.4102177, 39.6043317 ], [ 2.4102226, 39.6043346 ], [ 2.410228, 39.6043383 ], [ 2.4102341, 39.6043427 ], [ 2.4102412, 39.6043483 ], [ 2.4102493, 39.6043554 ], [ 2.4102588, 39.6043645 ], [ 2.4102702, 39.6043765 ], [ 2.4102839, 39.604392499999989 ], [ 2.4103009, 39.6044144 ], [ 2.4103223, 39.6044454 ], [ 2.41035, 39.6044906 ], [ 2.4103733, 39.6045453 ], [ 2.4103544, 39.604565 ], [ 2.4103388, 39.6045933 ], [ 2.4103293, 39.6046433 ], [ 2.4103034, 39.6046772 ], [ 2.4102713, 39.6047111 ], [ 2.410238, 39.6047803 ], [ 2.41019, 39.6048548 ], [ 2.4101277, 39.6049001 ] ] ] } },
{ "type": "Feature", "properties": { "PlotID": "MANFV01", "windspeed": 40.0, "time": "30", "clipped_m2": 621.14361797133461, "clipped_ha": 0.062114361797133463, "wspd": "40" }, "geometry": { "type": "Polygon", "coordinates": [ [ [ 2.4127482, 39.5996466 ], [ 2.4127253, 39.5995952 ], [ 2.4127118, 39.5995502 ], [ 2.4127048, 39.5995133 ], [ 2.412702, 39.5994838 ], [ 2.4127016, 39.5994604 ], [ 2.4127028, 39.5994418 ], [ 2.4127048, 39.599427 ], [ 2.4127073, 39.599415 ], [ 2.41271, 39.5994053 ], [ 2.4127128, 39.5993972 ], [ 2.4127156, 39.5993906 ], [ 2.4127183, 39.599385 ], [ 2.412721, 39.5993802 ], [ 2.4127236, 39.599376199999988 ], [ 2.4127261, 39.5993727 ], [ 2.4127285, 39.5993697 ], [ 2.4127308, 39.5993671 ], [ 2.412733, 39.5993648 ], [ 2.4127352, 39.5993628 ], [ 2.4127373, 39.599361 ], [ 2.4127394, 39.5993594 ], [ 2.4127413, 39.599358 ], [ 2.4127433, 39.5993568 ], [ 2.4127452, 39.5993557 ], [ 2.4127471, 39.5993547 ], [ 2.4127489, 39.5993538 ], [ 2.4127507, 39.599353 ], [ 2.4127525, 39.5993523 ], [ 2.4127543, 39.5993517 ], [ 2.4127561, 39.5993511 ], [ 2.4127579, 39.5993507 ], [ 2.4127597, 39.5993503 ], [ 2.4127615, 39.5993499 ], [ 2.4127633, 39.5993497 ], [ 2.4127652, 39.599349499999988 ], [ 2.412767, 39.5993493 ], [ 2.412769, 39.5993492 ], [ 2.4127709, 39.5993492 ], [ 2.4127729, 39.5993493 ], [ 2.412775, 39.5993494 ], [ 2.4127772, 39.599349599999989 ], [ 2.4127794, 39.5993499 ], [ 2.4127817, 39.5993503 ], [ 2.4127842, 39.5993509 ], [ 2.4127867, 39.5993515 ], [ 2.4127894, 39.5993523 ], [ 2.4127923, 39.5993532 ], [ 2.4127953, 39.5993544 ], [ 2.4127986, 39.5993557 ], [ 2.4128021, 39.5993574 ], [ 2.4128059, 39.5993594 ], [ 2.41281, 39.5993617 ], [ 2.4128145, 39.5993646 ], [ 2.4128195, 39.5993681 ], [ 2.412825, 39.5993723 ], [ 2.4128311, 39.5993775 ], [ 2.4128379, 39.5993839 ], [ 2.4128456, 39.5993919 ], [ 2.4128542, 39.599402 ], [ 2.412864, 39.5994149 ], [ 2.4128749, 39.5994314 ], [ 2.4128871, 39.5994528 ], [ 2.4129002, 39.5994806 ], [ 2.4129135, 39.5995165 ], [ 2.4129252, 39.5995618 ], [ 2.4129319, 39.5996159 ], [ 2.4129281, 39.599673599999988 ], [ 2.4129085, 39.5997225 ], [ 2.4128722, 39.5997465 ], [ 2.4128263, 39.5997363 ], [ 2.4127824, 39.5996979 ], [ 2.4127482, 39.5996466 ] ] ] } },
{ "type": "Feature", "properties": { "PlotID": "MANFV02", "windspeed": 40.0, "time": "30", "clipped_m2": 839.26421241369098, "clipped_ha": 0.083926421241369092, "wspd": "40" }, "geometry": { "type": "Polygon", "coordinates": [ [ [ 2.4101141, 39.5966984 ], [ 2.4101088, 39.5966097 ], [ 2.4101092, 39.5965724 ], [ 2.4101104, 39.5965545 ], [ 2.4101117, 39.5965446 ], [ 2.4101128, 39.5965385 ], [ 2.4101138, 39.5965346 ], [ 2.4101146, 39.5965318 ], [ 2.4101154, 39.5965298 ], [ 2.410116, 39.5965283 ], [ 2.4101166, 39.5965272 ], [ 2.410117, 39.5965263 ], [ 2.4101175, 39.5965256 ], [ 2.4101179, 39.596525 ], [ 2.4101183, 39.5965245 ], [ 2.4101186, 39.5965241 ], [ 2.4101189, 39.5965238 ], [ 2.4101192, 39.5965235 ], [ 2.4101195, 39.5965233 ], [ 2.4101197, 39.5965231 ], [ 2.41012, 39.5965229 ], [ 2.4101202, 39.5965227 ], [ 2.4101204, 39.5965226 ], [ 2.4101206, 39.5965225 ], [ 2.4101208, 39.5965224 ], [ 2.410121, 39.5965223 ], [ 2.4101212, 39.5965222 ], [ 2.4101214, 39.5965221 ], [ 2.4101216, 39.5965221 ], [ 2.4101217, 39.596522 ], [ 2.4101219, 39.596522 ], [ 2.4101221, 39.5965219 ], [ 2.4101223, 39.5965219 ], [ 2.4101224, 39.5965219 ], [ 2.4101226, 39.5965219 ], [ 2.4101228, 39.5965218 ], [ 2.410123, 39.5965218 ], [ 2.4101231, 39.5965218 ], [ 2.4101233, 39.5965218 ], [ 2.4101235, 39.5965218 ], [ 2.4101237, 39.5965219 ], [ 2.4101239, 39.5965219 ], [ 2.4101241, 39.5965219 ], [ 2.4101243, 39.5965219 ], [ 2.4101245, 39.596522 ], [ 2.4101248, 39.5965221 ], [ 2.410125, 39.5965221 ], [ 2.4101253, 39.5965222 ], [ 2.4101255, 39.5965223 ], [ 2.4101258, 39.5965224 ], [ 2.4101261, 39.5965226 ], [ 2.4101265, 39.5965228 ], [ 2.4101269, 39.596523 ], [ 2.4101273, 39.5965232 ], [ 2.4101277, 39.5965235 ], [ 2.4101283, 39.5965239 ], [ 2.4101288, 39.5965244 ], [ 2.4101295, 39.596525 ], [ 2.4101303, 39.5965257 ], [ 2.4101312, 39.5965267 ], [ 2.4101324, 39.596528 ], [ 2.4101338, 39.5965298 ], [ 2.4101355, 39.5965323 ], [ 2.4101378, 39.5965359 ], [ 2.410141, 39.5965415 ], [ 2.4101457, 39.596550799999989 ], [ 2.4101531, 39.5965678 ], [ 2.4101664, 39.5966036 ], [ 2.4101957, 39.5966989 ], [ 2.410285, 39.5970761 ], [ 2.4103498, 39.5978078 ], [ 2.4101518, 39.5969831 ], [ 2.4101141, 39.5966984 ] ] ] } },
{ "type": "Feature", "properties": { "PlotID": "MANFV03", "windspeed": 40.0, "time": "30", "clipped_m2": 1283.7128989798948, "clipped_ha": 0.12837128989798949, "wspd": "40" }, "geometry": { "type": "Polygon", "coordinates": [ [ [ 2.4074399, 39.5958301 ], [ 2.4074201, 39.5956595 ], [ 2.4074173, 39.595558 ], [ 2.4074202, 39.5954972 ], [ 2.4074245, 39.5954592 ], [ 2.4074291, 39.5954342 ], [ 2.4074333, 39.5954169 ], [ 2.4074371, 39.5954047 ], [ 2.4074404, 39.5953956 ], [ 2.4074434, 39.5953887 ], [ 2.4074461, 39.595383399999989 ], [ 2.4074485, 39.5953792 ], [ 2.4074507, 39.5953758 ], [ 2.4074527, 39.5953731 ], [ 2.4074545, 39.5953708 ], [ 2.4074562, 39.5953689 ], [ 2.4074577, 39.5953673 ], [ 2.4074591, 39.595366 ], [ 2.4074605, 39.5953648 ], [ 2.4074617, 39.5953638 ], [ 2.4074629, 39.5953629 ], [ 2.4074641, 39.5953622 ], [ 2.4074652, 39.5953615 ], [ 2.4074662, 39.595361 ], [ 2.4074672, 39.5953605 ], [ 2.4074682, 39.59536 ], [ 2.4074691, 39.5953596 ], [ 2.4074701, 39.5953593 ], [ 2.407471, 39.595359 ], [ 2.4074718, 39.5953587 ], [ 2.4074727, 39.5953585 ], [ 2.4074736, 39.5953583 ], [ 2.4074745, 39.5953582 ], [ 2.4074753, 39.5953581 ], [ 2.4074762, 39.595358 ], [ 2.407477, 39.5953579 ], [ 2.4074779, 39.5953579 ], [ 2.4074788, 39.5953579 ], [ 2.4074797, 39.5953579 ], [ 2.4074806, 39.595358 ], [ 2.4074815, 39.5953581 ], [ 2.4074825, 39.5953582 ], [ 2.4074835, 39.5953584 ], [ 2.4074845, 39.5953586 ], [ 2.4074856, 39.5953588 ], [ 2.4074867, 39.5953592 ], [ 2.4074879, 39.5953595 ], [ 2.4074892, 39.59536 ], [ 2.4074905, 39.5953605 ], [ 2.4074919, 39.5953612 ], [ 2.4074934, 39.5953619 ], [ 2.4074951, 39.5953628 ], [ 2.4074969, 39.595363899999988 ], [ 2.4074988, 39.5953652 ], [ 2.407501, 39.5953668 ], [ 2.4075034, 39.5953687 ], [ 2.4075061, 39.595371 ], [ 2.4075092, 39.5953739 ], [ 2.4075128, 39.5953776 ], [ 2.4075169, 39.5953823 ], [ 2.4075218, 39.5953885 ], [ 2.4075277, 39.5953967 ], [ 2.407535, 39.5954081 ], [ 2.407544, 39.595424099999988 ], [ 2.4075556, 39.5954477 ], [ 2.4075709, 39.5954841 ], [ 2.4075911, 39.5955428 ], [ 2.4076177, 39.5956423 ], [ 2.4076474, 39.595812 ], [ 2.4076583, 39.5960579 ], [ 2.407601, 39.5962144 ], [ 2.4075001, 39.5960717 ], [ 2.4074399, 39.5958301 ] ] ] } },
{ "type": "Feature", "properties": { "PlotID": "MANFV04", "windspeed": 40.0, "time": "30", "clipped_m2": 5.175658010000916, "clipped_ha": 0.00051756580100009155, "wspd": "40" }, "geometry": { "type": "Polygon", "coordinates": [ [ [ 2.4051233, 39.5900741 ], [ 2.4051233, 39.5900738 ], [ 2.4051233, 39.5900737 ], [ 2.4051233, 39.5900736 ], [ 2.4051233, 39.5900735 ], [ 2.4051234, 39.5900735 ], [ 2.4051234, 39.5900736 ], [ 2.4051235, 39.5900736 ], [ 2.4051235, 39.5900737 ], [ 2.4051236, 39.5900738 ], [ 2.4051237, 39.590074 ], [ 2.405124, 39.5900747 ], [ 2.4051252, 39.5900781 ], [ 2.4054019, 39.5910446 ], [ 2.4051242, 39.5900783 ], [ 2.4051234, 39.5900747 ], [ 2.4051233, 39.5900741 ] ] ] } },
{ "type": "Feature", "properties": { "PlotID": "MANFV05", "windspeed": 40.0, "time": "30", "clipped_m2": 127.26518447871786, "clipped_ha": 0.012726518447871786, "wspd": "40" }, "geometry": { "type": "Polygon", "coordinates": [ [ [ 2.4085061, 39.5907782 ], [ 2.408506, 39.5907771 ], [ 2.408506, 39.5907765 ], [ 2.408506, 39.5907762 ], [ 2.408506, 39.590776 ], [ 2.4085061, 39.5907759 ], [ 2.4085061, 39.5907758 ], [ 2.4085061, 39.590775699999988 ], [ 2.4085061, 39.5907756 ], [ 2.4085062, 39.5907756 ], [ 2.4085063, 39.5907755 ], [ 2.4085064, 39.5907756 ], [ 2.4085065, 39.5907756 ], [ 2.4085065, 39.5907757 ], [ 2.4085066, 39.590775699999988 ], [ 2.4085066, 39.5907758 ], [ 2.4085067, 39.5907758 ], [ 2.4085068, 39.5907759 ], [ 2.4085069, 39.5907761 ], [ 2.408507, 39.5907763 ], [ 2.4085073, 39.5907768 ], [ 2.4085078, 39.5907779 ], [ 2.4085092, 39.590781 ], [ 2.4085153, 39.5907979 ], [ 2.4099149, 39.5957308 ], [ 2.4085102, 39.5907987 ], [ 2.4085066, 39.5907814 ], [ 2.4085061, 39.5907782 ] ] ] } },
{ "type": "Feature", "properties": { "PlotID": "MANFV06", "windspeed": 40.0, "time": "30", "clipped_m2": 4439.4911417067051, "clipped_ha": 0.44394911417067051, "wspd": "40" }, "geometry": { "type": "Polygon", "coordinates": [ [ [ 2.4154787, 39.5840637 ], [ 2.4154389, 39.5838718 ], [ 2.4154234, 39.5837432 ], [ 2.4154195, 39.5836565 ], [ 2.415421, 39.5835966 ], [ 2.4154248, 39.5835539 ], [ 2.4154297, 39.583522599999988 ], [ 2.4154348, 39.583499 ], [ 2.4154399, 39.5834809 ], [ 2.4154449, 39.5834666 ], [ 2.4154496, 39.5834553 ], [ 2.415454, 39.583446 ], [ 2.4154582, 39.5834384 ], [ 2.4154621, 39.583432 ], [ 2.4154658, 39.5834267 ], [ 2.4154692, 39.5834221 ], [ 2.4154725, 39.5834182 ], [ 2.4154757, 39.5834149 ], [ 2.4154787, 39.583412 ], [ 2.4154815, 39.5834094 ], [ 2.4154843, 39.5834072 ], [ 2.415487, 39.5834052 ], [ 2.4154895, 39.5834034 ], [ 2.415492, 39.5834019 ], [ 2.4154945, 39.583400499999989 ], [ 2.4154969, 39.5833992 ], [ 2.4154992, 39.5833982 ], [ 2.4155015, 39.5833972 ], [ 2.4155038, 39.5833963 ], [ 2.415506, 39.5833955 ], [ 2.4155083, 39.5833949 ], [ 2.4155105, 39.5833943 ], [ 2.4155128, 39.5833938 ], [ 2.4155151, 39.5833934 ], [ 2.4155174, 39.583393 ], [ 2.4155197, 39.5833928 ], [ 2.415522, 39.5833926 ], [ 2.4155244, 39.5833925 ], [ 2.4155269, 39.5833925 ], [ 2.4155294, 39.5833925 ], [ 2.4155321, 39.5833927 ], [ 2.4155348, 39.5833929 ], [ 2.4155376, 39.5833933 ], [ 2.4155406, 39.5833938 ], [ 2.4155437, 39.5833944 ], [ 2.4155469, 39.5833952 ], [ 2.4155504, 39.5833961 ], [ 2.4155541, 39.5833973 ], [ 2.4155581, 39.5833987 ], [ 2.4155624, 39.5834005 ], [ 2.415567, 39.5834025 ], [ 2.4155721, 39.583405 ], [ 2.4155777, 39.5834081 ], [ 2.4155839, 39.5834118 ], [ 2.4155909, 39.5834163 ], [ 2.4155987, 39.5834219 ], [ 2.4156076, 39.5834289 ], [ 2.415618, 39.5834378 ], [ 2.41563, 39.5834493 ], [ 2.4156443, 39.5834642 ], [ 2.4156615, 39.583484 ], [ 2.4156826, 39.583511 ], [ 2.4157088, 39.5835487 ], [ 2.415742, 39.5836029 ], [ 2.4157845, 39.5836831 ], [ 2.4158387, 39.5838053 ], [ 2.4159044, 39.5839928 ], [ 2.4159691, 39.5842664 ], [ 2.4159881, 39.5845865 ], [ 2.415896, 39.584764 ], [ 2.4157178, 39.5846315 ], [ 2.4155651, 39.5843336 ], [ 2.4154787, 39.5840637 ] ] ] } },
{ "type": "Feature", "properties": { "PlotID": "MANFV07", "windspeed": 40.0, "time": "30", "clipped_m2": 4794.9823573178146, "clipped_ha": 0.47949823573178146, "wspd": "40" }, "geometry": { "type": "Polygon", "coordinates": [ [ [ 2.4087679, 39.5830598 ], [ 2.4087663, 39.5830419 ], [ 2.408766, 39.5830335 ], [ 2.4087662, 39.5830289 ], [ 2.4087664, 39.5830261 ], [ 2.4087666, 39.5830243 ], [ 2.4087669, 39.583023 ], [ 2.4087671, 39.5830221 ], [ 2.4087673, 39.5830214 ], [ 2.4087675, 39.5830209 ], [ 2.4087677, 39.5830205 ], [ 2.4087679, 39.5830202 ], [ 2.408768, 39.5830199 ], [ 2.4087682, 39.5830197 ], [ 2.4087683, 39.5830195 ], [ 2.4087684, 39.5830193 ], [ 2.4087685, 39.5830192 ], [ 2.4087687, 39.5830191 ], [ 2.4087688, 39.583019 ], [ 2.4087689, 39.5830189 ], [ 2.408769, 39.5830188 ], [ 2.408769, 39.5830187 ], [ 2.4087691, 39.5830187 ], [ 2.4087692, 39.5830186 ], [ 2.4087693, 39.5830186 ], [ 2.4087694, 39.5830185 ], [ 2.4087695, 39.5830185 ], [ 2.4087696, 39.5830184 ], [ 2.4087697, 39.5830184 ], [ 2.4087698, 39.5830184 ], [ 2.4087699, 39.5830183 ], [ 2.40877, 39.5830183 ], [ 2.4087701, 39.5830183 ], [ 2.4087702, 39.5830183 ], [ 2.4087703, 39.5830183 ], [ 2.4087704, 39.5830183 ], [ 2.4087705, 39.5830183 ], [ 2.4087706, 39.5830183 ], [ 2.4087707, 39.5830183 ], [ 2.4087708, 39.5830183 ], [ 2.4087709, 39.5830183 ], [ 2.408771, 39.5830184 ], [ 2.4087711, 39.5830184 ], [ 2.4087712, 39.5830184 ], [ 2.4087713, 39.5830185 ], [ 2.4087715, 39.5830185 ], [ 2.4087716, 39.5830186 ], [ 2.4087718, 39.5830186 ], [ 2.4087719, 39.5830187 ], [ 2.4087721, 39.5830188 ], [ 2.4087724, 39.5830189 ], [ 2.4087726, 39.5830191 ], [ 2.4087729, 39.5830193 ], [ 2.4087732, 39.5830195 ], [ 2.4087736, 39.5830199 ], [ 2.4087741, 39.5830203 ], [ 2.4087747, 39.5830208 ], [ 2.4087754, 39.5830216 ], [ 2.4087763, 39.5830226 ], [ 2.4087775, 39.5830242 ], [ 2.4087793, 39.5830267 ], [ 2.4087819, 39.5830308 ], [ 2.4087862, 39.5830385 ], [ 2.4087946, 39.5830552 ], [ 2.4088153, 39.5831032 ], [ 2.4089089, 39.5833587 ], [ 2.4122571, 39.595154 ], [ 2.4088305, 39.5833722 ], [ 2.4087754, 39.5831101 ], [ 2.4087679, 39.5830598 ] ] ] } },
{ "type": "Feature", "properties": { "PlotID": "MANFV08", "windspeed": 40.0, "time": "30", "clipped_m2": 1006.1282001482323, "clipped_ha": 0.10061282001482323, "wspd": "40" }, "geometry": { "type": "Polygon", "coordinates": [ [ [ 2.4202064, 39.6018346 ], [ 2.4201732, 39.6018432 ], [ 2.4201494, 39.6018107 ], [ 2.4202018, 39.6016127 ], [ 2.4201934, 39.601615 ], [ 2.4201835, 39.6016177 ], [ 2.4201382, 39.6016606 ], [ 2.4201564, 39.6016251 ], [ 2.4201446, 39.6016238 ], [ 2.4201484, 39.6016105 ], [ 2.4201523, 39.6015995 ], [ 2.4201562, 39.6015903 ], [ 2.42016, 39.6015827 ], [ 2.4201637, 39.6015762 ], [ 2.4201672, 39.6015707 ], [ 2.4201707, 39.6015659 ], [ 2.420174, 39.6015618 ], [ 2.4201772, 39.6015583 ], [ 2.4201803, 39.6015551 ], [ 2.4201832, 39.6015524 ], [ 2.4201861, 39.60155 ], [ 2.4201889, 39.6015478 ], [ 2.4201916, 39.6015459 ], [ 2.4201943, 39.6015442 ], [ 2.4201969, 39.6015427 ], [ 2.4201995, 39.6015414 ], [ 2.420202, 39.601540199999988 ], [ 2.4202045, 39.6015391 ], [ 2.4202069, 39.6015382 ], [ 2.4202094, 39.6015373 ], [ 2.4202118, 39.6015366 ], [ 2.4202143, 39.601536 ], [ 2.4202167, 39.6015354 ], [ 2.4202192, 39.601535 ], [ 2.4202217, 39.6015346 ], [ 2.4202242, 39.6015343 ], [ 2.4202268, 39.6015342 ], [ 2.4202294, 39.601534 ], [ 2.4202321, 39.601534 ], [ 2.4202348, 39.6015341 ], [ 2.4202377, 39.6015343 ], [ 2.4202406, 39.6015346 ], [ 2.4202436, 39.601535 ], [ 2.4202468, 39.6015356 ], [ 2.4202501, 39.6015363 ], [ 2.4202536, 39.601537199999989 ], [ 2.4202573, 39.6015383 ], [ 2.4202612, 39.6015396 ], [ 2.4202654, 39.6015411 ], [ 2.4202698, 39.601543 ], [ 2.4202746, 39.6015453 ], [ 2.4202798, 39.601548 ], [ 2.4202854, 39.6015513 ], [ 2.4202916, 39.6015552 ], [ 2.4202984, 39.6015599 ], [ 2.4203059, 39.6015657 ], [ 2.4203142, 39.6015729 ], [ 2.4203235, 39.6015817 ], [ 2.4203223, 39.6015888 ], [ 2.4203087, 39.6015913 ], [ 2.4203593, 39.6016243 ], [ 2.4202883, 39.6015951 ], [ 2.4202801, 39.6015966 ], [ 2.4202729, 39.6015979 ], [ 2.4204278, 39.601765 ], [ 2.4204442, 39.6018282 ], [ 2.4204537, 39.601904 ], [ 2.4204489, 39.6019853 ], [ 2.4204218, 39.6020546 ], [ 2.4203657, 39.602068599999988 ], [ 2.4203067, 39.6020709 ], [ 2.420246, 39.6020186 ], [ 2.4202064, 39.6018346 ] ] ] } },
{ "type": "Feature", "properties": { "PlotID": "MANFV09", "windspeed": 40.0, "time": "30", "clipped_m2": 3.8123078639218875, "clipped_ha": 0.00038123078639218876, "wspd": "40" }, "geometry": { "type": "Polygon", "coordinates": [ [ [ 2.4128617, 39.6004393 ], [ 2.4128617, 39.600439 ], [ 2.4128617, 39.6004389 ], [ 2.4128617, 39.6004388 ], [ 2.4128617, 39.6004387 ], [ 2.4128618, 39.6004387 ], [ 2.4128618, 39.6004388 ], [ 2.4128619, 39.6004388 ], [ 2.4128619, 39.6004389 ], [ 2.412862, 39.600439 ], [ 2.4128621, 39.6004392 ], [ 2.4128623, 39.6004398 ], [ 2.4128635, 39.6004432 ], [ 2.4130682, 39.6011813 ], [ 2.4128625, 39.6004434 ], [ 2.4128618, 39.6004399 ], [ 2.4128617, 39.6004393 ] ] ] } },
{ "type": "Feature", "properties": { "PlotID": "MANFV10", "windspeed": 40.0, "time": "30", "clipped_m2": 3.5651538227266428, "clipped_ha": 0.00035651538227266427, "wspd": "40" }, "geometry": { "type": "Polygon", "coordinates": [ [ [ 2.4128592, 39.5952221 ], [ 2.4128592, 39.595222 ], [ 2.4128592, 39.5952219 ], [ 2.4128592, 39.5952218 ], [ 2.4128593, 39.5952218 ], [ 2.4128593, 39.5952219 ], [ 2.4128594, 39.5952219 ], [ 2.4128594, 39.5952221 ], [ 2.4128596, 39.5952225 ], [ 2.4128604, 39.5952249 ], [ 2.4131279, 39.5962111 ], [ 2.4128597, 39.595225 ], [ 2.4128592, 39.5952226 ], [ 2.4128592, 39.5952221 ] ] ] } },
{ "type": "Feature", "properties": { "PlotID": "MANFV11", "windspeed": 40.0, "time": "30", "clipped_m2": 442.10406009014696, "clipped_ha": 0.044210406009014692, "wspd": "40" }, "geometry": { "type": "Polygon", "coordinates": [ [ [ 2.4073417, 39.5979059 ], [ 2.407339, 39.5978658 ], [ 2.4073389, 39.5978452 ], [ 2.4073395, 39.5978334 ], [ 2.4073404, 39.597826 ], [ 2.4073412, 39.5978211 ], [ 2.407342, 39.5978177 ], [ 2.4073428, 39.5978152 ], [ 2.4073434, 39.5978133 ], [ 2.407344, 39.5978118 ], [ 2.4073446, 39.5978107 ], [ 2.4073451, 39.5978098 ], [ 2.4073455, 39.5978091 ], [ 2.4073459, 39.5978084 ], [ 2.4073463, 39.5978079 ], [ 2.4073467, 39.5978075 ], [ 2.407347, 39.5978071 ], [ 2.4073474, 39.5978068 ], [ 2.4073477, 39.5978065 ], [ 2.4073479, 39.5978063 ], [ 2.4073482, 39.5978061 ], [ 2.4073485, 39.5978059 ], [ 2.4073487, 39.5978058 ], [ 2.407349, 39.5978056 ], [ 2.4073492, 39.5978055 ], [ 2.4073494, 39.5978054 ], [ 2.4073497, 39.5978053 ], [ 2.4073499, 39.5978052 ], [ 2.4073501, 39.5978051 ], [ 2.4073503, 39.597805 ], [ 2.4073506, 39.597805 ], [ 2.4073508, 39.5978049 ], [ 2.407351, 39.5978049 ], [ 2.4073512, 39.5978049 ], [ 2.4073514, 39.5978048 ], [ 2.4073516, 39.5978048 ], [ 2.4073519, 39.5978048 ], [ 2.4073521, 39.5978048 ], [ 2.4073523, 39.5978048 ], [ 2.4073526, 39.5978048 ], [ 2.4073528, 39.5978048 ], [ 2.4073531, 39.5978048 ], [ 2.4073533, 39.5978049 ], [ 2.4073536, 39.5978049 ], [ 2.4073539, 39.597805 ], [ 2.4073542, 39.5978051 ], [ 2.4073546, 39.5978052 ], [ 2.4073549, 39.5978053 ], [ 2.4073553, 39.5978054 ], [ 2.4073557, 39.5978056 ], [ 2.4073562, 39.597805799999989 ], [ 2.4073566, 39.5978061 ], [ 2.4073572, 39.5978064 ], [ 2.4073578, 39.5978067 ], [ 2.4073585, 39.5978072 ], [ 2.4073592, 39.5978078 ], [ 2.4073601, 39.5978085 ], [ 2.4073612, 39.5978094 ], [ 2.4073624, 39.5978106 ], [ 2.4073639, 39.5978121 ], [ 2.4073657, 39.5978142 ], [ 2.4073681, 39.5978172 ], [ 2.4073712, 39.5978216 ], [ 2.4073754, 39.5978282 ], [ 2.4073815, 39.5978391 ], [ 2.407391, 39.5978583 ], [ 2.4074072, 39.5978965 ], [ 2.407438, 39.5979848 ], [ 2.4074982, 39.5982136 ], [ 2.4075209, 39.5985083 ], [ 2.4074047, 39.5982271 ], [ 2.4073541, 39.5979969 ], [ 2.4073417, 39.5979059 ] ] ] } },
{ "type": "Feature", "properties": { "PlotID": "MANFV12", "windspeed": 40.0, "time": "30", "clipped_m2": 102.00826050457545, "clipped_ha": 0.010200826050457544, "wspd": "40" }, "geometry": { "type": "Polygon", "coordinates": [ [ [ 2.4019608, 39.5877013 ], [ 2.4019583, 39.5876785 ], [ 2.4019578, 39.5876663 ], [ 2.4019579, 39.5876592 ], [ 2.4019583, 39.5876546 ], [ 2.4019587, 39.5876516 ], [ 2.4019592, 39.5876495 ], [ 2.4019596, 39.5876479 ], [ 2.4019599, 39.5876467 ], [ 2.4019603, 39.5876458 ], [ 2.4019606, 39.5876451 ], [ 2.4019609, 39.5876445 ], [ 2.4019612, 39.587644 ], [ 2.4019614, 39.5876437 ], [ 2.4019617, 39.5876433 ], [ 2.4019619, 39.587643 ], [ 2.4019621, 39.5876428 ], [ 2.4019623, 39.5876426 ], [ 2.4019625, 39.5876424 ], [ 2.4019626, 39.5876423 ], [ 2.4019628, 39.5876421 ], [ 2.401963, 39.587642 ], [ 2.4019631, 39.5876419 ], [ 2.4019633, 39.5876418 ], [ 2.4019634, 39.5876418 ], [ 2.4019636, 39.5876417 ], [ 2.4019637, 39.5876416 ], [ 2.4019639, 39.5876416 ], [ 2.401964, 39.587641499999989 ], [ 2.4019641, 39.587641499999989 ], [ 2.4019643, 39.5876414 ], [ 2.4019644, 39.5876414 ], [ 2.4019645, 39.5876414 ], [ 2.4019647, 39.5876413 ], [ 2.4019648, 39.5876413 ], [ 2.4019649, 39.5876413 ], [ 2.4019651, 39.5876413 ], [ 2.4019652, 39.5876413 ], [ 2.4019654, 39.5876413 ], [ 2.4019655, 39.5876413 ], [ 2.4019657, 39.5876413 ], [ 2.4019659, 39.5876413 ], [ 2.401966, 39.5876413 ], [ 2.4019662, 39.5876414 ], [ 2.4019664, 39.5876414 ], [ 2.4019666, 39.5876414 ], [ 2.4019668, 39.5876415 ], [ 2.401967, 39.5876416 ], [ 2.4019673, 39.5876417 ], [ 2.4019675, 39.5876418 ], [ 2.4019678, 39.5876419 ], [ 2.4019681, 39.587642 ], [ 2.4019685, 39.5876422 ], [ 2.4019688, 39.5876425 ], [ 2.4019693, 39.587642699999989 ], [ 2.4019698, 39.5876431 ], [ 2.4019703, 39.5876435 ], [ 2.401971, 39.5876441 ], [ 2.4019718, 39.5876448 ], [ 2.4019727, 39.5876458 ], [ 2.4019739, 39.5876471 ], [ 2.4019754, 39.5876489 ], [ 2.4019774, 39.5876515 ], [ 2.4019801, 39.5876556 ], [ 2.4019839, 39.587662099999989 ], [ 2.4019897, 39.5876734 ], [ 2.4019993, 39.587695 ], [ 2.402016, 39.5877412 ], [ 2.4020423, 39.5878406 ], [ 2.4020451, 39.5879389 ], [ 2.4019967, 39.587848 ], [ 2.4019693, 39.5877488 ], [ 2.4019608, 39.5877013 ] ] ] } },
{ "type": "Feature", "properties": { "PlotID": "MANFV13", "windspeed": 40.0, "time": "30", "clipped_m2": 3834.3292344342917, "clipped_ha": 0.38343292344342916, "wspd": "40" }, "geometry": { "type": "Polygon", "coordinates": [ [ [ 2.4037911, 39.5907764 ], [ 2.4037738, 39.5906285 ], [ 2.4037697, 39.5905488 ], [ 2.4037702, 39.5905017 ], [ 2.4037724, 39.5904717 ], [ 2.403775, 39.5904516 ], [ 2.4037777, 39.5904374 ], [ 2.4037804, 39.590427 ], [ 2.4037828, 39.5904191 ], [ 2.4037851, 39.5904131 ], [ 2.4037872, 39.5904083 ], [ 2.4037891, 39.5904044 ], [ 2.4037909, 39.5904013 ], [ 2.4037925, 39.5903987 ], [ 2.4037941, 39.5903965 ], [ 2.4037955, 39.5903947 ], [ 2.4037969, 39.5903931 ], [ 2.4037982, 39.5903917 ], [ 2.4037994, 39.5903905 ], [ 2.4038006, 39.5903895 ], [ 2.4038017, 39.5903886 ], [ 2.4038028, 39.5903878 ], [ 2.4038038, 39.5903871 ], [ 2.4038049, 39.5903865 ], [ 2.4038058, 39.590386 ], [ 2.4038068, 39.5903855 ], [ 2.4038077, 39.590385 ], [ 2.4038087, 39.5903846 ], [ 2.4038096, 39.5903843 ], [ 2.4038105, 39.590384 ], [ 2.4038114, 39.5903837 ], [ 2.4038123, 39.5903835 ], [ 2.4038132, 39.5903833 ], [ 2.4038141, 39.5903831 ], [ 2.403815, 39.590383 ], [ 2.4038159, 39.5903829 ], [ 2.4038169, 39.5903828 ], [ 2.4038178, 39.5903828 ], [ 2.4038188, 39.5903828 ], [ 2.4038198, 39.5903828 ], [ 2.4038209, 39.5903828 ], [ 2.403822, 39.5903829 ], [ 2.4038231, 39.5903831 ], [ 2.4038243, 39.5903833 ], [ 2.4038255, 39.5903835 ], [ 2.4038269, 39.5903838 ], [ 2.4038283, 39.5903842 ], [ 2.4038298, 39.5903847 ], [ 2.4038314, 39.5903852 ], [ 2.4038331, 39.5903859 ], [ 2.403835, 39.5903868 ], [ 2.4038371, 39.5903878 ], [ 2.4038394, 39.590389 ], [ 2.403842, 39.5903905 ], [ 2.4038449, 39.5903923 ], [ 2.4038482, 39.5903946 ], [ 2.403852, 39.5903975 ], [ 2.4038564, 39.5904012 ], [ 2.4038617, 39.590406 ], [ 2.4038681, 39.5904124 ], [ 2.403876, 39.5904211 ], [ 2.403886, 39.5904332 ], [ 2.4038991, 39.5904507 ], [ 2.4039169, 39.5904773 ], [ 2.4039423, 39.5905201 ], [ 2.4039809, 39.5905941 ], [ 2.4040434, 39.5907345 ], [ 2.4041505, 39.591028 ], [ 2.4043108, 39.5916347 ], [ 2.4042811, 39.5920686 ], [ 2.4040242, 39.5916822 ], [ 2.4038489, 39.591078 ], [ 2.4037911, 39.5907764 ] ] ] } },
{ "type": "Feature", "properties": { "PlotID": "MANFV14", "windspeed": 40.0, "time": "30", "clipped_m2": 117.83657099516131, "clipped_ha": 0.011783657099516131, "wspd": "40" }, "geometry": { "type": "Polygon", "coordinates": [ [ [ 2.4107378, 39.5948853 ], [ 2.4107362, 39.594864 ], [ 2.4107361, 39.5948531 ], [ 2.4107364, 39.5948468 ], [ 2.4107368, 39.5948429 ], [ 2.4107373, 39.5948403 ], [ 2.4107377, 39.5948384 ], [ 2.4107381, 39.5948371 ], [ 2.4107384, 39.594836099999988 ], [ 2.4107388, 39.5948353 ], [ 2.4107391, 39.5948347 ], [ 2.4107393, 39.5948342 ], [ 2.4107396, 39.594833799999989 ], [ 2.4107398, 39.5948335 ], [ 2.41074, 39.5948332 ], [ 2.4107402, 39.594833 ], [ 2.4107404, 39.5948328 ], [ 2.4107405, 39.5948326 ], [ 2.4107407, 39.594832499999988 ], [ 2.4107408, 39.5948323 ], [ 2.410741, 39.5948322 ], [ 2.4107411, 39.5948321 ], [ 2.4107413, 39.594832 ], [ 2.4107414, 39.594832 ], [ 2.4107415, 39.5948319 ], [ 2.4107417, 39.5948318 ], [ 2.4107418, 39.5948318 ], [ 2.4107419, 39.5948317 ], [ 2.410742, 39.5948317 ], [ 2.4107421, 39.5948317 ], [ 2.4107422, 39.5948316 ], [ 2.4107424, 39.5948316 ], [ 2.4107425, 39.5948316 ], [ 2.4107426, 39.5948316 ], [ 2.4107427, 39.5948315 ], [ 2.4107428, 39.5948315 ], [ 2.4107429, 39.5948315 ], [ 2.4107431, 39.5948315 ], [ 2.4107432, 39.5948315 ], [ 2.4107433, 39.5948315 ], [ 2.4107435, 39.5948315 ], [ 2.4107436, 39.5948316 ], [ 2.4107437, 39.5948316 ], [ 2.4107439, 39.5948316 ], [ 2.410744, 39.5948316 ], [ 2.4107442, 39.5948317 ], [ 2.4107444, 39.5948317 ], [ 2.4107446, 39.5948318 ], [ 2.4107448, 39.5948319 ], [ 2.410745, 39.594832 ], [ 2.4107452, 39.5948321 ], [ 2.4107455, 39.5948322 ], [ 2.4107458, 39.5948324 ], [ 2.4107461, 39.5948326 ], [ 2.4107465, 39.5948328 ], [ 2.4107469, 39.5948331 ], [ 2.4107474, 39.5948335 ], [ 2.4107479, 39.594834 ], [ 2.4107486, 39.5948346 ], [ 2.4107494, 39.5948354 ], [ 2.4107504, 39.5948366 ], [ 2.4107516, 39.5948382 ], [ 2.4107533, 39.5948405 ], [ 2.4107556, 39.594844 ], [ 2.4107588, 39.5948498 ], [ 2.4107639, 39.59486 ], [ 2.4107725, 39.5948802 ], [ 2.4107888, 39.5949264 ], [ 2.4108196, 39.5950434 ], [ 2.4108301, 39.5951885 ], [ 2.4107712, 39.5950505 ], [ 2.4107445, 39.594932899999989 ], [ 2.4107378, 39.5948853 ] ] ] } },
{ "type": "Feature", "properties": { "PlotID": "MANFV15", "windspeed": 40.0, "time": "30", "clipped_m2": 5.7694428931863513, "clipped_ha": 0.00057694428931863515, "wspd": "40" }, "geometry": { "type": "Polygon", "coordinates": [ [ [ 2.4106313, 39.5928688 ], [ 2.4106313, 39.5928684 ], [ 2.4106313, 39.5928681 ], [ 2.4106313, 39.592868 ], [ 2.4106313, 39.5928679 ], [ 2.4106313, 39.5928678 ], [ 2.4106314, 39.5928678 ], [ 2.4106315, 39.5928678 ], [ 2.4106315, 39.5928679 ], [ 2.4106316, 39.5928679 ], [ 2.4106316, 39.592868 ], [ 2.4106317, 39.5928681 ], [ 2.4106318, 39.5928683 ], [ 2.410632, 39.5928687 ], [ 2.4106324, 39.5928699 ], [ 2.4106346, 39.5928765 ], [ 2.4107756, 39.5934464 ], [ 2.4106326, 39.5928768 ], [ 2.4106314, 39.5928701 ], [ 2.4106313, 39.5928688 ] ] ] } },
{ "type": "Feature", "properties": { "PlotID": "MANFV16", "windspeed": 40.0, "time": "30", "clipped_m2": 692.22452248004265, "clipped_ha": 0.06922245224800426, "wspd": "40" }, "geometry": { "type": "Polygon", "coordinates": [ [ [ 2.4055681, 39.5845322 ], [ 2.4055459, 39.584474 ], [ 2.4055336, 39.5844248 ], [ 2.4055278, 39.584385399999988 ], [ 2.4055261, 39.5843545 ], [ 2.4055266, 39.5843305 ], [ 2.4055284, 39.5843116 ], [ 2.405531, 39.5842967 ], [ 2.4055338, 39.5842848 ], [ 2.4055368, 39.5842751 ], [ 2.4055398, 39.5842672 ], [ 2.4055427, 39.5842607 ], [ 2.4055456, 39.5842552 ], [ 2.4055483, 39.5842506 ], [ 2.405551, 39.5842466 ], [ 2.4055535, 39.5842433 ], [ 2.4055559, 39.5842404 ], [ 2.4055582, 39.5842378 ], [ 2.4055605, 39.5842356 ], [ 2.4055626, 39.5842337 ], [ 2.4055647, 39.584232 ], [ 2.4055667, 39.5842305 ], [ 2.4055687, 39.5842292 ], [ 2.4055706, 39.584228 ], [ 2.4055725, 39.5842269 ], [ 2.4055743, 39.584226 ], [ 2.4055761, 39.5842252 ], [ 2.4055779, 39.5842244 ], [ 2.4055797, 39.5842238 ], [ 2.4055814, 39.5842232 ], [ 2.4055832, 39.5842227 ], [ 2.4055849, 39.5842222 ], [ 2.4055867, 39.5842219 ], [ 2.4055884, 39.5842216 ], [ 2.4055902, 39.5842213 ], [ 2.405592, 39.5842211 ], [ 2.4055938, 39.584221 ], [ 2.4055957, 39.584221 ], [ 2.4055976, 39.584221 ], [ 2.4055995, 39.5842211 ], [ 2.4056015, 39.5842212 ], [ 2.4056036, 39.5842214 ], [ 2.4056058, 39.5842218 ], [ 2.405608, 39.5842222 ], [ 2.4056104, 39.5842227 ], [ 2.4056129, 39.5842233 ], [ 2.4056155, 39.5842241 ], [ 2.4056183, 39.5842251 ], [ 2.4056212, 39.5842262 ], [ 2.4056244, 39.5842276 ], [ 2.4056278, 39.584229199999989 ], [ 2.4056315, 39.5842312 ], [ 2.4056355, 39.5842335 ], [ 2.4056399, 39.5842364 ], [ 2.4056447, 39.5842398 ], [ 2.40565, 39.584244 ], [ 2.405656, 39.5842492 ], [ 2.4056627, 39.5842556 ], [ 2.4056703, 39.5842636 ], [ 2.4056789, 39.5842738 ], [ 2.4056886, 39.5842868 ], [ 2.4056997, 39.5843036 ], [ 2.4057122, 39.5843256 ], [ 2.405726, 39.5843546 ], [ 2.4057403, 39.5843927 ], [ 2.4057535, 39.5844418 ], [ 2.405762, 39.5845021 ], [ 2.4057596, 39.5845682 ], [ 2.4057396, 39.5846256 ], [ 2.4057003, 39.5846533 ], [ 2.4056502, 39.5846394 ], [ 2.4056032, 39.5845924 ], [ 2.4055681, 39.5845322 ] ] ] } },
{ "type": "Feature", "properties": { "PlotID": "MANFV17", "windspeed": 40.0, "time": "30", "clipped_m2": 66.896034708304796, "clipped_ha": 0.0066896034708304793, "wspd": "40" }, "geometry": { "type": "Polygon", "coordinates": [ [ [ 2.4030945, 39.6011098 ], [ 2.4030938, 39.601102 ], [ 2.4030937, 39.6010983 ], [ 2.4030938, 39.6010963 ], [ 2.4030939, 39.601095 ], [ 2.403094, 39.6010942 ], [ 2.4030941, 39.6010936 ], [ 2.4030942, 39.6010932 ], [ 2.4030943, 39.6010929 ], [ 2.4030944, 39.6010926 ], [ 2.4030945, 39.6010925 ], [ 2.4030946, 39.6010923 ], [ 2.4030946, 39.6010922 ], [ 2.4030947, 39.6010921 ], [ 2.4030948, 39.601092 ], [ 2.4030948, 39.6010919 ], [ 2.4030949, 39.6010919 ], [ 2.4030949, 39.6010918 ], [ 2.403095, 39.6010918 ], [ 2.403095, 39.6010917 ], [ 2.4030951, 39.6010917 ], [ 2.4030951, 39.6010916 ], [ 2.4030952, 39.6010916 ], [ 2.4030953, 39.6010916 ], [ 2.4030953, 39.6010915 ], [ 2.4030954, 39.601091499999988 ], [ 2.4030955, 39.6010915 ], [ 2.4030956, 39.6010915 ], [ 2.4030957, 39.601091499999988 ], [ 2.4030958, 39.6010915 ], [ 2.4030959, 39.601091499999988 ], [ 2.403096, 39.6010915 ], [ 2.4030961, 39.6010915 ], [ 2.4030962, 39.6010916 ], [ 2.4030963, 39.6010916 ], [ 2.4030964, 39.6010917 ], [ 2.4030965, 39.6010917 ], [ 2.4030966, 39.6010918 ], [ 2.4030967, 39.6010918 ], [ 2.4030969, 39.6010919 ], [ 2.403097, 39.601092 ], [ 2.4030972, 39.6010922 ], [ 2.4030974, 39.6010924 ], [ 2.4030976, 39.6010926 ], [ 2.403098, 39.601093 ], [ 2.4030984, 39.6010934 ], [ 2.4030989, 39.6010942 ], [ 2.4030997, 39.6010953 ], [ 2.4031009, 39.6010971 ], [ 2.4031028, 39.6011005 ], [ 2.4031063, 39.6011079 ], [ 2.4031147, 39.601128 ], [ 2.4031455, 39.6012163 ], [ 2.4032135, 39.6015129 ], [ 2.4031168, 39.6012211 ], [ 2.4030976, 39.6011308 ], [ 2.4030945, 39.6011098 ] ] ] } },
{ "type": "Feature", "properties": { "PlotID": "MANFV18", "windspeed": 40.0, "time": "30", "clipped_m2": 6.8820075161784189, "clipped_ha": 0.00068820075161784189, "wspd": "40" }, "geometry": { "type": "Polygon", "coordinates": [ [ [ 2.4027593, 39.5995356 ], [ 2.4027591, 39.5995337 ], [ 2.4027591, 39.5995328 ], [ 2.4027591, 39.5995323 ], [ 2.4027592, 39.599532 ], [ 2.4027592, 39.5995318 ], [ 2.4027592, 39.5995317 ], [ 2.4027593, 39.5995316 ], [ 2.4027593, 39.5995315 ], [ 2.4027593, 39.5995314 ], [ 2.4027594, 39.5995314 ], [ 2.4027594, 39.5995313 ], [ 2.4027595, 39.5995313 ], [ 2.4027595, 39.5995312 ], [ 2.4027596, 39.5995312 ], [ 2.4027597, 39.5995312 ], [ 2.4027598, 39.5995312 ], [ 2.4027598, 39.5995313 ], [ 2.4027599, 39.5995313 ], [ 2.40276, 39.5995314 ], [ 2.4027601, 39.5995315 ], [ 2.4027602, 39.5995316 ], [ 2.4027603, 39.5995317 ], [ 2.4027604, 39.5995318 ], [ 2.4027606, 39.5995321 ], [ 2.4027608, 39.5995326 ], [ 2.4027613, 39.5995334 ], [ 2.4027621, 39.5995352 ], [ 2.4027641, 39.5995401 ], [ 2.4027718, 39.5995627 ], [ 2.4028076, 39.599711299999989 ], [ 2.4027645, 39.5995639 ], [ 2.40276, 39.5995408 ], [ 2.4027593, 39.5995356 ] ] ] } },
{ "type": "Feature", "properties": { "PlotID": "MANFV19", "windspeed": 40.0, "time": "30", "clipped_m2": 29.23517113312846, "clipped_ha": 0.0029235171133128461, "wspd": "40" }, "geometry": { "type": "Polygon", "coordinates": [ [ [ 2.402657, 39.6002764 ], [ 2.4026519, 39.6002655 ], [ 2.4026489, 39.6002558 ], [ 2.4026473, 39.6002478 ], [ 2.4026466, 39.6002414 ], [ 2.4026465, 39.6002363 ], [ 2.4026467, 39.6002323 ], [ 2.4026471, 39.600229 ], [ 2.4026477, 39.6002264 ], [ 2.4026482, 39.6002242 ], [ 2.4026488, 39.6002225 ], [ 2.4026494, 39.600221 ], [ 2.40265, 39.6002198 ], [ 2.4026506, 39.6002187 ], [ 2.4026512, 39.6002178 ], [ 2.4026517, 39.600217 ], [ 2.4026522, 39.6002164 ], [ 2.4026528, 39.6002158 ], [ 2.4026533, 39.6002153 ], [ 2.4026537, 39.6002148 ], [ 2.4026542, 39.6002145 ], [ 2.4026546, 39.6002141 ], [ 2.4026551, 39.6002138 ], [ 2.4026555, 39.6002135 ], [ 2.4026559, 39.6002133 ], [ 2.4026563, 39.600213 ], [ 2.4026567, 39.6002128 ], [ 2.4026571, 39.6002127 ], [ 2.4026575, 39.6002125 ], [ 2.4026579, 39.6002124 ], [ 2.4026583, 39.6002123 ], [ 2.4026587, 39.6002122 ], [ 2.4026591, 39.6002121 ], [ 2.4026595, 39.600212 ], [ 2.4026599, 39.6002119 ], [ 2.4026603, 39.6002119 ], [ 2.4026608, 39.6002118 ], [ 2.4026612, 39.6002118 ], [ 2.4026616, 39.6002118 ], [ 2.4026621, 39.6002118 ], [ 2.4026625, 39.6002119 ], [ 2.402663, 39.6002119 ], [ 2.4026635, 39.600212 ], [ 2.402664, 39.6002121 ], [ 2.4026645, 39.6002122 ], [ 2.4026651, 39.6002123 ], [ 2.4026657, 39.6002125 ], [ 2.4026663, 39.6002127 ], [ 2.402667, 39.600213 ], [ 2.4026677, 39.6002133 ], [ 2.4026685, 39.6002136 ], [ 2.4026694, 39.6002141 ], [ 2.4026703, 39.6002146 ], [ 2.4026713, 39.6002152 ], [ 2.4026724, 39.600216 ], [ 2.4026736, 39.6002169 ], [ 2.4026749, 39.600218 ], [ 2.4026764, 39.6002195 ], [ 2.4026781, 39.6002212 ], [ 2.40268, 39.6002234 ], [ 2.4026822, 39.6002262 ], [ 2.4026846, 39.6002299 ], [ 2.4026872, 39.6002345 ], [ 2.4026901, 39.6002406 ], [ 2.4026929, 39.6002483 ], [ 2.4026954, 39.6002581 ], [ 2.4026968, 39.6002697 ], [ 2.4026959, 39.6002819 ], [ 2.4026916, 39.6002923 ], [ 2.4026838, 39.6002974 ], [ 2.4026739, 39.6002953 ], [ 2.4026644, 39.6002873 ], [ 2.402657, 39.6002764 ] ] ] } },
{ "type": "Feature", "properties": { "PlotID": "MANFV20", "windspeed": 40.0, "time": "30", "clipped_m2": 330.47177312255371, "clipped_ha": 0.033047177312255371, "wspd": "40" }, "geometry": { "type": "Polygon", "coordinates": [ [ [ 2.4148374, 39.591207 ], [ 2.4148369, 39.5912018 ], [ 2.4148368, 39.5911993 ], [ 2.4148369, 39.591198 ], [ 2.4148369, 39.5911972 ], [ 2.414837, 39.5911966 ], [ 2.4148371, 39.5911963 ], [ 2.4148372, 39.591196 ], [ 2.4148372, 39.5911958 ], [ 2.4148373, 39.5911956 ], [ 2.4148373, 39.5911955 ], [ 2.4148374, 39.5911954 ], [ 2.4148374, 39.5911953 ], [ 2.4148375, 39.5911953 ], [ 2.4148375, 39.5911952 ], [ 2.4148376, 39.5911951 ], [ 2.4148377, 39.5911951 ], [ 2.4148377, 39.591195 ], [ 2.4148378, 39.591195 ], [ 2.4148379, 39.5911949 ], [ 2.414838, 39.5911949 ], [ 2.4148381, 39.5911949 ], [ 2.4148382, 39.5911949 ], [ 2.4148383, 39.5911949 ], [ 2.4148384, 39.5911949 ], [ 2.4148385, 39.591195 ], [ 2.4148386, 39.591195 ], [ 2.4148387, 39.5911951 ], [ 2.4148388, 39.5911951 ], [ 2.4148389, 39.5911952 ], [ 2.414839, 39.5911952 ], [ 2.4148391, 39.591195299999988 ], [ 2.4148392, 39.5911955 ], [ 2.4148394, 39.5911956 ], [ 2.4148396, 39.5911958 ], [ 2.4148399, 39.5911962 ], [ 2.4148402, 39.591196599999989 ], [ 2.4148407, 39.5911973 ], [ 2.4148415, 39.5911986 ], [ 2.4148428, 39.5912008 ], [ 2.4148452, 39.5912057 ], [ 2.4148512, 39.5912198 ], [ 2.4148781, 39.5912941 ], [ 2.415652, 39.5940623 ], [ 2.4148553, 39.591298 ], [ 2.4148395, 39.5912218 ], [ 2.4148374, 39.591207 ] ] ] } },
{ "type": "Feature", "properties": { "PlotID": "MANFV21", "windspeed": 40.0, "time": "30", "clipped_m2": 312.18369791610166, "clipped_ha": 0.031218369791610166, "wspd": "40" }, "geometry": { "type": "Polygon", "coordinates": [ [ [ 2.4045291, 39.5846036 ], [ 2.4045287, 39.5845986 ], [ 2.4045286, 39.5845962 ], [ 2.4045286, 39.584595 ], [ 2.4045287, 39.5845942 ], [ 2.4045288, 39.5845937 ], [ 2.4045288, 39.5845933 ], [ 2.4045289, 39.5845931 ], [ 2.404529, 39.5845929 ], [ 2.404529, 39.5845927 ], [ 2.4045291, 39.5845926 ], [ 2.4045291, 39.5845925 ], [ 2.4045292, 39.5845924 ], [ 2.4045292, 39.5845923 ], [ 2.4045293, 39.5845923 ], [ 2.4045293, 39.5845922 ], [ 2.4045294, 39.5845922 ], [ 2.4045294, 39.584592099999988 ], [ 2.4045295, 39.584592099999988 ], [ 2.4045296, 39.584592099999988 ], [ 2.4045296, 39.584592 ], [ 2.4045297, 39.584592 ], [ 2.4045298, 39.584592 ], [ 2.4045299, 39.584592 ], [ 2.40453, 39.584592 ], [ 2.4045301, 39.584592 ], [ 2.4045301, 39.584592099999988 ], [ 2.4045302, 39.584592099999988 ], [ 2.4045303, 39.584592099999988 ], [ 2.4045304, 39.5845922 ], [ 2.4045305, 39.5845922 ], [ 2.4045305, 39.5845923 ], [ 2.4045306, 39.5845923 ], [ 2.4045307, 39.5845924 ], [ 2.4045309, 39.5845925 ], [ 2.404531, 39.5845927 ], [ 2.4045312, 39.5845929 ], [ 2.4045315, 39.5845932 ], [ 2.4045318, 39.5845937 ], [ 2.4045323, 39.5845943 ], [ 2.404533, 39.5845955 ], [ 2.4045342, 39.5845976 ], [ 2.4045365, 39.5846023 ], [ 2.4045422, 39.5846157 ], [ 2.4045678, 39.5846866 ], [ 2.405332, 39.5874364 ], [ 2.404546, 39.5846903 ], [ 2.4045311, 39.5846176 ], [ 2.4045291, 39.5846036 ] ] ] } },
{ "type": "Feature", "properties": { "PlotID": "MANFV22", "windspeed": 40.0, "time": "30", "clipped_m2": 231.0144219227368, "clipped_ha": 0.023101442192273679, "wspd": "40" }, "geometry": { "type": "Polygon", "coordinates": [ [ [ 2.405989, 39.582745 ], [ 2.4059886, 39.5827404 ], [ 2.4059885, 39.5827382 ], [ 2.4059886, 39.5827371 ], [ 2.4059886, 39.5827364 ], [ 2.4059887, 39.5827359 ], [ 2.4059887, 39.5827356 ], [ 2.4059888, 39.5827353 ], [ 2.4059889, 39.5827351 ], [ 2.4059889, 39.582735 ], [ 2.4059889, 39.5827349 ], [ 2.405989, 39.5827348 ], [ 2.405989, 39.5827347 ], [ 2.4059891, 39.5827347 ], [ 2.4059891, 39.5827346 ], [ 2.4059892, 39.5827346 ], [ 2.4059892, 39.5827345 ], [ 2.4059893, 39.5827345 ], [ 2.4059893, 39.5827344 ], [ 2.4059894, 39.5827344 ], [ 2.4059895, 39.5827344 ], [ 2.4059895, 39.5827343 ], [ 2.4059896, 39.5827343 ], [ 2.4059897, 39.5827343 ], [ 2.4059898, 39.5827344 ], [ 2.4059899, 39.5827344 ], [ 2.40599, 39.5827344 ], [ 2.4059901, 39.5827345 ], [ 2.4059902, 39.5827345 ], [ 2.4059903, 39.5827346 ], [ 2.4059904, 39.582734699999989 ], [ 2.4059905, 39.5827347 ], [ 2.4059906, 39.5827348 ], [ 2.4059907, 39.582735 ], [ 2.4059909, 39.5827352 ], [ 2.4059912, 39.5827355 ], [ 2.4059915, 39.5827359 ], [ 2.4059919, 39.5827365 ], [ 2.4059926, 39.5827375 ], [ 2.4059937, 39.5827395 ], [ 2.4059958, 39.5827438 ], [ 2.4060012, 39.5827561 ], [ 2.4060249, 39.5828208 ], [ 2.4066511, 39.5850298 ], [ 2.406005, 39.5828242 ], [ 2.4059909, 39.5827578 ], [ 2.405989, 39.582745 ] ] ] } },
{ "type": "Feature", "properties": { "PlotID": "MANFV23", "windspeed": 40.0, "time": "30", "clipped_m2": 2992.3413160038181, "clipped_ha": 0.29923413160038181, "wspd": "40" }, "geometry": { "type": "Polygon", "coordinates": [ [ [ 2.413872, 39.595073 ], [ 2.4138706, 39.5950575 ], [ 2.4138704, 39.5950502 ], [ 2.4138705, 39.5950462 ], [ 2.4138707, 39.5950438 ], [ 2.4138709, 39.5950422 ], [ 2.4138711, 39.5950411 ], [ 2.4138713, 39.5950403 ], [ 2.4138715, 39.5950397 ], [ 2.4138717, 39.5950393 ], [ 2.4138719, 39.5950389 ], [ 2.413872, 39.5950386 ], [ 2.4138721, 39.5950384 ], [ 2.4138723, 39.5950382 ], [ 2.4138724, 39.595038 ], [ 2.4138725, 39.5950379 ], [ 2.4138726, 39.5950378 ], [ 2.4138727, 39.5950377 ], [ 2.4138728, 39.5950376 ], [ 2.4138729, 39.5950375 ], [ 2.413873, 39.5950374 ], [ 2.4138731, 39.5950374 ], [ 2.4138732, 39.5950373 ], [ 2.4138733, 39.5950372 ], [ 2.4138734, 39.5950372 ], [ 2.4138735, 39.5950371 ], [ 2.4138736, 39.5950371 ], [ 2.4138737, 39.5950371 ], [ 2.4138738, 39.5950371 ], [ 2.4138739, 39.5950371 ], [ 2.413874, 39.595037 ], [ 2.4138741, 39.595037 ], [ 2.4138742, 39.595037 ], [ 2.4138743, 39.595037 ], [ 2.4138744, 39.595037 ], [ 2.4138745, 39.5950371 ], [ 2.4138746, 39.5950371 ], [ 2.4138747, 39.5950371 ], [ 2.4138748, 39.5950371 ], [ 2.4138749, 39.5950371 ], [ 2.413875, 39.5950372 ], [ 2.4138751, 39.5950372 ], [ 2.4138752, 39.5950373 ], [ 2.4138754, 39.5950373 ], [ 2.4138755, 39.5950374 ], [ 2.4138757, 39.5950375 ], [ 2.4138759, 39.5950376 ], [ 2.4138761, 39.5950377 ], [ 2.4138764, 39.5950379 ], [ 2.4138767, 39.595038099999989 ], [ 2.413877, 39.5950384 ], [ 2.4138774, 39.5950387 ], [ 2.4138779, 39.5950392 ], [ 2.4138785, 39.5950399 ], [ 2.4138793, 39.5950408 ], [ 2.4138804, 39.5950422 ], [ 2.4138819, 39.5950443 ], [ 2.4138841, 39.5950479 ], [ 2.4138879, 39.595054499999989 ], [ 2.4138951, 39.595069 ], [ 2.4139129, 39.5951106 ], [ 2.4139927, 39.5953305 ], [ 2.4163729, 39.6038177 ], [ 2.4139252, 39.595342 ], [ 2.4138783, 39.5951165 ], [ 2.413872, 39.595073 ] ] ] } },
{ "type": "Feature", "properties": { "PlotID": "MANFV24", "windspeed": 40.0, "time": "30", "clipped_m2": 9.8015935383155011, "clipped_ha": 0.00098015935383155019, "wspd": "40" }, "geometry": { "type": "Polygon", "coordinates": [ [ [ 2.4000895, 39.5940376 ], [ 2.4000874, 39.5940298 ], [ 2.4000864, 39.5940237 ], [ 2.400086, 39.594019 ], [ 2.4000861, 39.5940155 ], [ 2.4000863, 39.5940128 ], [ 2.4000866, 39.5940108 ], [ 2.400087, 39.5940092 ], [ 2.4000873, 39.5940079 ], [ 2.4000877, 39.594007 ], [ 2.4000881, 39.5940061 ], [ 2.4000884, 39.5940055 ], [ 2.4000887, 39.5940049 ], [ 2.400089, 39.5940045 ], [ 2.4000893, 39.5940041 ], [ 2.4000896, 39.5940037 ], [ 2.4000898, 39.5940035 ], [ 2.4000901, 39.5940032 ], [ 2.4000903, 39.594003 ], [ 2.4000905, 39.5940028 ], [ 2.4000907, 39.5940026 ], [ 2.4000909, 39.5940025 ], [ 2.4000911, 39.5940024 ], [ 2.4000913, 39.5940023 ], [ 2.4000915, 39.5940022 ], [ 2.4000917, 39.5940021 ], [ 2.4000919, 39.594002 ], [ 2.4000921, 39.5940019 ], [ 2.4000922, 39.5940019 ], [ 2.4000924, 39.5940018 ], [ 2.4000926, 39.5940018 ], [ 2.4000928, 39.5940017 ], [ 2.4000929, 39.5940017 ], [ 2.4000931, 39.5940017 ], [ 2.4000933, 39.5940016 ], [ 2.4000935, 39.5940016 ], [ 2.4000937, 39.5940016 ], [ 2.4000938, 39.5940016 ], [ 2.400094, 39.5940016 ], [ 2.4000942, 39.5940016 ], [ 2.4000944, 39.5940016 ], [ 2.4000946, 39.5940017 ], [ 2.4000948, 39.5940017 ], [ 2.4000951, 39.5940017 ], [ 2.4000953, 39.5940018 ], [ 2.4000956, 39.5940019 ], [ 2.4000958, 39.594002 ], [ 2.4000961, 39.5940021 ], [ 2.4000964, 39.5940022 ], [ 2.4000967, 39.5940023 ], [ 2.400097, 39.5940025 ], [ 2.4000974, 39.5940027 ], [ 2.4000978, 39.5940029 ], [ 2.4000982, 39.5940032 ], [ 2.4000987, 39.5940036 ], [ 2.4000993, 39.594004 ], [ 2.4000999, 39.5940045 ], [ 2.4001005, 39.5940052 ], [ 2.4001013, 39.5940061 ], [ 2.4001022, 39.5940071 ], [ 2.4001033, 39.5940085 ], [ 2.4001044, 39.5940104 ], [ 2.4001058, 39.5940128 ], [ 2.4001074, 39.5940161 ], [ 2.4001092, 39.5940206 ], [ 2.4001109, 39.5940267 ], [ 2.4001123, 39.5940346 ], [ 2.4001125, 39.5940438 ], [ 2.4001104, 39.5940524 ], [ 2.4001055, 39.5940565 ], [ 2.4000991, 39.5940539 ], [ 2.4000934, 39.5940464 ], [ 2.4000895, 39.5940376 ] ] ] } },
{ "type": "Feature", "properties": { "PlotID": "MANFV25", "windspeed": 40.0, "time": "30", "clipped_m2": 264.48625577217899, "clipped_ha": 0.026448625577217898, "wspd": "40" }, "geometry": { "type": "Polygon", "coordinates": [ [ [ 2.4003854, 39.5931112 ], [ 2.4003817, 39.593073 ], [ 2.400381, 39.5930528 ], [ 2.4003813, 39.593041 ], [ 2.400382, 39.5930335 ], [ 2.4003827, 39.5930285 ], [ 2.4003835, 39.5930249 ], [ 2.4003842, 39.593022399999988 ], [ 2.4003848, 39.5930204 ], [ 2.4003854, 39.5930189 ], [ 2.4003859, 39.5930178 ], [ 2.4003864, 39.5930168 ], [ 2.4003869, 39.5930161 ], [ 2.4003873, 39.5930154 ], [ 2.4003877, 39.5930149 ], [ 2.400388, 39.5930144 ], [ 2.4003884, 39.593014 ], [ 2.4003887, 39.5930137 ], [ 2.400389, 39.5930134 ], [ 2.4003893, 39.5930132 ], [ 2.4003896, 39.593013 ], [ 2.4003898, 39.5930128 ], [ 2.4003901, 39.5930126 ], [ 2.4003904, 39.5930124 ], [ 2.4003906, 39.5930123 ], [ 2.4003908, 39.5930122 ], [ 2.4003911, 39.593012099999989 ], [ 2.4003913, 39.593012 ], [ 2.4003915, 39.5930119 ], [ 2.4003918, 39.5930118 ], [ 2.400392, 39.5930118 ], [ 2.4003922, 39.5930117 ], [ 2.4003924, 39.5930117 ], [ 2.4003926, 39.5930116 ], [ 2.4003929, 39.5930116 ], [ 2.4003931, 39.5930116 ], [ 2.4003933, 39.5930116 ], [ 2.4003936, 39.5930115 ], [ 2.4003938, 39.5930115 ], [ 2.4003941, 39.5930116 ], [ 2.4003943, 39.5930116 ], [ 2.4003946, 39.5930116 ], [ 2.4003949, 39.5930116 ], [ 2.4003952, 39.5930117 ], [ 2.4003955, 39.5930117 ], [ 2.4003958, 39.5930118 ], [ 2.4003961, 39.5930119 ], [ 2.4003965, 39.593012 ], [ 2.4003969, 39.5930122 ], [ 2.4003973, 39.5930124 ], [ 2.4003978, 39.5930126 ], [ 2.4003983, 39.5930128 ], [ 2.4003989, 39.5930131 ], [ 2.4003995, 39.5930135 ], [ 2.4004002, 39.593014 ], [ 2.400401, 39.5930145 ], [ 2.4004019, 39.5930153 ], [ 2.400403, 39.5930162 ], [ 2.4004043, 39.5930174 ], [ 2.4004059, 39.593019 ], [ 2.4004078, 39.5930211 ], [ 2.4004103, 39.5930241 ], [ 2.4004135, 39.5930285 ], [ 2.4004178, 39.593035199999989 ], [ 2.4004241, 39.593046 ], [ 2.4004337, 39.5930648 ], [ 2.4004496, 39.5931012 ], [ 2.4004777, 39.5931798 ], [ 2.4004871, 39.5932591 ], [ 2.4005302, 39.5935355 ], [ 2.4004451, 39.5933672 ], [ 2.4003992, 39.5931922 ], [ 2.4003854, 39.5931112 ] ] ] } },
{ "type": "Feature", "properties": { "PlotID": "MANFV26", "windspeed": 40.0, "time": "30", "clipped_m2": 2494.0055485065095, "clipped_ha": 0.24940055485065096, "wspd": "40" }, "geometry": { "type": "Polygon", "coordinates": [ [ [ 2.4008245, 39.5949986 ], [ 2.4007865, 39.5948786 ], [ 2.4007674, 39.594781 ], [ 2.4007599, 39.5947054 ], [ 2.4008032, 39.5945728 ], [ 2.4007752, 39.5945852 ], [ 2.4007664, 39.5945694 ], [ 2.4007719, 39.5945427 ], [ 2.4007777, 39.5945216 ], [ 2.4007835, 39.5945046 ], [ 2.4007892, 39.5944908 ], [ 2.4007947, 39.5944794 ], [ 2.4007999, 39.5944699 ], [ 2.4008049, 39.5944619 ], [ 2.4008097, 39.5944552 ], [ 2.4008142, 39.5944494 ], [ 2.4008186, 39.5944445 ], [ 2.4008227, 39.5944402 ], [ 2.4008266, 39.5944364 ], [ 2.4008304, 39.5944331 ], [ 2.4008341, 39.5944302 ], [ 2.4008377, 39.5944277 ], [ 2.4008411, 39.5944255 ], [ 2.4008444, 39.5944235 ], [ 2.4008477, 39.5944217 ], [ 2.4008509, 39.5944201 ], [ 2.400854, 39.5944187 ], [ 2.4008571, 39.5944175 ], [ 2.4008601, 39.5944164 ], [ 2.4008632, 39.5944155 ], [ 2.4008662, 39.5944146 ], [ 2.4008692, 39.5944139 ], [ 2.4008722, 39.5944133 ], [ 2.4008752, 39.5944128 ], [ 2.4008783, 39.5944125 ], [ 2.4008814, 39.5944122 ], [ 2.4008845, 39.594412 ], [ 2.4008877, 39.594412 ], [ 2.400891, 39.594412 ], [ 2.4008943, 39.5944122 ], [ 2.4008978, 39.5944125 ], [ 2.4009013, 39.5944129 ], [ 2.400905, 39.5944135 ], [ 2.4009089, 39.5944142 ], [ 2.4009129, 39.5944152 ], [ 2.4009172, 39.5944163 ], [ 2.4009217, 39.5944177 ], [ 2.4009264, 39.5944194 ], [ 2.4009315, 39.5944214 ], [ 2.4009369, 39.5944238 ], [ 2.4009428, 39.5944267 ], [ 2.4009491, 39.5944301 ], [ 2.400956, 39.5944343 ], [ 2.4009636, 39.5944392 ], [ 2.4009719, 39.5944453 ], [ 2.4009812, 39.5944527 ], [ 2.4009916, 39.5944618 ], [ 2.4010033, 39.5944731 ], [ 2.4010166, 39.5944874 ], [ 2.4010318, 39.5945055 ], [ 2.4010492, 39.5945289 ], [ 2.4010043, 39.594518 ], [ 2.4010804, 39.594591 ], [ 2.4011181, 39.5946541 ], [ 2.4011461, 39.5947268 ], [ 2.4011734, 39.5948233 ], [ 2.4011934, 39.5949458 ], [ 2.4011935, 39.5950857 ], [ 2.4011578, 39.5952113 ], [ 2.4010805, 39.5952717 ], [ 2.4009804, 39.5952366 ], [ 2.4008891, 39.5951293 ], [ 2.4008245, 39.5949986 ] ] ] } },
{ "type": "Feature", "properties": { "PlotID": "MANFV27", "windspeed": 40.0, "time": "30", "clipped_m2": 424.50749901664676, "clipped_ha": 0.042450749901664676, "wspd": "40" }, "geometry": { "type": "Polygon", "coordinates": [ [ [ 2.407813, 39.6016195 ], [ 2.4078004, 39.6016102 ], [ 2.4077892, 39.6016022 ], [ 2.4077791, 39.6015951 ], [ 2.4077698, 39.6015884 ], [ 2.4077564, 39.6015891 ], [ 2.4077724, 39.6015527 ], [ 2.4077664, 39.6015488 ], [ 2.4077685, 39.6015382 ], [ 2.4077721, 39.6015287 ], [ 2.4077754, 39.6015212 ], [ 2.4077784, 39.6015151 ], [ 2.4077812, 39.6015102 ], [ 2.4077838, 39.6015061 ], [ 2.4077862, 39.6015027 ], [ 2.4077885, 39.6014998 ], [ 2.4077906, 39.6014973 ], [ 2.4077927, 39.6014952 ], [ 2.4077946, 39.6014934 ], [ 2.4077964, 39.6014918 ], [ 2.4077982, 39.6014904 ], [ 2.4077999, 39.6014891 ], [ 2.4078015, 39.601488 ], [ 2.4078031, 39.601487 ], [ 2.4078046, 39.601486199999989 ], [ 2.4078061, 39.6014854 ], [ 2.4078076, 39.6014847 ], [ 2.4078091, 39.6014841 ], [ 2.4078105, 39.6014836 ], [ 2.4078119, 39.6014831 ], [ 2.4078133, 39.6014827 ], [ 2.4078147, 39.6014823 ], [ 2.4078161, 39.601482 ], [ 2.4078178, 39.6014826 ], [ 2.4078194, 39.6014838 ], [ 2.4078206, 39.6014847 ], [ 2.4078217, 39.6014855 ], [ 2.4078226, 39.6014861 ], [ 2.4078234, 39.6014867 ], [ 2.4078241, 39.6014872 ], [ 2.4078247, 39.6014877 ], [ 2.4078254, 39.6014881 ], [ 2.4078259, 39.601488599999989 ], [ 2.4078265, 39.601489 ], [ 2.4078271, 39.6014894 ], [ 2.4078276, 39.6014898 ], [ 2.4078282, 39.6014902 ], [ 2.4078288, 39.6014907 ], [ 2.4078294, 39.6014911 ], [ 2.4078301, 39.6014916 ], [ 2.4078308, 39.6014921 ], [ 2.4078315, 39.6014927 ], [ 2.4078324, 39.6014933 ], [ 2.4078334, 39.601494 ], [ 2.4078347, 39.6014949 ], [ 2.4078361, 39.601496 ], [ 2.407838, 39.6014974 ], [ 2.4078406, 39.6014993 ], [ 2.4078443, 39.601502 ], [ 2.4078503, 39.6015064 ], [ 2.4078669, 39.6015173 ], [ 2.4079303, 39.6015602 ], [ 2.4079509, 39.6015877 ], [ 2.4079789, 39.6016294 ], [ 2.4080187, 39.6016964 ], [ 2.4080791, 39.6018123 ], [ 2.4081771, 39.602032 ], [ 2.4079342, 39.6017096 ], [ 2.4078953, 39.6016807 ], [ 2.407867, 39.6016596 ], [ 2.4078452, 39.6016434 ], [ 2.4078276, 39.6016304 ], [ 2.407813, 39.6016195 ] ] ] } },
{ "type": "Feature", "properties": { "PlotID": "MANFV28", "windspeed": 40.0, "time": "30", "clipped_m2": 446.04910891782492, "clipped_ha": 0.044604910891782493, "wspd": "40" }, "geometry": { "type": "Polygon", "coordinates": [ [ [ 2.4019541, 39.6025739 ], [ 2.4019461, 39.602504 ], [ 2.4019442, 39.6024664 ], [ 2.4019445, 39.6024443 ], [ 2.4019456, 39.6024302 ], [ 2.4019468, 39.6024208 ], [ 2.4019481, 39.6024141 ], [ 2.4019494, 39.6024092 ], [ 2.4019505, 39.602405499999989 ], [ 2.4019516, 39.6024027 ], [ 2.4019526, 39.6024005 ], [ 2.4019535, 39.6023987 ], [ 2.4019543, 39.6023972 ], [ 2.4019551, 39.602396 ], [ 2.4019558, 39.6023949 ], [ 2.4019565, 39.6023941 ], [ 2.4019572, 39.602393299999989 ], [ 2.4019578, 39.6023927 ], [ 2.4019584, 39.6023922 ], [ 2.4019589, 39.6023917 ], [ 2.4019594, 39.6023913 ], [ 2.4019599, 39.6023909 ], [ 2.4019604, 39.6023906 ], [ 2.4019609, 39.6023903 ], [ 2.4019614, 39.60239 ], [ 2.4019618, 39.6023898 ], [ 2.4019622, 39.6023896 ], [ 2.4019627, 39.6023894 ], [ 2.4019631, 39.6023892 ], [ 2.4019635, 39.6023891 ], [ 2.401964, 39.602389 ], [ 2.4019644, 39.6023889 ], [ 2.4019648, 39.6023888 ], [ 2.4019652, 39.6023887 ], [ 2.4019657, 39.6023886 ], [ 2.4019661, 39.6023886 ], [ 2.4019665, 39.6023885 ], [ 2.401967, 39.6023885 ], [ 2.4019674, 39.6023885 ], [ 2.4019679, 39.6023885 ], [ 2.4019684, 39.6023886 ], [ 2.4019689, 39.6023886 ], [ 2.4019695, 39.6023887 ], [ 2.40197, 39.6023888 ], [ 2.4019706, 39.6023889 ], [ 2.4019712, 39.602389 ], [ 2.4019719, 39.6023892 ], [ 2.4019726, 39.6023894 ], [ 2.4019733, 39.6023897 ], [ 2.4019741, 39.60239 ], [ 2.401975, 39.6023904 ], [ 2.401976, 39.6023909 ], [ 2.4019771, 39.6023914 ], [ 2.4019783, 39.6023922 ], [ 2.4019796, 39.602393 ], [ 2.4019812, 39.6023941 ], [ 2.401983, 39.6023955 ], [ 2.4019851, 39.6023972 ], [ 2.4019875, 39.6023995 ], [ 2.4019905, 39.6024024 ], [ 2.4019942, 39.6024065 ], [ 2.4019989, 39.6024122 ], [ 2.402005, 39.6024204 ], [ 2.4020134, 39.6024329 ], [ 2.4020253, 39.6024531 ], [ 2.4020434, 39.6024879 ], [ 2.4020729, 39.6025543 ], [ 2.4021238, 39.6026939 ], [ 2.4021553, 39.6028702 ], [ 2.4020808, 39.602808499999988 ], [ 2.4020225, 39.602746 ], [ 2.4019803, 39.6027006 ], [ 2.4019541, 39.6025739 ] ] ] } },
{ "type": "Feature", "properties": { "PlotID": "MANFV29", "windspeed": 40.0, "time": "30", "clipped_m2": 656.98982362495735, "clipped_ha": 0.065698982362495731, "wspd": "40" }, "geometry": { "type": "Polygon", "coordinates": [ [ [ 2.4101465, 39.6047005 ], [ 2.4101314, 39.6045587 ], [ 2.4101328, 39.6044681 ], [ 2.4101292, 39.6044387 ], [ 2.4101315, 39.6044106 ], [ 2.4101341, 39.6043918 ], [ 2.4101368, 39.6043785 ], [ 2.4101393, 39.6043688 ], [ 2.4101417, 39.6043615 ], [ 2.4101438, 39.6043558 ], [ 2.4101458, 39.6043514 ], [ 2.4101476, 39.6043478 ], [ 2.4101493, 39.6043449 ], [ 2.4101509, 39.6043425 ], [ 2.4101524, 39.6043404 ], [ 2.4101537, 39.6043387 ], [ 2.410155, 39.6043373 ], [ 2.4101562, 39.604336 ], [ 2.4101574, 39.6043349 ], [ 2.4101585, 39.604334 ], [ 2.4101595, 39.6043331 ], [ 2.4101605, 39.6043324 ], [ 2.4101615, 39.6043318 ], [ 2.4101624, 39.6043312 ], [ 2.4101634, 39.6043307 ], [ 2.4101643, 39.6043302 ], [ 2.4101651, 39.6043298 ], [ 2.410166, 39.6043295 ], [ 2.4101669, 39.6043292 ], [ 2.4101677, 39.6043289 ], [ 2.4101685, 39.6043286 ], [ 2.4101694, 39.6043284 ], [ 2.4101702, 39.6043282 ], [ 2.4101711, 39.6043281 ], [ 2.4101719, 39.604328 ], [ 2.4101728, 39.6043279 ], [ 2.4101737, 39.6043278 ], [ 2.4101746, 39.6043278 ], [ 2.4101755, 39.6043278 ], [ 2.4101764, 39.6043278 ], [ 2.4101774, 39.6043279 ], [ 2.4101784, 39.604328 ], [ 2.4101795, 39.6043281 ], [ 2.4101806, 39.6043283 ], [ 2.4101817, 39.6043285 ], [ 2.4101829, 39.6043288 ], [ 2.4101843, 39.6043292 ], [ 2.4101856, 39.6043296 ], [ 2.4101871, 39.6043301 ], [ 2.4101888, 39.6043308 ], [ 2.4101905, 39.6043315 ], [ 2.4101924, 39.6043325 ], [ 2.4101946, 39.6043336 ], [ 2.410197, 39.604335 ], [ 2.4101997, 39.6043368 ], [ 2.4102027, 39.6043389 ], [ 2.4102062, 39.6043416 ], [ 2.4102104, 39.604345099999989 ], [ 2.4102153, 39.6043496 ], [ 2.4102212, 39.6043556 ], [ 2.4102285, 39.6043637 ], [ 2.4102378, 39.604375 ], [ 2.41025, 39.6043915 ], [ 2.4102666, 39.6044166 ], [ 2.4102903, 39.604457 ], [ 2.4103265, 39.6045272 ], [ 2.4103396, 39.6045909 ], [ 2.4103298, 39.604639 ], [ 2.4103055, 39.6046754 ], [ 2.4102735, 39.6047082 ], [ 2.4102403, 39.6047735 ], [ 2.4101937, 39.6048504 ], [ 2.4101465, 39.6047005 ] ] ] } },
{ "type": "Feature", "properties": { "PlotID": "MANFV01", "windspeed": 10.0, "time": "60", "clipped_m2": 522.36461816355586, "clipped_ha": 0.052236461816355585, "wspd": "10" }, "geometry": { "type": "Polygon", "coordinates": [ [ [ 2.4127534, 39.5994878 ], [ 2.4127405, 39.5994828 ], [ 2.4127043, 39.5995496 ], [ 2.4126879, 39.5995358 ], [ 2.4126745, 39.5995209 ], [ 2.4126637, 39.5995054 ], [ 2.4126556, 39.5994899 ], [ 2.4126499, 39.5994747 ], [ 2.4126461, 39.5994601 ], [ 2.4126442, 39.5994463 ], [ 2.4126437, 39.5994333 ], [ 2.4126444, 39.5994213 ], [ 2.4126462, 39.5994101 ], [ 2.4126487, 39.5993998 ], [ 2.412652, 39.5993904 ], [ 2.4126557, 39.5993817 ], [ 2.4126599, 39.5993738 ], [ 2.4126644, 39.5993666 ], [ 2.4126692, 39.59936 ], [ 2.4126742, 39.5993541 ], [ 2.4126794, 39.5993486 ], [ 2.4126847, 39.5993437 ], [ 2.4126901, 39.5993392 ], [ 2.4126956, 39.5993351 ], [ 2.4127011, 39.5993315 ], [ 2.4127067, 39.599328199999988 ], [ 2.4127124, 39.5993252 ], [ 2.4127181, 39.5993226 ], [ 2.4127239, 39.5993202 ], [ 2.4127297, 39.5993182 ], [ 2.4127355, 39.5993164 ], [ 2.4127414, 39.5993149 ], [ 2.4127473, 39.5993137 ], [ 2.4127533, 39.5993127 ], [ 2.4127593, 39.599312 ], [ 2.4127655, 39.5993115 ], [ 2.4127717, 39.5993113 ], [ 2.4127779, 39.5993113 ], [ 2.4127843, 39.5993116 ], [ 2.4127907, 39.5993122 ], [ 2.4127973, 39.5993131 ], [ 2.4128039, 39.5993143 ], [ 2.4128107, 39.5993159 ], [ 2.4128176, 39.5993178 ], [ 2.4128246, 39.59932 ], [ 2.4128317, 39.5993227 ], [ 2.4128389, 39.5993259 ], [ 2.4128462, 39.5993296 ], [ 2.4128537, 39.5993338 ], [ 2.4128612, 39.5993386 ], [ 2.4128687, 39.5993441 ], [ 2.4128762, 39.5993503 ], [ 2.4128837, 39.5993574 ], [ 2.4128911, 39.5993653 ], [ 2.4128982, 39.5993742 ], [ 2.412905, 39.5993842 ], [ 2.4129113, 39.5993953 ], [ 2.4129168, 39.5994075 ], [ 2.4129213, 39.599421 ], [ 2.4129245, 39.5994356 ], [ 2.4129261, 39.5994514 ], [ 2.4129257, 39.5994681 ], [ 2.4129228, 39.5994855 ], [ 2.412917, 39.5995032 ], [ 2.4129081, 39.5995206 ], [ 2.4128959, 39.5995371 ], [ 2.4128732, 39.5995405 ], [ 2.4128437, 39.5995274 ], [ 2.4128399, 39.5995733 ], [ 2.4128166, 39.5995787 ], [ 2.4127923, 39.5995801 ], [ 2.412768, 39.5995775 ], [ 2.4127534, 39.5994878 ] ] ] } },
{ "type": "Feature", "properties": { "PlotID": "MANFV02", "windspeed": 10.0, "time": "60", "clipped_m2": 2950.1252684239298, "clipped_ha": 0.29501252684239299, "wspd": "10" }, "geometry": { "type": "Polygon", "coordinates": [ [ [ 2.4101126, 39.5967023 ], [ 2.4099714, 39.5974082 ], [ 2.4099129, 39.5972533 ], [ 2.4099226, 39.5970135 ], [ 2.4099407, 39.596863 ], [ 2.4099593, 39.5967661 ], [ 2.4099762, 39.5967012 ], [ 2.409991, 39.5966562 ], [ 2.4100038, 39.5966238 ], [ 2.4100149, 39.5965998 ], [ 2.4100245, 39.5965817 ], [ 2.410033, 39.5965676 ], [ 2.4100406, 39.5965565 ], [ 2.4100473, 39.5965476 ], [ 2.4100533, 39.5965403 ], [ 2.4100588, 39.5965343 ], [ 2.4100639, 39.5965294 ], [ 2.4100685, 39.5965252 ], [ 2.4100727, 39.5965217 ], [ 2.4100767, 39.5965187 ], [ 2.4100805, 39.5965161 ], [ 2.410084, 39.5965139 ], [ 2.4100873, 39.596512 ], [ 2.4100904, 39.5965103 ], [ 2.4100935, 39.596508899999989 ], [ 2.4100964, 39.5965076 ], [ 2.4100992, 39.5965065 ], [ 2.4101019, 39.5965056 ], [ 2.4101045, 39.5965048 ], [ 2.4101071, 39.5965041 ], [ 2.4101096, 39.5965036 ], [ 2.410112, 39.5965031 ], [ 2.4101145, 39.5965027 ], [ 2.4101169, 39.5965024 ], [ 2.4101193, 39.5965022 ], [ 2.4101217, 39.5965021 ], [ 2.4101241, 39.596502099999988 ], [ 2.4101265, 39.5965021 ], [ 2.410129, 39.5965022 ], [ 2.4101314, 39.5965025 ], [ 2.410134, 39.5965028 ], [ 2.4101365, 39.5965032 ], [ 2.4101392, 39.5965037 ], [ 2.4101419, 39.5965043 ], [ 2.4101447, 39.596505 ], [ 2.4101476, 39.5965059 ], [ 2.4101506, 39.596507 ], [ 2.4101538, 39.5965082 ], [ 2.4101571, 39.5965096 ], [ 2.4101606, 39.5965113 ], [ 2.4101644, 39.5965133 ], [ 2.4101684, 39.5965156 ], [ 2.4101726, 39.5965184 ], [ 2.4101773, 39.5965216 ], [ 2.4101824, 39.5965254 ], [ 2.4101879, 39.5965301 ], [ 2.410194, 39.5965356 ], [ 2.4102009, 39.5965425 ], [ 2.4102086, 39.5965509 ], [ 2.4102173, 39.5965615 ], [ 2.4102273, 39.596575 ], [ 2.410239, 39.5965924 ], [ 2.4102527, 39.5966155 ], [ 2.410269, 39.5966469 ], [ 2.4102887, 39.5966909 ], [ 2.4103127, 39.5967543 ], [ 2.410342, 39.5968497 ], [ 2.4103766, 39.5969984 ], [ 2.4104128, 39.5972367 ], [ 2.4104328, 39.5976089 ], [ 2.410338, 39.5977955 ], [ 2.4101491, 39.5969971 ], [ 2.4101126, 39.5967023 ] ] ] } },
{ "type": "Feature", "properties": { "PlotID": "MANFV03", "windspeed": 10.0, "time": "60", "clipped_m2": 3724.0515010450035, "clipped_ha": 0.37240515010450037, "wspd": "10" }, "geometry": { "type": "Polygon", "coordinates": [ [ [ 2.4074188, 39.5962156 ], [ 2.4073223, 39.5962139 ], [ 2.40727, 39.5960576 ], [ 2.4072474, 39.5959113 ], [ 2.4072439, 39.5957901 ], [ 2.4072506, 39.5956948 ], [ 2.4072623, 39.5956213 ], [ 2.4072759, 39.5955647 ], [ 2.4072898, 39.5955209 ], [ 2.4073034, 39.5954866 ], [ 2.4073161, 39.5954594 ], [ 2.4074029, 39.5954015 ], [ 2.4073958, 39.5953977 ], [ 2.407388, 39.5953935 ], [ 2.4073811, 39.5953883 ], [ 2.4073749, 39.5953824 ], [ 2.4073755, 39.5953752 ], [ 2.4073831, 39.5953681 ], [ 2.4073903, 39.595362 ], [ 2.407397, 39.5953568 ], [ 2.4074033, 39.5953524 ], [ 2.4074093, 39.5953485 ], [ 2.407415, 39.5953451 ], [ 2.4074205, 39.5953422 ], [ 2.4074258, 39.5953397 ], [ 2.4074308, 39.5953375 ], [ 2.4074357, 39.5953356 ], [ 2.4074405, 39.595334 ], [ 2.4074451, 39.5953325 ], [ 2.4074497, 39.5953314 ], [ 2.4074541, 39.5953304 ], [ 2.4074585, 39.5953295 ], [ 2.4074628, 39.5953289 ], [ 2.4074671, 39.5953284 ], [ 2.4074714, 39.595328 ], [ 2.4074756, 39.5953279 ], [ 2.4074799, 39.5953278 ], [ 2.4074842, 39.5953279 ], [ 2.4074885, 39.5953282 ], [ 2.4074929, 39.5953286 ], [ 2.4074973, 39.5953292 ], [ 2.4075018, 39.59533 ], [ 2.4075065, 39.5953309 ], [ 2.4075112, 39.5953321 ], [ 2.4075161, 39.595333499999988 ], [ 2.4075212, 39.5953351 ], [ 2.4075264, 39.595337 ], [ 2.4075319, 39.5953393 ], [ 2.4075376, 39.5953419 ], [ 2.4075436, 39.5953449 ], [ 2.4075499, 39.5953485 ], [ 2.4075566, 39.5953526 ], [ 2.4075638, 39.5953575 ], [ 2.4075714, 39.5953631 ], [ 2.4075797, 39.5953698 ], [ 2.4075885, 39.5953778 ], [ 2.4075981, 39.5953873 ], [ 2.4076086, 39.5953987 ], [ 2.40762, 39.5954126 ], [ 2.4076326, 39.5954296 ], [ 2.4076463, 39.5954507 ], [ 2.4076615, 39.5954771 ], [ 2.407678, 39.5955106 ], [ 2.4076957, 39.5955536 ], [ 2.4077143, 39.5956093 ], [ 2.4077324, 39.5956821 ], [ 2.4076176, 39.5955791 ], [ 2.4077546, 39.595898 ], [ 2.407745, 39.596045 ], [ 2.4077066, 39.5962038 ], [ 2.4076304, 39.5963368 ], [ 2.4075216, 39.596371 ], [ 2.4074188, 39.5962156 ] ] ] } },
{ "type": "Feature", "properties": { "PlotID": "MANFV04", "windspeed": 10.0, "time": "60", "clipped_m2": 319.77353086951189, "clipped_ha": 0.031977353086951189, "wspd": "10" }, "geometry": { "type": "Polygon", "coordinates": [ [ [ 2.40511, 39.5902646 ], [ 2.405097, 39.5902167 ], [ 2.405091, 39.590181 ], [ 2.4050889, 39.5901551 ], [ 2.4050888, 39.5901362 ], [ 2.4050897, 39.5901223 ], [ 2.4050911, 39.5901118 ], [ 2.4050927, 39.5901038 ], [ 2.4050944, 39.5900975 ], [ 2.4050961, 39.5900925 ], [ 2.4050977, 39.5900885 ], [ 2.4050992, 39.5900852 ], [ 2.4051007, 39.5900824 ], [ 2.405102, 39.5900802 ], [ 2.4051034, 39.5900782 ], [ 2.4051046, 39.5900766 ], [ 2.4051058, 39.5900752 ], [ 2.4051069, 39.590074 ], [ 2.405108, 39.5900729 ], [ 2.4051091, 39.590072 ], [ 2.4051101, 39.5900711 ], [ 2.405111, 39.5900704 ], [ 2.405112, 39.5900698 ], [ 2.4051129, 39.5900692 ], [ 2.4051138, 39.5900687 ], [ 2.4051147, 39.5900682 ], [ 2.4051155, 39.5900678 ], [ 2.4051164, 39.590067499999989 ], [ 2.4051172, 39.5900672 ], [ 2.405118, 39.5900669 ], [ 2.4051189, 39.5900667 ], [ 2.4051197, 39.5900664 ], [ 2.4051205, 39.5900663 ], [ 2.4051213, 39.5900661 ], [ 2.4051222, 39.590066 ], [ 2.405123, 39.5900659 ], [ 2.4051239, 39.5900658 ], [ 2.4051248, 39.5900658 ], [ 2.4051257, 39.5900658 ], [ 2.4051266, 39.5900658 ], [ 2.4051276, 39.5900659 ], [ 2.4051286, 39.590066 ], [ 2.4051296, 39.5900661 ], [ 2.4051307, 39.5900663 ], [ 2.4051318, 39.5900665 ], [ 2.405133, 39.5900668 ], [ 2.4051343, 39.5900672 ], [ 2.4051356, 39.5900676 ], [ 2.4051371, 39.5900682 ], [ 2.4051386, 39.5900688 ], [ 2.4051403, 39.5900696 ], [ 2.4051421, 39.590070499999989 ], [ 2.4051441, 39.5900716 ], [ 2.4051463, 39.5900729 ], [ 2.4051488, 39.5900746 ], [ 2.4051515, 39.5900766 ], [ 2.4051547, 39.5900792 ], [ 2.4051582, 39.5900824 ], [ 2.4051624, 39.5900864 ], [ 2.4051672, 39.5900916 ], [ 2.4051728, 39.5900985 ], [ 2.4051796, 39.5901076 ], [ 2.4051877, 39.5901201 ], [ 2.4051974, 39.5901374 ], [ 2.405209, 39.5901618 ], [ 2.4052221, 39.5901963 ], [ 2.4052352, 39.5902442 ], [ 2.4052435, 39.5903049 ], [ 2.4052379, 39.5903655 ], [ 2.4052112, 39.5903962 ], [ 2.4051707, 39.5903764 ], [ 2.405134, 39.5903227 ], [ 2.40511, 39.5902646 ] ] ] } },
{ "type": "Feature", "properties": { "PlotID": "MANFV05", "windspeed": 10.0, "time": "60", "clipped_m2": 2674.0701337382197, "clipped_ha": 0.267407013373822, "wspd": "10" }, "geometry": { "type": "Polygon", "coordinates": [ [ [ 2.4084692, 39.5912099 ], [ 2.4083881, 39.5913678 ], [ 2.4083423, 39.591293 ], [ 2.4083354, 39.5911644 ], [ 2.4083373, 39.5910723 ], [ 2.4083434, 39.5910051 ], [ 2.4084315, 39.5908621 ], [ 2.4084194, 39.5908592 ], [ 2.4084061, 39.5908565 ], [ 2.4083914, 39.5908534 ], [ 2.4083847, 39.5908445 ], [ 2.4083922, 39.5908291 ], [ 2.4083994, 39.5908163 ], [ 2.4084061, 39.5908057 ], [ 2.4084124, 39.5907967 ], [ 2.4084184, 39.590789099999988 ], [ 2.4084241, 39.5907825 ], [ 2.4084295, 39.5907769 ], [ 2.4084347, 39.5907719 ], [ 2.4084396, 39.5907676 ], [ 2.4084444, 39.5907638 ], [ 2.408449, 39.5907605 ], [ 2.4084534, 39.5907576 ], [ 2.4084577, 39.590755 ], [ 2.4084619, 39.590752599999988 ], [ 2.408466, 39.5907506 ], [ 2.4084701, 39.5907487 ], [ 2.408474, 39.5907471 ], [ 2.4084788, 39.5907465 ], [ 2.408485, 39.5907485 ], [ 2.40849, 39.59075 ], [ 2.4084941, 39.5907513 ], [ 2.4084976, 39.5907524 ], [ 2.4085006, 39.5907533 ], [ 2.4085033, 39.5907542 ], [ 2.4085057, 39.5907549 ], [ 2.408508, 39.5907556 ], [ 2.4085101, 39.5907563 ], [ 2.4085122, 39.5907569 ], [ 2.4085142, 39.5907576 ], [ 2.4085162, 39.5907582 ], [ 2.4085182, 39.5907588 ], [ 2.4085202, 39.5907595 ], [ 2.4085223, 39.5907601 ], [ 2.4085246, 39.5907608 ], [ 2.408527, 39.5907616 ], [ 2.4085296, 39.5907624 ], [ 2.4085325, 39.5907633 ], [ 2.4085358, 39.5907643 ], [ 2.4085397, 39.5907655 ], [ 2.4085444, 39.590767 ], [ 2.4085503, 39.5907688 ], [ 2.4085579, 39.5907712 ], [ 2.4086138, 39.5907738 ], [ 2.4086252, 39.5907817 ], [ 2.4086381, 39.5907913 ], [ 2.4086527, 39.5908034 ], [ 2.4086694, 39.5908185 ], [ 2.4086887, 39.5908378 ], [ 2.4087113, 39.5908627 ], [ 2.408738, 39.5908955 ], [ 2.4087701, 39.5909396 ], [ 2.4088089, 39.5909999 ], [ 2.4086759, 39.5909254 ], [ 2.4086399, 39.5909167 ], [ 2.4089798, 39.59138 ], [ 2.4090493, 39.5916286 ], [ 2.4090984, 39.5919552 ], [ 2.408612, 39.5910568 ], [ 2.4085771, 39.5910516 ], [ 2.4085445, 39.5910468 ], [ 2.4085412, 39.5920408 ], [ 2.4084692, 39.5912099 ] ] ] } },
{ "type": "Feature", "properties": { "PlotID": "MANFV06", "windspeed": 10.0, "time": "60", "clipped_m2": 7335.4194518016884, "clipped_ha": 0.7335419451801688, "wspd": "10" }, "geometry": { "type": "Polygon", "coordinates": [ [ [ 2.4154419, 39.5841567 ], [ 2.4153643, 39.5841219 ], [ 2.4152955, 39.584078 ], [ 2.4152367, 39.5840276 ], [ 2.4151881, 39.5839732 ], [ 2.4151497, 39.583917 ], [ 2.4151207, 39.5838607 ], [ 2.4151001, 39.5838057 ], [ 2.4151914, 39.5836711 ], [ 2.4150802, 39.5837027 ], [ 2.4150787, 39.583655799999988 ], [ 2.4150816, 39.5836122 ], [ 2.4150881, 39.5835718 ], [ 2.4150976, 39.5835347 ], [ 2.4151094, 39.5835007 ], [ 2.4151232, 39.5834695 ], [ 2.4151384, 39.5834411 ], [ 2.4151548, 39.5834151 ], [ 2.4151722, 39.5833914 ], [ 2.4151903, 39.5833699 ], [ 2.415209, 39.5833504 ], [ 2.4152282, 39.5833326 ], [ 2.4152477, 39.5833165 ], [ 2.4152675, 39.5833019 ], [ 2.4152876, 39.5832887 ], [ 2.4153078, 39.5832769 ], [ 2.4153282, 39.5832663 ], [ 2.4153488, 39.5832568 ], [ 2.4153695, 39.5832484 ], [ 2.4153904, 39.5832411 ], [ 2.4154114, 39.5832348 ], [ 2.4154326, 39.5832294 ], [ 2.415454, 39.583225 ], [ 2.4154755, 39.5832215 ], [ 2.4154973, 39.5832189 ], [ 2.4155193, 39.5832172 ], [ 2.4155416, 39.5832165 ], [ 2.4155641, 39.5832167 ], [ 2.415587, 39.5832178 ], [ 2.4156102, 39.58322 ], [ 2.4156338, 39.5832233 ], [ 2.4156577, 39.5832276 ], [ 2.415682, 39.5832332 ], [ 2.4157068, 39.5832401 ], [ 2.415732, 39.5832483 ], [ 2.4157576, 39.5832581 ], [ 2.4157836, 39.5832695 ], [ 2.41581, 39.5832827 ], [ 2.4158368, 39.5832979 ], [ 2.4158638, 39.5833153 ], [ 2.415891, 39.5833352 ], [ 2.4159182, 39.5833576 ], [ 2.4159452, 39.5833831 ], [ 2.4159718, 39.5834117 ], [ 2.4159976, 39.5834439 ], [ 2.416022, 39.5834798 ], [ 2.4160446, 39.5835199 ], [ 2.4160646, 39.5835642 ], [ 2.416081, 39.5836129 ], [ 2.4160927, 39.583666 ], [ 2.4160985, 39.5837231 ], [ 2.416097, 39.5837837 ], [ 2.4160866, 39.5838468 ], [ 2.4160659, 39.5839109 ], [ 2.4160337, 39.5839741 ], [ 2.4159893, 39.5840339 ], [ 2.4159326, 39.5840876 ], [ 2.4158644, 39.5841323 ], [ 2.4157866, 39.5841653 ], [ 2.4157019, 39.584184799999989 ], [ 2.4156139, 39.5841897 ], [ 2.415526, 39.5841799 ], [ 2.4154419, 39.5841567 ] ] ] } },
{ "type": "Feature", "properties": { "PlotID": "MANFV07", "windspeed": 10.0, "time": "60", "clipped_m2": 44854.614046439528, "clipped_ha": 4.4854614046439529, "wspd": "10" }, "geometry": { "type": "Polygon", "coordinates": [ [ [ 2.4086173, 39.5853019 ], [ 2.4084597, 39.5847354 ], [ 2.4083859, 39.5843105 ], [ 2.4083587, 39.5840008 ], [ 2.4083562, 39.5837748 ], [ 2.4086029, 39.5832628 ], [ 2.4083826, 39.5834815 ], [ 2.4084015, 39.5833846 ], [ 2.4084213, 39.5833089 ], [ 2.408441, 39.5832486 ], [ 2.4084601, 39.5832 ], [ 2.4084785, 39.5831602 ], [ 2.408496, 39.5831273 ], [ 2.4085127, 39.5830997 ], [ 2.4085285, 39.5830763 ], [ 2.4085435, 39.5830564 ], [ 2.4085578, 39.5830393 ], [ 2.4085715, 39.5830245 ], [ 2.4085845, 39.5830116 ], [ 2.4085971, 39.5830003 ], [ 2.4086092, 39.5829903 ], [ 2.4086209, 39.5829816 ], [ 2.4086323, 39.5829738 ], [ 2.4086512, 39.5829701 ], [ 2.4086571, 39.5829622 ], [ 2.4086646, 39.5829553 ], [ 2.408675, 39.5829504 ], [ 2.4086852, 39.5829461 ], [ 2.4086953, 39.5829422 ], [ 2.4087054, 39.5829388 ], [ 2.4087154, 39.5829359 ], [ 2.4087254, 39.5829333 ], [ 2.4087354, 39.5829311 ], [ 2.4087455, 39.5829292 ], [ 2.4087556, 39.5829277 ], [ 2.4087659, 39.5829266 ], [ 2.4087764, 39.5829258 ], [ 2.4087871, 39.5829254 ], [ 2.4087981, 39.5829253 ], [ 2.4088093, 39.582925599999989 ], [ 2.408821, 39.5829263 ], [ 2.408833, 39.5829275 ], [ 2.4088455, 39.5829292 ], [ 2.408849, 39.5829409 ], [ 2.4088723, 39.5829342 ], [ 2.4088201, 39.5829842 ], [ 2.4089021, 39.582942 ], [ 2.4089183, 39.5829473 ], [ 2.4088064, 39.5830047 ], [ 2.408804, 39.5830084 ], [ 2.4089748, 39.5829705 ], [ 2.4089969, 39.5829816 ], [ 2.4090211, 39.5829951 ], [ 2.4090478, 39.5830114 ], [ 2.4090776, 39.5830313 ], [ 2.4091109, 39.5830559 ], [ 2.4091487, 39.5830864 ], [ 2.4091918, 39.5831248 ], [ 2.4092415, 39.5831736 ], [ 2.409188, 39.5831907 ], [ 2.4091721, 39.5832207 ], [ 2.4094491, 39.583429 ], [ 2.4095465, 39.5835785 ], [ 2.4096633, 39.5837857 ], [ 2.4098017, 39.5840769 ], [ 2.4099582, 39.5844883 ], [ 2.410113, 39.5850552 ], [ 2.4102088, 39.5857696 ], [ 2.4101397, 39.5864777 ], [ 2.4098219, 39.5868364 ], [ 2.4093426, 39.5866092 ], [ 2.4089062, 39.5859844 ], [ 2.4086173, 39.5853019 ] ] ] } },
{ "type": "Feature", "properties": { "PlotID": "MANFV08", "windspeed": 10.0, "time": "60", "clipped_m2": 263.23574151281355, "clipped_ha": 0.026323574151281354, "wspd": "10" }, "geometry": { "type": "Polygon", "coordinates": [ [ [ 2.4202246, 39.6016067 ], [ 2.4202188, 39.601608 ], [ 2.4202125, 39.6016097 ], [ 2.4202055, 39.6016117 ], [ 2.4201976, 39.601613799999988 ], [ 2.4201885, 39.6016163 ], [ 2.4200854, 39.60174 ], [ 2.4201642, 39.601623 ], [ 2.4201469, 39.6016277 ], [ 2.4201235, 39.6016341 ], [ 2.4200891, 39.6016435 ], [ 2.4200631, 39.6016429 ], [ 2.4200648, 39.601627 ], [ 2.4200677, 39.6016123 ], [ 2.4200716, 39.6015989 ], [ 2.4200763, 39.6015866 ], [ 2.4200817, 39.6015754 ], [ 2.4200875, 39.6015652 ], [ 2.4200938, 39.6015559 ], [ 2.4201003, 39.601547499999988 ], [ 2.4201161, 39.6015412 ], [ 2.4201343, 39.6015374 ], [ 2.4201479, 39.6015345 ], [ 2.4201587, 39.6015323 ], [ 2.4201674, 39.6015305 ], [ 2.4201747, 39.601529 ], [ 2.4201811, 39.6015277 ], [ 2.4201867, 39.6015265 ], [ 2.4201918, 39.6015255 ], [ 2.4201965, 39.6015245 ], [ 2.4202009, 39.6015236 ], [ 2.4202052, 39.6015227 ], [ 2.4202093, 39.6015219 ], [ 2.4202133, 39.6015211 ], [ 2.4202174, 39.6015202 ], [ 2.4202215, 39.6015194 ], [ 2.4202257, 39.6015185 ], [ 2.4202302, 39.6015176 ], [ 2.420235, 39.6015166 ], [ 2.4202503, 39.6014873 ], [ 2.4202586, 39.6014882 ], [ 2.420267, 39.6014894 ], [ 2.42026, 39.6015115 ], [ 2.420269, 39.6015096 ], [ 2.4202802, 39.6015073 ], [ 2.4202947, 39.6015043 ], [ 2.4203112, 39.6015023 ], [ 2.4203205, 39.6015064 ], [ 2.42033, 39.6015113 ], [ 2.4203396, 39.6015168 ], [ 2.4203492, 39.6015231 ], [ 2.420359, 39.6015304 ], [ 2.4203688, 39.6015385 ], [ 2.4203785, 39.6015478 ], [ 2.4203881, 39.6015582 ], [ 2.4203975, 39.60157 ], [ 2.4203767, 39.6015788 ], [ 2.4203497, 39.6015838 ], [ 2.4203301, 39.6015874 ], [ 2.4203149, 39.6015902 ], [ 2.4203028, 39.6015924 ], [ 2.4202926, 39.6015943 ], [ 2.420284, 39.6015959 ], [ 2.4202763, 39.6015973 ], [ 2.4202694, 39.6015985 ], [ 2.4202631, 39.6015997 ], [ 2.4202572, 39.6016008 ], [ 2.4202516, 39.6016018 ], [ 2.4202461, 39.6016028 ], [ 2.4202408, 39.6016038 ], [ 2.4202355, 39.6016047 ], [ 2.4202301, 39.6016057 ], [ 2.4202246, 39.6016067 ] ] ] } },
{ "type": "Feature", "properties": { "PlotID": "MANFV09", "windspeed": 10.0, "time": "60", "clipped_m2": 479.71529801329598, "clipped_ha": 0.047971529801329599, "wspd": "10" }, "geometry": { "type": "Polygon", "coordinates": [ [ [ 2.4128367, 39.600654299999988 ], [ 2.4128266, 39.600591 ], [ 2.4128234, 39.6005483 ], [ 2.4128235, 39.6005194 ], [ 2.412825, 39.6004994 ], [ 2.412827, 39.6004851 ], [ 2.4128291, 39.6004746 ], [ 2.4128312, 39.6004667 ], [ 2.4128333, 39.6004607 ], [ 2.4128352, 39.6004559 ], [ 2.412837, 39.6004521 ], [ 2.4128386, 39.600449 ], [ 2.4128401, 39.6004465 ], [ 2.4128416, 39.6004444 ], [ 2.4128429, 39.6004426 ], [ 2.4128442, 39.6004411 ], [ 2.4128454, 39.6004398 ], [ 2.4128465, 39.6004387 ], [ 2.4128475, 39.6004378 ], [ 2.4128486, 39.6004369 ], [ 2.4128495, 39.6004362 ], [ 2.4128505, 39.6004355 ], [ 2.4128514, 39.600435 ], [ 2.4128522, 39.6004345 ], [ 2.4128531, 39.600434 ], [ 2.4128539, 39.6004336 ], [ 2.4128547, 39.6004333 ], [ 2.4128555, 39.600433 ], [ 2.4128563, 39.6004327 ], [ 2.4128571, 39.6004325 ], [ 2.4128579, 39.6004323 ], [ 2.4128587, 39.6004321 ], [ 2.4128594, 39.600432 ], [ 2.4128602, 39.6004318 ], [ 2.412861, 39.6004317 ], [ 2.4128618, 39.6004317 ], [ 2.4128626, 39.6004316 ], [ 2.4128634, 39.6004316 ], [ 2.4128642, 39.6004317 ], [ 2.4128651, 39.6004317 ], [ 2.412866, 39.6004318 ], [ 2.4128669, 39.6004319 ], [ 2.4128678, 39.600432 ], [ 2.4128688, 39.6004322 ], [ 2.4128699, 39.6004325 ], [ 2.412871, 39.6004328 ], [ 2.4128721, 39.6004331 ], [ 2.4128734, 39.6004336 ], [ 2.4128747, 39.6004341 ], [ 2.4128761, 39.6004347 ], [ 2.4128777, 39.6004355 ], [ 2.4128793, 39.6004364 ], [ 2.4128812, 39.6004375 ], [ 2.4128832, 39.6004388 ], [ 2.4128855, 39.6004404 ], [ 2.412888, 39.6004424 ], [ 2.4128909, 39.6004448 ], [ 2.4128943, 39.600448 ], [ 2.4128981, 39.6004519 ], [ 2.4129027, 39.6004571 ], [ 2.4129081, 39.600464 ], [ 2.4129147, 39.6004733 ], [ 2.4129228, 39.6004862 ], [ 2.412933, 39.6005047 ], [ 2.4129457, 39.6005319 ], [ 2.4129613, 39.6005729 ], [ 2.4129794, 39.6006351 ], [ 2.4129951, 39.6007241 ], [ 2.4129946, 39.600826 ], [ 2.4129611, 39.6008808 ], [ 2.4129057, 39.600838 ], [ 2.4128608, 39.6007422 ], [ 2.4128367, 39.600654299999988 ] ] ] } },
{ "type": "Feature", "properties": { "PlotID": "MANFV10", "windspeed": 10.0, "time": "60", "clipped_m2": 417.39109547063708, "clipped_ha": 0.04173910954706371, "wspd": "10" }, "geometry": { "type": "Polygon", "coordinates": [ [ [ 2.412853, 39.5954988 ], [ 2.4128339, 39.5954085 ], [ 2.4128272, 39.5953491 ], [ 2.4128261, 39.5953112 ], [ 2.4128271, 39.5952866 ], [ 2.4128289, 39.5952699 ], [ 2.4128309, 39.5952582 ], [ 2.4128329, 39.5952498 ], [ 2.4128348, 39.5952435 ], [ 2.4128365, 39.5952387 ], [ 2.4128381, 39.5952349 ], [ 2.4128396, 39.595232 ], [ 2.412841, 39.5952296 ], [ 2.4128422, 39.5952276 ], [ 2.4128434, 39.595226 ], [ 2.4128445, 39.5952246 ], [ 2.4128455, 39.595223399999988 ], [ 2.4128465, 39.5952224 ], [ 2.4128473, 39.5952216 ], [ 2.4128482, 39.5952208 ], [ 2.412849, 39.5952202 ], [ 2.4128498, 39.5952196 ], [ 2.4128505, 39.5952192 ], [ 2.4128512, 39.5952187 ], [ 2.4128519, 39.5952183 ], [ 2.4128526, 39.595218 ], [ 2.4128532, 39.5952177 ], [ 2.4128539, 39.5952175 ], [ 2.4128545, 39.5952172 ], [ 2.4128551, 39.595217 ], [ 2.4128557, 39.5952168 ], [ 2.4128563, 39.5952167 ], [ 2.4128569, 39.5952166 ], [ 2.4128575, 39.5952165 ], [ 2.4128581, 39.5952164 ], [ 2.4128587, 39.5952163 ], [ 2.4128593, 39.5952163 ], [ 2.41286, 39.5952162 ], [ 2.4128606, 39.5952162 ], [ 2.4128612, 39.5952163 ], [ 2.4128619, 39.5952163 ], [ 2.4128626, 39.5952164 ], [ 2.4128633, 39.5952165 ], [ 2.412864, 39.5952166 ], [ 2.4128648, 39.5952168 ], [ 2.4128656, 39.595217 ], [ 2.4128665, 39.5952172 ], [ 2.4128674, 39.5952175 ], [ 2.4128683, 39.5952178 ], [ 2.4128693, 39.5952183 ], [ 2.4128704, 39.5952188 ], [ 2.4128716, 39.5952193 ], [ 2.4128729, 39.5952201 ], [ 2.4128744, 39.5952209 ], [ 2.4128759, 39.595222 ], [ 2.4128777, 39.5952232 ], [ 2.4128797, 39.5952248 ], [ 2.4128819, 39.5952268 ], [ 2.4128845, 39.5952293 ], [ 2.4128876, 39.5952324 ], [ 2.4128912, 39.5952366 ], [ 2.4128955, 39.5952421 ], [ 2.4129007, 39.5952497 ], [ 2.4129073, 39.5952603 ], [ 2.4129157, 39.5952757 ], [ 2.4129265, 39.5952989 ], [ 2.4129405, 39.5953352 ], [ 2.412958, 39.5953933 ], [ 2.4129758, 39.595483699999988 ], [ 2.4129807, 39.5955986 ], [ 2.41295, 39.5956649 ], [ 2.4128943, 39.5956092 ], [ 2.412853, 39.5954988 ] ] ] } },
{ "type": "Feature", "properties": { "PlotID": "MANFV11", "windspeed": 10.0, "time": "60", "clipped_m2": 1131.6013028803281, "clipped_ha": 0.11316013028803282, "wspd": "10" }, "geometry": { "type": "Polygon", "coordinates": [ [ [ 2.4073127, 39.598234 ], [ 2.4072751, 39.598179 ], [ 2.4072504, 39.5981201 ], [ 2.4072365, 39.5980651 ], [ 2.4072303, 39.5980172 ], [ 2.4072294, 39.5979772 ], [ 2.4072316, 39.5979443 ], [ 2.4072357, 39.5979174 ], [ 2.4072408, 39.5978954 ], [ 2.4072464, 39.5978775 ], [ 2.4072522, 39.5978626 ], [ 2.4072579, 39.5978503 ], [ 2.4072635, 39.59784 ], [ 2.4072689, 39.5978313 ], [ 2.4072741, 39.5978239 ], [ 2.4072791, 39.5978177 ], [ 2.4072838, 39.5978123 ], [ 2.4072884, 39.5978076 ], [ 2.4072928, 39.5978036 ], [ 2.4072969, 39.5978 ], [ 2.407301, 39.597797 ], [ 2.4073048, 39.5977943 ], [ 2.4073086, 39.5977919 ], [ 2.4073122, 39.5977898 ], [ 2.4073157, 39.597788 ], [ 2.4073192, 39.5977864 ], [ 2.4073225, 39.597785 ], [ 2.4073258, 39.5977837 ], [ 2.4073291, 39.597782699999989 ], [ 2.4073323, 39.5977817 ], [ 2.4073354, 39.597781 ], [ 2.4073386, 39.5977803 ], [ 2.4073417, 39.5977798 ], [ 2.4073448, 39.5977793 ], [ 2.4073479, 39.597779 ], [ 2.4073511, 39.5977788 ], [ 2.4073542, 39.5977787 ], [ 2.4073574, 39.5977788 ], [ 2.4073607, 39.5977789 ], [ 2.407364, 39.5977792 ], [ 2.4073673, 39.597779599999988 ], [ 2.4073708, 39.5977801 ], [ 2.4073744, 39.5977808 ], [ 2.407378, 39.5977816 ], [ 2.4073818, 39.597782699999989 ], [ 2.4073858, 39.5977839 ], [ 2.4073899, 39.5977853 ], [ 2.4073942, 39.5977871 ], [ 2.4073987, 39.5977891 ], [ 2.4074034, 39.5977914 ], [ 2.4074084, 39.5977942 ], [ 2.4074138, 39.5977975 ], [ 2.4074195, 39.5978013 ], [ 2.4074256, 39.5978058 ], [ 2.4074321, 39.5978112 ], [ 2.4074392, 39.5978176 ], [ 2.4074468, 39.5978252 ], [ 2.407455, 39.5978344 ], [ 2.4074639, 39.5978455 ], [ 2.4074735, 39.5978591 ], [ 2.4074838, 39.5978758 ], [ 2.4074946, 39.5978965 ], [ 2.4075058, 39.5979221 ], [ 2.4075168, 39.597954 ], [ 2.4075266, 39.5979933 ], [ 2.4075334, 39.5980411 ], [ 2.4075344, 39.5980972 ], [ 2.4075259, 39.5981587 ], [ 2.4075039, 39.5982186 ], [ 2.4074664, 39.598265 ], [ 2.4074163, 39.5982853 ], [ 2.4073618, 39.5982734 ], [ 2.4073127, 39.598234 ] ] ] } },
{ "type": "Feature", "properties": { "PlotID": "MANFV12", "windspeed": 10.0, "time": "60", "clipped_m2": 178.61351402368746, "clipped_ha": 0.017861351402368747, "wspd": "10" }, "geometry": { "type": "Polygon", "coordinates": [ [ [ 2.4019619, 39.5877946 ], [ 2.4019463, 39.5877829 ], [ 2.4019337, 39.5877685 ], [ 2.4019243, 39.5877531 ], [ 2.4019179, 39.587738 ], [ 2.4019139, 39.5877239 ], [ 2.4019119, 39.587711299999988 ], [ 2.4019112, 39.5877001 ], [ 2.4019115, 39.5876903 ], [ 2.4019125, 39.5876819 ], [ 2.401914, 39.5876746 ], [ 2.4019158, 39.5876683 ], [ 2.4019179, 39.5876629 ], [ 2.40192, 39.5876581 ], [ 2.4019222, 39.587654 ], [ 2.4019244, 39.5876504 ], [ 2.4019266, 39.5876473 ], [ 2.4019287, 39.5876446 ], [ 2.4019309, 39.5876421 ], [ 2.401933, 39.58764 ], [ 2.4019351, 39.5876381 ], [ 2.4019371, 39.5876364 ], [ 2.4019391, 39.5876349 ], [ 2.4019411, 39.5876336 ], [ 2.4019431, 39.5876324 ], [ 2.401945, 39.5876313 ], [ 2.4019469, 39.5876304 ], [ 2.4019487, 39.5876296 ], [ 2.4019506, 39.5876288 ], [ 2.4019524, 39.5876282 ], [ 2.4019543, 39.5876276 ], [ 2.4019561, 39.5876272 ], [ 2.4019579, 39.5876267 ], [ 2.4019598, 39.5876264 ], [ 2.4019616, 39.5876262 ], [ 2.4019635, 39.587626 ], [ 2.4019653, 39.5876258 ], [ 2.4019672, 39.5876258 ], [ 2.4019692, 39.5876258 ], [ 2.4019711, 39.5876259 ], [ 2.4019731, 39.587626 ], [ 2.4019752, 39.587626299999989 ], [ 2.4019773, 39.5876266 ], [ 2.4019795, 39.5876271 ], [ 2.4019817, 39.5876276 ], [ 2.401984, 39.5876283 ], [ 2.4019865, 39.587629 ], [ 2.401989, 39.58763 ], [ 2.4019916, 39.5876311 ], [ 2.4019943, 39.5876324 ], [ 2.4019972, 39.5876339 ], [ 2.4020003, 39.5876357 ], [ 2.4020034, 39.5876378 ], [ 2.4020068, 39.5876402 ], [ 2.4020103, 39.5876431 ], [ 2.4020141, 39.5876465 ], [ 2.402018, 39.5876504 ], [ 2.4020221, 39.5876551 ], [ 2.4020263, 39.5876607 ], [ 2.4020307, 39.5876672 ], [ 2.4020351, 39.587675 ], [ 2.4020393, 39.5876842 ], [ 2.4020432, 39.587695 ], [ 2.4020464, 39.5877075 ], [ 2.4020483, 39.5877218 ], [ 2.4020483, 39.5877377 ], [ 2.4020456, 39.5877546 ], [ 2.4020395, 39.5877713 ], [ 2.4020293, 39.5877862 ], [ 2.4020153, 39.5877973 ], [ 2.4019982, 39.5878027 ], [ 2.4019798, 39.5878017 ], [ 2.4019619, 39.5877946 ] ] ] } },
{ "type": "Feature", "properties": { "PlotID": "MANFV13", "windspeed": 10.0, "time": "60", "clipped_m2": 6041.573543448234, "clipped_ha": 0.60415735434482343, "wspd": "10" }, "geometry": { "type": "Polygon", "coordinates": [ [ [ 2.4037287, 39.5911923 ], [ 2.4036532, 39.5911189 ], [ 2.4035947, 39.5910383 ], [ 2.4035525, 39.5909569 ], [ 2.4035243, 39.5908793 ], [ 2.4035074, 39.5908078 ], [ 2.4034993, 39.590743599999989 ], [ 2.4034977, 39.5906867 ], [ 2.4035008, 39.5906367 ], [ 2.4035074, 39.5905929 ], [ 2.4035163, 39.5905547 ], [ 2.4035268, 39.5905214 ], [ 2.4035383, 39.5904922 ], [ 2.4035506, 39.5904667 ], [ 2.4035632, 39.5904443 ], [ 2.403576, 39.5904245 ], [ 2.4035889, 39.5904071 ], [ 2.4036017, 39.5903917 ], [ 2.4036144, 39.590378 ], [ 2.403627, 39.5903658 ], [ 2.4036395, 39.590355 ], [ 2.4036518, 39.590345299999989 ], [ 2.403664, 39.5903366 ], [ 2.403676, 39.5903289 ], [ 2.4036879, 39.590322 ], [ 2.4036996, 39.5903159 ], [ 2.4037113, 39.5903104 ], [ 2.4037229, 39.5903056 ], [ 2.4037345, 39.5903013 ], [ 2.403746, 39.5902976 ], [ 2.4037575, 39.5902943 ], [ 2.4037691, 39.5902916 ], [ 2.4037806, 39.590289299999988 ], [ 2.4037923, 39.5902874 ], [ 2.4038041, 39.590286 ], [ 2.4038159, 39.590285099999988 ], [ 2.403828, 39.5902846 ], [ 2.4038402, 39.5902845 ], [ 2.4038527, 39.5902849 ], [ 2.4038655, 39.5902858 ], [ 2.4038785, 39.5902872 ], [ 2.4038919, 39.5902892 ], [ 2.4039057, 39.5902918 ], [ 2.40392, 39.5902951 ], [ 2.4039347, 39.590299099999989 ], [ 2.40395, 39.590303899999988 ], [ 2.4039659, 39.5903097 ], [ 2.4039824, 39.5903165 ], [ 2.4039997, 39.5903246 ], [ 2.4040178, 39.590334 ], [ 2.4040368, 39.590345 ], [ 2.4040567, 39.5903579 ], [ 2.4040775, 39.590373 ], [ 2.4040994, 39.5903906 ], [ 2.4041223, 39.5904113 ], [ 2.4041463, 39.5904355 ], [ 2.4041711, 39.5904639 ], [ 2.4041966, 39.5904974 ], [ 2.4042223, 39.5905366 ], [ 2.4042477, 39.5905827 ], [ 2.4042718, 39.5906365 ], [ 2.404293, 39.5906989 ], [ 2.4043092, 39.5907705 ], [ 2.4043176, 39.5908508 ], [ 2.4043146, 39.5909385 ], [ 2.404296, 39.5910298 ], [ 2.4042581, 39.5911188 ], [ 2.4041988, 39.5911972 ], [ 2.4041189, 39.5912553 ], [ 2.4040234, 39.5912852 ], [ 2.4039204, 39.5912828 ], [ 2.4038194, 39.5912498 ], [ 2.4037287, 39.5911923 ] ] ] } },
{ "type": "Feature", "properties": { "PlotID": "MANFV14", "windspeed": 10.0, "time": "60", "clipped_m2": 277.22125514200889, "clipped_ha": 0.027722125514200887, "wspd": "10" }, "geometry": { "type": "Polygon", "coordinates": [ [ [ 2.4107257, 39.5950411 ], [ 2.4107068, 39.5950161 ], [ 2.4106939, 39.5949887 ], [ 2.4106862, 39.5949626 ], [ 2.4106824, 39.5949394 ], [ 2.4106813, 39.5949197 ], [ 2.410682, 39.5949034 ], [ 2.4106837, 39.5948898 ], [ 2.410686, 39.5948787 ], [ 2.4106886, 39.5948695 ], [ 2.4106914, 39.5948619 ], [ 2.4106943, 39.5948555 ], [ 2.410697, 39.5948502 ], [ 2.4106998, 39.5948456 ], [ 2.4107024, 39.5948418 ], [ 2.4107049, 39.5948385 ], [ 2.4107074, 39.5948357 ], [ 2.4107097, 39.5948332 ], [ 2.4107119, 39.5948311 ], [ 2.4107141, 39.5948292 ], [ 2.4107162, 39.5948276 ], [ 2.4107182, 39.5948262 ], [ 2.4107201, 39.5948249 ], [ 2.410722, 39.5948238 ], [ 2.4107239, 39.5948228 ], [ 2.4107257, 39.594822 ], [ 2.4107274, 39.5948212 ], [ 2.4107291, 39.5948206 ], [ 2.4107308, 39.59482 ], [ 2.4107325, 39.5948195 ], [ 2.4107342, 39.5948191 ], [ 2.4107358, 39.5948187 ], [ 2.4107375, 39.5948184 ], [ 2.4107391, 39.5948182 ], [ 2.4107407, 39.594818 ], [ 2.4107424, 39.5948179 ], [ 2.4107441, 39.5948178 ], [ 2.4107457, 39.5948178 ], [ 2.4107475, 39.5948179 ], [ 2.4107492, 39.594818 ], [ 2.410751, 39.5948182 ], [ 2.4107528, 39.5948185 ], [ 2.4107547, 39.5948189 ], [ 2.4107566, 39.5948193 ], [ 2.4107586, 39.5948198 ], [ 2.4107606, 39.5948205 ], [ 2.4107628, 39.5948212 ], [ 2.4107651, 39.594822099999988 ], [ 2.4107674, 39.5948232 ], [ 2.4107699, 39.5948244 ], [ 2.4107726, 39.5948259 ], [ 2.4107754, 39.5948275 ], [ 2.4107783, 39.5948295 ], [ 2.4107815, 39.594831899999988 ], [ 2.4107849, 39.5948347 ], [ 2.4107886, 39.594838 ], [ 2.4107925, 39.5948419 ], [ 2.4107968, 39.5948467 ], [ 2.4108013, 39.5948524 ], [ 2.4108062, 39.5948594 ], [ 2.4108114, 39.5948679 ], [ 2.4108168, 39.5948784 ], [ 2.4108224, 39.5948913 ], [ 2.4108277, 39.5949071 ], [ 2.4108322, 39.5949265 ], [ 2.4108351, 39.5949497 ], [ 2.410835, 39.5949765 ], [ 2.4108302, 39.5950054 ], [ 2.4108189, 39.5950331 ], [ 2.4108004, 39.5950543 ], [ 2.4107761, 39.5950636 ], [ 2.4107497, 39.5950586 ], [ 2.4107257, 39.5950411 ] ] ] } },
{ "type": "Feature", "properties": { "PlotID": "MANFV15", "windspeed": 10.0, "time": "60", "clipped_m2": 236.64802887616679, "clipped_ha": 0.02366480288761668, "wspd": "10" }, "geometry": { "type": "Polygon", "coordinates": [ [ [ 2.4106154, 39.5930738 ], [ 2.4106053, 39.5930038 ], [ 2.4106032, 39.5929591 ], [ 2.410604, 39.5929313 ], [ 2.4106058, 39.5929134 ], [ 2.4106079, 39.5929014 ], [ 2.4106098, 39.5928931 ], [ 2.4106116, 39.5928871 ], [ 2.4106132, 39.5928826 ], [ 2.4106146, 39.5928793 ], [ 2.4106159, 39.5928766 ], [ 2.4106171, 39.5928746 ], [ 2.4106182, 39.5928729 ], [ 2.4106191, 39.5928715 ], [ 2.41062, 39.592870399999988 ], [ 2.4106209, 39.5928694 ], [ 2.4106216, 39.5928686 ], [ 2.4106223, 39.592868 ], [ 2.410623, 39.5928674 ], [ 2.4106236, 39.5928669 ], [ 2.4106242, 39.5928665 ], [ 2.4106248, 39.5928661 ], [ 2.4106253, 39.5928657 ], [ 2.4106258, 39.5928655 ], [ 2.4106263, 39.5928652 ], [ 2.4106268, 39.592865 ], [ 2.4106273, 39.5928648 ], [ 2.4106278, 39.5928646 ], [ 2.4106282, 39.5928645 ], [ 2.4106287, 39.5928643 ], [ 2.4106291, 39.5928642 ], [ 2.4106295, 39.5928641 ], [ 2.41063, 39.5928641 ], [ 2.4106304, 39.592864 ], [ 2.4106308, 39.592864 ], [ 2.4106312, 39.5928639 ], [ 2.4106317, 39.5928639 ], [ 2.4106321, 39.5928639 ], [ 2.4106326, 39.5928639 ], [ 2.410633, 39.592864 ], [ 2.4106335, 39.592864 ], [ 2.410634, 39.5928641 ], [ 2.4106345, 39.5928641 ], [ 2.410635, 39.5928643 ], [ 2.4106355, 39.5928644 ], [ 2.4106361, 39.5928645 ], [ 2.4106367, 39.5928647 ], [ 2.4106373, 39.592865 ], [ 2.410638, 39.5928652 ], [ 2.4106387, 39.5928655 ], [ 2.4106394, 39.5928659 ], [ 2.4106403, 39.5928664 ], [ 2.4106411, 39.5928669 ], [ 2.4106421, 39.5928675 ], [ 2.4106432, 39.5928683 ], [ 2.4106444, 39.5928693 ], [ 2.4106457, 39.592870399999988 ], [ 2.4106473, 39.5928719 ], [ 2.410649, 39.5928737 ], [ 2.4106511, 39.592876 ], [ 2.4106535, 39.5928791 ], [ 2.4106563, 39.5928831 ], [ 2.4106598, 39.592888599999988 ], [ 2.4106642, 39.5928964 ], [ 2.4106697, 39.5929077 ], [ 2.4106767, 39.5929248 ], [ 2.4106857, 39.5929518 ], [ 2.4106967, 39.5929956 ], [ 2.4107075, 39.5930656 ], [ 2.4107081, 39.5931576 ], [ 2.4106826, 39.5932115 ], [ 2.4106419, 39.5931636 ], [ 2.4106154, 39.5930738 ] ] ] } },
{ "type": "Feature", "properties": { "PlotID": "MANFV16", "windspeed": 10.0, "time": "60", "clipped_m2": 760.72583243419649, "clipped_ha": 0.076072583243419645, "wspd": "10" }, "geometry": { "type": "Polygon", "coordinates": [ [ [ 2.4055765, 39.5844993 ], [ 2.4055486, 39.5844882 ], [ 2.4055239, 39.5844728 ], [ 2.4055029, 39.5844544 ], [ 2.4054859, 39.5844343 ], [ 2.4054729, 39.5844135 ], [ 2.4054635, 39.5843927 ], [ 2.4054573, 39.5843726 ], [ 2.4054537, 39.5843536 ], [ 2.4054524, 39.5843359 ], [ 2.4054528, 39.5843195 ], [ 2.4054547, 39.5843046 ], [ 2.4054577, 39.5842911 ], [ 2.4054615, 39.5842788 ], [ 2.4054659, 39.5842677 ], [ 2.4054709, 39.5842577 ], [ 2.4054762, 39.5842488 ], [ 2.4054817, 39.5842407 ], [ 2.4054875, 39.5842334 ], [ 2.4054933, 39.5842269 ], [ 2.4054993, 39.584221 ], [ 2.4055053, 39.5842157 ], [ 2.4055113, 39.5842109 ], [ 2.4055173, 39.5842067 ], [ 2.4055233, 39.5842029 ], [ 2.4055294, 39.5841995 ], [ 2.4055354, 39.5841965 ], [ 2.4055414, 39.5841938 ], [ 2.4055474, 39.5841914 ], [ 2.4055534, 39.5841894 ], [ 2.4055594, 39.5841876 ], [ 2.4055654, 39.5841861 ], [ 2.4055714, 39.5841849 ], [ 2.4055774, 39.5841839 ], [ 2.4055835, 39.5841832 ], [ 2.4055896, 39.5841827 ], [ 2.4055958, 39.5841824 ], [ 2.405602, 39.5841825 ], [ 2.4056083, 39.5841827 ], [ 2.4056147, 39.5841833 ], [ 2.4056212, 39.5841841 ], [ 2.4056278, 39.5841852 ], [ 2.4056345, 39.584186599999988 ], [ 2.4056413, 39.584188399999988 ], [ 2.4056482, 39.5841905 ], [ 2.4056553, 39.584193 ], [ 2.4056625, 39.584196 ], [ 2.4056699, 39.5841994 ], [ 2.4056774, 39.5842033 ], [ 2.405685, 39.5842078 ], [ 2.4056928, 39.584213 ], [ 2.4057008, 39.584219 ], [ 2.4057088, 39.5842257 ], [ 2.4057168, 39.5842334 ], [ 2.4057249, 39.5842421 ], [ 2.4057328, 39.5842519 ], [ 2.4057405, 39.584263 ], [ 2.4057478, 39.5842756 ], [ 2.4057544, 39.5842896 ], [ 2.4057602, 39.5843054 ], [ 2.4057647, 39.5843228 ], [ 2.4057674, 39.5843419 ], [ 2.4057679, 39.5843625 ], [ 2.4057656, 39.5843844 ], [ 2.4057598, 39.5844072 ], [ 2.4057499, 39.58443 ], [ 2.4057356, 39.5844518 ], [ 2.4057167, 39.5844715 ], [ 2.4056933, 39.5844878 ], [ 2.4056663, 39.5844993 ], [ 2.4056369, 39.5845053 ], [ 2.4056064, 39.5845053 ], [ 2.4055765, 39.5844993 ] ] ] } },
{ "type": "Feature", "properties": { "PlotID": "MANFV17", "windspeed": 10.0, "time": "60", "clipped_m2": 343.21045482310001, "clipped_ha": 0.034321045482309999, "wspd": "10" }, "geometry": { "type": "Polygon", "coordinates": [ [ [ 2.4030752, 39.6012978 ], [ 2.403058, 39.601268 ], [ 2.4030467, 39.6012394 ], [ 2.4030401, 39.6012138 ], [ 2.4030369, 39.6011921 ], [ 2.4030359, 39.6011738 ], [ 2.4030364, 39.6011587 ], [ 2.4030378, 39.6011463 ], [ 2.4030398, 39.6011359 ], [ 2.403042, 39.6011273 ], [ 2.4030445, 39.6011201 ], [ 2.403047, 39.601114 ], [ 2.4030495, 39.6011089 ], [ 2.403052, 39.6011045 ], [ 2.4030545, 39.6011007 ], [ 2.4030569, 39.6010974 ], [ 2.4030592, 39.6010946 ], [ 2.4030614, 39.6010921 ], [ 2.4030636, 39.6010899 ], [ 2.4030657, 39.601088 ], [ 2.4030678, 39.6010863 ], [ 2.4030698, 39.6010848 ], [ 2.4030718, 39.6010834 ], [ 2.4030737, 39.6010822 ], [ 2.4030756, 39.6010812 ], [ 2.4030774, 39.6010802 ], [ 2.4030793, 39.6010794 ], [ 2.4030811, 39.6010787 ], [ 2.4030829, 39.601078 ], [ 2.4030846, 39.6010774 ], [ 2.4030864, 39.601076899999988 ], [ 2.4030882, 39.6010765 ], [ 2.40309, 39.6010762 ], [ 2.4030918, 39.6010759 ], [ 2.4030936, 39.6010756 ], [ 2.4030954, 39.6010755 ], [ 2.4030972, 39.6010754 ], [ 2.4030991, 39.6010753 ], [ 2.4031011, 39.6010754 ], [ 2.403103, 39.6010755 ], [ 2.4031051, 39.6010757 ], [ 2.4031072, 39.6010759 ], [ 2.4031093, 39.6010763 ], [ 2.4031116, 39.6010767 ], [ 2.4031139, 39.6010773 ], [ 2.4031164, 39.601078 ], [ 2.403119, 39.601078799999989 ], [ 2.4031217, 39.6010799 ], [ 2.4031246, 39.601081 ], [ 2.4031276, 39.6010825 ], [ 2.4031309, 39.6010842 ], [ 2.4031344, 39.6010862 ], [ 2.4031381, 39.6010886 ], [ 2.4031422, 39.6010914 ], [ 2.4031466, 39.6010948 ], [ 2.4031513, 39.6010989 ], [ 2.4031565, 39.6011039 ], [ 2.4031622, 39.6011099 ], [ 2.4031684, 39.6011173 ], [ 2.403175, 39.6011264 ], [ 2.4031822, 39.6011376 ], [ 2.4031897, 39.6011515 ], [ 2.4031973, 39.601168799999989 ], [ 2.4032045, 39.60119 ], [ 2.4032103, 39.6012156 ], [ 2.4032132, 39.6012455 ], [ 2.4032111, 39.6012781 ], [ 2.4032017, 39.6013098 ], [ 2.4031834, 39.6013348 ], [ 2.4031574, 39.6013468 ], [ 2.4031276, 39.6013429 ], [ 2.4030989, 39.6013247 ], [ 2.4030752, 39.6012978 ] ] ] } },
{ "type": "Feature", "properties": { "PlotID": "MANFV18", "windspeed": 10.0, "time": "60", "clipped_m2": 40.042460318654776, "clipped_ha": 0.0040042460318654776, "wspd": "10" }, "geometry": { "type": "Polygon", "coordinates": [ [ [ 2.4027573, 39.599615 ], [ 2.4027496, 39.5996022 ], [ 2.4027447, 39.5995893 ], [ 2.402742, 39.599578 ], [ 2.4027409, 39.5995686 ], [ 2.4027406, 39.5995611 ], [ 2.402741, 39.599555099999989 ], [ 2.4027416, 39.5995503 ], [ 2.4027424, 39.599546499999988 ], [ 2.4027432, 39.5995434 ], [ 2.4027441, 39.5995409 ], [ 2.402745, 39.5995388 ], [ 2.4027459, 39.5995371 ], [ 2.4027467, 39.5995357 ], [ 2.4027475, 39.5995345 ], [ 2.4027482, 39.5995334 ], [ 2.402749, 39.5995325 ], [ 2.4027496, 39.5995318 ], [ 2.4027503, 39.5995311 ], [ 2.4027509, 39.5995305 ], [ 2.4027515, 39.59953 ], [ 2.4027521, 39.5995296 ], [ 2.4027527, 39.5995292 ], [ 2.4027533, 39.5995289 ], [ 2.4027538, 39.5995286 ], [ 2.4027543, 39.599528299999989 ], [ 2.4027548, 39.599528 ], [ 2.4027553, 39.5995278 ], [ 2.4027558, 39.5995276 ], [ 2.4027563, 39.5995275 ], [ 2.4027568, 39.5995273 ], [ 2.4027573, 39.5995272 ], [ 2.4027578, 39.5995271 ], [ 2.4027583, 39.599527 ], [ 2.4027587, 39.599527 ], [ 2.4027592, 39.5995269 ], [ 2.4027597, 39.5995269 ], [ 2.4027602, 39.5995269 ], [ 2.4027607, 39.5995269 ], [ 2.4027612, 39.5995269 ], [ 2.4027618, 39.5995269 ], [ 2.4027623, 39.599527 ], [ 2.4027629, 39.5995271 ], [ 2.4027635, 39.5995272 ], [ 2.4027641, 39.5995273 ], [ 2.4027647, 39.5995275 ], [ 2.4027654, 39.599527699999989 ], [ 2.4027661, 39.5995279 ], [ 2.4027668, 39.5995282 ], [ 2.4027676, 39.5995286 ], [ 2.4027684, 39.599529 ], [ 2.4027693, 39.5995294 ], [ 2.4027702, 39.59953 ], [ 2.4027713, 39.5995307 ], [ 2.4027724, 39.5995315 ], [ 2.4027736, 39.5995325 ], [ 2.402775, 39.5995336 ], [ 2.4027765, 39.5995351 ], [ 2.4027781, 39.5995368 ], [ 2.4027799, 39.599539 ], [ 2.4027819, 39.5995417 ], [ 2.4027842, 39.5995452 ], [ 2.4027866, 39.5995496 ], [ 2.4027893, 39.5995552 ], [ 2.402792, 39.5995625 ], [ 2.4027946, 39.5995717 ], [ 2.4027964, 39.5995831 ], [ 2.4027968, 39.5995966 ], [ 2.4027945, 39.5996105 ], [ 2.4027884, 39.5996221 ], [ 2.4027788, 39.5996274 ], [ 2.4027676, 39.5996246 ], [ 2.4027573, 39.599615 ] ] ] } },
{ "type": "Feature", "properties": { "PlotID": "MANFV19", "windspeed": 10.0, "time": "60", "clipped_m2": 29.805780667251383, "clipped_ha": 0.0029805780667251382, "wspd": "10" }, "geometry": { "type": "Polygon", "coordinates": [ [ [ 2.4026568, 39.6002619 ], [ 2.4026519, 39.60026 ], [ 2.4026475, 39.6002574 ], [ 2.4026436, 39.6002545 ], [ 2.4026404, 39.6002512 ], [ 2.4026378, 39.6002478 ], [ 2.4026358, 39.6002444 ], [ 2.4026343, 39.600241 ], [ 2.4026333, 39.6002377 ], [ 2.4026327, 39.6002346 ], [ 2.4026324, 39.6002316 ], [ 2.4026324, 39.6002288 ], [ 2.4026327, 39.6002262 ], [ 2.4026332, 39.6002238 ], [ 2.4026339, 39.6002216 ], [ 2.4026347, 39.6002196 ], [ 2.4026356, 39.6002177 ], [ 2.4026366, 39.600216 ], [ 2.4026376, 39.6002144 ], [ 2.4026388, 39.600213 ], [ 2.4026399, 39.6002117 ], [ 2.4026411, 39.6002105 ], [ 2.4026424, 39.6002094 ], [ 2.4026437, 39.6002084 ], [ 2.4026449, 39.6002075 ], [ 2.4026463, 39.6002067 ], [ 2.4026476, 39.600206 ], [ 2.4026489, 39.6002054 ], [ 2.4026503, 39.6002048 ], [ 2.4026516, 39.6002043 ], [ 2.402653, 39.6002038 ], [ 2.4026544, 39.6002035 ], [ 2.4026558, 39.6002031 ], [ 2.4026572, 39.6002029 ], [ 2.4026587, 39.6002027 ], [ 2.4026601, 39.600202599999989 ], [ 2.4026616, 39.6002025 ], [ 2.4026631, 39.6002025 ], [ 2.4026646, 39.6002025 ], [ 2.4026661, 39.6002027 ], [ 2.4026677, 39.6002029 ], [ 2.4026693, 39.6002031 ], [ 2.4026709, 39.6002035 ], [ 2.4026725, 39.6002039 ], [ 2.4026742, 39.6002044 ], [ 2.4026759, 39.6002051 ], [ 2.4026776, 39.6002058 ], [ 2.4026793, 39.6002067 ], [ 2.4026811, 39.6002076 ], [ 2.4026829, 39.6002088 ], [ 2.4026846, 39.60021 ], [ 2.4026864, 39.6002115 ], [ 2.4026882, 39.6002131 ], [ 2.4026899, 39.600215 ], [ 2.4026915, 39.600217 ], [ 2.4026931, 39.6002193 ], [ 2.4026945, 39.6002219 ], [ 2.4026958, 39.6002247 ], [ 2.4026968, 39.6002278 ], [ 2.4026975, 39.6002311 ], [ 2.4026978, 39.6002347 ], [ 2.4026977, 39.6002385 ], [ 2.402697, 39.6002424 ], [ 2.4026957, 39.6002463 ], [ 2.4026936, 39.6002502 ], [ 2.4026908, 39.6002539 ], [ 2.4026873, 39.6002572 ], [ 2.4026831, 39.6002599 ], [ 2.4026782, 39.600262 ], [ 2.402673, 39.6002632 ], [ 2.4026676, 39.6002636 ], [ 2.4026621, 39.6002632 ], [ 2.4026568, 39.6002619 ] ] ] } },
{ "type": "Feature", "properties": { "PlotID": "MANFV20", "windspeed": 10.0, "time": "60", "clipped_m2": 5138.0435429085046, "clipped_ha": 0.51380435429085047, "wspd": "10" }, "geometry": { "type": "Polygon", "coordinates": [ [ [ 2.4147806, 39.5918852 ], [ 2.4147095, 39.5918464 ], [ 2.414676, 39.5917102 ], [ 2.4146604, 39.5916016 ], [ 2.4146558, 39.5915167 ], [ 2.4146574, 39.5914506 ], [ 2.4146625, 39.5913989 ], [ 2.4146695, 39.5913579 ], [ 2.4146774, 39.5913252 ], [ 2.4146856, 39.5912988 ], [ 2.4146939, 39.5912771 ], [ 2.4147019, 39.5912592 ], [ 2.4147098, 39.5912442 ], [ 2.4147173, 39.5912316 ], [ 2.4147245, 39.591220799999988 ], [ 2.4147314, 39.5912116 ], [ 2.4147381, 39.5912037 ], [ 2.4147444, 39.5911968 ], [ 2.4147506, 39.5911907 ], [ 2.4147565, 39.5911855 ], [ 2.4147622, 39.5911808 ], [ 2.4147677, 39.5911767 ], [ 2.4147731, 39.591173 ], [ 2.4147783, 39.5911698 ], [ 2.4147834, 39.5911669 ], [ 2.4147885, 39.5911644 ], [ 2.4147934, 39.5911621 ], [ 2.4147983, 39.5911601 ], [ 2.4148031, 39.591158299999989 ], [ 2.4148079, 39.5911567 ], [ 2.4148126, 39.5911553 ], [ 2.4148174, 39.5911541 ], [ 2.4148222, 39.5911531 ], [ 2.414827, 39.5911523 ], [ 2.4148318, 39.5911516 ], [ 2.4148368, 39.5911511 ], [ 2.4148417, 39.5911508 ], [ 2.4148468, 39.5911507 ], [ 2.414852, 39.5911507 ], [ 2.4148574, 39.5911509 ], [ 2.4148629, 39.5911513 ], [ 2.4148686, 39.591152 ], [ 2.4148745, 39.5911528 ], [ 2.4148806, 39.591154 ], [ 2.4148871, 39.5911554 ], [ 2.4148939, 39.5911572 ], [ 2.414901, 39.5911593 ], [ 2.4149086, 39.5911619 ], [ 2.4149167, 39.591165 ], [ 2.4149253, 39.5911688 ], [ 2.4149346, 39.5911732 ], [ 2.4149447, 39.5911786 ], [ 2.4149557, 39.591185 ], [ 2.4149677, 39.5911928 ], [ 2.4149808, 39.5912022 ], [ 2.4149807, 39.5912119 ], [ 2.4149806, 39.5912219 ], [ 2.4149805, 39.5912324 ], [ 2.4150511, 39.5912674 ], [ 2.4150746, 39.5912952 ], [ 2.4151014, 39.5913309 ], [ 2.4151319, 39.5913771 ], [ 2.4151663, 39.5914376 ], [ 2.4152042, 39.5915174 ], [ 2.4152439, 39.5916223 ], [ 2.4152807, 39.591758 ], [ 2.4153046, 39.5919248 ], [ 2.4152987, 39.5921084 ], [ 2.4152441, 39.5922681 ], [ 2.4151356, 39.5923454 ], [ 2.4149971, 39.5923064 ], [ 2.4148672, 39.5921752 ], [ 2.4147806, 39.5918852 ] ] ] } },
{ "type": "Feature", "properties": { "PlotID": "MANFV21", "windspeed": 10.0, "time": "60", "clipped_m2": 6721.8047040998936, "clipped_ha": 0.67218047040998941, "wspd": "10" }, "geometry": { "type": "Polygon", "coordinates": [ [ [ 2.4044503, 39.5855089 ], [ 2.4043829, 39.585323 ], [ 2.4043466, 39.5851675 ], [ 2.4043303, 39.585044499999988 ], [ 2.404326, 39.584949 ], [ 2.4043285, 39.584875 ], [ 2.4043347, 39.5848173 ], [ 2.4043429, 39.5847718 ], [ 2.4043519, 39.5847355 ], [ 2.4043612, 39.5847062 ], [ 2.4043705, 39.5846823 ], [ 2.4043795, 39.5846625 ], [ 2.4043882, 39.584646 ], [ 2.4043966, 39.5846321 ], [ 2.4044047, 39.5846202 ], [ 2.4044123, 39.5846101 ], [ 2.4044197, 39.5846014 ], [ 2.4044268, 39.5845938 ], [ 2.4044335, 39.5845872 ], [ 2.4044401, 39.5845814 ], [ 2.4044464, 39.5845763 ], [ 2.4044525, 39.5845718 ], [ 2.4044584, 39.5845678 ], [ 2.4044642, 39.5845642 ], [ 2.4044698, 39.5845611 ], [ 2.4044754, 39.5845583 ], [ 2.4044808, 39.5845558 ], [ 2.4044862, 39.5845536 ], [ 2.4044915, 39.5845516 ], [ 2.4044967, 39.5845499 ], [ 2.404502, 39.5845484 ], [ 2.4045072, 39.5845471 ], [ 2.4045125, 39.584546 ], [ 2.4045178, 39.5845451 ], [ 2.4045231, 39.5845444 ], [ 2.4045285, 39.5845439 ], [ 2.404534, 39.5845435 ], [ 2.4045396, 39.5845434 ], [ 2.4045453, 39.5845434 ], [ 2.4045512, 39.5845437 ], [ 2.4045572, 39.5845441 ], [ 2.4045635, 39.5845448 ], [ 2.40457, 39.5845458 ], [ 2.4045767, 39.5845471 ], [ 2.4045838, 39.5845486 ], [ 2.4045913, 39.5845506 ], [ 2.4045991, 39.584553 ], [ 2.4046075, 39.5845558 ], [ 2.4046163, 39.5845593 ], [ 2.4046259, 39.5845634 ], [ 2.4046361, 39.5845684 ], [ 2.4046472, 39.5845743 ], [ 2.4046593, 39.5845814 ], [ 2.4046725, 39.58459 ], [ 2.4046871, 39.5846004 ], [ 2.4047033, 39.5846131 ], [ 2.4047214, 39.5846287 ], [ 2.4047417, 39.5846481 ], [ 2.4047647, 39.5846725 ], [ 2.4047908, 39.5847034 ], [ 2.4048207, 39.5847431 ], [ 2.4048548, 39.5847947 ], [ 2.4048934, 39.5848624 ], [ 2.4049363, 39.584952 ], [ 2.4049816, 39.5850706 ], [ 2.4050244, 39.5852251 ], [ 2.4050533, 39.5854169 ], [ 2.405049, 39.58563 ], [ 2.4049885, 39.5858171 ], [ 2.4048652, 39.5859076 ], [ 2.4047066, 39.5858601 ], [ 2.4045589, 39.5857048 ], [ 2.4044503, 39.5855089 ] ] ] } },
{ "type": "Feature", "properties": { "PlotID": "MANFV22", "windspeed": 10.0, "time": "60", "clipped_m2": 3800.531127948314, "clipped_ha": 0.38005311279483139, "wspd": "10" }, "geometry": { "type": "Polygon", "coordinates": [ [ [ 2.4059478, 39.5834287 ], [ 2.4058906, 39.5833034 ], [ 2.4058564, 39.583193 ], [ 2.4058384, 39.5831019 ], [ 2.4058307, 39.5830288 ], [ 2.4058295, 39.5829707 ], [ 2.4058321, 39.5829245 ], [ 2.405837, 39.5828875 ], [ 2.405843, 39.5828576 ], [ 2.4058496, 39.582833199999989 ], [ 2.4058565, 39.582813099999989 ], [ 2.4058634, 39.5827963 ], [ 2.4058701, 39.5827823 ], [ 2.4058768, 39.5827704 ], [ 2.4058832, 39.5827602 ], [ 2.4058894, 39.5827515 ], [ 2.4058954, 39.5827439 ], [ 2.4059012, 39.5827373 ], [ 2.4059068, 39.5827315 ], [ 2.4059122, 39.5827265 ], [ 2.4059175, 39.582722 ], [ 2.4059226, 39.582718 ], [ 2.4059276, 39.5827145 ], [ 2.4059325, 39.5827113 ], [ 2.4059372, 39.5827085 ], [ 2.4059419, 39.582706 ], [ 2.4059465, 39.5827038 ], [ 2.4059511, 39.5827018 ], [ 2.4059556, 39.5827001 ], [ 2.4059601, 39.5826985 ], [ 2.4059646, 39.5826971 ], [ 2.4059691, 39.582696 ], [ 2.4059736, 39.5826949 ], [ 2.4059782, 39.5826941 ], [ 2.4059827, 39.582693399999989 ], [ 2.4059874, 39.5826929 ], [ 2.4059921, 39.5826925 ], [ 2.4059969, 39.5826923 ], [ 2.4060019, 39.5826923 ], [ 2.4060069, 39.5826924 ], [ 2.4060121, 39.5826927 ], [ 2.4060175, 39.5826933 ], [ 2.4060232, 39.582694 ], [ 2.406029, 39.582695 ], [ 2.4060351, 39.5826963 ], [ 2.4060416, 39.5826979 ], [ 2.4060483, 39.5826998 ], [ 2.4060555, 39.5827022 ], [ 2.4060632, 39.5827051 ], [ 2.4060714, 39.5827085 ], [ 2.4060802, 39.5827126 ], [ 2.4060897, 39.5827176 ], [ 2.4061001, 39.5827235 ], [ 2.4061114, 39.5827307 ], [ 2.4061239, 39.5827394 ], [ 2.4061376, 39.5827499 ], [ 2.4061529, 39.5827629 ], [ 2.40617, 39.582779 ], [ 2.4061892, 39.582799 ], [ 2.4062108, 39.5828243 ], [ 2.4062351, 39.5828563 ], [ 2.4062624, 39.5828975 ], [ 2.4062926, 39.5829507 ], [ 2.4063251, 39.5830195 ], [ 2.4063579, 39.5831082 ], [ 2.4063863, 39.5832195 ], [ 2.4064019, 39.5833519 ], [ 2.4063919, 39.5834923 ], [ 2.4063431, 39.5836111 ], [ 2.4062537, 39.5836693 ], [ 2.406141, 39.5836452 ], [ 2.4060327, 39.5835531 ], [ 2.4059478, 39.5834287 ] ] ] } },
{ "type": "Feature", "properties": { "PlotID": "MANFV23", "windspeed": 10.0, "time": "60", "clipped_m2": 35533.281121280044, "clipped_ha": 3.5533281121280043, "wspd": "10" }, "geometry": { "type": "Polygon", "coordinates": [ [ [ 2.4136943, 39.5971235 ], [ 2.4135477, 39.5966659 ], [ 2.4134734, 39.596298 ], [ 2.4134433, 39.5960157 ], [ 2.4134382, 39.5958016 ], [ 2.4134467, 39.595638699999988 ], [ 2.4134622, 39.5955134 ], [ 2.413481, 39.5954156 ], [ 2.4135013, 39.5953382 ], [ 2.4135217, 39.5952761 ], [ 2.4135418, 39.5952257 ], [ 2.4135612, 39.5951841 ], [ 2.4135798, 39.5951496 ], [ 2.4135976, 39.5951205 ], [ 2.4136145, 39.5950959 ], [ 2.4136307, 39.5950749 ], [ 2.4136461, 39.5950568 ], [ 2.4136608, 39.5950411 ], [ 2.413675, 39.5950274 ], [ 2.4136885, 39.5950154 ], [ 2.4137016, 39.5950049 ], [ 2.4137143, 39.5949956 ], [ 2.4137266, 39.5949873 ], [ 2.4137386, 39.59498 ], [ 2.4137502, 39.594973499999988 ], [ 2.4137617, 39.5949677 ], [ 2.4137729, 39.5949626 ], [ 2.413784, 39.5949581 ], [ 2.4137949, 39.594954 ], [ 2.4138058, 39.5949505 ], [ 2.4138167, 39.5949474 ], [ 2.4138275, 39.5949447 ], [ 2.4138383, 39.594942499999988 ], [ 2.4138492, 39.5949406 ], [ 2.4138602, 39.5949391 ], [ 2.4138713, 39.594938 ], [ 2.4138827, 39.5949373 ], [ 2.4138942, 39.594937 ], [ 2.413906, 39.594937 ], [ 2.4139181, 39.5949375 ], [ 2.4139306, 39.5949385 ], [ 2.4139435, 39.5949399 ], [ 2.4139569, 39.5949419 ], [ 2.4139709, 39.5949445 ], [ 2.4139856, 39.5949477 ], [ 2.414001, 39.594951699999989 ], [ 2.4140173, 39.5949566 ], [ 2.4140346, 39.5949625 ], [ 2.414053, 39.5949695 ], [ 2.4140728, 39.594978 ], [ 2.4140942, 39.5949882 ], [ 2.4141173, 39.5950004 ], [ 2.4141426, 39.5950151 ], [ 2.4141704, 39.5950329 ], [ 2.4142011, 39.595054499999989 ], [ 2.4142353, 39.595081 ], [ 2.4142737, 39.5951137 ], [ 2.4143171, 39.5951544 ], [ 2.4143666, 39.5952058 ], [ 2.4144234, 39.5952714 ], [ 2.4144889, 39.5953563 ], [ 2.4145649, 39.5954676 ], [ 2.4146529, 39.5956158 ], [ 2.4147535, 39.5958152 ], [ 2.4148645, 39.5960852 ], [ 2.4149769, 39.5964473 ], [ 2.4150665, 39.5969136 ], [ 2.4150847, 39.5974542 ], [ 2.4149658, 39.5979474 ], [ 2.4146793, 39.5981879 ], [ 2.4142961, 39.5980498 ], [ 2.4139434, 39.597628799999988 ], [ 2.4136943, 39.5971235 ] ] ] } },
{ "type": "Feature", "properties": { "PlotID": "MANFV24", "windspeed": 10.0, "time": "60", "clipped_m2": 15.274831781147441, "clipped_ha": 0.0015274831781147441, "wspd": "10" }, "geometry": { "type": "Polygon", "coordinates": [ [ [ 2.4000931, 39.594046 ], [ 2.4000885, 39.5940443 ], [ 2.4000844, 39.5940417 ], [ 2.400081, 39.5940383 ], [ 2.4000784, 39.5940346 ], [ 2.4000766, 39.5940308 ], [ 2.4000754, 39.5940271 ], [ 2.4000747, 39.5940236 ], [ 2.4000745, 39.5940204 ], [ 2.4000746, 39.5940176 ], [ 2.400075, 39.5940151 ], [ 2.4000755, 39.5940128 ], [ 2.4000761, 39.5940109 ], [ 2.4000768, 39.5940091 ], [ 2.4000775, 39.5940076 ], [ 2.4000783, 39.5940063 ], [ 2.4000791, 39.5940051 ], [ 2.4000799, 39.5940041 ], [ 2.4000807, 39.5940031 ], [ 2.4000815, 39.5940023 ], [ 2.4000823, 39.5940016 ], [ 2.4000831, 39.594001 ], [ 2.4000838, 39.5940004 ], [ 2.4000846, 39.5939999 ], [ 2.4000853, 39.5939995 ], [ 2.400086, 39.5939991 ], [ 2.4000867, 39.5939988 ], [ 2.4000874, 39.5939985 ], [ 2.4000881, 39.5939982 ], [ 2.4000888, 39.593998 ], [ 2.4000895, 39.5939978 ], [ 2.4000902, 39.5939976 ], [ 2.4000908, 39.5939975 ], [ 2.4000915, 39.5939974 ], [ 2.4000922, 39.5939973 ], [ 2.4000929, 39.5939972 ], [ 2.4000935, 39.5939972 ], [ 2.4000942, 39.5939972 ], [ 2.4000949, 39.5939972 ], [ 2.4000956, 39.5939973 ], [ 2.4000963, 39.5939974 ], [ 2.400097, 39.5939975 ], [ 2.4000977, 39.5939976 ], [ 2.4000985, 39.5939978 ], [ 2.4000992, 39.593998 ], [ 2.4001, 39.5939982 ], [ 2.4001008, 39.5939985 ], [ 2.4001016, 39.5939989 ], [ 2.4001024, 39.5939993 ], [ 2.4001033, 39.5939997 ], [ 2.4001042, 39.5940003 ], [ 2.4001051, 39.5940009 ], [ 2.4001061, 39.5940016 ], [ 2.400107, 39.5940024 ], [ 2.400108, 39.5940033 ], [ 2.4001091, 39.5940044 ], [ 2.4001101, 39.5940056 ], [ 2.4001112, 39.594007 ], [ 2.4001122, 39.5940086 ], [ 2.4001132, 39.5940105 ], [ 2.4001142, 39.5940126 ], [ 2.4001151, 39.5940151 ], [ 2.4001158, 39.5940179 ], [ 2.4001162, 39.594021 ], [ 2.4001163, 39.5940245 ], [ 2.4001159, 39.5940283 ], [ 2.4001149, 39.5940323 ], [ 2.4001131, 39.5940363 ], [ 2.4001104, 39.59404 ], [ 2.4001069, 39.5940432 ], [ 2.4001027, 39.5940454 ], [ 2.400098, 39.5940463 ], [ 2.4000931, 39.594046 ] ] ] } },
{ "type": "Feature", "properties": { "PlotID": "MANFV25", "windspeed": 10.0, "time": "60", "clipped_m2": 422.72139851073734, "clipped_ha": 0.042272139851073733, "wspd": "10" }, "geometry": { "type": "Polygon", "coordinates": [ [ [ 2.4003797, 39.5932687 ], [ 2.4003768, 39.593112 ], [ 2.4003354, 39.5932181 ], [ 2.400322, 39.5931899 ], [ 2.4003137, 39.5931632 ], [ 2.4003093, 39.5931391 ], [ 2.4003077, 39.5931181 ], [ 2.4003081, 39.5930999 ], [ 2.4003098, 39.5930844 ], [ 2.4003124, 39.5930712 ], [ 2.4003155, 39.59306 ], [ 2.4003189, 39.5930505 ], [ 2.4003224, 39.5930423 ], [ 2.400326, 39.5930353 ], [ 2.4003297, 39.5930293 ], [ 2.4003332, 39.593024 ], [ 2.4003367, 39.5930195 ], [ 2.4003402, 39.5930155 ], [ 2.4003435, 39.593012099999989 ], [ 2.4003468, 39.593009 ], [ 2.40035, 39.5930063 ], [ 2.4003531, 39.5930039 ], [ 2.4003561, 39.5930018 ], [ 2.400359, 39.593 ], [ 2.4003619, 39.5929983 ], [ 2.4003648, 39.5929969 ], [ 2.4003676, 39.592995599999988 ], [ 2.4003703, 39.5929944 ], [ 2.400373, 39.5929934 ], [ 2.4003757, 39.5929926 ], [ 2.4003784, 39.5929918 ], [ 2.4003811, 39.5929912 ], [ 2.4003837, 39.5929907 ], [ 2.4003864, 39.5929902 ], [ 2.400389, 39.5929899 ], [ 2.4003917, 39.5929897 ], [ 2.4003944, 39.5929895 ], [ 2.4003972, 39.5929895 ], [ 2.4004, 39.5929896 ], [ 2.4004028, 39.5929898 ], [ 2.4004057, 39.59299 ], [ 2.4004086, 39.5929904 ], [ 2.4004117, 39.592991 ], [ 2.4004148, 39.5929917 ], [ 2.4004181, 39.5929925 ], [ 2.4004214, 39.5929935 ], [ 2.4004249, 39.5929947 ], [ 2.4004285, 39.5929961 ], [ 2.4004323, 39.5929977 ], [ 2.4004363, 39.5929997 ], [ 2.4004405, 39.593002 ], [ 2.4004449, 39.5930046 ], [ 2.4004496, 39.5930077 ], [ 2.4004545, 39.5930114 ], [ 2.4004598, 39.5930157 ], [ 2.4004653, 39.5930208 ], [ 2.4004712, 39.5930268 ], [ 2.4004774, 39.593034 ], [ 2.400484, 39.5930425 ], [ 2.4004908, 39.5930527 ], [ 2.4004978, 39.5930648 ], [ 2.4005047, 39.5930794 ], [ 2.4005113, 39.5930969 ], [ 2.4005169, 39.5931175 ], [ 2.4005173, 39.593138 ], [ 2.4005135, 39.5931589 ], [ 2.4005089, 39.5931844 ], [ 2.4005029, 39.5932169 ], [ 2.4004905, 39.59325 ], [ 2.4004698, 39.5932773 ], [ 2.4004407, 39.5932869 ], [ 2.4004094, 39.5932836 ], [ 2.4003797, 39.5932687 ] ] ] } },
{ "type": "Feature", "properties": { "PlotID": "MANFV26", "windspeed": 10.0, "time": "60", "clipped_m2": 1879.2255928423256, "clipped_ha": 0.18792255928423254, "wspd": "10" }, "geometry": { "type": "Polygon", "coordinates": [ [ [ 2.4008234, 39.5950152 ], [ 2.4007643, 39.5949833 ], [ 2.4007141, 39.5949418 ], [ 2.4006738, 39.5948944 ], [ 2.4008034, 39.5945727 ], [ 2.4007755, 39.5945851 ], [ 2.4007378, 39.5946019 ], [ 2.4006833, 39.5946261 ], [ 2.4006003, 39.5946614 ], [ 2.4006025, 39.5946243 ], [ 2.4006077, 39.5945911 ], [ 2.400615, 39.594561399999989 ], [ 2.400624, 39.5945349 ], [ 2.400634, 39.5945115 ], [ 2.4006448, 39.5944907 ], [ 2.4006561, 39.5944722 ], [ 2.4006884, 39.5944542 ], [ 2.4007229, 39.5944409 ], [ 2.4007513, 39.5944319 ], [ 2.4007713, 39.5944255 ], [ 2.4007864, 39.5944207 ], [ 2.4007988, 39.5944171 ], [ 2.4008132, 39.5944156 ], [ 2.4007494, 39.594381899999988 ], [ 2.4007607, 39.5943755 ], [ 2.4007719, 39.5943698 ], [ 2.400783, 39.5943648 ], [ 2.4008508, 39.5944118 ], [ 2.4008049, 39.5943565 ], [ 2.4008157, 39.5943532 ], [ 2.4008265, 39.5943504 ], [ 2.4008373, 39.5943481 ], [ 2.4008481, 39.5943462 ], [ 2.4008589, 39.5943447 ], [ 2.4008697, 39.5943437 ], [ 2.4008805, 39.5943431 ], [ 2.4008915, 39.5943429 ], [ 2.4009025, 39.5943432 ], [ 2.4009137, 39.5943439 ], [ 2.400925, 39.5943451 ], [ 2.4009364, 39.594346699999988 ], [ 2.4009481, 39.5943489 ], [ 2.40096, 39.5943516 ], [ 2.4009721, 39.5943548 ], [ 2.4009845, 39.594358799999988 ], [ 2.4009972, 39.5943634 ], [ 2.4010102, 39.5943688 ], [ 2.4010235, 39.5943751 ], [ 2.4010372, 39.5943823 ], [ 2.4010512, 39.5943907 ], [ 2.4010657, 39.5944002 ], [ 2.4010805, 39.5944112 ], [ 2.4010956, 39.5944238 ], [ 2.4011111, 39.5944382 ], [ 2.4011267, 39.5944546 ], [ 2.4011425, 39.5944735 ], [ 2.4011545, 39.5944943 ], [ 2.4011049, 39.5945009 ], [ 2.401188, 39.5945477 ], [ 2.4012013, 39.5945796 ], [ 2.4011504, 39.5945826 ], [ 2.4010044, 39.594518 ], [ 2.400989, 39.5945213 ], [ 2.4009751, 39.5945243 ], [ 2.4012156, 39.5948017 ], [ 2.4011982, 39.5948552 ], [ 2.4011704, 39.5949077 ], [ 2.4009276, 39.5945346 ], [ 2.4009166, 39.594537 ], [ 2.4010219, 39.595024 ], [ 2.4009563, 39.5950371 ], [ 2.4008829, 39.5945457 ], [ 2.4008234, 39.5950152 ] ] ] } },
{ "type": "Feature", "properties": { "PlotID": "MANFV27", "windspeed": 10.0, "time": "60", "clipped_m2": 2158.4921386484348, "clipped_ha": 0.21584921386484349, "wspd": "10" }, "geometry": { "type": "Polygon", "coordinates": [ [ [ 2.4078078, 39.601615699999989 ], [ 2.4077958, 39.601607 ], [ 2.4077851, 39.6015993 ], [ 2.4077754, 39.6015924 ], [ 2.4077663, 39.6015859 ], [ 2.4077761, 39.6015551 ], [ 2.40777, 39.6015511 ], [ 2.4077641, 39.6015472 ], [ 2.4077581, 39.6015434 ], [ 2.4077521, 39.6015394 ], [ 2.4077459, 39.6015353 ], [ 2.4077394, 39.6015311 ], [ 2.4077325, 39.6015266 ], [ 2.4077251, 39.6015217 ], [ 2.4077168, 39.6015162 ], [ 2.4077075, 39.6015101 ], [ 2.4076968, 39.6015031 ], [ 2.407684, 39.6014947 ], [ 2.4076683, 39.6014844 ], [ 2.4076481, 39.6014712 ], [ 2.407621, 39.6014534 ], [ 2.4075797, 39.601427 ], [ 2.4075976, 39.6014143 ], [ 2.4076152, 39.601403 ], [ 2.4076326, 39.6013929 ], [ 2.4076499, 39.6013839 ], [ 2.407667, 39.6013759 ], [ 2.407771, 39.6014485 ], [ 2.4077957, 39.6014665 ], [ 2.4078055, 39.6014737 ], [ 2.4078109, 39.6014776 ], [ 2.4078143, 39.6014801 ], [ 2.4078167, 39.6014818 ], [ 2.4078185, 39.6014831 ], [ 2.4078199, 39.6014842 ], [ 2.407821, 39.601485 ], [ 2.407822, 39.6014857 ], [ 2.4078229, 39.6014863 ], [ 2.4078237, 39.6014869 ], [ 2.4078243, 39.6014874 ], [ 2.407825, 39.6014879 ], [ 2.4078256, 39.6014883 ], [ 2.4078262, 39.6014887 ], [ 2.4078267, 39.601489199999989 ], [ 2.4078273, 39.6014896 ], [ 2.4078279, 39.60149 ], [ 2.4078284, 39.6014904 ], [ 2.407829, 39.6014908 ], [ 2.4078297, 39.6014913 ], [ 2.4078303, 39.6014918 ], [ 2.4078311, 39.6014923 ], [ 2.4078319, 39.6014929 ], [ 2.4078328, 39.6014936 ], [ 2.4078339, 39.6014944 ], [ 2.4078352, 39.6014953 ], [ 2.4078368, 39.6014965 ], [ 2.407839, 39.6014981 ], [ 2.4078419, 39.6015002 ], [ 2.4078463, 39.6015034 ], [ 2.4078542, 39.6015091 ], [ 2.4078833, 39.6015279 ], [ 2.4085185, 39.6019447 ], [ 2.4085419, 39.6020491 ], [ 2.4085539, 39.6021663 ], [ 2.408549, 39.602294 ], [ 2.4084991, 39.6023973 ], [ 2.4079661, 39.6017334 ], [ 2.4079172, 39.601697 ], [ 2.4078831, 39.6016717 ], [ 2.4078577, 39.6016528 ], [ 2.4078378, 39.601638 ], [ 2.4078215, 39.6016259 ], [ 2.4078078, 39.601615699999989 ] ] ] } },
{ "type": "Feature", "properties": { "PlotID": "MANFV28", "windspeed": 10.0, "time": "60", "clipped_m2": 841.30843598570209, "clipped_ha": 0.084130843598570204, "wspd": "10" }, "geometry": { "type": "Polygon", "coordinates": [ [ [ 2.4019365, 39.6026506 ], [ 2.4019133, 39.6026224 ], [ 2.4018942, 39.602599 ], [ 2.4019015, 39.6025294 ], [ 2.4018934, 39.6025129 ], [ 2.4018865, 39.602499 ], [ 2.4018805, 39.6024869 ], [ 2.4018752, 39.6024762 ], [ 2.4018704, 39.6024664 ], [ 2.4018659, 39.6024574 ], [ 2.4018601, 39.6024498 ], [ 2.4018536, 39.6024426 ], [ 2.4018471, 39.6024353 ], [ 2.4018404, 39.6024277 ], [ 2.4018406, 39.6024184 ], [ 2.401847, 39.6024086 ], [ 2.4018535, 39.6024 ], [ 2.40186, 39.6023923 ], [ 2.4018664, 39.6023856 ], [ 2.4018727, 39.6023796 ], [ 2.4018789, 39.6023742 ], [ 2.401885, 39.6023695 ], [ 2.4018911, 39.6023652 ], [ 2.4018971, 39.6023615 ], [ 2.401903, 39.602358099999989 ], [ 2.4019088, 39.6023551 ], [ 2.4019146, 39.6023524 ], [ 2.4019204, 39.60235 ], [ 2.4019261, 39.6023479 ], [ 2.4019318, 39.6023461 ], [ 2.4019375, 39.6023445 ], [ 2.4019432, 39.6023432 ], [ 2.4019489, 39.6023421 ], [ 2.4019547, 39.6023412 ], [ 2.4019605, 39.6023405 ], [ 2.4019664, 39.6023401 ], [ 2.4019723, 39.6023398 ], [ 2.4019784, 39.602339799999989 ], [ 2.4019846, 39.60234 ], [ 2.4019909, 39.6023405 ], [ 2.4019973, 39.6023412 ], [ 2.4020039, 39.6023422 ], [ 2.4020107, 39.6023435 ], [ 2.4020178, 39.6023452 ], [ 2.4020205, 39.6023507 ], [ 2.4020228, 39.6023559 ], [ 2.4020249, 39.6023609 ], [ 2.4020269, 39.6023655 ], [ 2.4020288, 39.60237 ], [ 2.4020307, 39.6023744 ], [ 2.4020326, 39.6023788 ], [ 2.4020345, 39.6023833 ], [ 2.4020365, 39.6023878 ], [ 2.4020386, 39.6023926 ], [ 2.4020408, 39.6023976 ], [ 2.4020432, 39.6024031 ], [ 2.4020458, 39.6024091 ], [ 2.4020487, 39.6024158 ], [ 2.4020521, 39.6024236 ], [ 2.4020561, 39.6024328 ], [ 2.402061, 39.602444 ], [ 2.4020672, 39.6024582 ], [ 2.4020754, 39.6024772 ], [ 2.4020875, 39.6025046 ], [ 2.4021103, 39.6025522 ], [ 2.4021562, 39.602648 ], [ 2.4021892, 39.602764 ], [ 2.4021592, 39.6028048 ], [ 2.4021185, 39.6028351 ], [ 2.4020535, 39.6027792 ], [ 2.4020031, 39.6027251 ], [ 2.4019656, 39.6026848 ], [ 2.4019365, 39.6026506 ] ] ] } },
{ "type": "Feature", "properties": { "PlotID": "MANFV29", "windspeed": 10.0, "time": "60", "clipped_m2": 2830.3493971715216, "clipped_ha": 0.28303493971715216, "wspd": "10" }, "geometry": { "type": "Polygon", "coordinates": [ [ [ 2.4101604, 39.60489 ], [ 2.4100549, 39.6052034 ], [ 2.4099775, 39.605113 ], [ 2.4101194, 39.6044802 ], [ 2.4100865, 39.60451 ], [ 2.4098579, 39.6048352 ], [ 2.4098457, 39.6047568 ], [ 2.4098422, 39.6046877 ], [ 2.4098446, 39.6046277 ], [ 2.4098513, 39.6045758 ], [ 2.4098608, 39.6045311 ], [ 2.4098722, 39.6044925 ], [ 2.4098847, 39.6044592 ], [ 2.4098978, 39.6044303 ], [ 2.4099113, 39.6044053 ], [ 2.4099249, 39.6043834 ], [ 2.4099384, 39.6043643 ], [ 2.4099519, 39.6043475 ], [ 2.4099694, 39.6043328 ], [ 2.4099971, 39.6043213 ], [ 2.4099908, 39.6043082 ], [ 2.4100034, 39.6042979 ], [ 2.4100157, 39.6042888 ], [ 2.4100277, 39.6042807 ], [ 2.4100396, 39.6042735 ], [ 2.4100513, 39.6042671 ], [ 2.4100629, 39.6042614 ], [ 2.4100743, 39.6042564 ], [ 2.4100856, 39.604252 ], [ 2.4100968, 39.6042481 ], [ 2.410108, 39.6042447 ], [ 2.4101191, 39.6042418 ], [ 2.4101303, 39.6042393 ], [ 2.4101414, 39.6042373 ], [ 2.4101527, 39.6042357 ], [ 2.410164, 39.6042346 ], [ 2.4101754, 39.6042338 ], [ 2.410187, 39.6042335 ], [ 2.4101988, 39.6042336 ], [ 2.4102107, 39.6042341 ], [ 2.410223, 39.6042352 ], [ 2.4102355, 39.6042367 ], [ 2.4102484, 39.6042388 ], [ 2.4102616, 39.6042414 ], [ 2.4102753, 39.6042447 ], [ 2.4102895, 39.6042487 ], [ 2.4103042, 39.6042535 ], [ 2.4103195, 39.6042593 ], [ 2.4103355, 39.604266 ], [ 2.4103522, 39.604274 ], [ 2.4103698, 39.6042833 ], [ 2.4103883, 39.6042942 ], [ 2.4104077, 39.6043069 ], [ 2.4104283, 39.604321899999988 ], [ 2.4104499, 39.6043394 ], [ 2.4104727, 39.60436 ], [ 2.410473, 39.6043808 ], [ 2.4104389, 39.6043946 ], [ 2.4105481, 39.6044471 ], [ 2.410575, 39.6044873 ], [ 2.410602, 39.6045351 ], [ 2.4106283, 39.6045916 ], [ 2.4104265, 39.6045061 ], [ 2.410403, 39.6045199 ], [ 2.4103825, 39.6045358 ], [ 2.4103642, 39.604554899999989 ], [ 2.4103448, 39.6045754 ], [ 2.4103326, 39.6046129 ], [ 2.4103204, 39.6046668 ], [ 2.4102874, 39.6046908 ], [ 2.4102545, 39.6047341 ], [ 2.4102169, 39.6048217 ], [ 2.4101604, 39.60489 ] ] ] } },
{ "type": "Feature", "properties": { "PlotID": "MANFV01", "windspeed": 20.0, "time": "60", "clipped_m2": 1097.2591827915167, "clipped_ha": 0.10972591827915167, "wspd": "20" }, "geometry": { "type": "Polygon", "coordinates": [ [ [ 2.4127396, 39.599711 ], [ 2.4127055, 39.5996836 ], [ 2.4127312, 39.5994792 ], [ 2.4126569, 39.5996199 ], [ 2.4126419, 39.599588 ], [ 2.4126319, 39.599558 ], [ 2.412626, 39.5995303 ], [ 2.4126233, 39.5995054 ], [ 2.412623, 39.599483 ], [ 2.4126246, 39.5994632 ], [ 2.4126274, 39.5994457 ], [ 2.4126312, 39.5994302 ], [ 2.4126357, 39.5994165 ], [ 2.4126407, 39.5994044 ], [ 2.412646, 39.5993937 ], [ 2.4126515, 39.5993842 ], [ 2.4126572, 39.5993758 ], [ 2.4126629, 39.5993683 ], [ 2.4126686, 39.5993616 ], [ 2.4126743, 39.5993556 ], [ 2.4126801, 39.5993502 ], [ 2.4126858, 39.5993454 ], [ 2.4126914, 39.5993411 ], [ 2.4126971, 39.5993372 ], [ 2.4127027, 39.5993337 ], [ 2.4127082, 39.5993306 ], [ 2.4127138, 39.5993278 ], [ 2.4127193, 39.5993254 ], [ 2.4127248, 39.5993232 ], [ 2.4127303, 39.5993212 ], [ 2.4127359, 39.5993195 ], [ 2.4127414, 39.5993181 ], [ 2.412747, 39.5993169 ], [ 2.4127527, 39.5993158 ], [ 2.4127583, 39.5993151 ], [ 2.4127641, 39.5993145 ], [ 2.41277, 39.5993141 ], [ 2.4127759, 39.599314 ], [ 2.412782, 39.5993141 ], [ 2.4127882, 39.5993144 ], [ 2.4127945, 39.599315 ], [ 2.412801, 39.5993159 ], [ 2.4128077, 39.599317 ], [ 2.4128146, 39.5993185 ], [ 2.4128218, 39.5993204 ], [ 2.4128292, 39.5993226 ], [ 2.4128369, 39.5993253 ], [ 2.4128449, 39.5993285 ], [ 2.4128532, 39.5993322 ], [ 2.4128619, 39.5993366 ], [ 2.412871, 39.5993418 ], [ 2.4128804, 39.5993478 ], [ 2.4128903, 39.5993549 ], [ 2.4129007, 39.5993631 ], [ 2.4129114, 39.5993727 ], [ 2.4129225, 39.5993839 ], [ 2.4129339, 39.5993969 ], [ 2.4129455, 39.599412199999989 ], [ 2.4128461, 39.5993928 ], [ 2.4129681, 39.599450499999989 ], [ 2.4129784, 39.5994743 ], [ 2.412987, 39.599501499999988 ], [ 2.4129713, 39.5995162 ], [ 2.4129956, 39.599566 ], [ 2.4129929, 39.5996023 ], [ 2.4129835, 39.5996394 ], [ 2.4129661, 39.599675 ], [ 2.4129402, 39.5997061 ], [ 2.4129061, 39.5997293 ], [ 2.4128659, 39.599742 ], [ 2.4128225, 39.5997427 ], [ 2.4127793, 39.5997317 ], [ 2.4127396, 39.599711 ] ] ] } },
{ "type": "Feature", "properties": { "PlotID": "MANFV02", "windspeed": 20.0, "time": "60", "clipped_m2": 2191.7856633346528, "clipped_ha": 0.21917856633346527, "wspd": "20" }, "geometry": { "type": "Polygon", "coordinates": [ [ [ 2.410098, 39.5967397 ], [ 2.4099976, 39.5970682 ], [ 2.4100058, 39.5968594 ], [ 2.4100179, 39.5967454 ], [ 2.4100295, 39.5966777 ], [ 2.4100395, 39.5966347 ], [ 2.4100481, 39.5966058 ], [ 2.4100554, 39.5965855 ], [ 2.4100616, 39.5965707 ], [ 2.410067, 39.5965595 ], [ 2.4100718, 39.596551 ], [ 2.410076, 39.5965443 ], [ 2.4100797, 39.5965389 ], [ 2.4100831, 39.5965345 ], [ 2.4100862, 39.596531 ], [ 2.410089, 39.596528 ], [ 2.4100915, 39.5965255 ], [ 2.4100939, 39.5965234 ], [ 2.4100961, 39.5965216 ], [ 2.4100982, 39.59652 ], [ 2.4101002, 39.5965187 ], [ 2.410102, 39.5965175 ], [ 2.4101038, 39.5965165 ], [ 2.4101055, 39.5965156 ], [ 2.4101071, 39.5965148 ], [ 2.4101087, 39.5965142 ], [ 2.4101102, 39.5965136 ], [ 2.4101117, 39.5965131 ], [ 2.4101132, 39.5965126 ], [ 2.4101146, 39.5965123 ], [ 2.410116, 39.596512 ], [ 2.4101174, 39.5965117 ], [ 2.4101188, 39.5965115 ], [ 2.4101202, 39.5965113 ], [ 2.4101215, 39.5965112 ], [ 2.4101229, 39.5965111 ], [ 2.4101243, 39.5965111 ], [ 2.4101257, 39.5965111 ], [ 2.4101271, 39.5965112 ], [ 2.4101286, 39.5965113 ], [ 2.4101301, 39.5965115 ], [ 2.4101316, 39.5965118 ], [ 2.4101332, 39.5965121 ], [ 2.4101348, 39.5965124 ], [ 2.4101365, 39.5965129 ], [ 2.4101383, 39.5965134 ], [ 2.4101402, 39.5965141 ], [ 2.4101421, 39.5965148 ], [ 2.4101442, 39.5965157 ], [ 2.4101464, 39.596516799999989 ], [ 2.4101488, 39.596518 ], [ 2.4101514, 39.5965195 ], [ 2.4101542, 39.5965213 ], [ 2.4101573, 39.5965234 ], [ 2.4101607, 39.596526 ], [ 2.4101645, 39.5965291 ], [ 2.4101688, 39.596533 ], [ 2.4101737, 39.5965378 ], [ 2.4101793, 39.5965438 ], [ 2.4101859, 39.5965516 ], [ 2.4101937, 39.5965619 ], [ 2.4102031, 39.5965756 ], [ 2.4102148, 39.5965947 ], [ 2.4102296, 39.5966221 ], [ 2.410249, 39.5966631 ], [ 2.4102753, 39.596728299999988 ], [ 2.4103124, 39.596839 ], [ 2.4103665, 39.5970436 ], [ 2.4104428, 39.5974527 ], [ 2.4104345, 39.5979027 ], [ 2.4102146, 39.597349 ], [ 2.4101226, 39.5966768 ], [ 2.410098, 39.5967397 ] ] ] } },
{ "type": "Feature", "properties": { "PlotID": "MANFV03", "windspeed": 20.0, "time": "60", "clipped_m2": 4120.6565081235021, "clipped_ha": 0.41206565081235019, "wspd": "20" }, "geometry": { "type": "Polygon", "coordinates": [ [ [ 2.4074566, 39.5961938 ], [ 2.407348, 39.5963002 ], [ 2.4073116, 39.5960186 ], [ 2.4072808, 39.5958921 ], [ 2.4072824, 39.5957563 ], [ 2.4072918, 39.5956584 ], [ 2.4073042, 39.5955876 ], [ 2.407317, 39.5955356 ], [ 2.4073294, 39.5954967 ], [ 2.407341, 39.5954671 ], [ 2.4073515, 39.5954441 ], [ 2.4074055, 39.5954029 ], [ 2.4073987, 39.5953992 ], [ 2.4073911, 39.5953951 ], [ 2.4073854, 39.59539 ], [ 2.4073922, 39.5953819 ], [ 2.4073985, 39.5953752 ], [ 2.4074043, 39.5953695 ], [ 2.4074098, 39.5953646 ], [ 2.4074149, 39.5953605 ], [ 2.4074197, 39.5953569 ], [ 2.4074243, 39.5953538 ], [ 2.4074287, 39.5953511 ], [ 2.4074328, 39.5953488 ], [ 2.4074368, 39.5953467 ], [ 2.4074407, 39.595345 ], [ 2.4074444, 39.5953434 ], [ 2.407448, 39.5953421 ], [ 2.4074515, 39.5953409 ], [ 2.407455, 39.5953399 ], [ 2.4074583, 39.5953391 ], [ 2.4074617, 39.5953383 ], [ 2.407465, 39.5953378 ], [ 2.4074682, 39.5953373 ], [ 2.4074715, 39.595337 ], [ 2.4074747, 39.5953367 ], [ 2.407478, 39.5953366 ], [ 2.4074813, 39.5953366 ], [ 2.4074846, 39.5953367 ], [ 2.407488, 39.595337 ], [ 2.4074914, 39.5953373 ], [ 2.4074949, 39.5953378 ], [ 2.4074985, 39.5953384 ], [ 2.4075022, 39.5953392 ], [ 2.407506, 39.5953402 ], [ 2.40751, 39.5953413 ], [ 2.4075141, 39.5953427 ], [ 2.4075184, 39.5953443 ], [ 2.4075229, 39.5953461 ], [ 2.4075277, 39.5953483 ], [ 2.4075328, 39.5953509 ], [ 2.4075382, 39.595354 ], [ 2.407544, 39.5953575 ], [ 2.4075503, 39.5953618 ], [ 2.407557, 39.5953668 ], [ 2.4075645, 39.5953728 ], [ 2.4075726, 39.5953801 ], [ 2.4075816, 39.5953889 ], [ 2.4075916, 39.5953998 ], [ 2.4076029, 39.5954132 ], [ 2.4076156, 39.5954302 ], [ 2.4076301, 39.5954519 ], [ 2.4076467, 39.59548 ], [ 2.4076658, 39.5955172 ], [ 2.4076877, 39.5955674 ], [ 2.4077123, 39.5956362 ], [ 2.4077388, 39.5957323 ], [ 2.4077642, 39.5958667 ], [ 2.40778, 39.59605 ], [ 2.407769, 39.596278 ], [ 2.4077064, 39.5964987 ], [ 2.4075859, 39.5966008 ], [ 2.4074566, 39.5961938 ] ] ] } },
{ "type": "Feature", "properties": { "PlotID": "MANFV04", "windspeed": 20.0, "time": "60", "clipped_m2": 378.61282324232161, "clipped_ha": 0.037861282324232158, "wspd": "20" }, "geometry": { "type": "Polygon", "coordinates": [ [ [ 2.4051192, 39.5901423 ], [ 2.4051164, 39.5901136 ], [ 2.4051158, 39.5900994 ], [ 2.405116, 39.5900914 ], [ 2.4051164, 39.5900864 ], [ 2.4051169, 39.5900831 ], [ 2.4051173, 39.5900808 ], [ 2.4051177, 39.5900792 ], [ 2.4051181, 39.5900779 ], [ 2.4051185, 39.590077 ], [ 2.4051188, 39.5900762 ], [ 2.4051191, 39.5900756 ], [ 2.4051194, 39.5900751 ], [ 2.4051197, 39.5900747 ], [ 2.4051199, 39.5900744 ], [ 2.4051201, 39.5900741 ], [ 2.4051203, 39.5900738 ], [ 2.4051205, 39.5900736 ], [ 2.4051207, 39.5900734 ], [ 2.4051209, 39.5900733 ], [ 2.4051211, 39.5900731 ], [ 2.4051213, 39.590073 ], [ 2.4051214, 39.5900729 ], [ 2.4051216, 39.5900728 ], [ 2.4051217, 39.5900727 ], [ 2.4051219, 39.5900726 ], [ 2.405122, 39.5900726 ], [ 2.4051222, 39.5900725 ], [ 2.4051223, 39.5900725 ], [ 2.4051224, 39.5900724 ], [ 2.4051226, 39.5900724 ], [ 2.4051227, 39.5900723 ], [ 2.4051229, 39.5900723 ], [ 2.405123, 39.5900723 ], [ 2.4051232, 39.5900723 ], [ 2.4051233, 39.5900722 ], [ 2.4051234, 39.5900722 ], [ 2.4051236, 39.5900722 ], [ 2.4051237, 39.5900722 ], [ 2.4051239, 39.5900722 ], [ 2.4051241, 39.5900722 ], [ 2.4051242, 39.5900722 ], [ 2.4051244, 39.5900723 ], [ 2.4051246, 39.5900723 ], [ 2.4051248, 39.5900723 ], [ 2.405125, 39.5900724 ], [ 2.4051252, 39.5900724 ], [ 2.4051254, 39.5900725 ], [ 2.4051257, 39.5900726 ], [ 2.405126, 39.5900727 ], [ 2.4051263, 39.5900728 ], [ 2.4051266, 39.590073 ], [ 2.405127, 39.5900732 ], [ 2.4051274, 39.5900734 ], [ 2.4051278, 39.5900737 ], [ 2.4051283, 39.590074 ], [ 2.4051289, 39.5900745 ], [ 2.4051297, 39.5900751 ], [ 2.4051305, 39.5900758 ], [ 2.4051315, 39.5900768 ], [ 2.4051328, 39.5900782 ], [ 2.4051344, 39.5900802 ], [ 2.4051366, 39.590083 ], [ 2.4051397, 39.5900874 ], [ 2.4051441, 39.5900946 ], [ 2.4051513, 39.5901077 ], [ 2.4051642, 39.5901347 ], [ 2.4051918, 39.5902024 ], [ 2.4052635, 39.5904209 ], [ 2.4053412, 39.5908446 ], [ 2.4051834, 39.5904345 ], [ 2.4051307, 39.5902127 ], [ 2.4051192, 39.5901423 ] ] ] } },
{ "type": "Feature", "properties": { "PlotID": "MANFV05", "windspeed": 20.0, "time": "60", "clipped_m2": 1764.1307241115719, "clipped_ha": 0.1764130724111572, "wspd": "20" }, "geometry": { "type": "Polygon", "coordinates": [ [ [ 2.4084845, 39.5911028 ], [ 2.408488, 39.5908769 ], [ 2.408477, 39.590874 ], [ 2.408471, 39.59086 ], [ 2.408473, 39.5908365 ], [ 2.4084752, 39.5908209 ], [ 2.4084774, 39.59081 ], [ 2.4084795, 39.5908022 ], [ 2.4084814, 39.5907963 ], [ 2.4084831, 39.5907918 ], [ 2.4084847, 39.5907882 ], [ 2.4084861, 39.5907853 ], [ 2.4084875, 39.590783 ], [ 2.4084887, 39.5907811 ], [ 2.4084899, 39.5907795 ], [ 2.408491, 39.5907781 ], [ 2.408492, 39.590777 ], [ 2.4084929, 39.590776 ], [ 2.4084939, 39.5907751 ], [ 2.4084947, 39.5907743 ], [ 2.4084955, 39.5907737 ], [ 2.4084963, 39.5907731 ], [ 2.4084971, 39.5907726 ], [ 2.4084979, 39.5907721 ], [ 2.4084986, 39.5907717 ], [ 2.4084993, 39.5907714 ], [ 2.4085, 39.590771 ], [ 2.4085007, 39.5907708 ], [ 2.4085013, 39.5907705 ], [ 2.408502, 39.5907703 ], [ 2.4085027, 39.5907701 ], [ 2.4085033, 39.5907699 ], [ 2.408504, 39.5907698 ], [ 2.4085046, 39.590769699999989 ], [ 2.4085053, 39.5907696 ], [ 2.408506, 39.5907695 ], [ 2.4085067, 39.5907694 ], [ 2.4085074, 39.5907694 ], [ 2.4085081, 39.5907694 ], [ 2.4085089, 39.5907694 ], [ 2.4085096, 39.5907694 ], [ 2.4085104, 39.5907695 ], [ 2.4085113, 39.5907696 ], [ 2.4085122, 39.5907698 ], [ 2.4085131, 39.5907699 ], [ 2.408514, 39.5907702 ], [ 2.4085151, 39.5907705 ], [ 2.4085162, 39.5907708 ], [ 2.4085174, 39.5907712 ], [ 2.4085187, 39.5907717 ], [ 2.4085201, 39.5907723 ], [ 2.4085216, 39.5907731 ], [ 2.4085233, 39.590774 ], [ 2.4085252, 39.5907751 ], [ 2.4085274, 39.5907764 ], [ 2.4085298, 39.5907781 ], [ 2.4085327, 39.5907803 ], [ 2.408536, 39.590783 ], [ 2.40854, 39.5907866 ], [ 2.4085448, 39.5907914 ], [ 2.4085508, 39.5907979 ], [ 2.4085586, 39.5908071 ], [ 2.4085688, 39.5908206 ], [ 2.4085831, 39.5908415 ], [ 2.4086041, 39.5908759 ], [ 2.4086152, 39.5909102 ], [ 2.4086989, 39.5910674 ], [ 2.4088303, 39.5913944 ], [ 2.4086181, 39.5910577 ], [ 2.4095963, 39.594724899999989 ], [ 2.4085498, 39.5910476 ], [ 2.4085372, 39.5914428 ], [ 2.4084845, 39.5911028 ] ] ] } },
{ "type": "Feature", "properties": { "PlotID": "MANFV06", "windspeed": 20.0, "time": "60", "clipped_m2": 14269.546499697026, "clipped_ha": 1.4269546499697026, "wspd": "20" }, "geometry": { "type": "Polygon", "coordinates": [ [ [ 2.4154249, 39.5846352 ], [ 2.4153056, 39.5845306 ], [ 2.4152111, 39.5844136 ], [ 2.4151407, 39.5842938 ], [ 2.4150954, 39.5841713 ], [ 2.4150603, 39.5840705 ], [ 2.4150429, 39.5839727 ], [ 2.4150362, 39.5838853 ], [ 2.4150374, 39.583808 ], [ 2.4150445, 39.5837399 ], [ 2.4150557, 39.5836801 ], [ 2.4150699, 39.5836276 ], [ 2.4150861, 39.5835815 ], [ 2.4151036, 39.5835409 ], [ 2.4151221, 39.5835051 ], [ 2.415141, 39.5834735 ], [ 2.4151603, 39.5834455 ], [ 2.4151796, 39.5834206 ], [ 2.415199, 39.5833985 ], [ 2.4152183, 39.5833787 ], [ 2.4152374, 39.5833611 ], [ 2.4152564, 39.5833453 ], [ 2.4152753, 39.5833311 ], [ 2.415294, 39.5833184 ], [ 2.4153125, 39.5833071 ], [ 2.4153309, 39.5832969 ], [ 2.4153492, 39.5832878 ], [ 2.4153675, 39.5832797 ], [ 2.4153857, 39.5832726 ], [ 2.4154039, 39.5832662 ], [ 2.4154221, 39.5832607 ], [ 2.4154403, 39.583256 ], [ 2.4154587, 39.583252 ], [ 2.4154772, 39.5832487 ], [ 2.4154959, 39.5832461 ], [ 2.4155148, 39.5832442 ], [ 2.4155341, 39.5832431 ], [ 2.4155536, 39.5832426 ], [ 2.4155735, 39.5832429 ], [ 2.4155939, 39.583244 ], [ 2.4156148, 39.5832459 ], [ 2.4156362, 39.5832487 ], [ 2.4156583, 39.5832525 ], [ 2.4156811, 39.5832573 ], [ 2.4157047, 39.5832633 ], [ 2.4157292, 39.5832707 ], [ 2.4157547, 39.5832794 ], [ 2.4157813, 39.5832899 ], [ 2.415809, 39.5833022 ], [ 2.4158381, 39.5833167 ], [ 2.4158685, 39.5833337 ], [ 2.4159003, 39.583353699999989 ], [ 2.4159338, 39.583377 ], [ 2.4159689, 39.5834043 ], [ 2.4160055, 39.5834363 ], [ 2.4160438, 39.5834739 ], [ 2.4160834, 39.5835179 ], [ 2.416124, 39.5835695 ], [ 2.4161649, 39.5836301 ], [ 2.4162052, 39.5837009 ], [ 2.4162433, 39.5837833 ], [ 2.4162768, 39.5838785 ], [ 2.4163024, 39.583987 ], [ 2.4163158, 39.5841084 ], [ 2.4163117, 39.5842399 ], [ 2.4162839, 39.5843762 ], [ 2.4162271, 39.5845086 ], [ 2.4161383, 39.5846251 ], [ 2.4160187, 39.5847123 ], [ 2.4158753, 39.584759 ], [ 2.4157197, 39.5847595 ], [ 2.4155655, 39.5847154 ], [ 2.4154249, 39.5846352 ] ] ] } },
{ "type": "Feature", "properties": { "PlotID": "MANFV07", "windspeed": 20.0, "time": "60", "clipped_m2": 71113.68843691051, "clipped_ha": 7.1113688436910509, "wspd": "20" }, "geometry": { "type": "Polygon", "coordinates": [ [ [ 2.4087035, 39.5841519 ], [ 2.4086547, 39.5836883 ], [ 2.4086445, 39.583454 ], [ 2.4086466, 39.5833203 ], [ 2.4086529, 39.5832371 ], [ 2.4086602, 39.5831817 ], [ 2.4086677, 39.583143 ], [ 2.4086747, 39.5831149 ], [ 2.4086813, 39.5830938 ], [ 2.4086874, 39.5830775 ], [ 2.4086929, 39.5830647 ], [ 2.4086981, 39.5830544 ], [ 2.4087028, 39.583046 ], [ 2.4087072, 39.5830391 ], [ 2.4087113, 39.5830333 ], [ 2.4087152, 39.5830284 ], [ 2.4087188, 39.5830242 ], [ 2.4087222, 39.5830206 ], [ 2.4087254, 39.5830174 ], [ 2.4087285, 39.5830147 ], [ 2.4087315, 39.5830123 ], [ 2.4087343, 39.5830102 ], [ 2.4087371, 39.583008299999989 ], [ 2.4087397, 39.5830067 ], [ 2.4087423, 39.5830052 ], [ 2.4087449, 39.5830039 ], [ 2.4087473, 39.5830028 ], [ 2.4087498, 39.5830017 ], [ 2.4087522, 39.5830008 ], [ 2.4087546, 39.583 ], [ 2.408757, 39.5829993 ], [ 2.4087594, 39.5829987 ], [ 2.4087617, 39.5829981 ], [ 2.4087641, 39.5829977 ], [ 2.4087665, 39.5829973 ], [ 2.408769, 39.582997 ], [ 2.4087715, 39.5829968 ], [ 2.408774, 39.5829967 ], [ 2.4087767, 39.5829967 ], [ 2.4087793, 39.5829967 ], [ 2.4087821, 39.5829968 ], [ 2.408785, 39.5829971 ], [ 2.408788, 39.5829975 ], [ 2.4087912, 39.582998 ], [ 2.4087945, 39.5829986 ], [ 2.408798, 39.5829994 ], [ 2.4088017, 39.5830004 ], [ 2.4088057, 39.5830016 ], [ 2.4088067, 39.5830044 ], [ 2.4088041, 39.5830082 ], [ 2.4088197, 39.583007 ], [ 2.4088252, 39.5830097 ], [ 2.4088314, 39.5830129 ], [ 2.4088382, 39.5830168 ], [ 2.408846, 39.5830217 ], [ 2.4088548, 39.583027799999989 ], [ 2.4088651, 39.5830354 ], [ 2.4088771, 39.5830453 ], [ 2.4088914, 39.5830581 ], [ 2.4089088, 39.583075099999988 ], [ 2.4089305, 39.5830983 ], [ 2.4089582, 39.5831311 ], [ 2.4089949, 39.5831789 ], [ 2.4090456, 39.5832525 ], [ 2.40912, 39.5833732 ], [ 2.4092377, 39.5835892 ], [ 2.4094445, 39.5840259 ], [ 2.4098629, 39.585071 ], [ 2.4107979, 39.5880274 ], [ 2.4114471, 39.592444 ], [ 2.4096431, 39.5882238 ], [ 2.40889, 39.5852364 ], [ 2.4087035, 39.5841519 ] ] ] } },
{ "type": "Feature", "properties": { "PlotID": "MANFV08", "windspeed": 20.0, "time": "60", "clipped_m2": 666.08182902634144, "clipped_ha": 0.06660818290263415, "wspd": "20" }, "geometry": { "type": "Polygon", "coordinates": [ [ [ 2.4202208, 39.6016075 ], [ 2.4202147, 39.6016091 ], [ 2.420208, 39.601611 ], [ 2.4202005, 39.601613 ], [ 2.4201918, 39.6016154 ], [ 2.4201816, 39.6016182 ], [ 2.4200375, 39.6017733 ], [ 2.4201534, 39.6016259 ], [ 2.4201324, 39.6016317 ], [ 2.4201026, 39.6016398 ], [ 2.4200558, 39.6016526 ], [ 2.4200473, 39.6016401 ], [ 2.4200536, 39.6016221 ], [ 2.4200605, 39.6016062 ], [ 2.4200677, 39.6015922 ], [ 2.4200752, 39.6015798 ], [ 2.4200827, 39.6015688 ], [ 2.4200904, 39.601559 ], [ 2.420098, 39.6015503 ], [ 2.4201082, 39.6015428 ], [ 2.4201287, 39.6015385 ], [ 2.4201437, 39.6015354 ], [ 2.4201553, 39.601533 ], [ 2.4201646, 39.6015311 ], [ 2.4201723, 39.6015295 ], [ 2.420179, 39.6015281 ], [ 2.4201848, 39.6015269 ], [ 2.4201901, 39.6015258 ], [ 2.4201949, 39.6015248 ], [ 2.4201994, 39.6015239 ], [ 2.4202037, 39.601523 ], [ 2.4202079, 39.6015222 ], [ 2.4202119, 39.6015214 ], [ 2.420216, 39.6015205 ], [ 2.4202201, 39.6015197 ], [ 2.4202243, 39.6015188 ], [ 2.4202287, 39.6015179 ], [ 2.4202333, 39.601517 ], [ 2.4202468, 39.6014894 ], [ 2.4202549, 39.6014899 ], [ 2.4202632, 39.6014907 ], [ 2.4202716, 39.6014918 ], [ 2.4202657, 39.6015103 ], [ 2.4202761, 39.6015082 ], [ 2.4202893, 39.601505499999988 ], [ 2.4203068, 39.6015018 ], [ 2.4203184, 39.6015044 ], [ 2.4203288, 39.601508599999988 ], [ 2.4203397, 39.601513499999989 ], [ 2.420351, 39.6015193 ], [ 2.4203629, 39.6015262 ], [ 2.4203753, 39.6015341 ], [ 2.4203883, 39.6015434 ], [ 2.4204018, 39.601554299999989 ], [ 2.420416, 39.6015669 ], [ 2.4203886, 39.6015767 ], [ 2.4203579, 39.6015823 ], [ 2.4203362, 39.6015863 ], [ 2.4203197, 39.6015893 ], [ 2.4203067, 39.6015917 ], [ 2.4205049, 39.6017022 ], [ 2.4202868, 39.6015953 ], [ 2.4202788, 39.6015968 ], [ 2.4202717, 39.6015981 ], [ 2.4202652, 39.6015993 ], [ 2.4202592, 39.6016004 ], [ 2.4202535, 39.6016015 ], [ 2.4204553, 39.6020174 ], [ 2.4204093, 39.6020492 ], [ 2.4202903, 39.6018128 ], [ 2.420296, 39.6020664 ], [ 2.4202322, 39.6018279 ], [ 2.4202208, 39.6016075 ] ] ] } },
{ "type": "Feature", "properties": { "PlotID": "MANFV09", "windspeed": 20.0, "time": "60", "clipped_m2": 382.49368426017463, "clipped_ha": 0.038249368426017463, "wspd": "20" }, "geometry": { "type": "Polygon", "coordinates": [ [ [ 2.4128564, 39.6005043 ], [ 2.4128544, 39.6004766 ], [ 2.4128542, 39.600463 ], [ 2.4128545, 39.6004554 ], [ 2.412855, 39.6004507 ], [ 2.4128555, 39.6004477 ], [ 2.4128559, 39.6004455 ], [ 2.4128564, 39.600444 ], [ 2.4128568, 39.600442799999989 ], [ 2.4128571, 39.6004419 ], [ 2.4128574, 39.6004412 ], [ 2.4128577, 39.6004406 ], [ 2.412858, 39.6004402 ], [ 2.4128583, 39.6004398 ], [ 2.4128585, 39.6004395 ], [ 2.4128587, 39.6004392 ], [ 2.4128589, 39.600439 ], [ 2.4128591, 39.6004388 ], [ 2.4128593, 39.6004386 ], [ 2.4128595, 39.6004385 ], [ 2.4128596, 39.6004383 ], [ 2.4128598, 39.6004382 ], [ 2.4128599, 39.6004381 ], [ 2.4128601, 39.600438 ], [ 2.4128602, 39.600438 ], [ 2.4128604, 39.6004379 ], [ 2.4128605, 39.6004378 ], [ 2.4128607, 39.6004378 ], [ 2.4128608, 39.6004377 ], [ 2.4128609, 39.6004377 ], [ 2.4128611, 39.6004377 ], [ 2.4128612, 39.6004376 ], [ 2.4128613, 39.6004376 ], [ 2.4128614, 39.6004376 ], [ 2.4128616, 39.6004376 ], [ 2.4128617, 39.6004375 ], [ 2.4128619, 39.6004375 ], [ 2.412862, 39.6004375 ], [ 2.4128621, 39.6004375 ], [ 2.4128623, 39.6004375 ], [ 2.4128624, 39.6004375 ], [ 2.4128626, 39.6004376 ], [ 2.4128628, 39.6004376 ], [ 2.4128629, 39.6004376 ], [ 2.4128631, 39.6004376 ], [ 2.4128633, 39.6004377 ], [ 2.4128635, 39.6004377 ], [ 2.4128637, 39.6004378 ], [ 2.412864, 39.6004379 ], [ 2.4128642, 39.600438 ], [ 2.4128645, 39.6004381 ], [ 2.4128648, 39.6004383 ], [ 2.4128651, 39.6004385 ], [ 2.4128655, 39.6004387 ], [ 2.4128659, 39.6004389 ], [ 2.4128664, 39.6004393 ], [ 2.412867, 39.6004397 ], [ 2.4128676, 39.6004403 ], [ 2.4128684, 39.600441 ], [ 2.4128693, 39.6004419 ], [ 2.4128705, 39.6004432 ], [ 2.412872, 39.6004451 ], [ 2.412874, 39.6004478 ], [ 2.4128768, 39.6004519 ], [ 2.4128809, 39.6004588 ], [ 2.4128875, 39.6004714 ], [ 2.4128996, 39.6004976 ], [ 2.412926, 39.6005655 ], [ 2.4130022, 39.6008074 ], [ 2.4130551, 39.6011795 ], [ 2.4129173, 39.6008207 ], [ 2.4128661, 39.6005748 ], [ 2.4128564, 39.6005043 ] ] ] } },
{ "type": "Feature", "properties": { "PlotID": "MANFV10", "windspeed": 20.0, "time": "60", "clipped_m2": 333.90207725390792, "clipped_ha": 0.033390207725390794, "wspd": "20" }, "geometry": { "type": "Polygon", "coordinates": [ [ [ 2.4128547, 39.5952701 ], [ 2.4128535, 39.5952495 ], [ 2.4128535, 39.5952395 ], [ 2.4128538, 39.5952339 ], [ 2.4128542, 39.5952305 ], [ 2.4128546, 39.5952282 ], [ 2.4128549, 39.5952267 ], [ 2.4128552, 39.5952255 ], [ 2.4128555, 39.5952247 ], [ 2.4128558, 39.595224 ], [ 2.4128561, 39.5952235 ], [ 2.4128563, 39.5952231 ], [ 2.4128565, 39.5952228 ], [ 2.4128567, 39.5952225 ], [ 2.4128568, 39.5952223 ], [ 2.412857, 39.5952221 ], [ 2.4128572, 39.5952219 ], [ 2.4128573, 39.5952218 ], [ 2.4128574, 39.5952216 ], [ 2.4128576, 39.5952215 ], [ 2.4128577, 39.5952214 ], [ 2.4128578, 39.5952214 ], [ 2.4128579, 39.5952213 ], [ 2.412858, 39.5952212 ], [ 2.4128581, 39.5952212 ], [ 2.4128582, 39.5952211 ], [ 2.4128583, 39.5952211 ], [ 2.4128584, 39.595221 ], [ 2.4128585, 39.595221 ], [ 2.4128586, 39.595221 ], [ 2.4128587, 39.5952209 ], [ 2.4128588, 39.5952209 ], [ 2.4128589, 39.5952209 ], [ 2.412859, 39.5952209 ], [ 2.4128591, 39.5952209 ], [ 2.4128592, 39.5952209 ], [ 2.4128593, 39.5952209 ], [ 2.4128594, 39.5952209 ], [ 2.4128595, 39.5952209 ], [ 2.4128596, 39.5952209 ], [ 2.4128597, 39.5952209 ], [ 2.4128598, 39.5952209 ], [ 2.41286, 39.5952209 ], [ 2.4128601, 39.5952209 ], [ 2.4128602, 39.5952209 ], [ 2.4128604, 39.595221 ], [ 2.4128605, 39.595221 ], [ 2.4128607, 39.5952211 ], [ 2.4128608, 39.5952211 ], [ 2.412861, 39.5952212 ], [ 2.4128612, 39.5952213 ], [ 2.4128614, 39.5952214 ], [ 2.4128617, 39.5952215 ], [ 2.4128619, 39.5952217 ], [ 2.4128622, 39.5952219 ], [ 2.4128626, 39.5952222 ], [ 2.412863, 39.5952225 ], [ 2.4128635, 39.5952229 ], [ 2.412864, 39.595223399999988 ], [ 2.4128647, 39.5952241 ], [ 2.4128656, 39.5952251 ], [ 2.4128666, 39.5952264 ], [ 2.4128681, 39.5952284 ], [ 2.4128701, 39.5952315 ], [ 2.4128731, 39.5952365 ], [ 2.4128778, 39.5952458 ], [ 2.4128866, 39.5952654 ], [ 2.4129062, 39.595317 ], [ 2.4129667, 39.5955139 ], [ 2.4130783, 39.596103 ], [ 2.4128995, 39.5955239 ], [ 2.4128613, 39.5953237 ], [ 2.4128547, 39.5952701 ] ] ] } },
{ "type": "Feature", "properties": { "PlotID": "MANFV11", "windspeed": 20.0, "time": "60", "clipped_m2": 1634.0562103413977, "clipped_ha": 0.16340562103413978, "wspd": "20" }, "geometry": { "type": "Polygon", "coordinates": [ [ [ 2.4073343, 39.5983709 ], [ 2.4072905, 39.5982307 ], [ 2.4072705, 39.5981191 ], [ 2.4072639, 39.598038 ], [ 2.407264, 39.5979802 ], [ 2.4072671, 39.5979387 ], [ 2.4072716, 39.5979084 ], [ 2.4072764, 39.5978858 ], [ 2.4072813, 39.5978686 ], [ 2.4072859, 39.5978553 ], [ 2.4072903, 39.5978447 ], [ 2.4072944, 39.5978362 ], [ 2.4072983, 39.5978293 ], [ 2.4073018, 39.5978236 ], [ 2.4073052, 39.5978189 ], [ 2.4073083, 39.5978149 ], [ 2.4073112, 39.5978115 ], [ 2.407314, 39.5978086 ], [ 2.4073166, 39.5978061 ], [ 2.4073191, 39.597804 ], [ 2.4073215, 39.597802099999988 ], [ 2.4073237, 39.5978004 ], [ 2.4073259, 39.597799 ], [ 2.407328, 39.5977977 ], [ 2.4073301, 39.5977966 ], [ 2.407332, 39.5977956 ], [ 2.407334, 39.5977947 ], [ 2.4073359, 39.597794 ], [ 2.4073377, 39.5977933 ], [ 2.4073395, 39.5977927 ], [ 2.4073414, 39.5977922 ], [ 2.4073432, 39.5977917 ], [ 2.4073449, 39.5977914 ], [ 2.4073467, 39.5977911 ], [ 2.4073485, 39.5977908 ], [ 2.4073503, 39.5977906 ], [ 2.4073522, 39.5977905 ], [ 2.407354, 39.5977905 ], [ 2.4073559, 39.5977905 ], [ 2.4073578, 39.5977905 ], [ 2.4073598, 39.5977907 ], [ 2.4073618, 39.5977909 ], [ 2.4073639, 39.5977912 ], [ 2.4073661, 39.5977916 ], [ 2.4073684, 39.5977921 ], [ 2.4073708, 39.5977927 ], [ 2.4073733, 39.5977934 ], [ 2.4073759, 39.5977943 ], [ 2.4073787, 39.5977954 ], [ 2.4073817, 39.5977966 ], [ 2.4073849, 39.5977981 ], [ 2.4073883, 39.5977999 ], [ 2.4073921, 39.597802 ], [ 2.4073962, 39.5978046 ], [ 2.4074007, 39.5978077 ], [ 2.4074057, 39.5978114 ], [ 2.4074113, 39.5978161 ], [ 2.4074176, 39.5978218 ], [ 2.4074248, 39.5978289 ], [ 2.407433, 39.597838 ], [ 2.4074426, 39.5978497 ], [ 2.4074539, 39.597865 ], [ 2.4074672, 39.5978855 ], [ 2.407483, 39.597913399999989 ], [ 2.4075019, 39.5979522 ], [ 2.4075242, 39.5980074 ], [ 2.407549, 39.5980864 ], [ 2.4075727, 39.5981976 ], [ 2.4075847, 39.598341499999989 ], [ 2.4075651, 39.5984877 ], [ 2.4074996, 39.5985604 ], [ 2.407409, 39.5985061 ], [ 2.4073343, 39.5983709 ] ] ] } },
{ "type": "Feature", "properties": { "PlotID": "MANFV12", "windspeed": 20.0, "time": "60", "clipped_m2": 311.03382191318087, "clipped_ha": 0.031103382191318089, "wspd": "20" }, "geometry": { "type": "Polygon", "coordinates": [ [ [ 2.4019466, 39.5878392 ], [ 2.4019326, 39.5877983 ], [ 2.4019253, 39.5877644 ], [ 2.4019222, 39.587738 ], [ 2.4019216, 39.5877175 ], [ 2.4019223, 39.5877018 ], [ 2.4019237, 39.5876896 ], [ 2.4019256, 39.58768 ], [ 2.4019276, 39.5876724 ], [ 2.4019296, 39.5876663 ], [ 2.4019316, 39.5876612 ], [ 2.4019335, 39.5876571 ], [ 2.4019354, 39.5876537 ], [ 2.4019371, 39.5876508 ], [ 2.4019389, 39.5876483 ], [ 2.4019405, 39.5876462 ], [ 2.401942, 39.5876444 ], [ 2.4019435, 39.5876428 ], [ 2.4019449, 39.5876414 ], [ 2.4019463, 39.5876402 ], [ 2.4019476, 39.5876392 ], [ 2.4019489, 39.5876382 ], [ 2.4019502, 39.5876374 ], [ 2.4019514, 39.5876367 ], [ 2.4019525, 39.587636 ], [ 2.4019537, 39.5876354 ], [ 2.4019548, 39.5876349 ], [ 2.401956, 39.5876345 ], [ 2.4019571, 39.5876341 ], [ 2.4019582, 39.5876337 ], [ 2.4019593, 39.5876334 ], [ 2.4019604, 39.5876331 ], [ 2.4019615, 39.5876329 ], [ 2.4019626, 39.5876327 ], [ 2.4019637, 39.5876326 ], [ 2.4019648, 39.5876325 ], [ 2.4019659, 39.5876324 ], [ 2.4019671, 39.5876324 ], [ 2.4019683, 39.5876324 ], [ 2.4019695, 39.5876325 ], [ 2.4019708, 39.5876326 ], [ 2.4019721, 39.5876327 ], [ 2.4019734, 39.5876329 ], [ 2.4019748, 39.5876332 ], [ 2.4019763, 39.5876335 ], [ 2.4019779, 39.5876339 ], [ 2.4019795, 39.5876344 ], [ 2.4019812, 39.587635 ], [ 2.4019831, 39.5876358 ], [ 2.4019851, 39.5876366 ], [ 2.4019872, 39.5876377 ], [ 2.4019895, 39.5876389 ], [ 2.401992, 39.5876404 ], [ 2.4019948, 39.5876422 ], [ 2.4019978, 39.5876444 ], [ 2.4020012, 39.5876471 ], [ 2.402005, 39.5876503 ], [ 2.4020092, 39.5876544 ], [ 2.4020141, 39.5876596 ], [ 2.4020195, 39.5876661 ], [ 2.4020258, 39.5876745 ], [ 2.402033, 39.5876854 ], [ 2.4020412, 39.5876998 ], [ 2.4020504, 39.5877189 ], [ 2.4020602, 39.5877444 ], [ 2.4020695, 39.5877779 ], [ 2.4020761, 39.5878199 ], [ 2.4020756, 39.5878672 ], [ 2.4020628, 39.5879091 ], [ 2.4020361, 39.5879292 ], [ 2.4020015, 39.5879181 ], [ 2.4019697, 39.5878829 ], [ 2.4019466, 39.5878392 ] ] ] } },
{ "type": "Feature", "properties": { "PlotID": "MANFV13", "windspeed": 20.0, "time": "60", "clipped_m2": 11594.045582111925, "clipped_ha": 1.1594045582111925, "wspd": "20" }, "geometry": { "type": "Polygon", "coordinates": [ [ [ 2.4037194, 39.5916033 ], [ 2.4036273, 39.5913654 ], [ 2.403576, 39.5911634 ], [ 2.4035518, 39.5910015 ], [ 2.4035441, 39.5908748 ], [ 2.403546, 39.5907758 ], [ 2.4035533, 39.5906982 ], [ 2.4035635, 39.5906368 ], [ 2.4035751, 39.5905876 ], [ 2.4035872, 39.590547799999989 ], [ 2.4035995, 39.5905152 ], [ 2.4036115, 39.5904882 ], [ 2.4036232, 39.5904656 ], [ 2.4036344, 39.5904465 ], [ 2.4036452, 39.5904303 ], [ 2.4036556, 39.5904164 ], [ 2.4036656, 39.5904044 ], [ 2.4036751, 39.590394 ], [ 2.4036843, 39.5903849 ], [ 2.4036932, 39.590376899999988 ], [ 2.4037018, 39.5903699 ], [ 2.4037101, 39.5903636 ], [ 2.4037182, 39.5903581 ], [ 2.4037261, 39.590353199999988 ], [ 2.4037338, 39.5903489 ], [ 2.4037413, 39.590345 ], [ 2.4037488, 39.5903415 ], [ 2.4037561, 39.5903385 ], [ 2.4037634, 39.5903358 ], [ 2.4037706, 39.5903334 ], [ 2.4037778, 39.5903313 ], [ 2.403785, 39.5903295 ], [ 2.4037922, 39.5903279 ], [ 2.4037994, 39.5903267 ], [ 2.4038067, 39.5903257 ], [ 2.4038141, 39.5903249 ], [ 2.4038217, 39.5903244 ], [ 2.4038293, 39.5903242 ], [ 2.4038372, 39.5903242 ], [ 2.4038452, 39.5903245 ], [ 2.4038535, 39.5903251 ], [ 2.4038621, 39.590326 ], [ 2.4038711, 39.5903273 ], [ 2.4038803, 39.590329 ], [ 2.4038901, 39.5903312 ], [ 2.4039003, 39.5903338 ], [ 2.4039111, 39.590337 ], [ 2.4039225, 39.5903409 ], [ 2.4039347, 39.5903456 ], [ 2.4039478, 39.5903512 ], [ 2.4039618, 39.5903579 ], [ 2.403977, 39.590366 ], [ 2.4039936, 39.5903757 ], [ 2.4040117, 39.5903874 ], [ 2.4040317, 39.5904015 ], [ 2.4040538, 39.5904188 ], [ 2.4040785, 39.59044 ], [ 2.4041062, 39.5904664 ], [ 2.4041374, 39.5904994 ], [ 2.4041729, 39.5905412 ], [ 2.4042132, 39.5905947 ], [ 2.4042589, 39.590664 ], [ 2.4043105, 39.5907545 ], [ 2.4043672, 39.5908736 ], [ 2.4044264, 39.59103 ], [ 2.4044808, 39.5912315 ], [ 2.4045157, 39.5914784 ], [ 2.4045062, 39.5917489 ], [ 2.4044072, 39.5919385 ], [ 2.4042622, 39.5920927 ], [ 2.4040578, 39.5920411 ], [ 2.4038644, 39.5918496 ], [ 2.4037194, 39.5916033 ] ] ] } },
{ "type": "Feature", "properties": { "PlotID": "MANFV14", "windspeed": 20.0, "time": "60", "clipped_m2": 418.5965883214958, "clipped_ha": 0.041859658832149579, "wspd": "20" }, "geometry": { "type": "Polygon", "coordinates": [ [ [ 2.410736, 39.5951179 ], [ 2.410713, 39.5950499 ], [ 2.4107019, 39.5949944 ], [ 2.4106979, 39.5949533 ], [ 2.4106975, 39.5949237 ], [ 2.4106988, 39.5949022 ], [ 2.4107009, 39.5948864 ], [ 2.4107033, 39.5948746 ], [ 2.4107058, 39.5948655 ], [ 2.4107082, 39.5948584 ], [ 2.4107104, 39.5948529 ], [ 2.4107126, 39.5948484 ], [ 2.4107145, 39.5948447 ], [ 2.4107164, 39.5948417 ], [ 2.4107182, 39.5948391 ], [ 2.4107198, 39.594837 ], [ 2.4107213, 39.5948352 ], [ 2.4107228, 39.5948337 ], [ 2.4107242, 39.5948323 ], [ 2.4107255, 39.5948312 ], [ 2.4107267, 39.5948302 ], [ 2.4107279, 39.5948293 ], [ 2.4107291, 39.5948285 ], [ 2.4107302, 39.5948278 ], [ 2.4107313, 39.5948272 ], [ 2.4107323, 39.5948267 ], [ 2.4107334, 39.5948262 ], [ 2.4107344, 39.5948258 ], [ 2.4107354, 39.5948254 ], [ 2.4107363, 39.5948251 ], [ 2.4107373, 39.5948248 ], [ 2.4107382, 39.5948246 ], [ 2.4107392, 39.5948244 ], [ 2.4107402, 39.5948242 ], [ 2.4107411, 39.5948241 ], [ 2.4107421, 39.594824 ], [ 2.4107431, 39.5948239 ], [ 2.410744, 39.5948239 ], [ 2.410745, 39.5948239 ], [ 2.4107461, 39.5948239 ], [ 2.4107471, 39.594824 ], [ 2.4107482, 39.5948241 ], [ 2.4107493, 39.5948243 ], [ 2.4107505, 39.5948245 ], [ 2.4107517, 39.5948247 ], [ 2.410753, 39.594825 ], [ 2.4107543, 39.5948254 ], [ 2.4107557, 39.5948259 ], [ 2.4107572, 39.5948265 ], [ 2.4107588, 39.5948271 ], [ 2.4107605, 39.5948279 ], [ 2.4107623, 39.5948289 ], [ 2.4107643, 39.59483 ], [ 2.4107665, 39.5948313 ], [ 2.4107689, 39.594833 ], [ 2.4107716, 39.594835 ], [ 2.4107746, 39.5948374 ], [ 2.4107779, 39.5948404 ], [ 2.4107817, 39.5948442 ], [ 2.4107861, 39.594849 ], [ 2.4107912, 39.5948551 ], [ 2.4107971, 39.5948632 ], [ 2.4108041, 39.5948739 ], [ 2.4108123, 39.5948884 ], [ 2.4108221, 39.5949085 ], [ 2.4108335, 39.5949368 ], [ 2.410846, 39.5949769 ], [ 2.4108574, 39.5950323 ], [ 2.4108625, 39.5951025 ], [ 2.4108517, 39.5951721 ], [ 2.4108188, 39.5952064 ], [ 2.4107739, 39.5951816 ], [ 2.410736, 39.5951179 ] ] ] } },
{ "type": "Feature", "properties": { "PlotID": "MANFV15", "windspeed": 20.0, "time": "60", "clipped_m2": 211.7294282540679, "clipped_ha": 0.021172942825406788, "wspd": "20" }, "geometry": { "type": "Polygon", "coordinates": [ [ [ 2.4106294, 39.5929709 ], [ 2.4106247, 39.5929184 ], [ 2.4106241, 39.5928971 ], [ 2.4106245, 39.5928866 ], [ 2.410625, 39.5928807 ], [ 2.4106256, 39.592877 ], [ 2.4106261, 39.5928746 ], [ 2.4106265, 39.592873 ], [ 2.4106269, 39.5928718 ], [ 2.4106273, 39.5928709 ], [ 2.4106276, 39.5928702 ], [ 2.4106279, 39.5928696 ], [ 2.4106281, 39.5928692 ], [ 2.4106284, 39.5928688 ], [ 2.4106286, 39.5928685 ], [ 2.4106288, 39.5928683 ], [ 2.410629, 39.5928681 ], [ 2.4106291, 39.5928679 ], [ 2.4106293, 39.5928678 ], [ 2.4106294, 39.5928676 ], [ 2.4106296, 39.5928675 ], [ 2.4106297, 39.5928674 ], [ 2.4106299, 39.5928673 ], [ 2.41063, 39.5928673 ], [ 2.4106301, 39.5928672 ], [ 2.4106302, 39.5928671 ], [ 2.4106303, 39.5928671 ], [ 2.4106304, 39.592867 ], [ 2.4106306, 39.592867 ], [ 2.4106307, 39.592867 ], [ 2.4106308, 39.5928669 ], [ 2.4106309, 39.5928669 ], [ 2.410631, 39.5928669 ], [ 2.4106311, 39.5928669 ], [ 2.4106312, 39.5928668 ], [ 2.4106313, 39.5928668 ], [ 2.4106314, 39.5928668 ], [ 2.4106315, 39.5928668 ], [ 2.4106316, 39.5928668 ], [ 2.4106317, 39.5928668 ], [ 2.4106318, 39.5928668 ], [ 2.410632, 39.5928668 ], [ 2.4106321, 39.5928669 ], [ 2.4106322, 39.5928669 ], [ 2.4106324, 39.5928669 ], [ 2.4106325, 39.5928669 ], [ 2.4106326, 39.592867 ], [ 2.4106328, 39.592867 ], [ 2.410633, 39.5928671 ], [ 2.4106332, 39.5928672 ], [ 2.4106333, 39.5928672 ], [ 2.4106336, 39.5928674 ], [ 2.4106338, 39.5928675 ], [ 2.410634, 39.5928676 ], [ 2.4106343, 39.5928678 ], [ 2.4106347, 39.592868 ], [ 2.410635, 39.5928683 ], [ 2.4106354, 39.5928687 ], [ 2.4106359, 39.5928691 ], [ 2.4106365, 39.5928697 ], [ 2.4106372, 39.5928705 ], [ 2.4106381, 39.5928715 ], [ 2.4106392, 39.592873 ], [ 2.4106407, 39.5928752 ], [ 2.4106427, 39.5928785 ], [ 2.4106456, 39.592884 ], [ 2.4106502, 39.5928938 ], [ 2.4106583, 39.5929142 ], [ 2.4106751, 39.5929652 ], [ 2.4107171, 39.5931306 ], [ 2.4107538, 39.5934549 ], [ 2.4106568, 39.5931382 ], [ 2.4106294, 39.5929709 ] ] ] } },
{ "type": "Feature", "properties": { "PlotID": "MANFV16", "windspeed": 20.0, "time": "60", "clipped_m2": 1350.1177904084325, "clipped_ha": 0.13501177904084324, "wspd": "20" }, "geometry": { "type": "Polygon", "coordinates": [ [ [ 2.405548, 39.5846173 ], [ 2.4055126, 39.5845816 ], [ 2.4054854, 39.5845427 ], [ 2.405466, 39.5845036 ], [ 2.4054532, 39.5844664 ], [ 2.4054458, 39.5844324 ], [ 2.4054424, 39.5844019 ], [ 2.4054421, 39.584375 ], [ 2.4054439, 39.5843515 ], [ 2.4054473, 39.5843309 ], [ 2.4054517, 39.584313 ], [ 2.4054568, 39.5842974 ], [ 2.4054624, 39.5842838 ], [ 2.4054683, 39.5842719 ], [ 2.4054743, 39.5842614 ], [ 2.4054804, 39.5842522 ], [ 2.4054865, 39.5842441 ], [ 2.4054925, 39.584237 ], [ 2.4054985, 39.5842306 ], [ 2.4055045, 39.584225 ], [ 2.4055103, 39.58422 ], [ 2.4055161, 39.5842155 ], [ 2.4055218, 39.5842115 ], [ 2.4055274, 39.584208 ], [ 2.405533, 39.5842048 ], [ 2.4055385, 39.5842019 ], [ 2.4055439, 39.584199399999989 ], [ 2.4055494, 39.5841972 ], [ 2.4055547, 39.5841952 ], [ 2.4055601, 39.5841935 ], [ 2.4055655, 39.5841921 ], [ 2.4055709, 39.5841908 ], [ 2.4055763, 39.5841898 ], [ 2.4055817, 39.5841889 ], [ 2.4055871, 39.5841883 ], [ 2.4055927, 39.5841879 ], [ 2.4055983, 39.5841877 ], [ 2.405604, 39.5841877 ], [ 2.4056098, 39.5841879 ], [ 2.4056157, 39.5841883 ], [ 2.4056218, 39.584189 ], [ 2.405628, 39.58419 ], [ 2.4056344, 39.5841912 ], [ 2.405641, 39.5841927 ], [ 2.4056479, 39.5841946 ], [ 2.405655, 39.5841969 ], [ 2.4056624, 39.5841996 ], [ 2.4056701, 39.5842028 ], [ 2.4056781, 39.5842066 ], [ 2.4056865, 39.584211 ], [ 2.4056953, 39.5842162 ], [ 2.4057046, 39.5842222 ], [ 2.4057143, 39.5842293 ], [ 2.4057245, 39.5842375 ], [ 2.4057352, 39.5842472 ], [ 2.4057464, 39.5842586 ], [ 2.405758, 39.584272 ], [ 2.4057699, 39.5842877 ], [ 2.405782, 39.5843062 ], [ 2.405794, 39.5843279 ], [ 2.4058054, 39.5843533 ], [ 2.4058154, 39.5843829 ], [ 2.4058232, 39.5844169 ], [ 2.4058273, 39.5844552 ], [ 2.405826, 39.584497 ], [ 2.4058174, 39.5845408 ], [ 2.4057995, 39.5845836 ], [ 2.4057714, 39.584621299999988 ], [ 2.4057334, 39.5846492 ], [ 2.4056878, 39.5846634 ], [ 2.4056388, 39.5846619 ], [ 2.4055908, 39.5846454 ], [ 2.405548, 39.5846173 ] ] ] } },
{ "type": "Feature", "properties": { "PlotID": "MANFV17", "windspeed": 20.0, "time": "60", "clipped_m2": 499.16683150827885, "clipped_ha": 0.049916683150827881, "wspd": "20" }, "geometry": { "type": "Polygon", "coordinates": [ [ [ 2.4030788, 39.6013182 ], [ 2.4030663, 39.6012473 ], [ 2.4030621, 39.6012017 ], [ 2.4030614, 39.6011719 ], [ 2.4030623, 39.6011516 ], [ 2.4030639, 39.6011374 ], [ 2.4030657, 39.6011271 ], [ 2.4030675, 39.6011193 ], [ 2.4030693, 39.601113399999988 ], [ 2.403071, 39.6011088 ], [ 2.4030725, 39.6011051 ], [ 2.403074, 39.6011021 ], [ 2.4030754, 39.6010997 ], [ 2.4030767, 39.6010976 ], [ 2.4030779, 39.6010959 ], [ 2.4030791, 39.6010944 ], [ 2.4030801, 39.6010932 ], [ 2.4030812, 39.6010921 ], [ 2.4030821, 39.6010912 ], [ 2.4030831, 39.6010904 ], [ 2.403084, 39.6010897 ], [ 2.4030848, 39.601089 ], [ 2.4030857, 39.6010885 ], [ 2.4030865, 39.601088 ], [ 2.4030873, 39.6010875 ], [ 2.403088, 39.6010871 ], [ 2.4030888, 39.6010868 ], [ 2.4030895, 39.6010865 ], [ 2.4030903, 39.6010862 ], [ 2.403091, 39.601086 ], [ 2.4030917, 39.6010858 ], [ 2.4030924, 39.6010856 ], [ 2.4030932, 39.6010854 ], [ 2.4030939, 39.6010853 ], [ 2.4030946, 39.6010852 ], [ 2.4030954, 39.6010851 ], [ 2.4030961, 39.6010851 ], [ 2.4030969, 39.601085 ], [ 2.4030977, 39.601085 ], [ 2.4030985, 39.6010851 ], [ 2.4030993, 39.6010851 ], [ 2.4031002, 39.6010852 ], [ 2.4031011, 39.6010853 ], [ 2.4031021, 39.601085499999989 ], [ 2.4031031, 39.6010857 ], [ 2.4031041, 39.6010859 ], [ 2.4031052, 39.6010862 ], [ 2.4031064, 39.6010866 ], [ 2.4031077, 39.6010871 ], [ 2.4031091, 39.6010876 ], [ 2.4031106, 39.6010883 ], [ 2.4031122, 39.6010891 ], [ 2.403114, 39.6010901 ], [ 2.403116, 39.6010913 ], [ 2.4031182, 39.6010928 ], [ 2.4031207, 39.601094599999989 ], [ 2.4031236, 39.6010969 ], [ 2.403127, 39.6010998 ], [ 2.4031309, 39.6011035 ], [ 2.4031356, 39.6011084 ], [ 2.4031412, 39.6011149 ], [ 2.4031482, 39.6011239 ], [ 2.4031569, 39.601136499999988 ], [ 2.4031682, 39.6011548 ], [ 2.4031829, 39.6011823 ], [ 2.4032024, 39.6012255 ], [ 2.4032274, 39.6012944 ], [ 2.4032363, 39.6013652 ], [ 2.4032313, 39.6014414 ], [ 2.4032107, 39.6015215 ], [ 2.4031658, 39.6015533 ], [ 2.4031085, 39.6014249 ], [ 2.4030788, 39.6013182 ] ] ] } },
{ "type": "Feature", "properties": { "PlotID": "MANFV18", "windspeed": 20.0, "time": "60", "clipped_m2": 56.845183055964299, "clipped_ha": 0.0056845183055964296, "wspd": "20" }, "geometry": { "type": "Polygon", "coordinates": [ [ [ 2.4027534, 39.5995943 ], [ 2.4027507, 39.5995729 ], [ 2.4027501, 39.59956 ], [ 2.4027502, 39.5995519 ], [ 2.4027507, 39.5995465 ], [ 2.4027512, 39.5995428 ], [ 2.4027518, 39.5995401 ], [ 2.4027523, 39.5995381 ], [ 2.4027528, 39.5995366 ], [ 2.4027533, 39.5995355 ], [ 2.4027537, 39.5995345 ], [ 2.4027541, 39.5995338 ], [ 2.4027545, 39.5995332 ], [ 2.4027548, 39.5995327 ], [ 2.4027551, 39.5995322 ], [ 2.4027554, 39.5995319 ], [ 2.4027557, 39.5995316 ], [ 2.402756, 39.5995313 ], [ 2.4027562, 39.5995311 ], [ 2.4027565, 39.5995309 ], [ 2.4027567, 39.5995307 ], [ 2.4027569, 39.5995305 ], [ 2.4027571, 39.5995304 ], [ 2.4027573, 39.5995303 ], [ 2.4027575, 39.5995302 ], [ 2.4027577, 39.5995301 ], [ 2.4027579, 39.59953 ], [ 2.4027581, 39.5995299 ], [ 2.4027583, 39.5995299 ], [ 2.4027585, 39.5995298 ], [ 2.4027587, 39.5995298 ], [ 2.4027588, 39.5995297 ], [ 2.402759, 39.5995297 ], [ 2.4027592, 39.5995297 ], [ 2.4027594, 39.5995296 ], [ 2.4027596, 39.5995296 ], [ 2.4027598, 39.5995296 ], [ 2.40276, 39.5995296 ], [ 2.4027602, 39.5995296 ], [ 2.4027604, 39.5995296 ], [ 2.4027606, 39.5995296 ], [ 2.4027608, 39.5995296 ], [ 2.402761, 39.5995297 ], [ 2.4027612, 39.5995297 ], [ 2.4027615, 39.5995298 ], [ 2.4027618, 39.5995298 ], [ 2.402762, 39.5995299 ], [ 2.4027623, 39.59953 ], [ 2.4027626, 39.5995301 ], [ 2.402763, 39.5995303 ], [ 2.4027633, 39.5995305 ], [ 2.4027638, 39.5995307 ], [ 2.4027642, 39.5995309 ], [ 2.4027647, 39.5995312 ], [ 2.4027652, 39.5995316 ], [ 2.4027659, 39.5995321 ], [ 2.4027666, 39.5995327 ], [ 2.4027674, 39.5995334 ], [ 2.4027684, 39.5995344 ], [ 2.4027696, 39.5995356 ], [ 2.402771, 39.5995373 ], [ 2.4027728, 39.5995396 ], [ 2.402775, 39.599543 ], [ 2.402778, 39.599547799999989 ], [ 2.4027819, 39.5995554 ], [ 2.4027874, 39.5995676 ], [ 2.4027949, 39.5995882 ], [ 2.4028044, 39.5996234 ], [ 2.4028112, 39.599674 ], [ 2.4028021, 39.5997066 ], [ 2.4027784, 39.5996788 ], [ 2.402761, 39.5996297 ], [ 2.4027534, 39.5995943 ] ] ] } },
{ "type": "Feature", "properties": { "PlotID": "MANFV19", "windspeed": 20.0, "time": "60", "clipped_m2": 61.099327123578405, "clipped_ha": 0.0061099327123578405, "wspd": "20" }, "geometry": { "type": "Polygon", "coordinates": [ [ [ 2.4026554, 39.6002937 ], [ 2.4026476, 39.6002877 ], [ 2.4026412, 39.6002808 ], [ 2.4026363, 39.6002736 ], [ 2.4026327, 39.6002665 ], [ 2.4026302, 39.6002598 ], [ 2.4026288, 39.6002535 ], [ 2.402628, 39.6002479 ], [ 2.4026278, 39.6002428 ], [ 2.4026281, 39.6002382 ], [ 2.4026286, 39.6002342 ], [ 2.4026294, 39.6002306 ], [ 2.4026304, 39.6002275 ], [ 2.4026315, 39.6002247 ], [ 2.4026327, 39.6002222 ], [ 2.4026339, 39.60022 ], [ 2.4026352, 39.600218 ], [ 2.4026365, 39.6002162 ], [ 2.4026378, 39.6002147 ], [ 2.4026391, 39.6002132 ], [ 2.4026405, 39.600212 ], [ 2.4026418, 39.6002109 ], [ 2.4026431, 39.6002098 ], [ 2.4026444, 39.6002089 ], [ 2.4026457, 39.6002081 ], [ 2.402647, 39.600207399999988 ], [ 2.4026482, 39.6002067 ], [ 2.4026495, 39.6002061 ], [ 2.4026508, 39.600205599999988 ], [ 2.4026521, 39.6002051 ], [ 2.4026534, 39.6002047 ], [ 2.4026547, 39.6002044 ], [ 2.402656, 39.6002041 ], [ 2.4026573, 39.6002038 ], [ 2.4026586, 39.6002036 ], [ 2.40266, 39.6002035 ], [ 2.4026613, 39.6002034 ], [ 2.4026627, 39.6002034 ], [ 2.4026641, 39.6002034 ], [ 2.4026656, 39.6002035 ], [ 2.4026671, 39.6002036 ], [ 2.4026686, 39.6002038 ], [ 2.4026702, 39.600204 ], [ 2.4026718, 39.6002044 ], [ 2.4026735, 39.6002048 ], [ 2.4026752, 39.6002053 ], [ 2.402677, 39.6002059 ], [ 2.4026788, 39.6002067 ], [ 2.4026808, 39.6002075 ], [ 2.4026828, 39.6002086 ], [ 2.4026849, 39.6002097 ], [ 2.4026871, 39.6002111 ], [ 2.4026894, 39.6002128 ], [ 2.4026918, 39.6002147 ], [ 2.4026943, 39.6002169 ], [ 2.4026969, 39.6002195 ], [ 2.4026995, 39.6002225 ], [ 2.4027022, 39.600226 ], [ 2.4027048, 39.60023 ], [ 2.4027073, 39.6002347 ], [ 2.4027097, 39.6002401 ], [ 2.4027116, 39.6002463 ], [ 2.402713, 39.6002532 ], [ 2.4027134, 39.6002609 ], [ 2.4027128, 39.600269 ], [ 2.4027106, 39.6002773 ], [ 2.4027066, 39.6002852 ], [ 2.4027007, 39.6002921 ], [ 2.402693, 39.6002973 ], [ 2.402684, 39.6003001 ], [ 2.4026742, 39.6003004 ], [ 2.4026644, 39.600298099999989 ], [ 2.4026554, 39.6002937 ] ] ] } },
{ "type": "Feature", "properties": { "PlotID": "MANFV20", "windspeed": 20.0, "time": "60", "clipped_m2": 7276.6044810470194, "clipped_ha": 0.72766044810470198, "wspd": "20" }, "geometry": { "type": "Polygon", "coordinates": [ [ [ 2.4148197, 39.5914715 ], [ 2.4147801, 39.5915165 ], [ 2.4147747, 39.5914084 ], [ 2.4147755, 39.5913446 ], [ 2.4147785, 39.5913041 ], [ 2.4147821, 39.5912768 ], [ 2.4147858, 39.5912575 ], [ 2.4147893, 39.5912434 ], [ 2.4147927, 39.5912328 ], [ 2.4147957, 39.5912246 ], [ 2.4148187, 39.5912064 ], [ 2.4148185, 39.5912046 ], [ 2.4148036, 39.5912087 ], [ 2.4148059, 39.5912052 ], [ 2.414808, 39.5912022 ], [ 2.4148099, 39.5911997 ], [ 2.4148118, 39.5911976 ], [ 2.4148135, 39.5911958 ], [ 2.4148152, 39.5911942 ], [ 2.4148168, 39.5911928 ], [ 2.4148183, 39.5911916 ], [ 2.4148198, 39.5911905 ], [ 2.4148212, 39.5911896 ], [ 2.4148225, 39.5911887 ], [ 2.4148239, 39.591188 ], [ 2.4148252, 39.5911873 ], [ 2.4148264, 39.5911867 ], [ 2.4148277, 39.5911862 ], [ 2.4148289, 39.5911857 ], [ 2.4148302, 39.5911853 ], [ 2.4148314, 39.591185 ], [ 2.4148326, 39.5911847 ], [ 2.4148338, 39.5911844 ], [ 2.414835, 39.5911842 ], [ 2.4148363, 39.591184 ], [ 2.4148375, 39.5911838 ], [ 2.4148388, 39.5911837 ], [ 2.4148401, 39.5911837 ], [ 2.4148415, 39.5911837 ], [ 2.4148428, 39.5911837 ], [ 2.4148443, 39.5911838 ], [ 2.4148457, 39.5911839 ], [ 2.4148473, 39.5911841 ], [ 2.4148489, 39.5911844 ], [ 2.4148506, 39.5911847 ], [ 2.4148523, 39.5911851 ], [ 2.4148542, 39.5911856 ], [ 2.4148563, 39.5911863 ], [ 2.4148584, 39.591187 ], [ 2.4148608, 39.591188 ], [ 2.4148634, 39.5911891 ], [ 2.4148662, 39.5911904 ], [ 2.4148693, 39.5911921 ], [ 2.4148728, 39.5911941 ], [ 2.4148767, 39.5911966 ], [ 2.4148812, 39.5911997 ], [ 2.4148863, 39.5912037 ], [ 2.4148923, 39.5912087 ], [ 2.4148994, 39.5912152 ], [ 2.4149081, 39.5912238 ], [ 2.4149187, 39.591235499999989 ], [ 2.4149323, 39.5912519 ], [ 2.41495, 39.5912757 ], [ 2.4149741, 39.5913118 ], [ 2.4150085, 39.5913698 ], [ 2.4149928, 39.5913863 ], [ 2.4151455, 39.5916607 ], [ 2.4152912, 39.5920602 ], [ 2.4155103, 39.5928903 ], [ 2.4155226, 39.5936746 ], [ 2.4151196, 39.5929549 ], [ 2.4148814, 39.592128 ], [ 2.4148197, 39.5914715 ] ] ] } },
{ "type": "Feature", "properties": { "PlotID": "MANFV21", "windspeed": 20.0, "time": "60", "clipped_m2": 8296.9432234466076, "clipped_ha": 0.82969432234466078, "wspd": "20" }, "geometry": { "type": "Polygon", "coordinates": [ [ [ 2.4044927, 39.585129 ], [ 2.4044695, 39.5849213 ], [ 2.4044644, 39.5848102 ], [ 2.4044655, 39.5847448 ], [ 2.4044687, 39.5847033 ], [ 2.4044725, 39.5846754 ], [ 2.4044763, 39.5846558 ], [ 2.40448, 39.584641399999988 ], [ 2.4044834, 39.5846306 ], [ 2.4044866, 39.5846222 ], [ 2.4044895, 39.5846156 ], [ 2.4044922, 39.5846103 ], [ 2.4044946, 39.584606 ], [ 2.404497, 39.5846024 ], [ 2.4044991, 39.5845994 ], [ 2.4045011, 39.5845969 ], [ 2.404503, 39.5845947 ], [ 2.4045048, 39.5845929 ], [ 2.4045065, 39.5845912 ], [ 2.4045081, 39.5845898 ], [ 2.4045097, 39.5845886 ], [ 2.4045112, 39.5845875 ], [ 2.4045126, 39.5845865 ], [ 2.404514, 39.5845857 ], [ 2.4045153, 39.5845849 ], [ 2.4045167, 39.5845843 ], [ 2.404518, 39.5845837 ], [ 2.4045192, 39.5845831 ], [ 2.4045205, 39.5845827 ], [ 2.4045218, 39.5845822 ], [ 2.404523, 39.5845819 ], [ 2.4045242, 39.5845816 ], [ 2.4045255, 39.5845813 ], [ 2.4045267, 39.5845811 ], [ 2.404528, 39.5845809 ], [ 2.4045293, 39.584580699999989 ], [ 2.4045306, 39.5845806 ], [ 2.4045319, 39.5845806 ], [ 2.4045333, 39.5845806 ], [ 2.4045347, 39.5845806 ], [ 2.4045361, 39.5845807 ], [ 2.4045376, 39.5845808 ], [ 2.4045392, 39.584581 ], [ 2.4045408, 39.5845813 ], [ 2.4045425, 39.5845816 ], [ 2.4045443, 39.5845821 ], [ 2.4045463, 39.5845826 ], [ 2.4045483, 39.5845832 ], [ 2.4045506, 39.584584 ], [ 2.4045529, 39.584585 ], [ 2.4045556, 39.5845861 ], [ 2.4045584, 39.5845875 ], [ 2.4045616, 39.5845892 ], [ 2.4045651, 39.5845913 ], [ 2.4045691, 39.5845938 ], [ 2.4045737, 39.584597 ], [ 2.4045789, 39.584601 ], [ 2.404585, 39.5846061 ], [ 2.4045923, 39.5846128 ], [ 2.4046011, 39.5846216 ], [ 2.4046119, 39.5846336 ], [ 2.4046257, 39.5846503 ], [ 2.4046438, 39.5846746 ], [ 2.4046684, 39.5847116 ], [ 2.4047036, 39.584771 ], [ 2.4047571, 39.5848743 ], [ 2.4048445, 39.5850714 ], [ 2.4049968, 39.5854893 ], [ 2.4052327, 39.5863778 ], [ 2.405254, 39.587242 ], [ 2.4048213, 39.5864452 ], [ 2.4045721, 39.5855588 ], [ 2.4044927, 39.585129 ] ] ] } },
{ "type": "Feature", "properties": { "PlotID": "MANFV22", "windspeed": 20.0, "time": "60", "clipped_m2": 5379.0372349396348, "clipped_ha": 0.53790372349396343, "wspd": "20" }, "geometry": { "type": "Polygon", "coordinates": [ [ [ 2.4059631, 39.5832035 ], [ 2.40594, 39.5830261 ], [ 2.4059338, 39.582929199999988 ], [ 2.4059338, 39.5828715 ], [ 2.405936, 39.5828346 ], [ 2.405939, 39.5828097 ], [ 2.4059422, 39.5827921 ], [ 2.4059453, 39.5827792 ], [ 2.4059482, 39.5827694 ], [ 2.405951, 39.5827619 ], [ 2.4059535, 39.5827559 ], [ 2.4059559, 39.5827511 ], [ 2.405958, 39.5827472 ], [ 2.4059601, 39.582744 ], [ 2.405962, 39.5827413 ], [ 2.4059638, 39.582739 ], [ 2.4059654, 39.582737 ], [ 2.405967, 39.5827353 ], [ 2.4059686, 39.5827338 ], [ 2.40597, 39.5827325 ], [ 2.4059714, 39.5827314 ], [ 2.4059727, 39.5827304 ], [ 2.405974, 39.5827295 ], [ 2.4059752, 39.5827287 ], [ 2.4059765, 39.5827281 ], [ 2.4059777, 39.5827274 ], [ 2.4059788, 39.5827269 ], [ 2.40598, 39.5827264 ], [ 2.4059811, 39.582726 ], [ 2.4059822, 39.5827256 ], [ 2.4059833, 39.5827252 ], [ 2.4059845, 39.582725 ], [ 2.4059856, 39.5827247 ], [ 2.4059867, 39.5827245 ], [ 2.4059878, 39.582724299999988 ], [ 2.405989, 39.5827242 ], [ 2.4059902, 39.5827241 ], [ 2.4059914, 39.582724 ], [ 2.4059926, 39.582724 ], [ 2.4059939, 39.582724 ], [ 2.4059952, 39.5827241 ], [ 2.4059965, 39.5827242 ], [ 2.4059979, 39.5827244 ], [ 2.4059994, 39.5827246 ], [ 2.406001, 39.5827249 ], [ 2.4060026, 39.5827253 ], [ 2.4060044, 39.5827257 ], [ 2.4060062, 39.5827263 ], [ 2.4060083, 39.582727 ], [ 2.4060104, 39.5827278 ], [ 2.4060128, 39.5827289 ], [ 2.4060154, 39.5827301 ], [ 2.4060183, 39.5827316 ], [ 2.4060215, 39.5827334 ], [ 2.4060251, 39.5827357 ], [ 2.4060292, 39.5827386 ], [ 2.406034, 39.5827421 ], [ 2.4060395, 39.5827467 ], [ 2.4060461, 39.5827526 ], [ 2.4060541, 39.5827605 ], [ 2.406064, 39.5827712 ], [ 2.4060765, 39.5827861 ], [ 2.4060928, 39.5828077 ], [ 2.406115, 39.5828404 ], [ 2.4061465, 39.5828927 ], [ 2.4061938, 39.5829826 ], [ 2.4062697, 39.5831509 ], [ 2.4063961, 39.5834938 ], [ 2.4065733, 39.5841669 ], [ 2.4065703, 39.5847612 ], [ 2.406243, 39.5842235 ], [ 2.4060359, 39.5835556 ], [ 2.4059631, 39.5832035 ] ] ] } },
{ "type": "Feature", "properties": { "PlotID": "MANFV23", "windspeed": 20.0, "time": "60", "clipped_m2": 60358.114005915821, "clipped_ha": 6.0358114005915819, "wspd": "20" }, "geometry": { "type": "Polygon", "coordinates": [ [ [ 2.4137788, 39.5964703 ], [ 2.4137158, 39.5959148 ], [ 2.4137016, 39.5956182 ], [ 2.413704, 39.5954439 ], [ 2.4137122, 39.5953334 ], [ 2.4137222, 39.5952591 ], [ 2.4137323, 39.5952069 ], [ 2.4137419, 39.5951687 ], [ 2.413751, 39.5951399 ], [ 2.4137593, 39.5951177 ], [ 2.413767, 39.5951001 ], [ 2.4137742, 39.595086 ], [ 2.4137807, 39.5950745 ], [ 2.4137868, 39.595065 ], [ 2.4137925, 39.595057 ], [ 2.4137979, 39.5950502 ], [ 2.4138029, 39.5950445 ], [ 2.4138076, 39.5950395 ], [ 2.4138121, 39.5950352 ], [ 2.4138164, 39.5950314 ], [ 2.4138205, 39.5950281 ], [ 2.4138245, 39.5950252 ], [ 2.4138283, 39.5950227 ], [ 2.413832, 39.5950204 ], [ 2.4138356, 39.5950184 ], [ 2.4138391, 39.5950166 ], [ 2.4138426, 39.595015 ], [ 2.413846, 39.5950136 ], [ 2.4138493, 39.5950123 ], [ 2.4138526, 39.5950112 ], [ 2.4138559, 39.5950103 ], [ 2.4138592, 39.5950094 ], [ 2.4138625, 39.5950087 ], [ 2.4138659, 39.5950081 ], [ 2.4138692, 39.5950076 ], [ 2.4138726, 39.5950072 ], [ 2.4138761, 39.5950069 ], [ 2.4138796, 39.5950068 ], [ 2.4138832, 39.5950067 ], [ 2.4138869, 39.5950068 ], [ 2.4138908, 39.595007 ], [ 2.4138947, 39.5950074 ], [ 2.4138989, 39.5950079 ], [ 2.4139032, 39.5950086 ], [ 2.4139078, 39.5950095 ], [ 2.4139127, 39.5950107 ], [ 2.4139178, 39.5950121 ], [ 2.4139233, 39.5950138 ], [ 2.4139292, 39.5950158 ], [ 2.4139356, 39.5950184 ], [ 2.4139425, 39.5950214 ], [ 2.4139502, 39.5950251 ], [ 2.4139586, 39.5950296 ], [ 2.413968, 39.595035 ], [ 2.4139786, 39.5950418 ], [ 2.4139907, 39.5950502 ], [ 2.4140046, 39.5950609 ], [ 2.4140209, 39.5950745 ], [ 2.4140403, 39.5950921 ], [ 2.4140638, 39.5951155 ], [ 2.4140928, 39.5951473 ], [ 2.4141296, 39.5951918 ], [ 2.4141779, 39.5952564 ], [ 2.4142437, 39.5953547 ], [ 2.414338, 39.595513 ], [ 2.4144816, 39.5957883 ], [ 2.4147175, 39.5963152 ], [ 2.415131, 39.5974376 ], [ 2.4157825, 39.5998497 ], [ 2.4158592, 39.6022277 ], [ 2.4146733, 39.6000329 ], [ 2.4139941, 39.5976255 ], [ 2.4137788, 39.5964703 ] ] ] } },
{ "type": "Feature", "properties": { "PlotID": "MANFV24", "windspeed": 20.0, "time": "60", "clipped_m2": 21.268571293432615, "clipped_ha": 0.0021268571293432616, "wspd": "20" }, "geometry": { "type": "Polygon", "coordinates": [ [ [ 2.4000904, 39.594058 ], [ 2.400085, 39.5940529 ], [ 2.400081, 39.5940468 ], [ 2.4000782, 39.5940406 ], [ 2.4000765, 39.5940348 ], [ 2.4000757, 39.5940297 ], [ 2.4000754, 39.5940251 ], [ 2.4000756, 39.5940213 ], [ 2.400076, 39.594018 ], [ 2.4000765, 39.5940152 ], [ 2.4000772, 39.5940129 ], [ 2.400078, 39.5940109 ], [ 2.4000787, 39.5940092 ], [ 2.4000795, 39.5940077 ], [ 2.4000803, 39.5940064 ], [ 2.400081, 39.5940054 ], [ 2.4000818, 39.5940044 ], [ 2.4000825, 39.5940036 ], [ 2.4000832, 39.5940029 ], [ 2.4000839, 39.5940022 ], [ 2.4000845, 39.5940017 ], [ 2.4000852, 39.5940012 ], [ 2.4000858, 39.5940008 ], [ 2.4000864, 39.5940004 ], [ 2.400087, 39.594 ], [ 2.4000876, 39.5939997 ], [ 2.4000882, 39.5939995 ], [ 2.4000888, 39.5939992 ], [ 2.4000893, 39.593999 ], [ 2.4000899, 39.5939988 ], [ 2.4000904, 39.5939987 ], [ 2.400091, 39.5939986 ], [ 2.4000915, 39.5939985 ], [ 2.4000921, 39.5939984 ], [ 2.4000926, 39.5939983 ], [ 2.4000932, 39.5939983 ], [ 2.4000938, 39.5939982 ], [ 2.4000943, 39.5939982 ], [ 2.4000949, 39.5939982 ], [ 2.4000955, 39.5939983 ], [ 2.4000961, 39.5939983 ], [ 2.4000967, 39.5939984 ], [ 2.4000973, 39.5939985 ], [ 2.400098, 39.5939987 ], [ 2.4000987, 39.5939988 ], [ 2.4000993, 39.5939991 ], [ 2.4001001, 39.5939993 ], [ 2.4001008, 39.5939996 ], [ 2.4001016, 39.5939999 ], [ 2.4001024, 39.5940003 ], [ 2.4001033, 39.5940008 ], [ 2.4001042, 39.5940014 ], [ 2.4001052, 39.594002 ], [ 2.4001062, 39.5940028 ], [ 2.4001073, 39.5940037 ], [ 2.4001085, 39.5940047 ], [ 2.4001097, 39.594006 ], [ 2.400111, 39.5940075 ], [ 2.4001124, 39.5940093 ], [ 2.4001139, 39.5940114 ], [ 2.4001153, 39.594014 ], [ 2.4001168, 39.5940171 ], [ 2.4001183, 39.594020799999988 ], [ 2.4001195, 39.5940252 ], [ 2.4001204, 39.5940304 ], [ 2.4001207, 39.5940363 ], [ 2.4001201, 39.5940428 ], [ 2.4001183, 39.5940495 ], [ 2.4001148, 39.5940556 ], [ 2.4001098, 39.5940601 ], [ 2.4001035, 39.5940622 ], [ 2.4000968, 39.5940614 ], [ 2.4000904, 39.594058 ] ] ] } },
{ "type": "Feature", "properties": { "PlotID": "MANFV25", "windspeed": 20.0, "time": "60", "clipped_m2": 541.35491370316595, "clipped_ha": 0.054135491370316598, "wspd": "20" }, "geometry": { "type": "Polygon", "coordinates": [ [ [ 2.4003845, 39.5930916 ], [ 2.4003622, 39.5931509 ], [ 2.4003265, 39.5932072 ], [ 2.400323, 39.5931635 ], [ 2.400323, 39.5931304 ], [ 2.400325, 39.5931053 ], [ 2.4003279, 39.593086 ], [ 2.4003312, 39.593071 ], [ 2.4003346, 39.5930591 ], [ 2.400338, 39.5930496 ], [ 2.4003413, 39.5930418 ], [ 2.4003444, 39.5930355 ], [ 2.4003474, 39.5930302 ], [ 2.4003503, 39.5930258 ], [ 2.400353, 39.593022 ], [ 2.4003555, 39.5930188 ], [ 2.400358, 39.593016 ], [ 2.4003603, 39.5930137 ], [ 2.4003625, 39.5930116 ], [ 2.4003647, 39.5930098 ], [ 2.4003667, 39.5930082 ], [ 2.4003687, 39.5930068 ], [ 2.4003707, 39.5930055 ], [ 2.4003725, 39.5930044 ], [ 2.4003743, 39.5930035 ], [ 2.4003761, 39.5930026 ], [ 2.4003779, 39.5930018 ], [ 2.4003796, 39.593001199999989 ], [ 2.4003813, 39.5930006 ], [ 2.400383, 39.593 ], [ 2.4003847, 39.5929996 ], [ 2.4003864, 39.5929992 ], [ 2.400388, 39.5929989 ], [ 2.4003897, 39.5929986 ], [ 2.4003914, 39.5929984 ], [ 2.4003931, 39.5929983 ], [ 2.4003949, 39.5929982 ], [ 2.4003967, 39.5929982 ], [ 2.4003985, 39.5929982 ], [ 2.4004003, 39.5929983 ], [ 2.4004023, 39.5929985 ], [ 2.4004042, 39.5929987 ], [ 2.4004063, 39.5929991 ], [ 2.4004084, 39.5929995 ], [ 2.4004107, 39.593 ], [ 2.400413, 39.5930007 ], [ 2.4004155, 39.5930015 ], [ 2.4004182, 39.5930024 ], [ 2.400421, 39.5930035 ], [ 2.400424, 39.5930049 ], [ 2.4004273, 39.5930065 ], [ 2.4004308, 39.593008399999988 ], [ 2.4004346, 39.5930108 ], [ 2.4004388, 39.5930136 ], [ 2.4004435, 39.593017 ], [ 2.4004487, 39.5930211 ], [ 2.4004545, 39.5930262 ], [ 2.400461, 39.5930326 ], [ 2.4004684, 39.5930407 ], [ 2.4004769, 39.5930509 ], [ 2.4004867, 39.5930641 ], [ 2.400498, 39.5930815 ], [ 2.4005111, 39.5931046 ], [ 2.4005189, 39.5931292 ], [ 2.4005154, 39.5931483 ], [ 2.4005113, 39.5931713 ], [ 2.4005061, 39.5932002 ], [ 2.4004969, 39.593233 ], [ 2.4004828, 39.5932707 ], [ 2.4005058, 39.5935033 ], [ 2.4004469, 39.5934809 ], [ 2.400394, 39.5934146 ], [ 2.4003845, 39.5930916 ] ] ] } },
{ "type": "Feature", "properties": { "PlotID": "MANFV26", "windspeed": 20.0, "time": "60", "clipped_m2": 2144.961206369102, "clipped_ha": 0.2144961206369102, "wspd": "20" }, "geometry": { "type": "Polygon", "coordinates": [ [ [ 2.4008501, 39.5952909 ], [ 2.4007832, 39.5950942 ], [ 2.4006969, 39.5951335 ], [ 2.4006485, 39.5950434 ], [ 2.4006167, 39.5949564 ], [ 2.4007923, 39.5945777 ], [ 2.4007607, 39.5945917 ], [ 2.4007169, 39.5946111 ], [ 2.4006497, 39.5946416 ], [ 2.4006001, 39.5946455 ], [ 2.4006095, 39.5946064 ], [ 2.4006204, 39.5945729 ], [ 2.400632, 39.594544 ], [ 2.400644, 39.5945192 ], [ 2.4006562, 39.5944977 ], [ 2.4006684, 39.594479 ], [ 2.4006804, 39.5944627 ], [ 2.4007036, 39.5944479 ], [ 2.4007365, 39.5944366 ], [ 2.4007607, 39.5944289 ], [ 2.4007783, 39.5944233 ], [ 2.4007918, 39.594419 ], [ 2.4008056, 39.5944164 ], [ 2.4008182, 39.5944151 ], [ 2.4007686, 39.5943859 ], [ 2.4007787, 39.5943805 ], [ 2.4008423, 39.5944127 ], [ 2.4008479, 39.5944121 ], [ 2.4008081, 39.5943679 ], [ 2.4008178, 39.5943647 ], [ 2.4008273, 39.5943619 ], [ 2.4008369, 39.5943595 ], [ 2.4008464, 39.5943575 ], [ 2.4008559, 39.5943559 ], [ 2.4008655, 39.5943546 ], [ 2.4008751, 39.5943537 ], [ 2.4008849, 39.5943531 ], [ 2.4008947, 39.5943529 ], [ 2.4009048, 39.5943531 ], [ 2.400915, 39.5943536 ], [ 2.4009254, 39.5943546 ], [ 2.400936, 39.594356 ], [ 2.400947, 39.5943578 ], [ 2.4009582, 39.5943601 ], [ 2.4009699, 39.594363 ], [ 2.4009819, 39.5943665 ], [ 2.4009945, 39.5943707 ], [ 2.4010075, 39.5943757 ], [ 2.4010212, 39.5943815 ], [ 2.4010355, 39.5943884 ], [ 2.4010505, 39.5943964 ], [ 2.4010663, 39.5944059 ], [ 2.4010829, 39.5944169 ], [ 2.4011005, 39.5944298 ], [ 2.4011191, 39.594445 ], [ 2.4011388, 39.594462899999989 ], [ 2.4011596, 39.5944841 ], [ 2.4011309, 39.5944974 ], [ 2.401088, 39.5945031 ], [ 2.4012264, 39.5945736 ], [ 2.4011751, 39.5945797 ], [ 2.4011334, 39.5945846 ], [ 2.4009975, 39.5945195 ], [ 2.401068, 39.5945924 ], [ 2.4013275, 39.5948756 ], [ 2.4010168, 39.5945985 ], [ 2.4013165, 39.5950631 ], [ 2.4009339, 39.594533299999988 ], [ 2.4009228, 39.5945357 ], [ 2.4009118, 39.5945381 ], [ 2.4010533, 39.5953437 ], [ 2.4008896, 39.5945437 ], [ 2.4008501, 39.5952909 ] ] ] } },
{ "type": "Feature", "properties": { "PlotID": "MANFV27", "windspeed": 20.0, "time": "60", "clipped_m2": 2326.149569959729, "clipped_ha": 0.2326149569959729, "wspd": "20" }, "geometry": { "type": "Polygon", "coordinates": [ [ [ 2.4078112, 39.6016182 ], [ 2.4077989, 39.6016091 ], [ 2.4077879, 39.6016013 ], [ 2.4077779, 39.6015942 ], [ 2.4077687, 39.6015876 ], [ 2.4076919, 39.601678199999988 ], [ 2.4077716, 39.6015522 ], [ 2.4077656, 39.6015483 ], [ 2.4077597, 39.6015444 ], [ 2.4077537, 39.6015405 ], [ 2.4077476, 39.6015364 ], [ 2.4077412, 39.6015322 ], [ 2.4077344, 39.6015278 ], [ 2.4077271, 39.601523 ], [ 2.4077191, 39.6015177 ], [ 2.4077101, 39.6015118 ], [ 2.4076998, 39.6015051 ], [ 2.4076876, 39.6014971 ], [ 2.4076728, 39.601487399999989 ], [ 2.407654, 39.6014751 ], [ 2.4076466, 39.601462 ], [ 2.4076593, 39.6014525 ], [ 2.4076716, 39.6014441 ], [ 2.4076836, 39.6014366 ], [ 2.4076953, 39.60143 ], [ 2.4077068, 39.601424 ], [ 2.4077181, 39.6014188 ], [ 2.4077593, 39.6014404 ], [ 2.4077914, 39.6014634 ], [ 2.4078035, 39.6014722 ], [ 2.4078097, 39.6014767 ], [ 2.4078135, 39.6014795 ], [ 2.4078161, 39.6014814 ], [ 2.407818, 39.6014828 ], [ 2.4078195, 39.6014839 ], [ 2.4078208, 39.6014848 ], [ 2.4078218, 39.6014855 ], [ 2.4078227, 39.6014862 ], [ 2.4078235, 39.6014868 ], [ 2.4078242, 39.6014873 ], [ 2.4078248, 39.6014878 ], [ 2.4078254, 39.6014882 ], [ 2.407826, 39.6014886 ], [ 2.4078266, 39.601489 ], [ 2.4078272, 39.6014895 ], [ 2.4078277, 39.6014899 ], [ 2.4078283, 39.6014903 ], [ 2.4078289, 39.6014907 ], [ 2.4078295, 39.6014912 ], [ 2.4078301, 39.6014916 ], [ 2.4078309, 39.6014922 ], [ 2.4078317, 39.6014927 ], [ 2.4078325, 39.6014934 ], [ 2.4078336, 39.6014942 ], [ 2.4078348, 39.6014951 ], [ 2.4078364, 39.6014962 ], [ 2.4078383, 39.6014976 ], [ 2.407841, 39.6014996 ], [ 2.4078449, 39.6015024 ], [ 2.4078514, 39.6015071 ], [ 2.4078711, 39.60152 ], [ 2.4084939, 39.601908699999989 ], [ 2.4085718, 39.6020459 ], [ 2.4086574, 39.6022261 ], [ 2.4086568, 39.6023687 ], [ 2.4085172, 39.6023737 ], [ 2.4079878, 39.6017533 ], [ 2.4079284, 39.6017053 ], [ 2.4078912, 39.601677599999988 ], [ 2.4078639, 39.6016573 ], [ 2.4078427, 39.6016416 ], [ 2.4078256, 39.6016289 ], [ 2.4078112, 39.6016182 ] ] ] } },
{ "type": "Feature", "properties": { "PlotID": "MANFV28", "windspeed": 20.0, "time": "60", "clipped_m2": 978.05712426267564, "clipped_ha": 0.097805712426267566, "wspd": "20" }, "geometry": { "type": "Polygon", "coordinates": [ [ [ 2.4019439, 39.6026597 ], [ 2.4019193, 39.6026297 ], [ 2.4018992, 39.6026052 ], [ 2.4019041, 39.6025346 ], [ 2.4018955, 39.6025172 ], [ 2.4018883, 39.6025026 ], [ 2.4018821, 39.6024901 ], [ 2.4018766, 39.602479 ], [ 2.4018717, 39.6024691 ], [ 2.4018671, 39.6024599 ], [ 2.4018619, 39.6024518 ], [ 2.4018675, 39.6024389 ], [ 2.4018732, 39.6024281 ], [ 2.4018787, 39.6024189 ], [ 2.4018839, 39.6024111 ], [ 2.401889, 39.6024044 ], [ 2.4018938, 39.6023987 ], [ 2.4018984, 39.6023937 ], [ 2.4019028, 39.6023893 ], [ 2.4019071, 39.6023855 ], [ 2.4019113, 39.6023821 ], [ 2.4019153, 39.6023791 ], [ 2.4019192, 39.6023765 ], [ 2.401923, 39.6023741 ], [ 2.4019267, 39.6023721 ], [ 2.4019303, 39.602370199999989 ], [ 2.4019339, 39.6023686 ], [ 2.4019374, 39.6023671 ], [ 2.4019409, 39.6023658 ], [ 2.4019444, 39.6023647 ], [ 2.4019479, 39.6023637 ], [ 2.4019513, 39.6023628 ], [ 2.4019548, 39.6023621 ], [ 2.4019583, 39.6023615 ], [ 2.4019618, 39.602361 ], [ 2.4019653, 39.6023606 ], [ 2.401969, 39.6023604 ], [ 2.4019726, 39.6023603 ], [ 2.4019764, 39.6023603 ], [ 2.4019803, 39.6023605 ], [ 2.4019843, 39.6023608 ], [ 2.4019884, 39.6023612 ], [ 2.4019927, 39.6023619 ], [ 2.4019971, 39.6023627 ], [ 2.4020018, 39.6023637 ], [ 2.4020067, 39.602365 ], [ 2.4020119, 39.6023666 ], [ 2.4020174, 39.6023684 ], [ 2.4020233, 39.6023707 ], [ 2.4020295, 39.6023734 ], [ 2.4020321, 39.6023776 ], [ 2.402034, 39.602382 ], [ 2.402036, 39.6023865 ], [ 2.402038, 39.6023912 ], [ 2.4020402, 39.6023962 ], [ 2.4020425, 39.6024015 ], [ 2.402045, 39.6024073 ], [ 2.4020479, 39.6024138 ], [ 2.4020511, 39.6024213 ], [ 2.4020549, 39.60243 ], [ 2.4020595, 39.6024406 ], [ 2.4020653, 39.6024538 ], [ 2.4020728, 39.6024713 ], [ 2.4020835, 39.6024957 ], [ 2.4021025, 39.6025359 ], [ 2.4021392, 39.6026124 ], [ 2.4022362, 39.6028151 ], [ 2.4023029, 39.6030605 ], [ 2.4021434, 39.6028611 ], [ 2.402071, 39.602798 ], [ 2.4020157, 39.6027386 ], [ 2.4019751, 39.6026951 ], [ 2.4019439, 39.6026597 ] ] ] } },
{ "type": "Feature", "properties": { "PlotID": "MANFV29", "windspeed": 20.0, "time": "60", "clipped_m2": 2529.7767940610647, "clipped_ha": 0.25297767940610649, "wspd": "20" }, "geometry": { "type": "Polygon", "coordinates": [ [ [ 2.4100561, 39.6055629 ], [ 2.4099697, 39.6053051 ], [ 2.4101284, 39.604472099999988 ], [ 2.4101, 39.6044978 ], [ 2.4099029, 39.6048003 ], [ 2.4099078, 39.6047026 ], [ 2.4099171, 39.6046268 ], [ 2.4099287, 39.6045673 ], [ 2.4099411, 39.60452 ], [ 2.4099537, 39.604482 ], [ 2.4099662, 39.604451 ], [ 2.4099783, 39.6044254 ], [ 2.4099898, 39.6044041 ], [ 2.4100009, 39.6043862 ], [ 2.4100115, 39.604371 ], [ 2.4100215, 39.6043579 ], [ 2.4100312, 39.6043467 ], [ 2.4100404, 39.604337 ], [ 2.4100492, 39.6043285 ], [ 2.4100577, 39.6043211 ], [ 2.4100659, 39.6043146 ], [ 2.4100738, 39.6043088 ], [ 2.4100815, 39.6043037 ], [ 2.410089, 39.6042992 ], [ 2.4100963, 39.6042952 ], [ 2.4101034, 39.6042916 ], [ 2.4101105, 39.6042885 ], [ 2.4101174, 39.6042857 ], [ 2.4101243, 39.6042832 ], [ 2.4101311, 39.604281 ], [ 2.4101378, 39.6042791 ], [ 2.4101446, 39.6042775 ], [ 2.4101514, 39.6042762 ], [ 2.4101582, 39.604275 ], [ 2.410165, 39.6042741 ], [ 2.410172, 39.6042735 ], [ 2.410179, 39.6042731 ], [ 2.4101862, 39.6042729 ], [ 2.4101936, 39.604273 ], [ 2.4102011, 39.6042733 ], [ 2.4102089, 39.604274 ], [ 2.410217, 39.6042749 ], [ 2.4102253, 39.6042762 ], [ 2.410234, 39.6042779 ], [ 2.4102431, 39.6042799 ], [ 2.4102527, 39.6042825 ], [ 2.4102628, 39.6042856 ], [ 2.4102735, 39.6042893 ], [ 2.4102849, 39.6042938 ], [ 2.4102972, 39.6042992 ], [ 2.4103104, 39.6043056 ], [ 2.4103246, 39.6043133 ], [ 2.4103402, 39.6043225 ], [ 2.4103572, 39.6043337 ], [ 2.410376, 39.6043472 ], [ 2.4103969, 39.6043637 ], [ 2.4104203, 39.6043841 ], [ 2.4104194, 39.604402 ], [ 2.4104765, 39.604441199999989 ], [ 2.4105105, 39.6044816 ], [ 2.4105495, 39.6045336 ], [ 2.4104351, 39.604501 ], [ 2.4104114, 39.604515 ], [ 2.4103889, 39.6045291 ], [ 2.4103709, 39.6045479 ], [ 2.4103518, 39.6045677 ], [ 2.4103371, 39.6045983 ], [ 2.4103281, 39.6046515 ], [ 2.4102992, 39.6046808 ], [ 2.410267, 39.604717 ], [ 2.4102327, 39.6047908 ], [ 2.4101824, 39.6048638 ], [ 2.4100561, 39.6055629 ] ] ] } },
{ "type": "Feature", "properties": { "PlotID": "MANFV01", "windspeed": 30.0, "time": "60", "clipped_m2": 1775.1174182137474, "clipped_ha": 0.17751174182137475, "wspd": "30" }, "geometry": { "type": "Polygon", "coordinates": [ [ [ 2.4127341, 39.599838 ], [ 2.4126911, 39.5997784 ], [ 2.4126609, 39.5997184 ], [ 2.4126413, 39.5996629 ], [ 2.41263, 39.5996139 ], [ 2.4126246, 39.5995718 ], [ 2.4126233, 39.599536 ], [ 2.4126247, 39.5995059 ], [ 2.412628, 39.5994805 ], [ 2.4126324, 39.5994591 ], [ 2.4126374, 39.599441 ], [ 2.4126429, 39.5994255 ], [ 2.4126486, 39.5994123 ], [ 2.4126544, 39.5994009 ], [ 2.4126602, 39.5993911 ], [ 2.4126659, 39.5993825 ], [ 2.4126715, 39.599375 ], [ 2.412677, 39.5993684 ], [ 2.4126824, 39.5993626 ], [ 2.4126877, 39.5993575 ], [ 2.4126929, 39.599353 ], [ 2.412698, 39.5993489 ], [ 2.4127029, 39.5993453 ], [ 2.4127078, 39.5993421 ], [ 2.4127127, 39.5993392 ], [ 2.4127174, 39.5993367 ], [ 2.4127221, 39.5993344 ], [ 2.4127268, 39.5993323 ], [ 2.4127314, 39.5993305 ], [ 2.412736, 39.5993289 ], [ 2.4127406, 39.5993275 ], [ 2.4127452, 39.5993263 ], [ 2.4127499, 39.5993253 ], [ 2.4127546, 39.5993244 ], [ 2.4127593, 39.5993238 ], [ 2.412764, 39.5993232 ], [ 2.4127689, 39.5993229 ], [ 2.4127738, 39.5993227 ], [ 2.4127789, 39.5993227 ], [ 2.4127841, 39.5993229 ], [ 2.4127894, 39.5993233 ], [ 2.4127949, 39.5993239 ], [ 2.4128006, 39.5993248 ], [ 2.4128065, 39.5993259 ], [ 2.4128127, 39.5993273 ], [ 2.4128191, 39.599329 ], [ 2.4128259, 39.5993311 ], [ 2.412833, 39.5993336 ], [ 2.4128405, 39.5993366 ], [ 2.4128485, 39.5993402 ], [ 2.412857, 39.5993445 ], [ 2.4128661, 39.599349599999989 ], [ 2.4128758, 39.5993556 ], [ 2.4128863, 39.5993628 ], [ 2.4128975, 39.5993714 ], [ 2.4129097, 39.5993816 ], [ 2.4129228, 39.599394 ], [ 2.412937, 39.599409 ], [ 2.4129523, 39.5994272 ], [ 2.4129686, 39.5994493 ], [ 2.4129857, 39.5994764 ], [ 2.4130033, 39.5995095 ], [ 2.4129753, 39.599517 ], [ 2.413036, 39.599598 ], [ 2.4130474, 39.5996548 ], [ 2.4130513, 39.5997191 ], [ 2.4130434, 39.5997871 ], [ 2.4130195, 39.5998513 ], [ 2.4129406, 39.5998078 ], [ 2.4129201, 39.5999265 ], [ 2.4128542, 39.5999216 ], [ 2.4127897, 39.5998891 ], [ 2.4127341, 39.599838 ] ] ] } },
{ "type": "Feature", "properties": { "PlotID": "MANFV02", "windspeed": 30.0, "time": "60", "clipped_m2": 1542.7156509049237, "clipped_ha": 0.15427156509049236, "wspd": "30" }, "geometry": { "type": "Polygon", "coordinates": [ [ [ 2.4101083, 39.5967133 ], [ 2.41006, 39.5968532 ], [ 2.4100636, 39.5967159 ], [ 2.4100697, 39.5966472 ], [ 2.4100754, 39.5966082 ], [ 2.4100804, 39.5965841 ], [ 2.4100847, 39.5965682 ], [ 2.4100884, 39.5965571 ], [ 2.4100915, 39.5965491 ], [ 2.4100942, 39.5965431 ], [ 2.4100966, 39.5965385 ], [ 2.4100987, 39.5965349 ], [ 2.4101006, 39.596532 ], [ 2.4101023, 39.5965297 ], [ 2.4101038, 39.5965278 ], [ 2.4101052, 39.5965262 ], [ 2.4101065, 39.5965249 ], [ 2.4101078, 39.5965237 ], [ 2.4101089, 39.5965228 ], [ 2.4101099, 39.5965219 ], [ 2.4101109, 39.5965212 ], [ 2.4101119, 39.5965206 ], [ 2.4101128, 39.59652 ], [ 2.4101137, 39.5965195 ], [ 2.4101145, 39.5965191 ], [ 2.4101153, 39.5965188 ], [ 2.4101161, 39.5965184 ], [ 2.4101169, 39.5965182 ], [ 2.4101176, 39.5965179 ], [ 2.4101184, 39.5965177 ], [ 2.4101191, 39.5965175 ], [ 2.4101198, 39.5965174 ], [ 2.4101205, 39.5965172 ], [ 2.4101212, 39.5965171 ], [ 2.4101219, 39.5965171 ], [ 2.4101227, 39.596517 ], [ 2.4101234, 39.596517 ], [ 2.4101241, 39.596517 ], [ 2.4101249, 39.596517 ], [ 2.4101256, 39.596517 ], [ 2.4101264, 39.5965171 ], [ 2.4101272, 39.5965172 ], [ 2.410128, 39.5965174 ], [ 2.4101289, 39.5965175 ], [ 2.4101298, 39.5965178 ], [ 2.4101307, 39.596518 ], [ 2.4101317, 39.5965183 ], [ 2.4101327, 39.5965187 ], [ 2.4101339, 39.5965191 ], [ 2.410135, 39.5965197 ], [ 2.4101363, 39.5965203 ], [ 2.4101377, 39.596521 ], [ 2.4101392, 39.5965219 ], [ 2.4101409, 39.596523 ], [ 2.4101427, 39.5965243 ], [ 2.4101448, 39.5965259 ], [ 2.4101471, 39.5965279 ], [ 2.4101498, 39.5965303 ], [ 2.4101529, 39.5965335 ], [ 2.4101566, 39.5965375 ], [ 2.410161, 39.596542899999989 ], [ 2.4101665, 39.5965501 ], [ 2.4101733, 39.5965603 ], [ 2.4101821, 39.596575 ], [ 2.4101941, 39.5965976 ], [ 2.4102113, 39.5966345 ], [ 2.4102375, 39.5967004 ], [ 2.4102815, 39.5968333 ], [ 2.4103656, 39.597153 ], [ 2.4105308, 39.5980603 ], [ 2.41021, 39.5971055 ], [ 2.4101413, 39.5970331 ], [ 2.4101083, 39.5967133 ] ] ] } },
{ "type": "Feature", "properties": { "PlotID": "MANFV03", "windspeed": 30.0, "time": "60", "clipped_m2": 4027.5229241435882, "clipped_ha": 0.40275229241435884, "wspd": "30" }, "geometry": { "type": "Polygon", "coordinates": [ [ [ 2.4073874, 39.5962195 ], [ 2.4073298, 39.596036399999988 ], [ 2.4073197, 39.5958317 ], [ 2.4073246, 39.5956964 ], [ 2.4073345, 39.5956062 ], [ 2.4073457, 39.5955444 ], [ 2.4073565, 39.5955007 ], [ 2.4073665, 39.595469 ], [ 2.4073756, 39.5954452 ], [ 2.4073838, 39.5954271 ], [ 2.4074074, 39.5954039 ], [ 2.4074007, 39.5954003 ], [ 2.4074037, 39.5953926 ], [ 2.4074092, 39.5953851 ], [ 2.4074142, 39.595379 ], [ 2.4074189, 39.5953739 ], [ 2.4074232, 39.5953695 ], [ 2.4074272, 39.5953659 ], [ 2.4074309, 39.5953627 ], [ 2.4074345, 39.59536 ], [ 2.4074378, 39.5953576 ], [ 2.407441, 39.5953556 ], [ 2.407444, 39.5953538 ], [ 2.407447, 39.5953523 ], [ 2.4074498, 39.5953509 ], [ 2.4074525, 39.5953497 ], [ 2.4074551, 39.5953487 ], [ 2.4074577, 39.5953478 ], [ 2.4074602, 39.595347 ], [ 2.4074627, 39.5953463 ], [ 2.4074651, 39.5953458 ], [ 2.4074675, 39.5953453 ], [ 2.4074699, 39.5953449 ], [ 2.4074723, 39.5953446 ], [ 2.4074747, 39.5953444 ], [ 2.4074771, 39.5953443 ], [ 2.4074795, 39.5953442 ], [ 2.407482, 39.5953442 ], [ 2.4074845, 39.5953444 ], [ 2.407487, 39.5953446 ], [ 2.4074896, 39.5953449 ], [ 2.4074923, 39.5953453 ], [ 2.407495, 39.5953458 ], [ 2.4074978, 39.5953464 ], [ 2.4075008, 39.5953472 ], [ 2.4075039, 39.5953481 ], [ 2.4075071, 39.5953493 ], [ 2.4075105, 39.5953506 ], [ 2.4075142, 39.5953521 ], [ 2.407518, 39.5953539 ], [ 2.4075221, 39.5953561 ], [ 2.4075266, 39.5953587 ], [ 2.4075314, 39.5953617 ], [ 2.4075367, 39.5953653 ], [ 2.4075424, 39.5953697 ], [ 2.4075489, 39.595375 ], [ 2.407556, 39.5953816 ], [ 2.4075641, 39.5953896 ], [ 2.4075733, 39.5953997 ], [ 2.4075839, 39.5954126 ], [ 2.4075963, 39.5954293 ], [ 2.4076109, 39.5954513 ], [ 2.4076283, 39.5954811 ], [ 2.4076494, 39.5955224 ], [ 2.4076752, 39.5955815 ], [ 2.4077066, 39.5956687 ], [ 2.4075937, 39.5955557 ], [ 2.407783, 39.596003599999989 ], [ 2.4078082, 39.5962987 ], [ 2.4077785, 39.5966424 ], [ 2.4076536, 39.5968243 ], [ 2.4074834, 39.5961627 ], [ 2.4073874, 39.5962195 ] ] ] } },
{ "type": "Feature", "properties": { "PlotID": "MANFV04", "windspeed": 30.0, "time": "60", "clipped_m2": 120.16554231918417, "clipped_ha": 0.012016554231918417, "wspd": "30" }, "geometry": { "type": "Polygon", "coordinates": [ [ [ 2.4051228, 39.5900831 ], [ 2.4051224, 39.5900789 ], [ 2.4051224, 39.590077 ], [ 2.4051224, 39.5900759 ], [ 2.4051225, 39.5900752 ], [ 2.4051225, 39.5900748 ], [ 2.4051226, 39.5900745 ], [ 2.4051226, 39.5900743 ], [ 2.4051227, 39.5900741 ], [ 2.4051227, 39.590074 ], [ 2.4051228, 39.5900739 ], [ 2.4051228, 39.5900738 ], [ 2.4051229, 39.5900737 ], [ 2.4051229, 39.5900736 ], [ 2.405123, 39.5900736 ], [ 2.405123, 39.5900735 ], [ 2.4051231, 39.5900735 ], [ 2.4051231, 39.5900734 ], [ 2.4051232, 39.5900734 ], [ 2.4051233, 39.5900734 ], [ 2.4051234, 39.5900734 ], [ 2.4051235, 39.5900734 ], [ 2.4051236, 39.5900734 ], [ 2.4051237, 39.5900734 ], [ 2.4051238, 39.5900735 ], [ 2.4051239, 39.5900735 ], [ 2.4051239, 39.5900736 ], [ 2.405124, 39.5900736 ], [ 2.4051241, 39.5900737 ], [ 2.4051242, 39.5900737 ], [ 2.4051243, 39.5900738 ], [ 2.4051244, 39.590074 ], [ 2.4051246, 39.5900741 ], [ 2.4051248, 39.5900744 ], [ 2.4051251, 39.5900748 ], [ 2.4051255, 39.5900753 ], [ 2.4051261, 39.5900763 ], [ 2.4051271, 39.5900781 ], [ 2.4051291, 39.590082 ], [ 2.4051339, 39.5900932 ], [ 2.4051549, 39.5901511 ], [ 2.4055, 39.5913933 ], [ 2.405137, 39.5901542 ], [ 2.4051245, 39.5900948 ], [ 2.4051228, 39.5900831 ] ] ] } },
{ "type": "Feature", "properties": { "PlotID": "MANFV05", "windspeed": 30.0, "time": "60", "clipped_m2": 2146.3625118874479, "clipped_ha": 0.2146362511887448, "wspd": "30" }, "geometry": { "type": "Polygon", "coordinates": [ [ [ 2.4085035, 39.590821299999988 ], [ 2.4085018, 39.5908013 ], [ 2.4085015, 39.5907919 ], [ 2.4085017, 39.5907867 ], [ 2.408502, 39.5907836 ], [ 2.4085023, 39.5907815 ], [ 2.4085025, 39.5907801 ], [ 2.4085028, 39.5907791 ], [ 2.4085031, 39.5907783 ], [ 2.4085033, 39.5907777 ], [ 2.4085035, 39.5907772 ], [ 2.4085037, 39.5907769 ], [ 2.4085039, 39.5907766 ], [ 2.408504, 39.5907763 ], [ 2.4085042, 39.5907761 ], [ 2.4085043, 39.5907759 ], [ 2.4085044, 39.5907758 ], [ 2.4085046, 39.5907756 ], [ 2.4085047, 39.5907755 ], [ 2.4085048, 39.5907754 ], [ 2.4085049, 39.5907753 ], [ 2.408505, 39.5907753 ], [ 2.4085051, 39.5907752 ], [ 2.4085052, 39.5907751 ], [ 2.4085053, 39.5907751 ], [ 2.4085054, 39.590775 ], [ 2.4085055, 39.590775 ], [ 2.4085056, 39.590775 ], [ 2.4085056, 39.5907749 ], [ 2.4085057, 39.5907749 ], [ 2.4085058, 39.5907749 ], [ 2.4085059, 39.5907749 ], [ 2.408506, 39.5907748 ], [ 2.4085061, 39.5907748 ], [ 2.4085062, 39.5907748 ], [ 2.4085063, 39.5907748 ], [ 2.4085064, 39.5907748 ], [ 2.4085065, 39.5907748 ], [ 2.4085066, 39.5907748 ], [ 2.4085067, 39.5907748 ], [ 2.4085068, 39.5907748 ], [ 2.4085069, 39.5907748 ], [ 2.408507, 39.5907748 ], [ 2.4085072, 39.5907749 ], [ 2.4085073, 39.5907749 ], [ 2.4085074, 39.5907749 ], [ 2.4085076, 39.590775 ], [ 2.4085077, 39.590775 ], [ 2.4085079, 39.5907751 ], [ 2.4085081, 39.5907752 ], [ 2.4085083, 39.5907753 ], [ 2.4085085, 39.5907754 ], [ 2.4085087, 39.5907755 ], [ 2.408509, 39.590775699999988 ], [ 2.4085093, 39.5907759 ], [ 2.4085097, 39.5907762 ], [ 2.4085101, 39.5907765 ], [ 2.4085107, 39.590777 ], [ 2.4085113, 39.5907776 ], [ 2.4085121, 39.5907785 ], [ 2.4085131, 39.5907797 ], [ 2.4085145, 39.5907815 ], [ 2.4085165, 39.5907842 ], [ 2.4085194, 39.5907889 ], [ 2.4085242, 39.5907975 ], [ 2.4085334, 39.5908162 ], [ 2.4085562, 39.5908697 ], [ 2.4086199, 39.591058 ], [ 2.4104018, 39.597505 ], [ 2.4085513, 39.5910478 ], [ 2.4085115, 39.5908772 ], [ 2.4085035, 39.590821299999988 ] ] ] } },
{ "type": "Feature", "properties": { "PlotID": "MANFV06", "windspeed": 30.0, "time": "60", "clipped_m2": 18066.385854194872, "clipped_ha": 1.8066385854194873, "wspd": "30" }, "geometry": { "type": "Polygon", "coordinates": [ [ [ 2.4154159, 39.5849284 ], [ 2.4152912, 39.584666899999988 ], [ 2.4152153, 39.5844321 ], [ 2.4151744, 39.5842351 ], [ 2.4151567, 39.5840751 ], [ 2.4151535, 39.5839466 ], [ 2.415159, 39.5838435 ], [ 2.4152305, 39.5837003 ], [ 2.4151833, 39.583693 ], [ 2.4151983, 39.5836377 ], [ 2.4152139, 39.583592 ], [ 2.4152297, 39.5835539 ], [ 2.4152453, 39.5835218 ], [ 2.4152606, 39.5834946 ], [ 2.4152754, 39.5834714 ], [ 2.4152897, 39.5834514 ], [ 2.4153036, 39.583434 ], [ 2.415317, 39.5834189 ], [ 2.4153299, 39.5834057 ], [ 2.4153425, 39.583394 ], [ 2.4153546, 39.5833838 ], [ 2.4153665, 39.5833747 ], [ 2.415378, 39.5833666 ], [ 2.4153893, 39.5833594 ], [ 2.4154003, 39.583353 ], [ 2.4154112, 39.5833472 ], [ 2.4154219, 39.5833421 ], [ 2.4154325, 39.5833376 ], [ 2.415443, 39.5833336 ], [ 2.4154534, 39.58333 ], [ 2.4154638, 39.5833269 ], [ 2.4154742, 39.5833242 ], [ 2.4154846, 39.583322 ], [ 2.4154951, 39.58332 ], [ 2.4155057, 39.5833185 ], [ 2.4155165, 39.5833173 ], [ 2.4155274, 39.5833165 ], [ 2.4155385, 39.5833161 ], [ 2.4155499, 39.5833161 ], [ 2.4155616, 39.5833165 ], [ 2.4155736, 39.5833173 ], [ 2.4155816, 39.5833252 ], [ 2.415599, 39.5833205 ], [ 2.4156125, 39.5833229 ], [ 2.4156266, 39.5833259 ], [ 2.4156413, 39.5833297 ], [ 2.4156569, 39.5833343 ], [ 2.4156734, 39.5833399 ], [ 2.415691, 39.5833466 ], [ 2.4157098, 39.5833547 ], [ 2.4157299, 39.5833643 ], [ 2.4157516, 39.5833758 ], [ 2.4157752, 39.5833896 ], [ 2.4158009, 39.5834062 ], [ 2.4158291, 39.5834263 ], [ 2.4158601, 39.5834508 ], [ 2.4158945, 39.5834807 ], [ 2.4159327, 39.5835176 ], [ 2.4159754, 39.5835634 ], [ 2.416023, 39.5836208 ], [ 2.4160763, 39.5836934 ], [ 2.4161353, 39.583786 ], [ 2.4161995, 39.5839045 ], [ 2.416267, 39.5840564 ], [ 2.4163327, 39.5842493 ], [ 2.4163861, 39.5844878 ], [ 2.4164088, 39.5847659 ], [ 2.4163751, 39.5850551 ], [ 2.4162614, 39.5852955 ], [ 2.416067, 39.5854129 ], [ 2.4158278, 39.5853664 ], [ 2.415598, 39.5851822 ], [ 2.4154159, 39.5849284 ] ] ] } },
{ "type": "Feature", "properties": { "PlotID": "MANFV07", "windspeed": 30.0, "time": "60", "clipped_m2": 49705.554112302139, "clipped_ha": 4.9705554112302144, "wspd": "30" }, "geometry": { "type": "Polygon", "coordinates": [ [ [ 2.4087509, 39.5833596 ], [ 2.4087374, 39.5832117 ], [ 2.408735, 39.5831416 ], [ 2.408736, 39.583103 ], [ 2.4087379, 39.5830793 ], [ 2.40874, 39.5830638 ], [ 2.4087421, 39.5830531 ], [ 2.4087441, 39.5830453 ], [ 2.4087459, 39.5830395 ], [ 2.4087476, 39.583035 ], [ 2.4087492, 39.5830315 ], [ 2.4087506, 39.5830287 ], [ 2.4087519, 39.5830264 ], [ 2.4087531, 39.5830245 ], [ 2.4087542, 39.5830229 ], [ 2.4087552, 39.5830216 ], [ 2.4087562, 39.5830204 ], [ 2.4087572, 39.5830195 ], [ 2.408758, 39.5830186 ], [ 2.4087589, 39.5830179 ], [ 2.4087597, 39.5830172 ], [ 2.4087604, 39.5830166 ], [ 2.4087612, 39.5830161 ], [ 2.4087619, 39.5830157 ], [ 2.4087626, 39.5830153 ], [ 2.4087633, 39.583014899999988 ], [ 2.408764, 39.5830146 ], [ 2.4087646, 39.5830143 ], [ 2.4087653, 39.5830141 ], [ 2.4087659, 39.5830139 ], [ 2.4087666, 39.583013699999988 ], [ 2.4087672, 39.5830135 ], [ 2.4087679, 39.5830134 ], [ 2.4087685, 39.5830132 ], [ 2.4087692, 39.583013099999988 ], [ 2.4087699, 39.583013 ], [ 2.4087705, 39.583013 ], [ 2.4087712, 39.583013 ], [ 2.4087719, 39.5830129 ], [ 2.4087727, 39.583013 ], [ 2.4087734, 39.583013 ], [ 2.4087742, 39.583013099999988 ], [ 2.408775, 39.5830132 ], [ 2.4087759, 39.5830133 ], [ 2.4087768, 39.5830135 ], [ 2.4087777, 39.5830137 ], [ 2.4087787, 39.5830139 ], [ 2.4087798, 39.5830143 ], [ 2.408781, 39.5830147 ], [ 2.4087822, 39.5830152 ], [ 2.4087836, 39.5830157 ], [ 2.4087851, 39.5830165 ], [ 2.4087868, 39.5830173 ], [ 2.4087887, 39.5830184 ], [ 2.4087908, 39.5830197 ], [ 2.4087933, 39.5830214 ], [ 2.4087961, 39.5830235 ], [ 2.4087994, 39.5830261 ], [ 2.4088033, 39.5830296 ], [ 2.4088082, 39.5830343 ], [ 2.4088142, 39.5830407 ], [ 2.408822, 39.5830498 ], [ 2.4088324, 39.5830631 ], [ 2.408847, 39.5830839 ], [ 2.408869, 39.5831187 ], [ 2.4089051, 39.5831829 ], [ 2.4089736, 39.583321399999988 ], [ 2.4091389, 39.583708 ], [ 2.4097907, 39.5855245 ], [ 2.4134504, 39.5993599 ], [ 2.4092129, 39.5856235 ], [ 2.4088121, 39.583764 ], [ 2.4087509, 39.5833596 ] ] ] } },
{ "type": "Feature", "properties": { "PlotID": "MANFV08", "windspeed": 30.0, "time": "60", "clipped_m2": 1883.9783360827714, "clipped_ha": 0.18839783360827714, "wspd": "30" }, "geometry": { "type": "Polygon", "coordinates": [ [ [ 2.4202046, 39.601835 ], [ 2.4201712, 39.6018437 ], [ 2.4201348, 39.6018531 ], [ 2.4202014, 39.6016128 ], [ 2.4201929, 39.6016151 ], [ 2.4201829, 39.6016179 ], [ 2.4200325, 39.601784099999989 ], [ 2.4201554, 39.6016254 ], [ 2.4201352, 39.6016309 ], [ 2.4201067, 39.6016387 ], [ 2.4200626, 39.6016508 ], [ 2.4200606, 39.601635699999989 ], [ 2.4200684, 39.601618 ], [ 2.4200762, 39.6016029 ], [ 2.4200841, 39.6015897 ], [ 2.4200918, 39.6015784 ], [ 2.4200994, 39.6015684 ], [ 2.4201068, 39.6015597 ], [ 2.4201141, 39.601552 ], [ 2.4201212, 39.6015452 ], [ 2.4201281, 39.6015392 ], [ 2.4201422, 39.6015357 ], [ 2.420154, 39.6015333 ], [ 2.4201636, 39.6015313 ], [ 2.4201715, 39.6015297 ], [ 2.4201783, 39.6015283 ], [ 2.4201842, 39.6015271 ], [ 2.4201895, 39.601526 ], [ 2.4201944, 39.601525 ], [ 2.4201989, 39.601524 ], [ 2.4202032, 39.6015231 ], [ 2.4202074, 39.6015223 ], [ 2.4202115, 39.6015214 ], [ 2.4202155, 39.6015206 ], [ 2.4202196, 39.6015198 ], [ 2.4202238, 39.6015189 ], [ 2.4202281, 39.601518 ], [ 2.4202328, 39.601517099999988 ], [ 2.4202428, 39.6014995 ], [ 2.4202497, 39.6014997 ], [ 2.4202568, 39.6015003 ], [ 2.4202641, 39.6015011 ], [ 2.4202647, 39.6015105 ], [ 2.4202748, 39.6015084 ], [ 2.4202875, 39.6015058 ], [ 2.4202962, 39.601508 ], [ 2.4203052, 39.6015108 ], [ 2.4203147, 39.6015142 ], [ 2.4203247, 39.6015182 ], [ 2.4203353, 39.6015231 ], [ 2.4203466, 39.6015288 ], [ 2.4203587, 39.6015356 ], [ 2.4203716, 39.6015436 ], [ 2.4203856, 39.6015533 ], [ 2.4204006, 39.6015648 ], [ 2.420393, 39.6015759 ], [ 2.4203609, 39.6015817 ], [ 2.4203384, 39.6015859 ], [ 2.4203214, 39.601589 ], [ 2.4203081, 39.6015914 ], [ 2.4205188, 39.6017061 ], [ 2.4202878, 39.6015952 ], [ 2.4202797, 39.6015966 ], [ 2.4202725, 39.601598 ], [ 2.4206031, 39.601949 ], [ 2.4206089, 39.6020374 ], [ 2.4205988, 39.6021313 ], [ 2.4205667, 39.6022204 ], [ 2.4205096, 39.6022898 ], [ 2.4203625, 39.602069 ], [ 2.4203034, 39.6020709 ], [ 2.4202499, 39.6021952 ], [ 2.4202046, 39.601835 ] ] ] } },
{ "type": "Feature", "properties": { "PlotID": "MANFV09", "windspeed": 30.0, "time": "60", "clipped_m2": 65.517622478248086, "clipped_ha": 0.0065517622478248085, "wspd": "30" }, "geometry": { "type": "Polygon", "coordinates": [ [ [ 2.4128611, 39.6004478 ], [ 2.4128608, 39.6004438 ], [ 2.4128608, 39.600442 ], [ 2.4128608, 39.600441 ], [ 2.4128609, 39.6004403 ], [ 2.4128609, 39.6004399 ], [ 2.412861, 39.6004396 ], [ 2.4128611, 39.6004394 ], [ 2.4128611, 39.6004393 ], [ 2.4128612, 39.6004392 ], [ 2.4128612, 39.6004391 ], [ 2.4128612, 39.600439 ], [ 2.4128613, 39.6004389 ], [ 2.4128613, 39.6004388 ], [ 2.4128614, 39.6004388 ], [ 2.4128614, 39.6004387 ], [ 2.4128615, 39.6004387 ], [ 2.4128616, 39.6004386 ], [ 2.4128617, 39.6004386 ], [ 2.4128618, 39.6004386 ], [ 2.4128619, 39.6004386 ], [ 2.412862, 39.6004386 ], [ 2.4128621, 39.6004386 ], [ 2.4128621, 39.6004387 ], [ 2.4128622, 39.6004387 ], [ 2.4128623, 39.6004388 ], [ 2.4128624, 39.6004388 ], [ 2.4128624, 39.6004389 ], [ 2.4128625, 39.6004389 ], [ 2.4128626, 39.600439 ], [ 2.4128627, 39.6004392 ], [ 2.4128629, 39.6004393 ], [ 2.4128631, 39.6004396 ], [ 2.4128634, 39.6004399 ], [ 2.4128638, 39.6004405 ], [ 2.4128643, 39.6004414 ], [ 2.4128653, 39.6004431 ], [ 2.4128671, 39.6004469 ], [ 2.4128715, 39.6004576 ], [ 2.4128911, 39.6005134 ], [ 2.4130639, 39.6011806 ], [ 2.4128739, 39.6005162 ], [ 2.4128626, 39.600459 ], [ 2.4128611, 39.6004478 ] ] ] } },
{ "type": "Feature", "properties": { "PlotID": "MANFV10", "windspeed": 30.0, "time": "60", "clipped_m2": 87.473568026616704, "clipped_ha": 0.008747356802661671, "wspd": "30" }, "geometry": { "type": "Polygon", "coordinates": [ [ [ 2.4128587, 39.5952282 ], [ 2.4128585, 39.5952254 ], [ 2.4128585, 39.5952241 ], [ 2.4128585, 39.5952233 ], [ 2.4128586, 39.5952229 ], [ 2.4128586, 39.5952226 ], [ 2.4128587, 39.5952224 ], [ 2.4128587, 39.5952222 ], [ 2.4128588, 39.5952221 ], [ 2.4128588, 39.595222 ], [ 2.4128588, 39.5952219 ], [ 2.4128589, 39.5952219 ], [ 2.4128589, 39.5952218 ], [ 2.412859, 39.5952218 ], [ 2.412859, 39.5952217 ], [ 2.4128591, 39.5952217 ], [ 2.4128591, 39.5952216 ], [ 2.4128592, 39.5952216 ], [ 2.4128593, 39.5952216 ], [ 2.4128594, 39.5952216 ], [ 2.4128594, 39.5952217 ], [ 2.4128595, 39.5952217 ], [ 2.4128596, 39.5952217 ], [ 2.4128596, 39.5952218 ], [ 2.4128597, 39.5952218 ], [ 2.4128598, 39.5952219 ], [ 2.4128598, 39.595222 ], [ 2.4128599, 39.595222 ], [ 2.41286, 39.5952222 ], [ 2.4128602, 39.5952223 ], [ 2.4128604, 39.5952226 ], [ 2.4128606, 39.595223 ], [ 2.412861, 39.5952237 ], [ 2.4128617, 39.5952249 ], [ 2.412863, 39.5952276 ], [ 2.4128661, 39.5952352 ], [ 2.4128799, 39.5952756 ], [ 2.4132299, 39.5966254 ], [ 2.4128675, 39.5952776 ], [ 2.4128597, 39.595236199999988 ], [ 2.4128587, 39.5952282 ] ] ] } },
{ "type": "Feature", "properties": { "PlotID": "MANFV11", "windspeed": 30.0, "time": "60", "clipped_m2": 1873.3546552313492, "clipped_ha": 0.18733546552313493, "wspd": "30" }, "geometry": { "type": "Polygon", "coordinates": [ [ [ 2.4073128, 39.5981416 ], [ 2.4073017, 39.598023 ], [ 2.4073002, 39.5979539 ], [ 2.4073021, 39.5979113 ], [ 2.4073052, 39.5978835 ], [ 2.4073084, 39.5978645 ], [ 2.4073116, 39.5978509 ], [ 2.4073145, 39.5978409 ], [ 2.4073172, 39.5978333 ], [ 2.4073197, 39.5978275 ], [ 2.4073219, 39.5978228 ], [ 2.407324, 39.5978191 ], [ 2.4073259, 39.597816 ], [ 2.4073277, 39.5978135 ], [ 2.4073293, 39.5978114 ], [ 2.4073308, 39.5978096 ], [ 2.4073322, 39.5978081 ], [ 2.4073336, 39.5978068 ], [ 2.4073349, 39.5978056 ], [ 2.4073361, 39.5978046 ], [ 2.4073372, 39.5978038 ], [ 2.4073384, 39.597803 ], [ 2.4073394, 39.5978023 ], [ 2.4073405, 39.5978017 ], [ 2.4073415, 39.5978012 ], [ 2.4073424, 39.5978008 ], [ 2.4073434, 39.5978004 ], [ 2.4073443, 39.5978 ], [ 2.4073453, 39.5977997 ], [ 2.4073462, 39.5977994 ], [ 2.4073471, 39.5977992 ], [ 2.407348, 39.597799 ], [ 2.4073489, 39.5977988 ], [ 2.4073498, 39.5977987 ], [ 2.4073508, 39.5977985 ], [ 2.4073517, 39.5977985 ], [ 2.4073526, 39.5977984 ], [ 2.4073536, 39.5977984 ], [ 2.4073546, 39.5977984 ], [ 2.4073556, 39.5977985 ], [ 2.4073566, 39.5977986 ], [ 2.4073577, 39.5977987 ], [ 2.4073588, 39.5977989 ], [ 2.40736, 39.5977991 ], [ 2.4073613, 39.5977994 ], [ 2.4073626, 39.5977997 ], [ 2.4073639, 39.5978002 ], [ 2.4073654, 39.5978007 ], [ 2.407367, 39.5978013 ], [ 2.4073687, 39.597802 ], [ 2.4073705, 39.5978029 ], [ 2.4073725, 39.597804 ], [ 2.4073747, 39.5978053 ], [ 2.4073772, 39.5978068 ], [ 2.40738, 39.5978087 ], [ 2.4073831, 39.5978111 ], [ 2.4073867, 39.5978141 ], [ 2.4073908, 39.5978179 ], [ 2.4073957, 39.5978228 ], [ 2.4074016, 39.5978292 ], [ 2.4074087, 39.5978378 ], [ 2.4074176, 39.5978498 ], [ 2.4074289, 39.5978668 ], [ 2.4074439, 39.5978922 ], [ 2.4074643, 39.5979318 ], [ 2.4074931, 39.5979973 ], [ 2.4075345, 39.5981118 ], [ 2.4075906, 39.5983183 ], [ 2.4076392, 39.5986445 ], [ 2.4075913, 39.598872 ], [ 2.4074468, 39.598670399999989 ], [ 2.4073501, 39.5983507 ], [ 2.4073128, 39.5981416 ] ] ] } },
{ "type": "Feature", "properties": { "PlotID": "MANFV12", "windspeed": 30.0, "time": "60", "clipped_m2": 400.20179902995005, "clipped_ha": 0.040020179902995008, "wspd": "30" }, "geometry": { "type": "Polygon", "coordinates": [ [ [ 2.4019506, 39.5878242 ], [ 2.4019411, 39.5877664 ], [ 2.401938, 39.5877297 ], [ 2.4019376, 39.5877058 ], [ 2.4019385, 39.5876897 ], [ 2.4019398, 39.5876784 ], [ 2.4019413, 39.5876703 ], [ 2.4019428, 39.5876642 ], [ 2.4019442, 39.5876595 ], [ 2.4019456, 39.5876559 ], [ 2.4019468, 39.587653 ], [ 2.401948, 39.5876506 ], [ 2.4019491, 39.5876487 ], [ 2.4019501, 39.5876471 ], [ 2.4019511, 39.5876457 ], [ 2.401952, 39.5876446 ], [ 2.4019528, 39.5876436 ], [ 2.4019536, 39.5876428 ], [ 2.4019544, 39.587642 ], [ 2.4019551, 39.5876414 ], [ 2.4019559, 39.5876408 ], [ 2.4019565, 39.5876404 ], [ 2.4019572, 39.5876399 ], [ 2.4019578, 39.5876395 ], [ 2.4019584, 39.5876392 ], [ 2.401959, 39.5876389 ], [ 2.4019596, 39.5876386 ], [ 2.4019602, 39.587638399999989 ], [ 2.4019608, 39.5876382 ], [ 2.4019614, 39.587638 ], [ 2.4019619, 39.5876378 ], [ 2.4019625, 39.5876377 ], [ 2.4019631, 39.5876376 ], [ 2.4019637, 39.5876375 ], [ 2.4019642, 39.5876374 ], [ 2.4019648, 39.5876373 ], [ 2.4019654, 39.5876373 ], [ 2.401966, 39.5876372 ], [ 2.4019666, 39.5876372 ], [ 2.4019673, 39.5876373 ], [ 2.4019679, 39.5876373 ], [ 2.4019686, 39.5876374 ], [ 2.4019693, 39.5876375 ], [ 2.4019701, 39.5876376 ], [ 2.4019709, 39.5876378 ], [ 2.4019717, 39.587638 ], [ 2.4019726, 39.5876382 ], [ 2.4019735, 39.5876385 ], [ 2.4019745, 39.5876389 ], [ 2.4019756, 39.5876393 ], [ 2.4019767, 39.5876399 ], [ 2.401978, 39.5876405 ], [ 2.4019794, 39.5876413 ], [ 2.401981, 39.5876422 ], [ 2.4019827, 39.5876434 ], [ 2.4019847, 39.5876448 ], [ 2.401987, 39.5876466 ], [ 2.4019896, 39.5876489 ], [ 2.4019927, 39.5876519 ], [ 2.4019964, 39.5876557 ], [ 2.4020008, 39.5876609 ], [ 2.4020063, 39.587668 ], [ 2.4020132, 39.5876779 ], [ 2.4020221, 39.5876925 ], [ 2.4020339, 39.5877146 ], [ 2.4020495, 39.5877493 ], [ 2.4020699, 39.5878054 ], [ 2.402093, 39.587894 ], [ 2.4021052, 39.5880089 ], [ 2.4020792, 39.5880769 ], [ 2.4020209, 39.5880221 ], [ 2.4019741, 39.5879127 ], [ 2.4019506, 39.5878242 ] ] ] } },
{ "type": "Feature", "properties": { "PlotID": "MANFV13", "windspeed": 30.0, "time": "60", "clipped_m2": 11653.838875085115, "clipped_ha": 1.1653838875085116, "wspd": "30" }, "geometry": { "type": "Polygon", "coordinates": [ [ [ 2.4037347, 39.5915534 ], [ 2.4036686, 39.5911934 ], [ 2.403645, 39.5909604 ], [ 2.4036406, 39.5908068 ], [ 2.4036448, 39.5907023 ], [ 2.4036524, 39.5906286 ], [ 2.4036614, 39.590575 ], [ 2.4036707, 39.5905349 ], [ 2.4036797, 39.5905041 ], [ 2.4036883, 39.59048 ], [ 2.4036965, 39.5904608 ], [ 2.4037041, 39.5904452 ], [ 2.4037112, 39.5904325 ], [ 2.4037179, 39.5904218 ], [ 2.4037242, 39.5904129 ], [ 2.4037301, 39.5904053 ], [ 2.4037357, 39.5903987 ], [ 2.403741, 39.5903931 ], [ 2.403746, 39.5903883 ], [ 2.4037509, 39.590384 ], [ 2.4037555, 39.5903802 ], [ 2.40376, 39.590377 ], [ 2.4037643, 39.590374 ], [ 2.4037685, 39.5903714 ], [ 2.4037726, 39.5903692 ], [ 2.4037766, 39.5903671 ], [ 2.4037805, 39.5903653 ], [ 2.4037844, 39.5903637 ], [ 2.4037882, 39.5903622 ], [ 2.403792, 39.590361 ], [ 2.4037958, 39.5903599 ], [ 2.4037996, 39.5903589 ], [ 2.4038033, 39.5903581 ], [ 2.4038071, 39.5903574 ], [ 2.403811, 39.5903569 ], [ 2.4038148, 39.5903564 ], [ 2.4038188, 39.5903561 ], [ 2.4038228, 39.590356 ], [ 2.4038269, 39.5903559 ], [ 2.4038312, 39.5903561 ], [ 2.4038356, 39.5903563 ], [ 2.4038401, 39.5903568 ], [ 2.4038448, 39.5903574 ], [ 2.4038498, 39.5903582 ], [ 2.403855, 39.5903593 ], [ 2.4038604, 39.5903606 ], [ 2.4038663, 39.5903622 ], [ 2.4038725, 39.5903642 ], [ 2.4038791, 39.5903666 ], [ 2.4038863, 39.5903695 ], [ 2.4038941, 39.5903729 ], [ 2.4039026, 39.5903772 ], [ 2.403912, 39.5903823 ], [ 2.4039224, 39.5903885 ], [ 2.403934, 39.5903962 ], [ 2.4039472, 39.5904056 ], [ 2.4039623, 39.5904175 ], [ 2.4039797, 39.5904326 ], [ 2.4040002, 39.5904519 ], [ 2.4040245, 39.5904772 ], [ 2.4040538, 39.590511 ], [ 2.40409, 39.5905573 ], [ 2.4041355, 39.5906223 ], [ 2.4041937, 39.5907167 ], [ 2.4042697, 39.5908586 ], [ 2.4043696, 39.5910792 ], [ 2.4044967, 39.5914293 ], [ 2.404634, 39.5919658 ], [ 2.4044159, 39.591919 ], [ 2.4042749, 39.5920764 ], [ 2.4041791, 39.5927141 ], [ 2.4038887, 39.5920872 ], [ 2.4037347, 39.5915534 ] ] ] } },
{ "type": "Feature", "properties": { "PlotID": "MANFV14", "windspeed": 30.0, "time": "60", "clipped_m2": 495.40972056565806, "clipped_ha": 0.049540972056565803, "wspd": "30" }, "geometry": { "type": "Polygon", "coordinates": [ [ [ 2.4107233, 39.5950094 ], [ 2.4107169, 39.5949476 ], [ 2.4107158, 39.5949112 ], [ 2.4107166, 39.5948886 ], [ 2.4107181, 39.5948738 ], [ 2.4107198, 39.5948636 ], [ 2.4107214, 39.5948564 ], [ 2.410723, 39.594851 ], [ 2.4107244, 39.5948469 ], [ 2.4107257, 39.5948438 ], [ 2.4107269, 39.5948413 ], [ 2.410728, 39.5948393 ], [ 2.410729, 39.5948376 ], [ 2.4107299, 39.5948363 ], [ 2.4107308, 39.5948351 ], [ 2.4107316, 39.5948341 ], [ 2.4107324, 39.5948333 ], [ 2.4107331, 39.5948326 ], [ 2.4107338, 39.594832 ], [ 2.4107344, 39.5948315 ], [ 2.4107351, 39.594831 ], [ 2.4107357, 39.5948306 ], [ 2.4107362, 39.5948302 ], [ 2.4107368, 39.5948299 ], [ 2.4107373, 39.5948296 ], [ 2.4107379, 39.5948294 ], [ 2.4107384, 39.5948292 ], [ 2.4107389, 39.594829 ], [ 2.4107394, 39.5948288 ], [ 2.4107399, 39.5948286 ], [ 2.4107404, 39.5948285 ], [ 2.4107409, 39.5948284 ], [ 2.4107413, 39.5948283 ], [ 2.4107418, 39.5948282 ], [ 2.4107423, 39.5948282 ], [ 2.4107428, 39.5948281 ], [ 2.4107433, 39.5948281 ], [ 2.4107439, 39.5948281 ], [ 2.4107444, 39.5948281 ], [ 2.4107449, 39.5948281 ], [ 2.4107455, 39.5948282 ], [ 2.4107461, 39.5948282 ], [ 2.4107467, 39.5948283 ], [ 2.4107473, 39.5948285 ], [ 2.410748, 39.5948286 ], [ 2.4107487, 39.5948288 ], [ 2.4107494, 39.594829 ], [ 2.4107502, 39.5948293 ], [ 2.4107511, 39.5948296 ], [ 2.410752, 39.59483 ], [ 2.410753, 39.5948305 ], [ 2.4107541, 39.5948311 ], [ 2.4107553, 39.5948317 ], [ 2.4107566, 39.5948326 ], [ 2.4107581, 39.5948336 ], [ 2.4107598, 39.5948349 ], [ 2.4107617, 39.5948365 ], [ 2.4107639, 39.5948385 ], [ 2.4107666, 39.5948411 ], [ 2.4107697, 39.5948445 ], [ 2.4107735, 39.5948492 ], [ 2.4107783, 39.5948555 ], [ 2.4107844, 39.5948647 ], [ 2.4107924, 39.5948782 ], [ 2.4108033, 39.5948992 ], [ 2.4108185, 39.5949336 ], [ 2.4108402, 39.5949933 ], [ 2.4108688, 39.5950988 ], [ 2.4108921, 39.5952605 ], [ 2.4108667, 39.5953701 ], [ 2.4107938, 39.5952741 ], [ 2.4107435, 39.5951161 ], [ 2.4107233, 39.5950094 ] ] ] } },
{ "type": "Feature", "properties": { "PlotID": "MANFV15", "windspeed": 30.0, "time": "60", "clipped_m2": 87.003135544364341, "clipped_ha": 0.0087003135544364337, "wspd": "30" }, "geometry": { "type": "Polygon", "coordinates": [ [ [ 2.4106302, 39.5928788 ], [ 2.41063, 39.592874 ], [ 2.41063, 39.5928717 ], [ 2.4106301, 39.5928705 ], [ 2.4106302, 39.5928697 ], [ 2.4106303, 39.5928692 ], [ 2.4106304, 39.5928688 ], [ 2.4106305, 39.5928686 ], [ 2.4106306, 39.5928684 ], [ 2.4106306, 39.5928683 ], [ 2.4106307, 39.5928682 ], [ 2.4106307, 39.5928681 ], [ 2.4106308, 39.592868 ], [ 2.4106308, 39.5928679 ], [ 2.4106309, 39.5928679 ], [ 2.4106309, 39.5928678 ], [ 2.410631, 39.5928678 ], [ 2.410631, 39.5928677 ], [ 2.4106311, 39.5928677 ], [ 2.4106311, 39.5928676 ], [ 2.4106312, 39.5928676 ], [ 2.4106313, 39.5928676 ], [ 2.4106314, 39.5928676 ], [ 2.4106315, 39.5928676 ], [ 2.4106316, 39.5928676 ], [ 2.4106317, 39.5928676 ], [ 2.4106318, 39.5928677 ], [ 2.4106319, 39.5928677 ], [ 2.410632, 39.5928678 ], [ 2.4106321, 39.5928679 ], [ 2.4106322, 39.5928679 ], [ 2.4106323, 39.592868 ], [ 2.4106324, 39.5928682 ], [ 2.4106326, 39.5928683 ], [ 2.4106328, 39.5928685 ], [ 2.410633, 39.5928688 ], [ 2.4106333, 39.5928693 ], [ 2.4106338, 39.5928699 ], [ 2.4106344, 39.5928711 ], [ 2.4106355, 39.5928732 ], [ 2.4106375, 39.5928778 ], [ 2.4106424, 39.5928907 ], [ 2.4106621, 39.5929547 ], [ 2.4108326, 39.5937241 ], [ 2.4106421, 39.5929575 ], [ 2.4106315, 39.5928922 ], [ 2.4106302, 39.5928788 ] ] ] } },
{ "type": "Feature", "properties": { "PlotID": "MANFV16", "windspeed": 30.0, "time": "60", "clipped_m2": 2085.9846415407956, "clipped_ha": 0.20859846415407957, "wspd": "30" }, "geometry": { "type": "Polygon", "coordinates": [ [ [ 2.4055447, 39.5847439 ], [ 2.4055016, 39.5846728 ], [ 2.4054729, 39.5846036 ], [ 2.4054558, 39.5845415 ], [ 2.405447, 39.5844881 ], [ 2.405444, 39.5844431 ], [ 2.4054447, 39.5844057 ], [ 2.4054478, 39.5843746 ], [ 2.4054524, 39.5843488 ], [ 2.4054579, 39.5843272 ], [ 2.4054638, 39.5843091 ], [ 2.40547, 39.5842938 ], [ 2.4054762, 39.5842808 ], [ 2.4054824, 39.5842696 ], [ 2.4054885, 39.58426 ], [ 2.4054945, 39.5842517 ], [ 2.4055003, 39.5842445 ], [ 2.4055059, 39.5842382 ], [ 2.4055114, 39.5842326 ], [ 2.4055167, 39.5842278 ], [ 2.4055219, 39.5842234 ], [ 2.405527, 39.5842196 ], [ 2.4055319, 39.5842162 ], [ 2.4055368, 39.5842132 ], [ 2.4055415, 39.5842105 ], [ 2.4055462, 39.5842081 ], [ 2.4055508, 39.5842059 ], [ 2.4055554, 39.584204 ], [ 2.4055599, 39.5842024 ], [ 2.4055645, 39.5842009 ], [ 2.4055689, 39.5841996 ], [ 2.4055734, 39.5841985 ], [ 2.405578, 39.5841976 ], [ 2.4055825, 39.5841968 ], [ 2.4055871, 39.5841962 ], [ 2.4055917, 39.5841958 ], [ 2.4055964, 39.5841955 ], [ 2.4056012, 39.5841955 ], [ 2.4056061, 39.5841955 ], [ 2.4056111, 39.5841958 ], [ 2.4056162, 39.5841962 ], [ 2.4056216, 39.5841969 ], [ 2.4056271, 39.5841978 ], [ 2.4056328, 39.584199 ], [ 2.4056387, 39.5842004 ], [ 2.405645, 39.5842021 ], [ 2.4056515, 39.5842043 ], [ 2.4056584, 39.5842068 ], [ 2.4056657, 39.5842098 ], [ 2.4056734, 39.5842134 ], [ 2.4056817, 39.5842177 ], [ 2.4056905, 39.5842227 ], [ 2.4057, 39.5842287 ], [ 2.4057102, 39.584235899999989 ], [ 2.4057213, 39.5842445 ], [ 2.4057333, 39.5842548 ], [ 2.4057463, 39.5842673 ], [ 2.4057605, 39.5842824 ], [ 2.4057759, 39.5843009 ], [ 2.4057925, 39.5843236 ], [ 2.4058102, 39.5843516 ], [ 2.4058287, 39.5843862 ], [ 2.4058474, 39.5844288 ], [ 2.4058647, 39.584481 ], [ 2.4058784, 39.5845436 ], [ 2.4058847, 39.5846161 ], [ 2.4058786, 39.5846945 ], [ 2.4058545, 39.5847702 ], [ 2.4058095, 39.5848295 ], [ 2.4057461, 39.584858499999989 ], [ 2.4056733, 39.5848497 ], [ 2.4056032, 39.5848074 ], [ 2.4055447, 39.5847439 ] ] ] } },
{ "type": "Feature", "properties": { "PlotID": "MANFV17", "windspeed": 30.0, "time": "60", "clipped_m2": 333.77154816780239, "clipped_ha": 0.03337715481678024, "wspd": "30" }, "geometry": { "type": "Polygon", "coordinates": [ [ [ 2.4030883, 39.6012021 ], [ 2.4030838, 39.6011573 ], [ 2.4030829, 39.6011345 ], [ 2.4030832, 39.6011214 ], [ 2.4030839, 39.6011132 ], [ 2.4030847, 39.6011078 ], [ 2.4030854, 39.601104 ], [ 2.4030861, 39.6011012 ], [ 2.4030868, 39.6010991 ], [ 2.4030874, 39.6010975 ], [ 2.403088, 39.6010963 ], [ 2.4030885, 39.6010953 ], [ 2.4030889, 39.6010944 ], [ 2.4030894, 39.6010937 ], [ 2.4030898, 39.6010932 ], [ 2.4030902, 39.6010927 ], [ 2.4030905, 39.6010923 ], [ 2.4030909, 39.6010919 ], [ 2.4030912, 39.6010916 ], [ 2.4030915, 39.6010913 ], [ 2.4030918, 39.6010911 ], [ 2.4030921, 39.6010909 ], [ 2.4030924, 39.6010907 ], [ 2.4030926, 39.6010906 ], [ 2.4030929, 39.6010904 ], [ 2.4030931, 39.6010903 ], [ 2.4030934, 39.6010902 ], [ 2.4030936, 39.6010901 ], [ 2.4030939, 39.60109 ], [ 2.4030941, 39.6010899 ], [ 2.4030943, 39.6010898 ], [ 2.4030946, 39.6010898 ], [ 2.4030948, 39.6010897 ], [ 2.403095, 39.6010897 ], [ 2.4030953, 39.6010896 ], [ 2.4030955, 39.6010896 ], [ 2.4030958, 39.6010896 ], [ 2.403096, 39.6010896 ], [ 2.4030963, 39.6010896 ], [ 2.4030965, 39.6010896 ], [ 2.4030968, 39.6010896 ], [ 2.4030971, 39.6010896 ], [ 2.4030974, 39.6010897 ], [ 2.4030977, 39.6010897 ], [ 2.403098, 39.6010898 ], [ 2.4030984, 39.6010899 ], [ 2.4030987, 39.60109 ], [ 2.4030991, 39.6010901 ], [ 2.4030996, 39.6010902 ], [ 2.4031, 39.6010904 ], [ 2.4031005, 39.6010906 ], [ 2.4031011, 39.6010909 ], [ 2.4031017, 39.6010912 ], [ 2.4031023, 39.6010916 ], [ 2.4031031, 39.601092099999988 ], [ 2.403104, 39.6010927 ], [ 2.403105, 39.6010935 ], [ 2.4031062, 39.6010944 ], [ 2.4031076, 39.6010957 ], [ 2.4031093, 39.6010974 ], [ 2.4031114, 39.6010997 ], [ 2.4031141, 39.6011029 ], [ 2.4031176, 39.6011076 ], [ 2.4031226, 39.6011149 ], [ 2.4031297, 39.6011267 ], [ 2.403141, 39.6011478 ], [ 2.4031606, 39.6011901 ], [ 2.4031991, 39.6012894 ], [ 2.4032323, 39.6014364 ], [ 2.4032127, 39.6015156 ], [ 2.4031728, 39.601574 ], [ 2.4031055, 39.6013049 ], [ 2.4030883, 39.6012021 ] ] ] } },
{ "type": "Feature", "properties": { "PlotID": "MANFV18", "windspeed": 30.0, "time": "60", "clipped_m2": 50.311785808065906, "clipped_ha": 0.0050311785808065902, "wspd": "30" }, "geometry": { "type": "Polygon", "coordinates": [ [ [ 2.4027573, 39.5995589 ], [ 2.4027564, 39.5995475 ], [ 2.4027563, 39.5995418 ], [ 2.4027564, 39.5995385 ], [ 2.4027566, 39.5995365 ], [ 2.4027569, 39.5995352 ], [ 2.4027571, 39.5995342 ], [ 2.4027572, 39.5995335 ], [ 2.4027574, 39.599533 ], [ 2.4027576, 39.5995327 ], [ 2.4027577, 39.5995323 ], [ 2.4027578, 39.5995321 ], [ 2.402758, 39.5995319 ], [ 2.4027581, 39.5995317 ], [ 2.4027582, 39.5995316 ], [ 2.4027583, 39.5995315 ], [ 2.4027584, 39.5995314 ], [ 2.4027584, 39.599531299999988 ], [ 2.4027585, 39.5995312 ], [ 2.4027586, 39.5995312 ], [ 2.4027587, 39.5995311 ], [ 2.4027587, 39.599531 ], [ 2.4027588, 39.599531 ], [ 2.4027589, 39.599531 ], [ 2.4027589, 39.5995309 ], [ 2.402759, 39.5995309 ], [ 2.4027591, 39.5995309 ], [ 2.4027592, 39.5995308 ], [ 2.4027593, 39.5995308 ], [ 2.4027594, 39.5995308 ], [ 2.4027595, 39.5995308 ], [ 2.4027596, 39.5995307 ], [ 2.4027597, 39.5995307 ], [ 2.4027598, 39.5995307 ], [ 2.4027599, 39.5995307 ], [ 2.40276, 39.5995308 ], [ 2.4027601, 39.5995308 ], [ 2.4027602, 39.5995308 ], [ 2.4027603, 39.5995308 ], [ 2.4027604, 39.5995308 ], [ 2.4027605, 39.5995309 ], [ 2.4027606, 39.5995309 ], [ 2.4027607, 39.5995309 ], [ 2.4027608, 39.599531 ], [ 2.4027609, 39.5995311 ], [ 2.4027611, 39.5995311 ], [ 2.4027612, 39.5995312 ], [ 2.4027614, 39.5995314 ], [ 2.4027616, 39.5995315 ], [ 2.4027619, 39.5995317 ], [ 2.4027622, 39.599531899999988 ], [ 2.4027625, 39.5995323 ], [ 2.4027629, 39.5995327 ], [ 2.4027634, 39.5995332 ], [ 2.4027641, 39.599534 ], [ 2.4027649, 39.5995352 ], [ 2.4027661, 39.599537 ], [ 2.4027679, 39.59954 ], [ 2.4027706, 39.5995453 ], [ 2.4027755, 39.5995561 ], [ 2.4027855, 39.5995827 ], [ 2.4028092, 39.5996625 ], [ 2.4028281, 39.5997963 ], [ 2.402779, 39.5996672 ], [ 2.4027612, 39.5995864 ], [ 2.4027573, 39.5995589 ] ] ] } },
{ "type": "Feature", "properties": { "PlotID": "MANFV19", "windspeed": 30.0, "time": "60", "clipped_m2": 88.699881618958898, "clipped_ha": 0.0088699881618958896, "wspd": "30" }, "geometry": { "type": "Polygon", "coordinates": [ [ [ 2.4026543, 39.6003186 ], [ 2.4026447, 39.600306 ], [ 2.4026379, 39.6002932 ], [ 2.4026335, 39.6002812 ], [ 2.4026308, 39.6002705 ], [ 2.4026295, 39.6002613 ], [ 2.4026291, 39.6002535 ], [ 2.4026293, 39.6002468 ], [ 2.4026299, 39.6002412 ], [ 2.4026309, 39.6002364 ], [ 2.4026319, 39.600232399999989 ], [ 2.4026331, 39.600229 ], [ 2.4026344, 39.600226 ], [ 2.4026356, 39.6002235 ], [ 2.4026369, 39.6002213 ], [ 2.4026381, 39.6002193 ], [ 2.4026394, 39.6002176 ], [ 2.4026406, 39.6002162 ], [ 2.4026418, 39.6002149 ], [ 2.402643, 39.6002137 ], [ 2.4026441, 39.6002127 ], [ 2.4026452, 39.6002118 ], [ 2.4026464, 39.600211 ], [ 2.4026474, 39.6002102 ], [ 2.4026485, 39.6002096 ], [ 2.4026496, 39.600209 ], [ 2.4026506, 39.6002085 ], [ 2.4026517, 39.600208 ], [ 2.4026527, 39.6002076 ], [ 2.4026538, 39.6002072 ], [ 2.4026548, 39.600206899999989 ], [ 2.4026558, 39.6002067 ], [ 2.4026569, 39.6002064 ], [ 2.4026579, 39.6002062 ], [ 2.402659, 39.6002061 ], [ 2.40266, 39.6002059 ], [ 2.4026611, 39.6002059 ], [ 2.4026622, 39.6002058 ], [ 2.4026634, 39.6002058 ], [ 2.4026645, 39.6002059 ], [ 2.4026657, 39.6002059 ], [ 2.402667, 39.6002061 ], [ 2.4026683, 39.6002063 ], [ 2.4026696, 39.6002065 ], [ 2.402671, 39.6002068 ], [ 2.4026724, 39.6002072 ], [ 2.4026739, 39.6002077 ], [ 2.4026755, 39.6002082 ], [ 2.4026772, 39.6002089 ], [ 2.402679, 39.6002097 ], [ 2.4026809, 39.6002106 ], [ 2.4026829, 39.6002118 ], [ 2.4026851, 39.6002131 ], [ 2.4026875, 39.6002147 ], [ 2.40269, 39.6002166 ], [ 2.4026927, 39.6002189 ], [ 2.4026956, 39.6002217 ], [ 2.4026988, 39.600225 ], [ 2.4027022, 39.600229 ], [ 2.4027058, 39.6002339 ], [ 2.4027095, 39.6002399 ], [ 2.4027134, 39.6002472 ], [ 2.4027171, 39.600256 ], [ 2.4027205, 39.6002665 ], [ 2.4027229, 39.6002788 ], [ 2.4027236, 39.6002927 ], [ 2.4027217, 39.6003073 ], [ 2.4027164, 39.600321 ], [ 2.4027073, 39.6003316 ], [ 2.4026948, 39.600337 ], [ 2.4026805, 39.6003361 ], [ 2.4026664, 39.6003294 ], [ 2.4026543, 39.6003186 ] ] ] } },
{ "type": "Feature", "properties": { "PlotID": "MANFV20", "windspeed": 30.0, "time": "60", "clipped_m2": 4406.6844102186151, "clipped_ha": 0.44066844102186153, "wspd": "30" }, "geometry": { "type": "Polygon", "coordinates": [ [ [ 2.4148302, 39.5913234 ], [ 2.4148253, 39.591268 ], [ 2.4148245, 39.5912416 ], [ 2.4148249, 39.591227 ], [ 2.4148257, 39.591218 ], [ 2.4148265, 39.5912121 ], [ 2.4148273, 39.591208 ], [ 2.4148281, 39.5912051 ], [ 2.4148288, 39.5912029 ], [ 2.4148294, 39.5912012 ], [ 2.41483, 39.5911998 ], [ 2.4148306, 39.5911988 ], [ 2.4148311, 39.5911979 ], [ 2.4148315, 39.5911972 ], [ 2.414832, 39.5911966 ], [ 2.4148324, 39.5911961 ], [ 2.4148327, 39.5911956 ], [ 2.4148331, 39.5911952 ], [ 2.4148334, 39.5911949 ], [ 2.4148338, 39.5911946 ], [ 2.4148341, 39.5911944 ], [ 2.4148344, 39.5911942 ], [ 2.4148346, 39.591194 ], [ 2.4148349, 39.5911938 ], [ 2.4148352, 39.5911937 ], [ 2.4148355, 39.5911935 ], [ 2.4148357, 39.5911934 ], [ 2.414836, 39.5911933 ], [ 2.4148362, 39.5911932 ], [ 2.4148365, 39.5911931 ], [ 2.4148367, 39.5911931 ], [ 2.414837, 39.591193 ], [ 2.4148372, 39.5911929 ], [ 2.4148374, 39.5911929 ], [ 2.4148377, 39.5911928 ], [ 2.4148379, 39.5911928 ], [ 2.4148382, 39.5911928 ], [ 2.4148385, 39.5911928 ], [ 2.4148387, 39.5911928 ], [ 2.414839, 39.5911928 ], [ 2.4148393, 39.5911928 ], [ 2.4148396, 39.5911928 ], [ 2.4148399, 39.5911929 ], [ 2.4148402, 39.591192899999989 ], [ 2.4148406, 39.591193 ], [ 2.4148409, 39.5911931 ], [ 2.4148413, 39.5911932 ], [ 2.4148417, 39.5911933 ], [ 2.4148422, 39.5911934 ], [ 2.4148427, 39.5911936 ], [ 2.4148432, 39.5911939 ], [ 2.4148438, 39.5911941 ], [ 2.4148444, 39.5911945 ], [ 2.4148451, 39.5911949 ], [ 2.4148459, 39.5911954 ], [ 2.4148468, 39.591196 ], [ 2.4148479, 39.5911968 ], [ 2.4148492, 39.5911978 ], [ 2.4148507, 39.5911992 ], [ 2.4148525, 39.591201 ], [ 2.4148548, 39.5912034 ], [ 2.4148577, 39.5912068 ], [ 2.4148616, 39.5912119 ], [ 2.4148672, 39.5912198 ], [ 2.4148754, 39.591233 ], [ 2.4148889, 39.5912573 ], [ 2.4149142, 39.5913092 ], [ 2.414974, 39.5914517 ], [ 2.415192, 39.5920751 ], [ 2.4159712, 39.5952202 ], [ 2.4149892, 39.5921092 ], [ 2.4148524, 39.5914722 ], [ 2.4148302, 39.5913234 ] ] ] } },
{ "type": "Feature", "properties": { "PlotID": "MANFV21", "windspeed": 30.0, "time": "60", "clipped_m2": 4456.412618081551, "clipped_ha": 0.44564126180815511, "wspd": "30" }, "geometry": { "type": "Polygon", "coordinates": [ [ [ 2.4045218, 39.5847183 ], [ 2.4045171, 39.5846638 ], [ 2.4045164, 39.5846378 ], [ 2.4045168, 39.5846235 ], [ 2.4045176, 39.5846147 ], [ 2.4045184, 39.5846089 ], [ 2.4045192, 39.5846049 ], [ 2.40452, 39.584602 ], [ 2.4045207, 39.5845998 ], [ 2.4045213, 39.5845981 ], [ 2.4045219, 39.5845968 ], [ 2.4045224, 39.5845958 ], [ 2.4045229, 39.5845949 ], [ 2.4045234, 39.5845942 ], [ 2.4045238, 39.5845936 ], [ 2.4045242, 39.5845931 ], [ 2.4045245, 39.5845927 ], [ 2.4045249, 39.5845923 ], [ 2.4045252, 39.584592 ], [ 2.4045255, 39.5845917 ], [ 2.4045258, 39.5845915 ], [ 2.4045261, 39.5845913 ], [ 2.4045264, 39.5845911 ], [ 2.4045267, 39.5845909 ], [ 2.404527, 39.5845908 ], [ 2.4045272, 39.5845907 ], [ 2.4045275, 39.5845905 ], [ 2.4045277, 39.5845904 ], [ 2.404528, 39.5845903 ], [ 2.4045282, 39.5845903 ], [ 2.4045284, 39.5845902 ], [ 2.4045287, 39.5845901 ], [ 2.4045289, 39.5845901 ], [ 2.4045292, 39.58459 ], [ 2.4045294, 39.58459 ], [ 2.4045297, 39.58459 ], [ 2.4045299, 39.5845899 ], [ 2.4045302, 39.5845899 ], [ 2.4045304, 39.5845899 ], [ 2.4045307, 39.5845899 ], [ 2.404531, 39.5845899 ], [ 2.4045313, 39.58459 ], [ 2.4045316, 39.58459 ], [ 2.4045319, 39.5845901 ], [ 2.4045322, 39.5845901 ], [ 2.4045326, 39.5845902 ], [ 2.404533, 39.5845903 ], [ 2.4045334, 39.5845904 ], [ 2.4045338, 39.5845906 ], [ 2.4045343, 39.5845908 ], [ 2.4045348, 39.584591 ], [ 2.4045354, 39.5845913 ], [ 2.404536, 39.584591599999989 ], [ 2.4045367, 39.584592 ], [ 2.4045375, 39.5845925 ], [ 2.4045384, 39.5845931 ], [ 2.4045394, 39.5845939 ], [ 2.4045407, 39.5845949 ], [ 2.4045421, 39.5845962 ], [ 2.4045439, 39.584598 ], [ 2.4045462, 39.5846004 ], [ 2.404549, 39.584603799999989 ], [ 2.4045529, 39.5846088 ], [ 2.4045583, 39.5846165 ], [ 2.4045663, 39.5846295 ], [ 2.4045795, 39.5846534 ], [ 2.4046043, 39.5847045 ], [ 2.4046631, 39.584845 ], [ 2.4048786, 39.5854646 ], [ 2.4056806, 39.5887139 ], [ 2.4046775, 39.5854982 ], [ 2.4045433, 39.5848651 ], [ 2.4045218, 39.5847183 ] ] ] } },
{ "type": "Feature", "properties": { "PlotID": "MANFV22", "windspeed": 30.0, "time": "60", "clipped_m2": 3150.9957473007962, "clipped_ha": 0.3150995747300796, "wspd": "30" }, "geometry": { "type": "Polygon", "coordinates": [ [ [ 2.4059832, 39.5828491 ], [ 2.4059786, 39.5827997 ], [ 2.4059777, 39.5827761 ], [ 2.405978, 39.5827631 ], [ 2.4059786, 39.5827551 ], [ 2.4059793, 39.5827498 ], [ 2.40598, 39.5827461 ], [ 2.4059807, 39.5827435 ], [ 2.4059813, 39.5827415 ], [ 2.4059819, 39.58274 ], [ 2.4059824, 39.5827388 ], [ 2.4059829, 39.5827378 ], [ 2.4059833, 39.582737 ], [ 2.4059837, 39.5827364 ], [ 2.4059841, 39.5827359 ], [ 2.4059845, 39.5827354 ], [ 2.4059848, 39.582735 ], [ 2.4059851, 39.5827347 ], [ 2.4059854, 39.5827344 ], [ 2.4059857, 39.5827341 ], [ 2.405986, 39.5827339 ], [ 2.4059863, 39.5827337 ], [ 2.4059865, 39.5827335 ], [ 2.4059868, 39.5827334 ], [ 2.405987, 39.5827333 ], [ 2.4059872, 39.5827331 ], [ 2.4059875, 39.582733 ], [ 2.4059877, 39.5827329 ], [ 2.4059879, 39.5827328 ], [ 2.4059881, 39.5827328 ], [ 2.4059884, 39.5827327 ], [ 2.4059886, 39.5827326 ], [ 2.4059888, 39.5827326 ], [ 2.405989, 39.5827326 ], [ 2.4059892, 39.5827325 ], [ 2.4059895, 39.5827325 ], [ 2.4059897, 39.5827325 ], [ 2.4059899, 39.5827325 ], [ 2.4059902, 39.5827325 ], [ 2.4059904, 39.5827325 ], [ 2.4059907, 39.5827325 ], [ 2.4059909, 39.5827325 ], [ 2.4059912, 39.5827325 ], [ 2.4059915, 39.5827326 ], [ 2.4059918, 39.5827326 ], [ 2.4059921, 39.5827327 ], [ 2.4059925, 39.582732799999988 ], [ 2.4059929, 39.5827329 ], [ 2.4059933, 39.582733 ], [ 2.4059937, 39.5827332 ], [ 2.4059942, 39.5827334 ], [ 2.4059947, 39.5827336 ], [ 2.4059953, 39.5827339 ], [ 2.4059959, 39.5827343 ], [ 2.4059966, 39.5827348 ], [ 2.4059974, 39.5827353 ], [ 2.4059984, 39.582736 ], [ 2.4059995, 39.5827369 ], [ 2.4060009, 39.5827381 ], [ 2.4060025, 39.5827397 ], [ 2.4060046, 39.5827419 ], [ 2.4060072, 39.582745 ], [ 2.4060108, 39.5827495 ], [ 2.4060157, 39.5827566 ], [ 2.4060231, 39.5827683 ], [ 2.4060353, 39.58279 ], [ 2.4060581, 39.5828362 ], [ 2.4061118, 39.5829623 ], [ 2.4063037, 39.5835035 ], [ 2.4069272, 39.5859958 ], [ 2.4061264, 39.583534 ], [ 2.4060037, 39.582980899999988 ], [ 2.4059832, 39.5828491 ] ] ] } },
{ "type": "Feature", "properties": { "PlotID": "MANFV23", "windspeed": 30.0, "time": "60", "clipped_m2": 37642.77493417263, "clipped_ha": 3.7642774934172629, "wspd": "30" }, "geometry": { "type": "Polygon", "coordinates": [ [ [ 2.4138518, 39.5954032 ], [ 2.4138378, 39.595245299999988 ], [ 2.4138355, 39.59517 ], [ 2.4138366, 39.5951283 ], [ 2.4138388, 39.5951028 ], [ 2.4138412, 39.5950861 ], [ 2.4138435, 39.5950745 ], [ 2.4138457, 39.595066 ], [ 2.4138477, 39.5950598 ], [ 2.4138495, 39.5950549 ], [ 2.4138512, 39.5950511 ], [ 2.4138527, 39.5950481 ], [ 2.4138541, 39.5950456 ], [ 2.4138554, 39.5950435 ], [ 2.4138567, 39.5950418 ], [ 2.4138578, 39.5950404 ], [ 2.4138589, 39.5950392 ], [ 2.4138599, 39.5950381 ], [ 2.4138608, 39.5950372 ], [ 2.4138618, 39.5950364 ], [ 2.4138626, 39.5950357 ], [ 2.4138635, 39.595035 ], [ 2.4138643, 39.5950345 ], [ 2.4138651, 39.595034 ], [ 2.4138658, 39.5950336 ], [ 2.4138666, 39.595033199999989 ], [ 2.4138673, 39.5950329 ], [ 2.413868, 39.5950326 ], [ 2.4138687, 39.5950323 ], [ 2.4138694, 39.5950321 ], [ 2.4138701, 39.5950318 ], [ 2.4138708, 39.5950317 ], [ 2.4138715, 39.5950315 ], [ 2.4138722, 39.5950314 ], [ 2.413873, 39.5950313 ], [ 2.4138737, 39.5950312 ], [ 2.4138744, 39.5950311 ], [ 2.4138752, 39.5950311 ], [ 2.4138759, 39.5950311 ], [ 2.4138767, 39.5950311 ], [ 2.4138775, 39.5950311 ], [ 2.4138784, 39.5950312 ], [ 2.4138793, 39.5950313 ], [ 2.4138802, 39.5950315 ], [ 2.4138812, 39.5950317 ], [ 2.4138822, 39.5950319 ], [ 2.4138833, 39.5950322 ], [ 2.4138845, 39.5950325 ], [ 2.4138857, 39.595033 ], [ 2.4138871, 39.5950335 ], [ 2.4138886, 39.5950341 ], [ 2.4138902, 39.5950349 ], [ 2.413892, 39.5950359 ], [ 2.4138941, 39.595037 ], [ 2.4138964, 39.5950385 ], [ 2.413899, 39.5950403 ], [ 2.413902, 39.5950425 ], [ 2.4139056, 39.5950454 ], [ 2.4139099, 39.5950493 ], [ 2.4139151, 39.5950543 ], [ 2.4139216, 39.5950613 ], [ 2.41393, 39.5950711 ], [ 2.4139411, 39.5950856 ], [ 2.4139568, 39.5951081 ], [ 2.4139803, 39.5951456 ], [ 2.4140187, 39.5952147 ], [ 2.414091, 39.5953628 ], [ 2.4142623, 39.5957699 ], [ 2.4148927, 39.5975669 ], [ 2.4172584, 39.607038 ], [ 2.4143095, 39.5976653 ], [ 2.4139152, 39.5958285 ], [ 2.4138518, 39.5954032 ] ] ] } },
{ "type": "Feature", "properties": { "PlotID": "MANFV24", "windspeed": 30.0, "time": "60", "clipped_m2": 33.467160725413123, "clipped_ha": 0.0033467160725413124, "wspd": "30" }, "geometry": { "type": "Polygon", "coordinates": [ [ [ 2.4000918, 39.5940787 ], [ 2.4000847, 39.594068 ], [ 2.40008, 39.594057 ], [ 2.4000773, 39.594047 ], [ 2.400076, 39.5940385 ], [ 2.4000756, 39.5940316 ], [ 2.4000758, 39.5940261 ], [ 2.4000763, 39.5940216 ], [ 2.4000769, 39.594018 ], [ 2.4000777, 39.594015 ], [ 2.4000785, 39.5940126 ], [ 2.4000793, 39.5940106 ], [ 2.4000801, 39.5940089 ], [ 2.4000809, 39.5940076 ], [ 2.4000816, 39.5940064 ], [ 2.4000824, 39.5940054 ], [ 2.4000831, 39.5940045 ], [ 2.4000837, 39.5940037 ], [ 2.4000844, 39.5940031 ], [ 2.400085, 39.5940025 ], [ 2.4000856, 39.594002 ], [ 2.4000861, 39.5940016 ], [ 2.4000867, 39.5940012 ], [ 2.4000872, 39.5940009 ], [ 2.4000878, 39.5940006 ], [ 2.4000883, 39.5940003 ], [ 2.4000888, 39.594000099999988 ], [ 2.4000893, 39.5939998 ], [ 2.4000898, 39.5939997 ], [ 2.4000902, 39.5939995 ], [ 2.4000907, 39.5939994 ], [ 2.4000912, 39.5939992 ], [ 2.4000917, 39.5939991 ], [ 2.4000921, 39.5939991 ], [ 2.4000926, 39.593999 ], [ 2.4000931, 39.5939989 ], [ 2.4000936, 39.5939989 ], [ 2.4000941, 39.5939989 ], [ 2.4000946, 39.5939989 ], [ 2.4000951, 39.5939989 ], [ 2.4000956, 39.5939989 ], [ 2.4000961, 39.593999 ], [ 2.4000967, 39.5939991 ], [ 2.4000973, 39.5939992 ], [ 2.4000978, 39.5939993 ], [ 2.4000985, 39.5939995 ], [ 2.4000991, 39.5939997 ], [ 2.4000998, 39.5939999 ], [ 2.4001005, 39.5940002 ], [ 2.4001013, 39.5940005 ], [ 2.4001021, 39.5940009 ], [ 2.400103, 39.5940014 ], [ 2.4001039, 39.5940019 ], [ 2.4001049, 39.5940026 ], [ 2.400106, 39.5940034 ], [ 2.4001072, 39.5940043 ], [ 2.4001085, 39.5940055 ], [ 2.4001099, 39.5940068 ], [ 2.4001115, 39.5940085 ], [ 2.4001132, 39.5940106 ], [ 2.4001151, 39.5940133 ], [ 2.4001172, 39.5940165 ], [ 2.4001195, 39.5940207 ], [ 2.4001219, 39.5940259 ], [ 2.4001243, 39.5940326 ], [ 2.4001264, 39.5940409 ], [ 2.4001278, 39.5940511 ], [ 2.4001278, 39.5940627 ], [ 2.4001253, 39.5940746 ], [ 2.4001196, 39.5940842 ], [ 2.400111, 39.5940886 ], [ 2.4001011, 39.594086499999989 ], [ 2.4000918, 39.5940787 ] ] ] } },
{ "type": "Feature", "properties": { "PlotID": "MANFV25", "windspeed": 30.0, "time": "60", "clipped_m2": 763.73930530808866, "clipped_ha": 0.076373930530808862, "wspd": "30" }, "geometry": { "type": "Polygon", "coordinates": [ [ [ 2.4003666, 39.5933099 ], [ 2.4003687, 39.5931336 ], [ 2.4003483, 39.593153 ], [ 2.4003484, 39.5931143 ], [ 2.4003502, 39.5930884 ], [ 2.4003526, 39.5930703 ], [ 2.4003551, 39.5930573 ], [ 2.4003576, 39.5930476 ], [ 2.40036, 39.5930402 ], [ 2.4003622, 39.5930345 ], [ 2.4003642, 39.5930299 ], [ 2.4003662, 39.5930262 ], [ 2.4003679, 39.5930232 ], [ 2.4003696, 39.5930206 ], [ 2.4003711, 39.5930185 ], [ 2.4003726, 39.5930167 ], [ 2.4003739, 39.5930152 ], [ 2.4003752, 39.5930139 ], [ 2.4003765, 39.5930127 ], [ 2.4003776, 39.5930117 ], [ 2.4003788, 39.5930109 ], [ 2.4003798, 39.5930101 ], [ 2.4003809, 39.5930094 ], [ 2.4003819, 39.5930088 ], [ 2.4003829, 39.5930083 ], [ 2.4003838, 39.5930078 ], [ 2.4003848, 39.5930074 ], [ 2.4003857, 39.593007 ], [ 2.4003866, 39.5930067 ], [ 2.4003875, 39.5930064 ], [ 2.4003884, 39.5930061 ], [ 2.4003893, 39.5930059 ], [ 2.4003902, 39.5930057 ], [ 2.4003911, 39.5930056 ], [ 2.4003921, 39.5930055 ], [ 2.400393, 39.5930054 ], [ 2.4003939, 39.5930053 ], [ 2.4003949, 39.5930053 ], [ 2.4003959, 39.5930053 ], [ 2.4003969, 39.5930053 ], [ 2.4003979, 39.5930054 ], [ 2.400399, 39.5930055 ], [ 2.4004001, 39.5930057 ], [ 2.4004013, 39.5930059 ], [ 2.4004025, 39.5930061 ], [ 2.4004038, 39.5930065 ], [ 2.4004052, 39.5930069 ], [ 2.4004066, 39.5930074 ], [ 2.4004082, 39.5930079 ], [ 2.4004099, 39.5930086 ], [ 2.4004117, 39.5930095 ], [ 2.4004138, 39.5930105 ], [ 2.400416, 39.5930118 ], [ 2.4004184, 39.593013299999988 ], [ 2.4004212, 39.5930151 ], [ 2.4004243, 39.5930174 ], [ 2.4004279, 39.5930203 ], [ 2.400432, 39.593024 ], [ 2.4004369, 39.5930287 ], [ 2.4004426, 39.5930348 ], [ 2.4004496, 39.5930431 ], [ 2.4004583, 39.5930544 ], [ 2.4004693, 39.5930704 ], [ 2.4004835, 39.5930939 ], [ 2.4005023, 39.5931298 ], [ 2.4005121, 39.5931666 ], [ 2.4005071, 39.5931942 ], [ 2.4004991, 39.5932269 ], [ 2.4004857, 39.5932628 ], [ 2.4005816, 39.5937618 ], [ 2.4004812, 39.5936588 ], [ 2.4004036, 39.5934623 ], [ 2.4003666, 39.5933099 ] ] ] } },
{ "type": "Feature", "properties": { "PlotID": "MANFV26", "windspeed": 30.0, "time": "60", "clipped_m2": 6398.9576430572197, "clipped_ha": 0.63989576430572193, "wspd": "30" }, "geometry": { "type": "Polygon", "coordinates": [ [ [ 2.4007632, 39.5954313 ], [ 2.400688, 39.5952658 ], [ 2.4006386, 39.5951281 ], [ 2.4006134, 39.5950015 ], [ 2.4006032, 39.5948959 ], [ 2.4007702, 39.5945875 ], [ 2.4007304, 39.594605099999988 ], [ 2.4006721, 39.5946311 ], [ 2.4006278, 39.5946342 ], [ 2.4006397, 39.5945953 ], [ 2.4006519, 39.5945629 ], [ 2.4006642, 39.5945358 ], [ 2.4006762, 39.5945129 ], [ 2.400688, 39.5944935 ], [ 2.4006994, 39.5944768 ], [ 2.4007104, 39.5944625 ], [ 2.4007211, 39.59445 ], [ 2.4007313, 39.594439199999989 ], [ 2.4007549, 39.5944307 ], [ 2.400774, 39.5944247 ], [ 2.4007884, 39.5944201 ], [ 2.4008015, 39.5944168 ], [ 2.4008151, 39.5944154 ], [ 2.4008255, 39.5944144 ], [ 2.4008337, 39.5944135 ], [ 2.4008406, 39.5944128 ], [ 2.4008464, 39.5944122 ], [ 2.4008515, 39.5944117 ], [ 2.4008271, 39.5943788 ], [ 2.4008349, 39.5943764 ], [ 2.4008427, 39.5943743 ], [ 2.4008505, 39.5943725 ], [ 2.4008583, 39.5943711 ], [ 2.4008662, 39.5943699 ], [ 2.4008741, 39.594369 ], [ 2.4008821, 39.5943684 ], [ 2.4008902, 39.594368 ], [ 2.4008985, 39.594368 ], [ 2.4009069, 39.5943682 ], [ 2.4009156, 39.5943688 ], [ 2.4009245, 39.5943697 ], [ 2.4009336, 39.5943709 ], [ 2.4009431, 39.5943726 ], [ 2.400953, 39.594374699999989 ], [ 2.4009632, 39.5943773 ], [ 2.400974, 39.5943805 ], [ 2.4009853, 39.5943842 ], [ 2.4009972, 39.5943888 ], [ 2.4010098, 39.5943941 ], [ 2.4010232, 39.5944005 ], [ 2.4010375, 39.5944081 ], [ 2.4010529, 39.5944171 ], [ 2.4010695, 39.5944278 ], [ 2.4010874, 39.5944406 ], [ 2.4011068, 39.5944559 ], [ 2.4011281, 39.5944744 ], [ 2.4011513, 39.5944968 ], [ 2.4010984, 39.594501699999988 ], [ 2.4012047, 39.5945578 ], [ 2.4012352, 39.5945995 ], [ 2.401144, 39.5945834 ], [ 2.4010018, 39.5945185 ], [ 2.4010758, 39.5945915 ], [ 2.4013763, 39.5949004 ], [ 2.4014069, 39.5950263 ], [ 2.4014251, 39.5951764 ], [ 2.4009369, 39.5945326 ], [ 2.4013781, 39.5955114 ], [ 2.4012909, 39.5956449 ], [ 2.4011624, 39.595708 ], [ 2.4010141, 39.5956816 ], [ 2.4008744, 39.5955781 ], [ 2.4007632, 39.5954313 ] ] ] } },
{ "type": "Feature", "properties": { "PlotID": "MANFV27", "windspeed": 30.0, "time": "60", "clipped_m2": 2068.9612082407111, "clipped_ha": 0.20689612082407111, "wspd": "30" }, "geometry": { "type": "Polygon", "coordinates": [ [ [ 2.4078124, 39.6016191 ], [ 2.4077999, 39.6016099 ], [ 2.4077888, 39.6016019 ], [ 2.4077787, 39.6015948 ], [ 2.4077694, 39.6015882 ], [ 2.4076935, 39.6016795 ], [ 2.4077721, 39.6015525 ], [ 2.4077662, 39.6015486 ], [ 2.4077602, 39.6015447 ], [ 2.4077543, 39.6015408 ], [ 2.4077481, 39.6015368 ], [ 2.4077418, 39.6015326 ], [ 2.407735, 39.6015282 ], [ 2.4077278, 39.6015234 ], [ 2.4077198, 39.6015182 ], [ 2.4077109, 39.6015124 ], [ 2.4077008, 39.6015057 ], [ 2.4077042, 39.6014974 ], [ 2.407712, 39.6014899 ], [ 2.4077195, 39.6014833 ], [ 2.4077267, 39.6014774 ], [ 2.4077336, 39.6014723 ], [ 2.4077404, 39.6014678 ], [ 2.4077469, 39.6014638 ], [ 2.4077532, 39.6014602 ], [ 2.4077594, 39.601457 ], [ 2.4077655, 39.6014542 ], [ 2.4077715, 39.6014517 ], [ 2.4077898, 39.6014622 ], [ 2.4078028, 39.6014717 ], [ 2.4078093, 39.6014764 ], [ 2.4078132, 39.6014793 ], [ 2.4078159, 39.6014813 ], [ 2.4078179, 39.6014827 ], [ 2.4078194, 39.6014838 ], [ 2.4078207, 39.6014847 ], [ 2.4078217, 39.6014855 ], [ 2.4078226, 39.6014861 ], [ 2.4078234, 39.6014867 ], [ 2.4078241, 39.6014872 ], [ 2.4078248, 39.6014877 ], [ 2.4078254, 39.6014882 ], [ 2.407826, 39.6014886 ], [ 2.4078265, 39.601489 ], [ 2.4078271, 39.6014894 ], [ 2.4078277, 39.6014898 ], [ 2.4078282, 39.6014902 ], [ 2.4078288, 39.6014907 ], [ 2.4078294, 39.6014911 ], [ 2.4078301, 39.6014916 ], [ 2.4078308, 39.6014921 ], [ 2.4078316, 39.6014927 ], [ 2.4078325, 39.6014933 ], [ 2.4078335, 39.6014941 ], [ 2.4078347, 39.601495 ], [ 2.4078362, 39.6014961 ], [ 2.4078381, 39.6014975 ], [ 2.4078407, 39.6014994 ], [ 2.4078445, 39.6015021 ], [ 2.4078506, 39.6015066 ], [ 2.4078681, 39.6015181 ], [ 2.4082457, 39.6017517 ], [ 2.4083161, 39.6018524 ], [ 2.4084062, 39.6019985 ], [ 2.4085238, 39.6022178 ], [ 2.4085241, 39.6023673 ], [ 2.4084578, 39.6024643 ], [ 2.4079323, 39.6017082 ], [ 2.407894, 39.6016797 ], [ 2.407866, 39.6016589 ], [ 2.4078444, 39.6016429 ], [ 2.407827, 39.6016299 ], [ 2.4078124, 39.6016191 ] ] ] } },
{ "type": "Feature", "properties": { "PlotID": "MANFV28", "windspeed": 30.0, "time": "60", "clipped_m2": 964.79472267255187, "clipped_ha": 0.096479472267255187, "wspd": "30" }, "geometry": { "type": "Polygon", "coordinates": [ [ [ 2.4019466, 39.6026629 ], [ 2.4019215, 39.6026323 ], [ 2.401901, 39.6026073 ], [ 2.401905, 39.6025364 ], [ 2.4018963, 39.6025187 ], [ 2.4018889, 39.6025039 ], [ 2.4018928, 39.6024793 ], [ 2.4018972, 39.6024603 ], [ 2.4019016, 39.6024457 ], [ 2.4019057, 39.6024343 ], [ 2.4019096, 39.6024253 ], [ 2.4019132, 39.6024179 ], [ 2.4019166, 39.6024119 ], [ 2.4019197, 39.6024069 ], [ 2.4019227, 39.6024026 ], [ 2.4019255, 39.6023991 ], [ 2.4019282, 39.602396 ], [ 2.4019307, 39.6023933 ], [ 2.4019331, 39.602391 ], [ 2.4019354, 39.602389 ], [ 2.4019376, 39.6023873 ], [ 2.4019397, 39.6023857 ], [ 2.4019417, 39.6023843 ], [ 2.4019437, 39.6023831 ], [ 2.4019457, 39.602382 ], [ 2.4019476, 39.6023811 ], [ 2.4019494, 39.6023802 ], [ 2.4019512, 39.6023795 ], [ 2.401953, 39.6023788 ], [ 2.4019548, 39.6023782 ], [ 2.4019566, 39.6023777 ], [ 2.4019584, 39.6023772 ], [ 2.4019602, 39.6023768 ], [ 2.401962, 39.6023765 ], [ 2.4019638, 39.6023763 ], [ 2.4019656, 39.6023761 ], [ 2.4019675, 39.6023759 ], [ 2.4019694, 39.6023759 ], [ 2.4019713, 39.6023758 ], [ 2.4019733, 39.6023759 ], [ 2.4019754, 39.602376 ], [ 2.4019775, 39.6023762 ], [ 2.4019798, 39.6023765 ], [ 2.4019821, 39.6023769 ], [ 2.4019845, 39.6023774 ], [ 2.4019871, 39.6023781 ], [ 2.4019899, 39.6023788 ], [ 2.4019928, 39.6023798 ], [ 2.4019959, 39.6023809 ], [ 2.4019993, 39.6023823 ], [ 2.402003, 39.6023839 ], [ 2.402007, 39.6023859 ], [ 2.4020114, 39.6023883 ], [ 2.4020164, 39.6023913 ], [ 2.4020219, 39.6023949 ], [ 2.4020281, 39.6023994 ], [ 2.4020352, 39.602405 ], [ 2.4020434, 39.6024121 ], [ 2.4020508, 39.6024205 ], [ 2.4020545, 39.6024291 ], [ 2.402059, 39.602439499999988 ], [ 2.4020646, 39.6024524 ], [ 2.402072, 39.6024694 ], [ 2.4020823, 39.6024929 ], [ 2.4021001, 39.602531 ], [ 2.4021343, 39.6026023 ], [ 2.4022204, 39.602782 ], [ 2.4023569, 39.6031489 ], [ 2.4021513, 39.6028671 ], [ 2.4020774, 39.6028049 ], [ 2.4020202, 39.6027435 ], [ 2.4019786, 39.6026988 ], [ 2.4019466, 39.6026629 ] ] ] } },
{ "type": "Feature", "properties": { "PlotID": "MANFV29", "windspeed": 30.0, "time": "60", "clipped_m2": 1743.1548956204206, "clipped_ha": 0.17431548956204207, "wspd": "30" }, "geometry": { "type": "Polygon", "coordinates": [ [ [ 2.4100824, 39.6054647 ], [ 2.4100236, 39.605104 ], [ 2.4101314, 39.6044694 ], [ 2.4101045, 39.6044938 ], [ 2.4100085, 39.604627699999988 ], [ 2.4100168, 39.6045577 ], [ 2.410026, 39.6045071 ], [ 2.4100353, 39.6044693 ], [ 2.4100442, 39.6044405 ], [ 2.4100526, 39.6044179 ], [ 2.4100604, 39.6044 ], [ 2.4100677, 39.6043854 ], [ 2.4100745, 39.6043735 ], [ 2.4100809, 39.6043636 ], [ 2.4100869, 39.6043553 ], [ 2.4100925, 39.6043482 ], [ 2.4100978, 39.6043422 ], [ 2.4101028, 39.604337 ], [ 2.4101076, 39.6043325 ], [ 2.4101121, 39.6043285 ], [ 2.4101165, 39.6043251 ], [ 2.4101207, 39.604322 ], [ 2.4101248, 39.6043193 ], [ 2.4101287, 39.6043169 ], [ 2.4101326, 39.6043148 ], [ 2.4101363, 39.6043129 ], [ 2.41014, 39.6043113 ], [ 2.4101436, 39.6043098 ], [ 2.4101472, 39.6043085 ], [ 2.4101507, 39.6043073 ], [ 2.4101542, 39.6043063 ], [ 2.4101578, 39.6043054 ], [ 2.4101613, 39.6043047 ], [ 2.4101648, 39.6043041 ], [ 2.4101684, 39.6043036 ], [ 2.410172, 39.6043032 ], [ 2.4101757, 39.6043029 ], [ 2.4101795, 39.6043028 ], [ 2.4101833, 39.6043028 ], [ 2.4101873, 39.6043029 ], [ 2.4101913, 39.6043032 ], [ 2.4101956, 39.6043037 ], [ 2.4102, 39.6043043 ], [ 2.4102046, 39.6043051 ], [ 2.4102094, 39.6043061 ], [ 2.4102145, 39.6043073 ], [ 2.4102199, 39.6043089 ], [ 2.4102257, 39.6043107 ], [ 2.4102319, 39.604313 ], [ 2.4102385, 39.6043157 ], [ 2.4102458, 39.604319 ], [ 2.4102537, 39.604323 ], [ 2.4102624, 39.6043278 ], [ 2.4102721, 39.6043337 ], [ 2.4102829, 39.6043409 ], [ 2.4102952, 39.6043498 ], [ 2.4103093, 39.604361 ], [ 2.4103255, 39.6043752 ], [ 2.4103446, 39.6043934 ], [ 2.4103673, 39.6044174 ], [ 2.4103948, 39.6044494 ], [ 2.4104287, 39.6044932 ], [ 2.4104145, 39.6045132 ], [ 2.4103913, 39.6045268 ], [ 2.4103733, 39.6045453 ], [ 2.4103544, 39.604565 ], [ 2.4103388, 39.6045933 ], [ 2.4103293, 39.6046433 ], [ 2.4103034, 39.6046772 ], [ 2.4102713, 39.6047111 ], [ 2.410238, 39.6047803 ], [ 2.41019, 39.6048548 ], [ 2.4100824, 39.6054647 ] ] ] } },
{ "type": "Feature", "properties": { "PlotID": "MANFV01", "windspeed": 40.0, "time": "60", "clipped_m2": 2467.6118321460672, "clipped_ha": 0.24676118321460672, "wspd": "40" }, "geometry": { "type": "Polygon", "coordinates": [ [ [ 2.4127303, 39.5999271 ], [ 2.4126847, 39.5998243 ], [ 2.4126577, 39.5997344 ], [ 2.4126437, 39.5996605 ], [ 2.412638, 39.5996015 ], [ 2.4126373, 39.5995547 ], [ 2.4126396, 39.5995176 ], [ 2.4126437, 39.5994879 ], [ 2.4126486, 39.599464 ], [ 2.4126541, 39.5994445 ], [ 2.4126596, 39.5994285 ], [ 2.4126652, 39.5994151 ], [ 2.4126707, 39.5994039 ], [ 2.412676, 39.5993944 ], [ 2.4126812, 39.5993863 ], [ 2.4126862, 39.5993794 ], [ 2.412691, 39.5993733 ], [ 2.4126956, 39.5993681 ], [ 2.4127001, 39.5993635 ], [ 2.4127044, 39.5993595 ], [ 2.4127086, 39.5993559 ], [ 2.4127127, 39.5993528 ], [ 2.4127167, 39.59935 ], [ 2.4127206, 39.5993475 ], [ 2.4127244, 39.5993453 ], [ 2.4127281, 39.5993433 ], [ 2.4127318, 39.5993415 ], [ 2.4127354, 39.59934 ], [ 2.4127391, 39.5993386 ], [ 2.4127426, 39.5993373 ], [ 2.4127462, 39.5993363 ], [ 2.4127498, 39.5993353 ], [ 2.4127534, 39.5993345 ], [ 2.412757, 39.5993338 ], [ 2.4127607, 39.5993333 ], [ 2.4127644, 39.5993329 ], [ 2.4127681, 39.5993326 ], [ 2.4127719, 39.5993324 ], [ 2.4127759, 39.5993324 ], [ 2.4127799, 39.5993325 ], [ 2.4127841, 39.5993328 ], [ 2.4127883, 39.5993332 ], [ 2.4127928, 39.5993338 ], [ 2.4127975, 39.5993347 ], [ 2.4128023, 39.5993357 ], [ 2.4128074, 39.599337 ], [ 2.4128128, 39.5993385 ], [ 2.4128186, 39.5993404 ], [ 2.4128247, 39.5993427 ], [ 2.4128312, 39.5993455 ], [ 2.4128382, 39.5993487 ], [ 2.4128458, 39.5993527 ], [ 2.4128541, 39.5993574 ], [ 2.4128631, 39.5993632 ], [ 2.412873, 39.5993701 ], [ 2.412884, 39.5993786 ], [ 2.4128962, 39.5993889 ], [ 2.4129098, 39.5994018 ], [ 2.4128612, 39.599397 ], [ 2.4129424, 39.599438 ], [ 2.4129619, 39.5994638 ], [ 2.4129838, 39.5994968 ], [ 2.4129772, 39.5995174 ], [ 2.4130345, 39.5995952 ], [ 2.4130611, 39.599667 ], [ 2.4130845, 39.5997575 ], [ 2.4130977, 39.599865699999988 ], [ 2.4130902, 39.5999811 ], [ 2.413051, 39.600079 ], [ 2.4129784, 39.600127 ], [ 2.4128867, 39.6001065 ], [ 2.4127987, 39.6000298 ], [ 2.4127303, 39.5999271 ] ] ] } },
{ "type": "Feature", "properties": { "PlotID": "MANFV02", "windspeed": 40.0, "time": "60", "clipped_m2": 1461.2974773896858, "clipped_ha": 0.14612974773896859, "wspd": "40" }, "geometry": { "type": "Polygon", "coordinates": [ [ [ 2.4101141, 39.5966984 ], [ 2.4100946, 39.596696 ], [ 2.4100954, 39.5966215 ], [ 2.4100979, 39.5965857 ], [ 2.4101005, 39.5965658 ], [ 2.4101027, 39.5965537 ], [ 2.4101047, 39.5965457 ], [ 2.4101064, 39.5965402 ], [ 2.4101078, 39.5965362 ], [ 2.4101091, 39.5965333 ], [ 2.4101102, 39.596531 ], [ 2.4101112, 39.5965292 ], [ 2.4101121, 39.5965278 ], [ 2.4101129, 39.5965266 ], [ 2.4101136, 39.5965257 ], [ 2.4101143, 39.5965249 ], [ 2.4101149, 39.5965242 ], [ 2.4101155, 39.5965237 ], [ 2.410116, 39.5965232 ], [ 2.4101166, 39.5965228 ], [ 2.410117, 39.5965224 ], [ 2.4101175, 39.5965221 ], [ 2.4101179, 39.5965218 ], [ 2.4101183, 39.5965216 ], [ 2.4101187, 39.5965214 ], [ 2.4101191, 39.5965212 ], [ 2.4101195, 39.596521 ], [ 2.4101199, 39.5965209 ], [ 2.4101202, 39.5965208 ], [ 2.4101206, 39.5965207 ], [ 2.410121, 39.5965206 ], [ 2.4101213, 39.5965205 ], [ 2.4101216, 39.5965204 ], [ 2.410122, 39.5965204 ], [ 2.4101223, 39.5965203 ], [ 2.4101227, 39.5965203 ], [ 2.410123, 39.5965203 ], [ 2.4101234, 39.5965203 ], [ 2.4101238, 39.5965203 ], [ 2.4101241, 39.5965203 ], [ 2.4101245, 39.5965203 ], [ 2.4101249, 39.5965204 ], [ 2.4101253, 39.5965204 ], [ 2.4101257, 39.5965205 ], [ 2.4101262, 39.5965206 ], [ 2.4101266, 39.5965207 ], [ 2.4101271, 39.5965209 ], [ 2.4101276, 39.596521 ], [ 2.4101282, 39.5965212 ], [ 2.4101288, 39.5965215 ], [ 2.4101294, 39.5965218 ], [ 2.4101301, 39.5965221 ], [ 2.4101308, 39.5965226 ], [ 2.4101317, 39.5965231 ], [ 2.4101326, 39.5965237 ], [ 2.4101336, 39.5965244 ], [ 2.4101348, 39.5965254 ], [ 2.4101361, 39.5965266 ], [ 2.4101377, 39.5965281 ], [ 2.4101396, 39.59653 ], [ 2.4101418, 39.5965326 ], [ 2.4101446, 39.5965362 ], [ 2.4101482, 39.5965411 ], [ 2.4101528, 39.5965484 ], [ 2.4101592, 39.5965596 ], [ 2.4101685, 39.5965782 ], [ 2.4101833, 39.5966122 ], [ 2.41021, 39.5966838 ], [ 2.4102684, 39.5968744 ], [ 2.4104471, 39.597628799999988 ], [ 2.4103498, 39.5978078 ], [ 2.4101518, 39.5969831 ], [ 2.4101141, 39.5966984 ] ] ] } },
{ "type": "Feature", "properties": { "PlotID": "MANFV03", "windspeed": 40.0, "time": "60", "clipped_m2": 4422.3975021354854, "clipped_ha": 0.44223975021354855, "wspd": "40" }, "geometry": { "type": "Polygon", "coordinates": [ [ [ 2.4074085, 39.5962189 ], [ 2.4073628, 39.5959534 ], [ 2.4073573, 39.5957503 ], [ 2.407363, 39.5956288 ], [ 2.4073718, 39.5955527 ], [ 2.4073808, 39.5955027 ], [ 2.4073892, 39.5954683 ], [ 2.4073968, 39.5954437 ], [ 2.4074036, 39.5954256 ], [ 2.4074096, 39.5954119 ], [ 2.407415, 39.5954012 ], [ 2.4074198, 39.5953928 ], [ 2.4074241, 39.5953861 ], [ 2.4074281, 39.5953806 ], [ 2.4074317, 39.595376 ], [ 2.407435, 39.5953722 ], [ 2.4074381, 39.595369 ], [ 2.407441, 39.5953663 ], [ 2.4074437, 39.595364 ], [ 2.4074462, 39.595362 ], [ 2.4074486, 39.5953603 ], [ 2.4074509, 39.5953588 ], [ 2.407453, 39.5953574 ], [ 2.4074551, 39.5953563 ], [ 2.4074571, 39.5953553 ], [ 2.4074591, 39.5953544 ], [ 2.407461, 39.595353599999989 ], [ 2.4074628, 39.5953529 ], [ 2.4074646, 39.5953524 ], [ 2.4074664, 39.5953518 ], [ 2.4074682, 39.5953514 ], [ 2.4074699, 39.595351 ], [ 2.4074716, 39.5953507 ], [ 2.4074733, 39.5953505 ], [ 2.4074751, 39.5953503 ], [ 2.4074768, 39.5953502 ], [ 2.4074785, 39.5953501 ], [ 2.4074803, 39.5953501 ], [ 2.4074821, 39.5953502 ], [ 2.4074839, 39.5953503 ], [ 2.4074858, 39.5953505 ], [ 2.4074877, 39.5953508 ], [ 2.4074897, 39.5953511 ], [ 2.4074918, 39.5953515 ], [ 2.4074939, 39.5953521 ], [ 2.4074962, 39.5953527 ], [ 2.4074986, 39.5953535 ], [ 2.4075011, 39.5953544 ], [ 2.4075037, 39.595355499999989 ], [ 2.4075066, 39.5953567 ], [ 2.4075096, 39.5953582 ], [ 2.4075129, 39.5953601 ], [ 2.4075165, 39.5953622 ], [ 2.4075204, 39.5953648 ], [ 2.4075247, 39.5953679 ], [ 2.4075296, 39.5953717 ], [ 2.407535, 39.5953764 ], [ 2.4075412, 39.5953822 ], [ 2.4075483, 39.5953896 ], [ 2.4075566, 39.595399 ], [ 2.4075664, 39.5954114 ], [ 2.4075782, 39.5954279 ], [ 2.4075927, 39.5954505 ], [ 2.4076108, 39.5954826 ], [ 2.407634, 39.5955299 ], [ 2.4076644, 39.5956025 ], [ 2.4076092, 39.5955709 ], [ 2.407758, 39.5959189 ], [ 2.4078176, 39.5962583 ], [ 2.4078392, 39.5967503 ], [ 2.4077247, 39.5970632 ], [ 2.4075099, 39.5963761 ], [ 2.4074085, 39.5962189 ] ] ] } },
{ "type": "Feature", "properties": { "PlotID": "MANFV04", "windspeed": 40.0, "time": "60", "clipped_m2": 18.475141015129338, "clipped_ha": 0.0018475141015129339, "wspd": "40" }, "geometry": { "type": "Polygon", "coordinates": [ [ [ 2.4051233, 39.5900746 ], [ 2.4051233, 39.5900741 ], [ 2.4051233, 39.5900739 ], [ 2.4051233, 39.5900738 ], [ 2.4051233, 39.5900737 ], [ 2.4051233, 39.5900736 ], [ 2.4051233, 39.5900735 ], [ 2.4051234, 39.5900735 ], [ 2.4051235, 39.5900736 ], [ 2.4051236, 39.5900737 ], [ 2.4051237, 39.5900738 ], [ 2.4051238, 39.590074 ], [ 2.405124, 39.5900745 ], [ 2.4051246, 39.5900758 ], [ 2.4051271, 39.5900828 ], [ 2.4056204, 39.5918065 ], [ 2.405125, 39.5900831 ], [ 2.4051235, 39.590076 ], [ 2.4051233, 39.5900746 ] ] ] } },
{ "type": "Feature", "properties": { "PlotID": "MANFV05", "windspeed": 40.0, "time": "60", "clipped_m2": 509.06073777901474, "clipped_ha": 0.050906073777901475, "wspd": "40" }, "geometry": { "type": "Polygon", "coordinates": [ [ [ 2.408506, 39.5907808 ], [ 2.4085058, 39.5907785 ], [ 2.4085057, 39.5907774 ], [ 2.4085058, 39.5907769 ], [ 2.4085058, 39.5907765 ], [ 2.4085058, 39.5907763 ], [ 2.4085059, 39.5907761 ], [ 2.4085059, 39.590776 ], [ 2.4085059, 39.5907759 ], [ 2.4085059, 39.5907758 ], [ 2.408506, 39.5907758 ], [ 2.408506, 39.590775699999988 ], [ 2.408506, 39.5907756 ], [ 2.4085061, 39.5907756 ], [ 2.4085061, 39.5907755 ], [ 2.4085062, 39.5907755 ], [ 2.4085063, 39.5907755 ], [ 2.4085064, 39.5907755 ], [ 2.4085065, 39.5907755 ], [ 2.4085065, 39.5907756 ], [ 2.4085066, 39.5907756 ], [ 2.4085067, 39.590775699999988 ], [ 2.4085068, 39.590775699999988 ], [ 2.4085069, 39.5907758 ], [ 2.4085069, 39.5907759 ], [ 2.4085071, 39.5907761 ], [ 2.4085072, 39.5907763 ], [ 2.4085074, 39.5907766 ], [ 2.4085078, 39.5907771 ], [ 2.4085083, 39.5907781 ], [ 2.4085094, 39.5907802 ], [ 2.4085121, 39.5907864 ], [ 2.4085243, 39.5908201 ], [ 2.4113237, 39.600686 ], [ 2.4085141, 39.5908219 ], [ 2.4085069, 39.5907873 ], [ 2.408506, 39.5907808 ] ] ] } },
{ "type": "Feature", "properties": { "PlotID": "MANFV06", "windspeed": 40.0, "time": "60", "clipped_m2": 17703.92049295269, "clipped_ha": 1.7703920492952689, "wspd": "40" }, "geometry": { "type": "Polygon", "coordinates": [ [ [ 2.4154367, 39.5847138 ], [ 2.4153571, 39.5843301 ], [ 2.4153261, 39.5840729 ], [ 2.4153183, 39.5838995 ], [ 2.4153815, 39.583669 ], [ 2.415329, 39.583694199999989 ], [ 2.4153387, 39.5836316 ], [ 2.415349, 39.5835845 ], [ 2.4153592, 39.5835482 ], [ 2.4153691, 39.5835197 ], [ 2.4153785, 39.5834969 ], [ 2.4153873, 39.5834784 ], [ 2.4153956, 39.5834632 ], [ 2.4154035, 39.5834505 ], [ 2.4154108, 39.5834398 ], [ 2.4154178, 39.5834307 ], [ 2.4154244, 39.5834229 ], [ 2.4154307, 39.5834162 ], [ 2.4154367, 39.5834103 ], [ 2.4154424, 39.5834052 ], [ 2.4154479, 39.5834007 ], [ 2.4154532, 39.5833968 ], [ 2.4154584, 39.5833933 ], [ 2.4154634, 39.5833901 ], [ 2.4154683, 39.5833874 ], [ 2.415473, 39.5833849 ], [ 2.4154777, 39.5833827 ], [ 2.4154823, 39.5833808 ], [ 2.4154869, 39.583379 ], [ 2.4154914, 39.5833775 ], [ 2.4154959, 39.5833762 ], [ 2.4155004, 39.583375 ], [ 2.4155049, 39.583374 ], [ 2.4155095, 39.5833732 ], [ 2.415514, 39.5833725 ], [ 2.4155187, 39.583372 ], [ 2.4155234, 39.5833716 ], [ 2.4155282, 39.5833714 ], [ 2.4155331, 39.5833713 ], [ 2.4155382, 39.5833715 ], [ 2.4155435, 39.5833718 ], [ 2.4155489, 39.5833723 ], [ 2.4155545, 39.583373 ], [ 2.4155605, 39.583374 ], [ 2.4155667, 39.5833752 ], [ 2.4155732, 39.5833768 ], [ 2.4155802, 39.5833787 ], [ 2.4155876, 39.5833811 ], [ 2.4155955, 39.5833839 ], [ 2.4156041, 39.5833873 ], [ 2.4156134, 39.5833915 ], [ 2.4156236, 39.5833965 ], [ 2.4156347, 39.5834025 ], [ 2.4156471, 39.5834099 ], [ 2.415661, 39.583419 ], [ 2.4156767, 39.5834303 ], [ 2.4156946, 39.5834443 ], [ 2.4157153, 39.5834621 ], [ 2.4157394, 39.5834849 ], [ 2.4157646, 39.5835134 ], [ 2.4158024, 39.5835544 ], [ 2.4158445, 39.5836084 ], [ 2.4158969, 39.5836838 ], [ 2.4159633, 39.583792099999989 ], [ 2.4160483, 39.5839527 ], [ 2.4161568, 39.584197 ], [ 2.4162881, 39.5845721 ], [ 2.4164174, 39.5851192 ], [ 2.4164556, 39.5857595 ], [ 2.4162714, 39.5861143 ], [ 2.4159149, 39.5858495 ], [ 2.4156094, 39.5852537 ], [ 2.4154367, 39.5847138 ] ] ] } },
{ "type": "Feature", "properties": { "PlotID": "MANFV07", "windspeed": 40.0, "time": "60", "clipped_m2": 19179.929429575801, "clipped_ha": 1.9179929429575802, "wspd": "40" }, "geometry": { "type": "Polygon", "coordinates": [ [ [ 2.4087656, 39.5831006 ], [ 2.4087624, 39.5830648 ], [ 2.4087619, 39.5830481 ], [ 2.4087621, 39.5830389 ], [ 2.4087626, 39.5830333 ], [ 2.4087631, 39.5830296 ], [ 2.4087636, 39.5830271 ], [ 2.408764, 39.5830252 ], [ 2.4087645, 39.5830238 ], [ 2.4087649, 39.5830228 ], [ 2.4087652, 39.583022 ], [ 2.4087656, 39.5830213 ], [ 2.4087659, 39.5830208 ], [ 2.4087662, 39.5830203 ], [ 2.4087664, 39.5830199 ], [ 2.4087667, 39.5830196 ], [ 2.4087669, 39.5830194 ], [ 2.4087671, 39.5830191 ], [ 2.4087673, 39.5830189 ], [ 2.4087675, 39.5830187 ], [ 2.4087677, 39.5830186 ], [ 2.4087679, 39.5830185 ], [ 2.4087681, 39.5830183 ], [ 2.4087682, 39.5830182 ], [ 2.4087684, 39.5830181 ], [ 2.4087686, 39.5830181 ], [ 2.4087687, 39.583018 ], [ 2.4087689, 39.5830179 ], [ 2.408769, 39.5830179 ], [ 2.4087692, 39.5830178 ], [ 2.4087693, 39.5830178 ], [ 2.4087695, 39.5830177 ], [ 2.4087696, 39.5830177 ], [ 2.4087698, 39.5830177 ], [ 2.40877, 39.5830176 ], [ 2.4087701, 39.5830176 ], [ 2.4087703, 39.5830176 ], [ 2.4087704, 39.5830176 ], [ 2.4087706, 39.5830176 ], [ 2.4087708, 39.5830176 ], [ 2.4087709, 39.5830176 ], [ 2.4087711, 39.5830176 ], [ 2.4087713, 39.5830176 ], [ 2.4087715, 39.5830177 ], [ 2.4087717, 39.5830177 ], [ 2.408772, 39.5830178 ], [ 2.4087722, 39.5830178 ], [ 2.4087725, 39.5830179 ], [ 2.4087727, 39.583018 ], [ 2.408773, 39.5830181 ], [ 2.4087734, 39.5830182 ], [ 2.4087737, 39.5830184 ], [ 2.4087741, 39.5830186 ], [ 2.4087745, 39.5830189 ], [ 2.408775, 39.5830192 ], [ 2.4087756, 39.5830196 ], [ 2.4087763, 39.5830201 ], [ 2.4087771, 39.5830207 ], [ 2.408778, 39.5830215 ], [ 2.4087791, 39.5830226 ], [ 2.4087806, 39.5830241 ], [ 2.4087824, 39.5830263 ], [ 2.4087849, 39.5830294 ], [ 2.4087884, 39.5830344 ], [ 2.4087936, 39.5830426 ], [ 2.4088023, 39.583058 ], [ 2.408819, 39.5830914 ], [ 2.4088605, 39.5831875 ], [ 2.4090476, 39.5836984 ], [ 2.4157452, 39.607289 ], [ 2.4088909, 39.5837253 ], [ 2.4087806, 39.5832012 ], [ 2.4087656, 39.5831006 ] ] ] } },
{ "type": "Feature", "properties": { "PlotID": "MANFV08", "windspeed": 40.0, "time": "60", "clipped_m2": 2377.4855474568903, "clipped_ha": 0.23774855474568904, "wspd": "40" }, "geometry": { "type": "Polygon", "coordinates": [ [ [ 2.4202064, 39.6018346 ], [ 2.4201732, 39.6018432 ], [ 2.420137, 39.6018525 ], [ 2.4202018, 39.6016127 ], [ 2.4201934, 39.601615 ], [ 2.4201835, 39.6016177 ], [ 2.4200511, 39.6017643 ], [ 2.4201564, 39.6016251 ], [ 2.4201365, 39.6016305 ], [ 2.4201086, 39.6016382 ], [ 2.4200794, 39.601642 ], [ 2.4200871, 39.6016237 ], [ 2.4200947, 39.6016084 ], [ 2.4201021, 39.6015954 ], [ 2.4201092, 39.6015844 ], [ 2.4201161, 39.601574899999989 ], [ 2.4201227, 39.6015667 ], [ 2.4201291, 39.6015595 ], [ 2.4201353, 39.6015533 ], [ 2.4201412, 39.6015478 ], [ 2.420147, 39.601543 ], [ 2.4201526, 39.6015387 ], [ 2.420158, 39.6015349 ], [ 2.4201634, 39.6015315 ], [ 2.4201711, 39.6015297 ], [ 2.4201779, 39.6015283 ], [ 2.4201839, 39.6015271 ], [ 2.4201892, 39.601526 ], [ 2.4201941, 39.601525 ], [ 2.4201987, 39.6015241 ], [ 2.420203, 39.6015232 ], [ 2.4202072, 39.6015223 ], [ 2.4202112, 39.6015215 ], [ 2.4202153, 39.6015207 ], [ 2.4202194, 39.6015198 ], [ 2.4202235, 39.601519 ], [ 2.4202279, 39.6015181 ], [ 2.4202325, 39.601517099999988 ], [ 2.4202389, 39.6015111 ], [ 2.4202444, 39.6015113 ], [ 2.4202501, 39.601511699999989 ], [ 2.420256, 39.6015123 ], [ 2.4202621, 39.6015131 ], [ 2.4202684, 39.6015142 ], [ 2.420275, 39.6015157 ], [ 2.420282, 39.6015174 ], [ 2.4202894, 39.6015196 ], [ 2.4202972, 39.6015222 ], [ 2.4203055, 39.6015253 ], [ 2.4203144, 39.6015291 ], [ 2.420324, 39.6015336 ], [ 2.4203344, 39.601539 ], [ 2.4203456, 39.6015455 ], [ 2.420358, 39.6015534 ], [ 2.4203715, 39.6015629 ], [ 2.4203865, 39.6015745 ], [ 2.4203624, 39.6015815 ], [ 2.4203394, 39.6015857 ], [ 2.4203223, 39.6015888 ], [ 2.4203087, 39.6015913 ], [ 2.4204933, 39.6016917 ], [ 2.4202883, 39.6015951 ], [ 2.4202801, 39.6015966 ], [ 2.4202729, 39.6015979 ], [ 2.4206304, 39.601973 ], [ 2.4206632, 39.6020994 ], [ 2.4206823, 39.6022511 ], [ 2.4206725, 39.6024137 ], [ 2.4206184, 39.6025523 ], [ 2.4203657, 39.602068599999988 ], [ 2.4203067, 39.6020709 ], [ 2.4202539, 39.6021949 ], [ 2.4202064, 39.6018346 ] ] ] } },
{ "type": "Feature", "properties": { "PlotID": "MANFV09", "windspeed": 40.0, "time": "60", "clipped_m2": 7.6382689077727264, "clipped_ha": 0.00076382689077727269, "wspd": "40" }, "geometry": { "type": "Polygon", "coordinates": [ [ [ 2.4128617, 39.6004398 ], [ 2.4128616, 39.6004393 ], [ 2.4128616, 39.6004391 ], [ 2.4128616, 39.600439 ], [ 2.4128617, 39.6004389 ], [ 2.4128617, 39.6004388 ], [ 2.4128617, 39.6004387 ], [ 2.4128618, 39.6004387 ], [ 2.4128618, 39.6004388 ], [ 2.4128619, 39.6004388 ], [ 2.4128619, 39.6004389 ], [ 2.412862, 39.6004389 ], [ 2.4128621, 39.600439 ], [ 2.4128622, 39.6004392 ], [ 2.4128624, 39.6004397 ], [ 2.4128629, 39.6004409 ], [ 2.4128653, 39.6004477 ], [ 2.4130682, 39.6011813 ], [ 2.4128633, 39.600448 ], [ 2.4128619, 39.6004411 ], [ 2.4128617, 39.6004398 ] ] ] } },
{ "type": "Feature", "properties": { "PlotID": "MANFV10", "windspeed": 40.0, "time": "60", "clipped_m2": 13.759699481350253, "clipped_ha": 0.0013759699481350252, "wspd": "40" }, "geometry": { "type": "Polygon", "coordinates": [ [ [ 2.4128592, 39.5952225 ], [ 2.4128591, 39.5952222 ], [ 2.4128591, 39.595222 ], [ 2.4128591, 39.5952219 ], [ 2.4128591, 39.5952218 ], [ 2.4128592, 39.5952218 ], [ 2.4128592, 39.5952217 ], [ 2.4128593, 39.5952217 ], [ 2.4128593, 39.5952218 ], [ 2.4128594, 39.5952219 ], [ 2.4128594, 39.595222 ], [ 2.4128595, 39.5952221 ], [ 2.4128596, 39.5952224 ], [ 2.41286, 39.5952233 ], [ 2.4128617, 39.595228 ], [ 2.4133777, 39.5971308 ], [ 2.4128602, 39.595228299999988 ], [ 2.4128593, 39.595223399999988 ], [ 2.4128592, 39.5952225 ] ] ] } },
{ "type": "Feature", "properties": { "PlotID": "MANFV11", "windspeed": 40.0, "time": "60", "clipped_m2": 1768.4162403317168, "clipped_ha": 0.17684162403317169, "wspd": "40" }, "geometry": { "type": "Polygon", "coordinates": [ [ [ 2.4073318, 39.5980051 ], [ 2.4073263, 39.5979248 ], [ 2.4073261, 39.5978837 ], [ 2.4073274, 39.59786 ], [ 2.4073291, 39.5978453 ], [ 2.4073308, 39.5978354 ], [ 2.4073324, 39.5978285 ], [ 2.4073338, 39.5978236 ], [ 2.4073352, 39.5978198 ], [ 2.4073364, 39.5978169 ], [ 2.4073375, 39.5978146 ], [ 2.4073385, 39.5978128 ], [ 2.4073394, 39.5978113 ], [ 2.4073402, 39.5978101 ], [ 2.407341, 39.5978091 ], [ 2.4073417, 39.5978082 ], [ 2.4073424, 39.5978075 ], [ 2.407343, 39.5978068 ], [ 2.4073436, 39.5978063 ], [ 2.4073442, 39.5978058 ], [ 2.4073448, 39.5978054 ], [ 2.4073453, 39.597805 ], [ 2.4073458, 39.5978047 ], [ 2.4073463, 39.5978044 ], [ 2.4073468, 39.5978042 ], [ 2.4073472, 39.597804 ], [ 2.4073477, 39.5978038 ], [ 2.4073481, 39.5978036 ], [ 2.4073486, 39.597803399999989 ], [ 2.407349, 39.5978033 ], [ 2.4073494, 39.5978032 ], [ 2.4073499, 39.5978031 ], [ 2.4073503, 39.597803 ], [ 2.4073507, 39.5978029 ], [ 2.4073512, 39.5978029 ], [ 2.4073516, 39.5978028 ], [ 2.4073521, 39.5978028 ], [ 2.4073525, 39.5978028 ], [ 2.407353, 39.5978028 ], [ 2.4073535, 39.5978028 ], [ 2.407354, 39.5978029 ], [ 2.4073545, 39.5978029 ], [ 2.407355, 39.597803 ], [ 2.4073556, 39.5978031 ], [ 2.4073562, 39.5978032 ], [ 2.4073568, 39.5978034 ], [ 2.4073575, 39.5978036 ], [ 2.4073582, 39.5978038 ], [ 2.4073589, 39.5978041 ], [ 2.4073597, 39.5978044 ], [ 2.4073606, 39.5978048 ], [ 2.4073616, 39.5978053 ], [ 2.4073627, 39.5978059 ], [ 2.4073639, 39.5978067 ], [ 2.4073653, 39.5978076 ], [ 2.4073668, 39.5978087 ], [ 2.4073686, 39.5978101 ], [ 2.4073707, 39.597812 ], [ 2.4073731, 39.5978143 ], [ 2.4073761, 39.5978174 ], [ 2.4073798, 39.5978217 ], [ 2.4073845, 39.5978277 ], [ 2.4073907, 39.5978364 ], [ 2.4073991, 39.5978497 ], [ 2.4074114, 39.5978713 ], [ 2.4074303, 39.597909799999989 ], [ 2.4074626, 39.5979862 ], [ 2.4075244, 39.5981628 ], [ 2.4076448, 39.5986204 ], [ 2.4076902, 39.5992098 ], [ 2.4074577, 39.5986475 ], [ 2.4073566, 39.598187 ], [ 2.4073318, 39.5980051 ] ] ] } },
{ "type": "Feature", "properties": { "PlotID": "MANFV12", "windspeed": 40.0, "time": "60", "clipped_m2": 408.03304200479761, "clipped_ha": 0.040803304200479763, "wspd": "40" }, "geometry": { "type": "Polygon", "coordinates": [ [ [ 2.4019565, 39.58776 ], [ 2.4019516, 39.5877144 ], [ 2.4019506, 39.5876901 ], [ 2.4019509, 39.5876758 ], [ 2.4019516, 39.5876667 ], [ 2.4019525, 39.5876607 ], [ 2.4019533, 39.5876564 ], [ 2.4019541, 39.5876532 ], [ 2.4019549, 39.5876509 ], [ 2.4019556, 39.5876491 ], [ 2.4019562, 39.5876476 ], [ 2.4019568, 39.5876465 ], [ 2.4019573, 39.5876455 ], [ 2.4019578, 39.5876448 ], [ 2.4019583, 39.5876441 ], [ 2.4019588, 39.5876436 ], [ 2.4019592, 39.5876431 ], [ 2.4019596, 39.587642699999989 ], [ 2.4019599, 39.5876423 ], [ 2.4019603, 39.587642 ], [ 2.4019606, 39.5876418 ], [ 2.4019609, 39.5876415 ], [ 2.4019613, 39.5876413 ], [ 2.4019616, 39.5876411 ], [ 2.4019619, 39.587641 ], [ 2.4019621, 39.5876408 ], [ 2.4019624, 39.5876407 ], [ 2.4019627, 39.5876406 ], [ 2.401963, 39.5876405 ], [ 2.4019633, 39.5876404 ], [ 2.4019635, 39.5876403 ], [ 2.4019638, 39.5876402 ], [ 2.4019641, 39.5876402 ], [ 2.4019643, 39.5876401 ], [ 2.4019646, 39.5876401 ], [ 2.4019649, 39.5876401 ], [ 2.4019652, 39.58764 ], [ 2.4019655, 39.58764 ], [ 2.4019658, 39.58764 ], [ 2.4019661, 39.58764 ], [ 2.4019664, 39.58764 ], [ 2.4019667, 39.5876401 ], [ 2.401967, 39.5876401 ], [ 2.4019674, 39.5876402 ], [ 2.4019678, 39.5876403 ], [ 2.4019682, 39.5876403 ], [ 2.4019686, 39.5876405 ], [ 2.401969, 39.5876406 ], [ 2.4019695, 39.5876408 ], [ 2.40197, 39.587641 ], [ 2.4019706, 39.5876412 ], [ 2.4019712, 39.587641499999989 ], [ 2.4019719, 39.5876419 ], [ 2.4019727, 39.5876424 ], [ 2.4019736, 39.5876429 ], [ 2.4019745, 39.5876436 ], [ 2.4019757, 39.5876445 ], [ 2.401977, 39.5876456 ], [ 2.4019786, 39.5876471 ], [ 2.4019805, 39.587649 ], [ 2.4019829, 39.5876516 ], [ 2.4019859, 39.5876552 ], [ 2.4019898, 39.5876606 ], [ 2.4019951, 39.5876686 ], [ 2.4020028, 39.5876816 ], [ 2.4020145, 39.5877042 ], [ 2.4020336, 39.5877475 ], [ 2.402067, 39.5878399 ], [ 2.4021197, 39.5880387 ], [ 2.4021251, 39.5882352 ], [ 2.4020284, 39.5880534 ], [ 2.4019737, 39.587855 ], [ 2.4019565, 39.58776 ] ] ] } },
{ "type": "Feature", "properties": { "PlotID": "MANFV13", "windspeed": 40.0, "time": "60", "clipped_m2": 8445.0328641179949, "clipped_ha": 0.8445032864117995, "wspd": "40" }, "geometry": { "type": "Polygon", "coordinates": [ [ [ 2.4037659, 39.5911615 ], [ 2.4037312, 39.5908658 ], [ 2.403723, 39.5907063 ], [ 2.4037241, 39.5906121 ], [ 2.4037284, 39.5905523 ], [ 2.4037337, 39.5905119 ], [ 2.4037391, 39.5904835 ], [ 2.4037444, 39.5904627 ], [ 2.4037493, 39.590447 ], [ 2.4037538, 39.5904349 ], [ 2.403758, 39.5904253 ], [ 2.4037619, 39.5904176 ], [ 2.4037654, 39.5904114 ], [ 2.4037688, 39.5904062 ], [ 2.4037719, 39.5904018 ], [ 2.4037748, 39.5903981 ], [ 2.4037775, 39.5903949 ], [ 2.4037801, 39.5903922 ], [ 2.4037825, 39.5903899 ], [ 2.4037849, 39.5903878 ], [ 2.4037871, 39.590386 ], [ 2.4037893, 39.5903844 ], [ 2.4037914, 39.590383 ], [ 2.4037934, 39.5903818 ], [ 2.4037953, 39.5903807 ], [ 2.4037973, 39.5903797 ], [ 2.4037991, 39.590378799999989 ], [ 2.403801, 39.5903781 ], [ 2.4038028, 39.5903774 ], [ 2.4038046, 39.5903768 ], [ 2.4038064, 39.5903762 ], [ 2.4038082, 39.5903758 ], [ 2.40381, 39.5903754 ], [ 2.4038119, 39.590375099999989 ], [ 2.4038137, 39.5903748 ], [ 2.4038155, 39.5903746 ], [ 2.4038174, 39.5903744 ], [ 2.4038194, 39.5903743 ], [ 2.4038213, 39.5903743 ], [ 2.4038234, 39.5903744 ], [ 2.4038255, 39.5903745 ], [ 2.4038276, 39.5903747 ], [ 2.4038299, 39.590375 ], [ 2.4038323, 39.5903754 ], [ 2.4038348, 39.5903758 ], [ 2.4038374, 39.5903765 ], [ 2.4038402, 39.5903772 ], [ 2.4038432, 39.5903782 ], [ 2.4038464, 39.5903793 ], [ 2.4038499, 39.5903806 ], [ 2.4038537, 39.5903823 ], [ 2.4038579, 39.5903843 ], [ 2.4038625, 39.5903868 ], [ 2.4038676, 39.5903897 ], [ 2.4038734, 39.5903934 ], [ 2.40388, 39.590398 ], [ 2.4038876, 39.5904038 ], [ 2.4038965, 39.5904112 ], [ 2.4039071, 39.5904209 ], [ 2.4039198, 39.5904336 ], [ 2.4039356, 39.5904509 ], [ 2.4039556, 39.5904751 ], [ 2.4039819, 39.5905102 ], [ 2.4040175, 39.5905635 ], [ 2.4040684, 39.5906491 ], [ 2.4041454, 39.5907971 ], [ 2.4042705, 39.5910778 ], [ 2.4044848, 39.5916648 ], [ 2.40442, 39.5919095 ], [ 2.4042811, 39.5920686 ], [ 2.4041916, 39.5927224 ], [ 2.4038814, 39.5917649 ], [ 2.4037659, 39.5911615 ] ] ] } },
{ "type": "Feature", "properties": { "PlotID": "MANFV14", "windspeed": 40.0, "time": "60", "clipped_m2": 471.34628399834037, "clipped_ha": 0.047134628399834039, "wspd": "40" }, "geometry": { "type": "Polygon", "coordinates": [ [ [ 2.4107327, 39.594938 ], [ 2.4107296, 39.5948955 ], [ 2.4107294, 39.5948736 ], [ 2.41073, 39.5948611 ], [ 2.4107309, 39.5948532 ], [ 2.4107317, 39.5948479 ], [ 2.4107326, 39.5948443 ], [ 2.4107333, 39.5948416 ], [ 2.410734, 39.5948396 ], [ 2.4107347, 39.594838 ], [ 2.4107353, 39.5948368 ], [ 2.4107358, 39.5948358 ], [ 2.4107363, 39.594835 ], [ 2.4107367, 39.594834399999989 ], [ 2.4107371, 39.5948338 ], [ 2.4107375, 39.5948334 ], [ 2.4107379, 39.594833 ], [ 2.4107382, 39.5948326 ], [ 2.4107385, 39.5948323 ], [ 2.4107389, 39.5948321 ], [ 2.4107391, 39.594831899999988 ], [ 2.4107394, 39.5948317 ], [ 2.4107397, 39.5948315 ], [ 2.41074, 39.5948313 ], [ 2.4107402, 39.5948312 ], [ 2.4107405, 39.5948311 ], [ 2.4107407, 39.594831 ], [ 2.4107409, 39.5948309 ], [ 2.4107412, 39.5948308 ], [ 2.4107414, 39.5948307 ], [ 2.4107416, 39.5948307 ], [ 2.4107419, 39.5948306 ], [ 2.4107421, 39.5948306 ], [ 2.4107423, 39.5948305 ], [ 2.4107426, 39.5948305 ], [ 2.4107428, 39.5948305 ], [ 2.410743, 39.5948305 ], [ 2.4107433, 39.5948305 ], [ 2.4107435, 39.5948305 ], [ 2.4107438, 39.5948305 ], [ 2.4107441, 39.5948305 ], [ 2.4107443, 39.5948305 ], [ 2.4107446, 39.5948306 ], [ 2.4107449, 39.5948306 ], [ 2.4107452, 39.5948307 ], [ 2.4107456, 39.5948308 ], [ 2.4107459, 39.5948309 ], [ 2.4107463, 39.594831 ], [ 2.4107467, 39.5948311 ], [ 2.4107472, 39.5948313 ], [ 2.4107476, 39.5948316 ], [ 2.4107482, 39.5948318 ], [ 2.4107487, 39.5948321 ], [ 2.4107494, 39.594832499999988 ], [ 2.4107501, 39.594833 ], [ 2.4107509, 39.5948336 ], [ 2.4107519, 39.5948344 ], [ 2.410753, 39.5948353 ], [ 2.4107543, 39.5948366 ], [ 2.4107559, 39.5948383 ], [ 2.4107579, 39.5948405 ], [ 2.4107604, 39.5948437 ], [ 2.4107637, 39.5948484 ], [ 2.4107683, 39.5948554 ], [ 2.4107748, 39.594867 ], [ 2.410785, 39.5948874 ], [ 2.4108022, 39.5949278 ], [ 2.4108347, 39.5950202 ], [ 2.4108964, 39.5952541 ], [ 2.4109174, 39.5955443 ], [ 2.4107995, 39.5952684 ], [ 2.4107462, 39.595033199999989 ], [ 2.4107327, 39.594938 ] ] ] } },
{ "type": "Feature", "properties": { "PlotID": "MANFV15", "windspeed": 40.0, "time": "60", "clipped_m2": 23.077771589640179, "clipped_ha": 0.0023077771589640177, "wspd": "40" }, "geometry": { "type": "Polygon", "coordinates": [ [ [ 2.4106312, 39.5928698 ], [ 2.4106311, 39.5928689 ], [ 2.4106311, 39.5928685 ], [ 2.4106312, 39.5928683 ], [ 2.4106312, 39.5928681 ], [ 2.4106312, 39.592868 ], [ 2.4106312, 39.5928679 ], [ 2.4106313, 39.5928678 ], [ 2.4106313, 39.5928677 ], [ 2.4106314, 39.5928677 ], [ 2.4106314, 39.5928678 ], [ 2.4106315, 39.5928678 ], [ 2.4106316, 39.5928678 ], [ 2.4106316, 39.5928679 ], [ 2.4106317, 39.592868 ], [ 2.4106318, 39.5928682 ], [ 2.4106319, 39.5928684 ], [ 2.4106322, 39.5928688 ], [ 2.4106325, 39.5928696 ], [ 2.4106335, 39.5928721 ], [ 2.4106378, 39.5928852 ], [ 2.4109198, 39.594025 ], [ 2.4106338, 39.5928858 ], [ 2.4106315, 39.5928724 ], [ 2.4106312, 39.5928698 ] ] ] } },
{ "type": "Feature", "properties": { "PlotID": "MANFV16", "windspeed": 40.0, "time": "60", "clipped_m2": 2768.8980898759328, "clipped_ha": 0.2768898089875933, "wspd": "40" }, "geometry": { "type": "Polygon", "coordinates": [ [ [ 2.4055437, 39.5848271 ], [ 2.4054993, 39.5847109 ], [ 2.4054747, 39.5846123 ], [ 2.4054632, 39.5845335 ], [ 2.4054596, 39.5844718 ], [ 2.4054607, 39.5844237 ], [ 2.4054644, 39.584386 ], [ 2.4054695, 39.5843562 ], [ 2.4054752, 39.5843323 ], [ 2.4054811, 39.584313 ], [ 2.4054871, 39.5842972 ], [ 2.405493, 39.5842841 ], [ 2.4054987, 39.5842731 ], [ 2.4055042, 39.5842639 ], [ 2.4055095, 39.5842561 ], [ 2.4055145, 39.5842493 ], [ 2.4055194, 39.5842435 ], [ 2.405524, 39.5842385 ], [ 2.4055285, 39.5842341 ], [ 2.4055328, 39.5842302 ], [ 2.405537, 39.5842268 ], [ 2.405541, 39.5842238 ], [ 2.4055449, 39.5842211 ], [ 2.4055488, 39.5842187 ], [ 2.4055525, 39.5842166 ], [ 2.4055562, 39.5842148 ], [ 2.4055598, 39.5842131 ], [ 2.4055633, 39.5842116 ], [ 2.4055669, 39.5842103 ], [ 2.4055704, 39.5842091 ], [ 2.4055739, 39.5842081 ], [ 2.4055774, 39.5842073 ], [ 2.4055808, 39.5842065 ], [ 2.4055844, 39.5842059 ], [ 2.4055879, 39.584205399999988 ], [ 2.4055915, 39.5842051 ], [ 2.4055952, 39.5842048 ], [ 2.4055989, 39.5842047 ], [ 2.4056027, 39.5842047 ], [ 2.4056066, 39.5842049 ], [ 2.4056106, 39.5842052 ], [ 2.4056148, 39.5842057 ], [ 2.4056191, 39.5842063 ], [ 2.4056236, 39.5842071 ], [ 2.4056283, 39.5842082 ], [ 2.4056333, 39.5842095 ], [ 2.4056385, 39.584211 ], [ 2.405644, 39.5842129 ], [ 2.4056499, 39.584215199999988 ], [ 2.4056563, 39.5842179 ], [ 2.4056631, 39.5842212 ], [ 2.4056704, 39.5842251 ], [ 2.4056785, 39.584229799999989 ], [ 2.4056872, 39.5842355 ], [ 2.4056969, 39.5842424 ], [ 2.4057076, 39.5842508 ], [ 2.4057196, 39.5842611 ], [ 2.405733, 39.5842739 ], [ 2.4057481, 39.58429 ], [ 2.4057653, 39.5843103 ], [ 2.4057848, 39.5843363 ], [ 2.405807, 39.58437 ], [ 2.405832, 39.584414 ], [ 2.4058594, 39.584472 ], [ 2.4058881, 39.5845482 ], [ 2.4059145, 39.5846464 ], [ 2.4059314, 39.5847669 ], [ 2.4059267, 39.5848991 ], [ 2.4058868, 39.5850139 ], [ 2.4058082, 39.5850694 ], [ 2.405708, 39.5850416 ], [ 2.405614, 39.5849477 ], [ 2.4055437, 39.5848271 ] ] ] } },
{ "type": "Feature", "properties": { "PlotID": "MANFV17", "windspeed": 40.0, "time": "60", "clipped_m2": 146.96887420350686, "clipped_ha": 0.014696887420350685, "wspd": "40" }, "geometry": { "type": "Polygon", "coordinates": [ [ [ 2.4030934, 39.6011279 ], [ 2.403092, 39.6011123 ], [ 2.4030918, 39.6011049 ], [ 2.4030919, 39.6011007 ], [ 2.4030921, 39.6010982 ], [ 2.4030924, 39.6010966 ], [ 2.4030926, 39.6010954 ], [ 2.4030928, 39.6010946 ], [ 2.403093, 39.601094 ], [ 2.4030932, 39.6010935 ], [ 2.4030934, 39.6010931 ], [ 2.4030935, 39.6010928 ], [ 2.4030937, 39.6010926 ], [ 2.4030938, 39.6010924 ], [ 2.4030939, 39.6010922 ], [ 2.403094, 39.6010921 ], [ 2.4030941, 39.6010919 ], [ 2.4030942, 39.6010918 ], [ 2.4030943, 39.6010917 ], [ 2.4030944, 39.6010917 ], [ 2.4030945, 39.6010916 ], [ 2.4030946, 39.6010915 ], [ 2.4030947, 39.6010915 ], [ 2.4030947, 39.6010914 ], [ 2.4030948, 39.6010914 ], [ 2.4030949, 39.6010913 ], [ 2.403095, 39.6010913 ], [ 2.4030951, 39.6010913 ], [ 2.4030952, 39.6010912 ], [ 2.4030953, 39.6010912 ], [ 2.4030954, 39.6010912 ], [ 2.4030955, 39.6010912 ], [ 2.4030956, 39.6010911 ], [ 2.4030957, 39.6010911 ], [ 2.4030958, 39.6010911 ], [ 2.4030959, 39.6010911 ], [ 2.403096, 39.6010911 ], [ 2.4030961, 39.6010912 ], [ 2.4030962, 39.6010912 ], [ 2.4030963, 39.6010912 ], [ 2.4030964, 39.6010912 ], [ 2.4030965, 39.6010912 ], [ 2.4030967, 39.6010913 ], [ 2.4030968, 39.6010913 ], [ 2.4030969, 39.6010914 ], [ 2.4030971, 39.6010914 ], [ 2.4030972, 39.6010915 ], [ 2.4030974, 39.6010916 ], [ 2.4030976, 39.6010917 ], [ 2.4030978, 39.6010919 ], [ 2.4030981, 39.601092 ], [ 2.4030984, 39.6010923 ], [ 2.4030987, 39.6010926 ], [ 2.4030992, 39.6010929 ], [ 2.4030997, 39.6010934 ], [ 2.4031003, 39.6010941 ], [ 2.4031011, 39.6010951 ], [ 2.4031022, 39.6010965 ], [ 2.4031038, 39.6010988 ], [ 2.4031061, 39.6011025 ], [ 2.4031099, 39.6011093 ], [ 2.403117, 39.6011239 ], [ 2.4031338, 39.6011641 ], [ 2.4031954, 39.6013408 ], [ 2.4032135, 39.6015129 ], [ 2.403138, 39.6013505 ], [ 2.4030995, 39.6011699 ], [ 2.4030934, 39.6011279 ] ] ] } },
{ "type": "Feature", "properties": { "PlotID": "MANFV18", "windspeed": 40.0, "time": "60", "clipped_m2": 27.528030064568156, "clipped_ha": 0.0027528030064568158, "wspd": "40" }, "geometry": { "type": "Polygon", "coordinates": [ [ [ 2.4027589, 39.59954 ], [ 2.4027587, 39.5995362 ], [ 2.4027586, 39.5995344 ], [ 2.4027587, 39.5995334 ], [ 2.4027587, 39.5995328 ], [ 2.4027588, 39.5995324 ], [ 2.4027589, 39.5995321 ], [ 2.4027589, 39.5995319 ], [ 2.402759, 39.5995318 ], [ 2.402759, 39.5995317 ], [ 2.4027591, 39.5995316 ], [ 2.4027591, 39.5995315 ], [ 2.4027592, 39.5995314 ], [ 2.4027592, 39.5995313 ], [ 2.4027593, 39.5995313 ], [ 2.4027593, 39.5995312 ], [ 2.4027594, 39.5995312 ], [ 2.4027595, 39.5995312 ], [ 2.4027595, 39.5995311 ], [ 2.4027596, 39.5995311 ], [ 2.4027597, 39.5995311 ], [ 2.4027598, 39.5995311 ], [ 2.4027598, 39.5995312 ], [ 2.4027599, 39.5995312 ], [ 2.40276, 39.5995312 ], [ 2.4027601, 39.5995313 ], [ 2.4027602, 39.5995313 ], [ 2.4027603, 39.5995314 ], [ 2.4027603, 39.5995315 ], [ 2.4027604, 39.5995316 ], [ 2.4027606, 39.5995317 ], [ 2.4027607, 39.5995318 ], [ 2.4027609, 39.5995321 ], [ 2.4027612, 39.5995324 ], [ 2.4027615, 39.599533 ], [ 2.4027621, 39.5995339 ], [ 2.402763, 39.5995355 ], [ 2.4027647, 39.5995391 ], [ 2.4027687, 39.5995489 ], [ 2.4027839, 39.5995942 ], [ 2.4028556, 39.599891299999989 ], [ 2.4027694, 39.5995965 ], [ 2.4027603, 39.5995503 ], [ 2.4027589, 39.59954 ] ] ] } },
{ "type": "Feature", "properties": { "PlotID": "MANFV19", "windspeed": 40.0, "time": "60", "clipped_m2": 116.94068452843931, "clipped_ha": 0.011694068452843931, "wspd": "40" }, "geometry": { "type": "Polygon", "coordinates": [ [ [ 2.4026534, 39.6003373 ], [ 2.4026433, 39.6003154 ], [ 2.4026372, 39.6002961 ], [ 2.402634, 39.6002801 ], [ 2.4026327, 39.6002673 ], [ 2.4026324, 39.6002571 ], [ 2.4026329, 39.600249 ], [ 2.4026337, 39.6002425 ], [ 2.4026348, 39.600237199999988 ], [ 2.4026359, 39.6002329 ], [ 2.4026371, 39.6002294 ], [ 2.4026383, 39.6002265 ], [ 2.4026395, 39.600224 ], [ 2.4026407, 39.6002219 ], [ 2.4026418, 39.6002201 ], [ 2.4026429, 39.6002185 ], [ 2.402644, 39.600217199999989 ], [ 2.402645, 39.6002161 ], [ 2.402646, 39.600215 ], [ 2.4026469, 39.6002141 ], [ 2.4026478, 39.6002134 ], [ 2.4026487, 39.6002127 ], [ 2.4026496, 39.600212 ], [ 2.4026505, 39.6002115 ], [ 2.4026513, 39.600211 ], [ 2.4026521, 39.6002105 ], [ 2.4026529, 39.6002101 ], [ 2.4026538, 39.6002098 ], [ 2.4026546, 39.6002095 ], [ 2.4026553, 39.6002092 ], [ 2.4026561, 39.600209 ], [ 2.4026569, 39.6002088 ], [ 2.4026577, 39.6002086 ], [ 2.4026585, 39.6002084 ], [ 2.4026593, 39.6002083 ], [ 2.4026601, 39.6002082 ], [ 2.402661, 39.6002081 ], [ 2.4026618, 39.6002081 ], [ 2.4026627, 39.6002081 ], [ 2.4026636, 39.6002081 ], [ 2.4026645, 39.6002082 ], [ 2.4026655, 39.6002083 ], [ 2.4026664, 39.6002084 ], [ 2.4026675, 39.6002086 ], [ 2.4026686, 39.6002088 ], [ 2.4026697, 39.6002091 ], [ 2.4026709, 39.6002094 ], [ 2.4026721, 39.6002099 ], [ 2.4026735, 39.6002104 ], [ 2.4026749, 39.600211 ], [ 2.4026765, 39.6002117 ], [ 2.4026782, 39.6002126 ], [ 2.40268, 39.600213599999989 ], [ 2.402682, 39.6002149 ], [ 2.4026842, 39.6002164 ], [ 2.4026866, 39.6002182 ], [ 2.4026893, 39.6002205 ], [ 2.4026923, 39.6002234 ], [ 2.4026957, 39.6002269 ], [ 2.4026995, 39.6002313 ], [ 2.4027038, 39.6002369 ], [ 2.4027086, 39.6002442 ], [ 2.4027139, 39.6002535 ], [ 2.4027196, 39.6002656 ], [ 2.4027253, 39.6002811 ], [ 2.4027303, 39.6003006 ], [ 2.402733, 39.6003238 ], [ 2.4027312, 39.6003483 ], [ 2.4027227, 39.6003691 ], [ 2.402707, 39.6003792 ], [ 2.4026873, 39.6003751 ], [ 2.4026683, 39.600359 ], [ 2.4026534, 39.6003373 ] ] ] } },
{ "type": "Feature", "properties": { "PlotID": "MANFV20", "windspeed": 40.0, "time": "60", "clipped_m2": 1321.8870925377123, "clipped_ha": 0.13218870925377124, "wspd": "40" }, "geometry": { "type": "Polygon", "coordinates": [ [ [ 2.4148367, 39.591219 ], [ 2.4148357, 39.5912085 ], [ 2.4148356, 39.5912036 ], [ 2.4148357, 39.5912009 ], [ 2.4148358, 39.5911993 ], [ 2.414836, 39.5911982 ], [ 2.4148361, 39.5911974 ], [ 2.4148363, 39.5911969 ], [ 2.4148364, 39.5911965 ], [ 2.4148365, 39.5911962 ], [ 2.4148366, 39.591196 ], [ 2.4148367, 39.5911958 ], [ 2.4148368, 39.5911956 ], [ 2.4148369, 39.5911955 ], [ 2.414837, 39.5911954 ], [ 2.414837, 39.5911953 ], [ 2.4148371, 39.5911952 ], [ 2.4148372, 39.5911951 ], [ 2.4148373, 39.591195 ], [ 2.4148374, 39.5911949 ], [ 2.4148375, 39.5911949 ], [ 2.4148375, 39.5911948 ], [ 2.4148376, 39.5911948 ], [ 2.4148377, 39.5911948 ], [ 2.4148378, 39.5911947 ], [ 2.4148379, 39.591194699999988 ], [ 2.414838, 39.5911947 ], [ 2.4148381, 39.591194699999988 ], [ 2.4148382, 39.5911947 ], [ 2.4148383, 39.5911947 ], [ 2.4148384, 39.5911947 ], [ 2.4148385, 39.5911947 ], [ 2.4148386, 39.591194699999988 ], [ 2.4148387, 39.5911947 ], [ 2.4148387, 39.5911948 ], [ 2.4148388, 39.5911948 ], [ 2.4148389, 39.5911948 ], [ 2.414839, 39.5911949 ], [ 2.4148391, 39.5911949 ], [ 2.4148392, 39.591195 ], [ 2.4148393, 39.5911951 ], [ 2.4148395, 39.5911951 ], [ 2.4148397, 39.5911953 ], [ 2.4148399, 39.5911954 ], [ 2.4148401, 39.5911956 ], [ 2.4148404, 39.5911958 ], [ 2.4148407, 39.5911962 ], [ 2.4148411, 39.5911966 ], [ 2.4148416, 39.591197199999989 ], [ 2.4148424, 39.5911982 ], [ 2.4148434, 39.5911996 ], [ 2.4148449, 39.591202 ], [ 2.4148474, 39.5912065 ], [ 2.4148523, 39.5912163 ], [ 2.4148643, 39.5912445 ], [ 2.4149182, 39.5913931 ], [ 2.416466, 39.5969294 ], [ 2.4148726, 39.5914009 ], [ 2.4148409, 39.5912484 ], [ 2.4148367, 39.591219 ] ] ] } },
{ "type": "Feature", "properties": { "PlotID": "MANFV21", "windspeed": 40.0, "time": "60", "clipped_m2": 1248.7347916483413, "clipped_ha": 0.12487347916483413, "wspd": "40" }, "geometry": { "type": "Polygon", "coordinates": [ [ [ 2.4045284, 39.5846149 ], [ 2.4045275, 39.584605 ], [ 2.4045274, 39.5846003 ], [ 2.4045275, 39.5845977 ], [ 2.4045276, 39.5845962 ], [ 2.4045278, 39.5845951 ], [ 2.4045279, 39.5845944 ], [ 2.4045281, 39.5845939 ], [ 2.4045282, 39.5845935 ], [ 2.4045283, 39.5845932 ], [ 2.4045284, 39.584593 ], [ 2.4045285, 39.5845928 ], [ 2.4045286, 39.5845927 ], [ 2.4045286, 39.5845926 ], [ 2.4045287, 39.5845924 ], [ 2.4045288, 39.5845924 ], [ 2.4045289, 39.5845923 ], [ 2.4045289, 39.5845922 ], [ 2.404529, 39.5845922 ], [ 2.404529, 39.584592099999988 ], [ 2.4045291, 39.584592099999988 ], [ 2.4045291, 39.584592 ], [ 2.4045292, 39.584592 ], [ 2.4045293, 39.5845919 ], [ 2.4045294, 39.5845919 ], [ 2.4045295, 39.5845919 ], [ 2.4045295, 39.5845918 ], [ 2.4045296, 39.5845918 ], [ 2.4045297, 39.5845918 ], [ 2.4045298, 39.5845918 ], [ 2.4045299, 39.5845918 ], [ 2.40453, 39.5845918 ], [ 2.4045301, 39.5845918 ], [ 2.4045302, 39.5845918 ], [ 2.4045303, 39.5845918 ], [ 2.4045303, 39.5845919 ], [ 2.4045304, 39.5845919 ], [ 2.4045305, 39.5845919 ], [ 2.4045306, 39.5845919 ], [ 2.4045307, 39.584592 ], [ 2.4045308, 39.584592 ], [ 2.4045309, 39.584592099999988 ], [ 2.404531, 39.5845922 ], [ 2.4045311, 39.5845922 ], [ 2.4045313, 39.5845924 ], [ 2.4045315, 39.5845925 ], [ 2.4045317, 39.5845927 ], [ 2.404532, 39.5845929 ], [ 2.4045323, 39.5845932 ], [ 2.4045327, 39.5845936 ], [ 2.4045332, 39.5845942 ], [ 2.4045339, 39.5845951 ], [ 2.4045348, 39.5845965 ], [ 2.4045363, 39.584598799999988 ], [ 2.4045387, 39.5846031 ], [ 2.4045433, 39.5846124 ], [ 2.4045547, 39.5846392 ], [ 2.4046058, 39.584781 ], [ 2.4061342, 39.5902807 ], [ 2.4045623, 39.5847883 ], [ 2.4045324, 39.584643 ], [ 2.4045284, 39.5846149 ] ] ] } },
{ "type": "Feature", "properties": { "PlotID": "MANFV22", "windspeed": 40.0, "time": "60", "clipped_m2": 924.05768768314738, "clipped_ha": 0.092405768768314744, "wspd": "40" }, "geometry": { "type": "Polygon", "coordinates": [ [ [ 2.4059884, 39.5827554 ], [ 2.4059876, 39.5827463 ], [ 2.4059875, 39.582742 ], [ 2.4059875, 39.5827396 ], [ 2.4059876, 39.5827382 ], [ 2.4059878, 39.5827372 ], [ 2.4059879, 39.5827366 ], [ 2.405988, 39.5827361 ], [ 2.4059881, 39.5827358 ], [ 2.4059882, 39.5827355 ], [ 2.4059883, 39.5827353 ], [ 2.4059884, 39.5827351 ], [ 2.4059885, 39.582735 ], [ 2.4059885, 39.5827349 ], [ 2.4059886, 39.5827348 ], [ 2.4059887, 39.5827347 ], [ 2.4059887, 39.582734599999988 ], [ 2.4059888, 39.582734599999988 ], [ 2.4059888, 39.5827345 ], [ 2.4059889, 39.5827345 ], [ 2.4059889, 39.5827344 ], [ 2.405989, 39.5827344 ], [ 2.405989, 39.5827343 ], [ 2.4059891, 39.5827343 ], [ 2.4059892, 39.5827343 ], [ 2.4059892, 39.5827342 ], [ 2.4059893, 39.5827342 ], [ 2.4059894, 39.5827342 ], [ 2.4059895, 39.5827342 ], [ 2.4059896, 39.5827342 ], [ 2.4059897, 39.5827342 ], [ 2.4059898, 39.5827342 ], [ 2.4059899, 39.5827342 ], [ 2.40599, 39.5827342 ], [ 2.4059901, 39.5827342 ], [ 2.4059902, 39.5827342 ], [ 2.4059902, 39.5827343 ], [ 2.4059903, 39.5827343 ], [ 2.4059904, 39.5827343 ], [ 2.4059905, 39.5827344 ], [ 2.4059906, 39.5827344 ], [ 2.4059907, 39.5827345 ], [ 2.4059908, 39.582734599999988 ], [ 2.405991, 39.5827347 ], [ 2.4059911, 39.5827348 ], [ 2.4059913, 39.582735 ], [ 2.4059916, 39.5827352 ], [ 2.4059919, 39.5827354 ], [ 2.4059922, 39.5827358 ], [ 2.4059927, 39.5827364 ], [ 2.4059934, 39.5827372 ], [ 2.4059943, 39.5827385 ], [ 2.4059956, 39.5827406 ], [ 2.4059978, 39.5827445 ], [ 2.4060021, 39.5827531 ], [ 2.4060127, 39.5827776 ], [ 2.4060602, 39.582907 ], [ 2.4073127, 39.5873251 ], [ 2.4060204, 39.5829139 ], [ 2.4059923, 39.5827811 ], [ 2.4059884, 39.5827554 ] ] ] } },
{ "type": "Feature", "properties": { "PlotID": "MANFV23", "windspeed": 40.0, "time": "60", "clipped_m2": 11969.365263814107, "clipped_ha": 1.1969365263814107, "wspd": "40" }, "geometry": { "type": "Polygon", "coordinates": [ [ [ 2.4138699, 39.5951083 ], [ 2.4138672, 39.5950773 ], [ 2.4138668, 39.5950628 ], [ 2.413867, 39.5950548 ], [ 2.4138674, 39.59505 ], [ 2.4138678, 39.5950468 ], [ 2.4138683, 39.5950446 ], [ 2.4138687, 39.595043 ], [ 2.4138691, 39.5950418 ], [ 2.4138694, 39.5950409 ], [ 2.4138697, 39.5950402 ], [ 2.41387, 39.5950396 ], [ 2.4138703, 39.5950392 ], [ 2.4138705, 39.5950388 ], [ 2.4138707, 39.5950384 ], [ 2.413871, 39.5950382 ], [ 2.4138712, 39.5950379 ], [ 2.4138714, 39.5950377 ], [ 2.4138715, 39.5950376 ], [ 2.4138717, 39.5950374 ], [ 2.4138719, 39.5950373 ], [ 2.413872, 39.5950372 ], [ 2.4138722, 39.5950371 ], [ 2.4138723, 39.595037 ], [ 2.4138725, 39.5950369 ], [ 2.4138726, 39.5950368 ], [ 2.4138727, 39.5950368 ], [ 2.4138729, 39.5950367 ], [ 2.413873, 39.5950366 ], [ 2.4138732, 39.5950366 ], [ 2.4138733, 39.5950366 ], [ 2.4138734, 39.5950365 ], [ 2.4138735, 39.5950365 ], [ 2.4138737, 39.5950365 ], [ 2.4138738, 39.5950365 ], [ 2.4138739, 39.5950364 ], [ 2.4138741, 39.5950364 ], [ 2.4138742, 39.5950364 ], [ 2.4138744, 39.5950364 ], [ 2.4138745, 39.5950364 ], [ 2.4138747, 39.5950364 ], [ 2.4138748, 39.5950364 ], [ 2.413875, 39.5950365 ], [ 2.4138752, 39.5950365 ], [ 2.4138754, 39.5950365 ], [ 2.4138756, 39.5950366 ], [ 2.4138758, 39.5950366 ], [ 2.413876, 39.5950367 ], [ 2.4138762, 39.5950368 ], [ 2.4138765, 39.5950369 ], [ 2.4138768, 39.595037 ], [ 2.4138771, 39.5950371 ], [ 2.4138774, 39.5950373 ], [ 2.4138778, 39.5950375 ], [ 2.4138782, 39.5950378 ], [ 2.4138787, 39.5950381 ], [ 2.4138793, 39.5950386 ], [ 2.41388, 39.5950391 ], [ 2.4138808, 39.595039799999988 ], [ 2.4138818, 39.5950408 ], [ 2.413883, 39.5950421 ], [ 2.4138846, 39.595044 ], [ 2.4138867, 39.5950467 ], [ 2.4138897, 39.595051 ], [ 2.4138943, 39.5950581 ], [ 2.4139017, 39.5950714 ], [ 2.4139161, 39.5951004 ], [ 2.4139518, 39.5951835 ], [ 2.4141115, 39.5956233 ], [ 2.4188725, 39.6125976 ], [ 2.4139764, 39.5956463 ], [ 2.4138826, 39.5951953 ], [ 2.4138699, 39.5951083 ] ] ] } },
{ "type": "Feature", "properties": { "PlotID": "MANFV24", "windspeed": 40.0, "time": "60", "clipped_m2": 39.206374150526244, "clipped_ha": 0.0039206374150526245, "wspd": "40" }, "geometry": { "type": "Polygon", "coordinates": [ [ [ 2.4000856, 39.5940721 ], [ 2.4000812, 39.5940565 ], [ 2.4000792, 39.5940441 ], [ 2.4000786, 39.5940348 ], [ 2.4000787, 39.5940277 ], [ 2.4000791, 39.5940224 ], [ 2.4000798, 39.5940183 ], [ 2.4000805, 39.5940152 ], [ 2.4000812, 39.5940127 ], [ 2.4000819, 39.5940107 ], [ 2.4000826, 39.5940091 ], [ 2.4000833, 39.5940077 ], [ 2.4000839, 39.5940066 ], [ 2.4000845, 39.5940057 ], [ 2.4000851, 39.5940049 ], [ 2.4000856, 39.5940043 ], [ 2.4000862, 39.5940037 ], [ 2.4000866, 39.5940032 ], [ 2.4000871, 39.5940028 ], [ 2.4000876, 39.5940024 ], [ 2.400088, 39.5940021 ], [ 2.4000884, 39.5940018 ], [ 2.4000888, 39.5940015 ], [ 2.4000892, 39.5940013 ], [ 2.4000896, 39.5940011 ], [ 2.4000899, 39.5940009 ], [ 2.4000903, 39.5940008 ], [ 2.4000907, 39.5940006 ], [ 2.400091, 39.5940005 ], [ 2.4000914, 39.5940004 ], [ 2.4000917, 39.5940003 ], [ 2.4000921, 39.5940002 ], [ 2.4000924, 39.594000099999988 ], [ 2.4000928, 39.5940001 ], [ 2.4000931, 39.594 ], [ 2.4000935, 39.594 ], [ 2.4000938, 39.594 ], [ 2.4000942, 39.594 ], [ 2.4000946, 39.594 ], [ 2.400095, 39.594 ], [ 2.4000954, 39.5940001 ], [ 2.4000958, 39.5940001 ], [ 2.4000962, 39.5940002 ], [ 2.4000967, 39.5940003 ], [ 2.4000971, 39.5940004 ], [ 2.4000976, 39.5940005 ], [ 2.4000981, 39.5940007 ], [ 2.4000987, 39.5940009 ], [ 2.4000993, 39.5940011 ], [ 2.4000999, 39.5940014 ], [ 2.4001006, 39.5940017 ], [ 2.4001013, 39.5940022 ], [ 2.4001021, 39.5940026 ], [ 2.400103, 39.594003199999989 ], [ 2.400104, 39.5940039 ], [ 2.400105, 39.5940048 ], [ 2.4001063, 39.5940059 ], [ 2.4001076, 39.5940072 ], [ 2.4001092, 39.5940089 ], [ 2.400111, 39.594011 ], [ 2.400113, 39.5940138 ], [ 2.4001154, 39.5940175 ], [ 2.4001182, 39.5940224 ], [ 2.4001213, 39.594029 ], [ 2.4001248, 39.594038 ], [ 2.4001284, 39.5940501 ], [ 2.4001311, 39.5940659 ], [ 2.4001315, 39.5940844 ], [ 2.4001273, 39.5941015 ], [ 2.4001176, 39.5941097 ], [ 2.4001048, 39.5941045 ], [ 2.4000933, 39.5940896 ], [ 2.4000856, 39.5940721 ] ] ] } },
{ "type": "Feature", "properties": { "PlotID": "MANFV25", "windspeed": 40.0, "time": "60", "clipped_m2": 710.18005838571116, "clipped_ha": 0.07101800583857111, "wspd": "40" }, "geometry": { "type": "Polygon", "coordinates": [ [ [ 2.4003777, 39.5932089 ], [ 2.4003713, 39.5931266 ], [ 2.4003688, 39.5930919 ], [ 2.4003695, 39.5930683 ], [ 2.4003708, 39.5930533 ], [ 2.4003723, 39.5930433 ], [ 2.4003738, 39.5930363 ], [ 2.4003752, 39.5930311 ], [ 2.4003764, 39.5930273 ], [ 2.4003776, 39.5930243 ], [ 2.4003787, 39.5930219 ], [ 2.4003796, 39.59302 ], [ 2.4003806, 39.5930185 ], [ 2.4003814, 39.5930172 ], [ 2.4003822, 39.5930161 ], [ 2.4003829, 39.5930152 ], [ 2.4003836, 39.5930145 ], [ 2.4003842, 39.5930138 ], [ 2.4003848, 39.5930132 ], [ 2.4003854, 39.593012699999989 ], [ 2.400386, 39.5930123 ], [ 2.4003865, 39.5930119 ], [ 2.400387, 39.5930116 ], [ 2.4003875, 39.5930113 ], [ 2.400388, 39.593011 ], [ 2.4003885, 39.5930108 ], [ 2.400389, 39.5930105 ], [ 2.4003894, 39.5930104 ], [ 2.4003899, 39.593010199999988 ], [ 2.4003903, 39.59301 ], [ 2.4003908, 39.5930099 ], [ 2.4003912, 39.5930098 ], [ 2.4003917, 39.5930097 ], [ 2.4003921, 39.5930096 ], [ 2.4003926, 39.5930096 ], [ 2.400393, 39.5930095 ], [ 2.4003935, 39.5930095 ], [ 2.400394, 39.5930095 ], [ 2.4003945, 39.5930095 ], [ 2.400395, 39.5930095 ], [ 2.4003955, 39.5930095 ], [ 2.400396, 39.5930096 ], [ 2.4003966, 39.5930097 ], [ 2.4003971, 39.5930098 ], [ 2.4003978, 39.5930099 ], [ 2.4003984, 39.59301 ], [ 2.4003991, 39.5930102 ], [ 2.4003998, 39.5930105 ], [ 2.4004006, 39.5930107 ], [ 2.4004015, 39.5930111 ], [ 2.4004024, 39.5930115 ], [ 2.4004034, 39.593012 ], [ 2.4004046, 39.5930126 ], [ 2.4004058, 39.5930134 ], [ 2.4004072, 39.5930143 ], [ 2.4004088, 39.5930154 ], [ 2.4004107, 39.5930169 ], [ 2.4004129, 39.5930187 ], [ 2.4004155, 39.5930211 ], [ 2.4004186, 39.5930243 ], [ 2.4004224, 39.5930286 ], [ 2.4004273, 39.5930347 ], [ 2.4004338, 39.5930434 ], [ 2.4004425, 39.5930568 ], [ 2.4004551, 39.5930784 ], [ 2.4004743, 39.5931161 ], [ 2.4005059, 39.5931887 ], [ 2.4005002, 39.593224 ], [ 2.4004871, 39.5932591 ], [ 2.400608, 39.5938316 ], [ 2.4004971, 39.5937208 ], [ 2.4004052, 39.5933707 ], [ 2.4003777, 39.5932089 ] ] ] } },
{ "type": "Feature", "properties": { "PlotID": "MANFV26", "windspeed": 40.0, "time": "60", "clipped_m2": 9622.4711681846529, "clipped_ha": 0.96224711681846531, "wspd": "40" }, "geometry": { "type": "Polygon", "coordinates": [ [ [ 2.4007674, 39.5955574 ], [ 2.4007037, 39.5952606 ], [ 2.4006532, 39.5951222 ], [ 2.4006382, 39.594971 ], [ 2.4008032, 39.5945728 ], [ 2.4007752, 39.5945852 ], [ 2.4007374, 39.594602 ], [ 2.4006827, 39.5946263 ], [ 2.4006737, 39.5946034 ], [ 2.4006853, 39.5945694 ], [ 2.4006967, 39.594541799999988 ], [ 2.4007077, 39.594519 ], [ 2.4007182, 39.5945 ], [ 2.4007282, 39.5944841 ], [ 2.4007377, 39.5944706 ], [ 2.4007468, 39.5944591 ], [ 2.4007554, 39.5944491 ], [ 2.4007637, 39.5944405 ], [ 2.4007716, 39.594433 ], [ 2.4007792, 39.5944265 ], [ 2.4007866, 39.5944207 ], [ 2.400799, 39.5944171 ], [ 2.4008133, 39.5944156 ], [ 2.4008241, 39.5944145 ], [ 2.4008326, 39.5944137 ], [ 2.4008396, 39.5944129 ], [ 2.4008456, 39.5944123 ], [ 2.4008508, 39.5944118 ], [ 2.4008386, 39.594393 ], [ 2.4008447, 39.5943911 ], [ 2.4008507, 39.5943895 ], [ 2.4008567, 39.5943881 ], [ 2.4008627, 39.5943869 ], [ 2.4008688, 39.5943859 ], [ 2.4008749, 39.5943851 ], [ 2.4008811, 39.5943846 ], [ 2.4008873, 39.5943843 ], [ 2.4008937, 39.5943841 ], [ 2.4009003, 39.5943842 ], [ 2.400907, 39.5943846 ], [ 2.4009139, 39.5943852 ], [ 2.400921, 39.594386 ], [ 2.4009284, 39.5943872 ], [ 2.4009361, 39.5943887 ], [ 2.4009442, 39.5943906 ], [ 2.4009527, 39.5943929 ], [ 2.4009617, 39.5943957 ], [ 2.4009712, 39.594399 ], [ 2.4009813, 39.594403 ], [ 2.4009922, 39.5944078 ], [ 2.4010039, 39.5944136 ], [ 2.4010165, 39.5944205 ], [ 2.4010304, 39.5944287 ], [ 2.4010455, 39.5944387 ], [ 2.4010622, 39.5944508 ], [ 2.4010808, 39.5944656 ], [ 2.4011016, 39.5944838 ], [ 2.4011046, 39.5945009 ], [ 2.4011516, 39.594535 ], [ 2.4011819, 39.5945713 ], [ 2.4011501, 39.5945826 ], [ 2.4010043, 39.594518 ], [ 2.4010804, 39.594591 ], [ 2.4013546, 39.5948685 ], [ 2.4014105, 39.5950139 ], [ 2.4014651, 39.5952068 ], [ 2.4015051, 39.5954519 ], [ 2.4015053, 39.5957316 ], [ 2.401434, 39.5959828 ], [ 2.4012794, 39.5961037 ], [ 2.4010792, 39.5960335 ], [ 2.4008965, 39.5958187 ], [ 2.4007674, 39.5955574 ] ] ] } },
{ "type": "Feature", "properties": { "PlotID": "MANFV27", "windspeed": 40.0, "time": "60", "clipped_m2": 1121.8183952568215, "clipped_ha": 0.11218183952568216, "wspd": "40" }, "geometry": { "type": "Polygon", "coordinates": [ [ [ 2.407813, 39.6016195 ], [ 2.4078004, 39.6016102 ], [ 2.4077892, 39.6016022 ], [ 2.4077791, 39.6015951 ], [ 2.4077698, 39.6015884 ], [ 2.4076941, 39.60168 ], [ 2.4077724, 39.6015527 ], [ 2.4077664, 39.6015488 ], [ 2.4077605, 39.6015449 ], [ 2.4077545, 39.601541 ], [ 2.4077484, 39.601537 ], [ 2.407742, 39.6015328 ], [ 2.4077413, 39.601526 ], [ 2.4077465, 39.6015179 ], [ 2.4077513, 39.601511 ], [ 2.4077559, 39.6015052 ], [ 2.4077602, 39.6015003 ], [ 2.4077642, 39.601496 ], [ 2.4077681, 39.6014923 ], [ 2.4077718, 39.6014891 ], [ 2.4077753, 39.6014863 ], [ 2.4077787, 39.6014838 ], [ 2.4077819, 39.6014816 ], [ 2.4077851, 39.6014797 ], [ 2.4077882, 39.6014779 ], [ 2.4077912, 39.6014764 ], [ 2.4077941, 39.601475 ], [ 2.407797, 39.6014738 ], [ 2.4077999, 39.6014727 ], [ 2.4078027, 39.6014718 ], [ 2.4078091, 39.6014763 ], [ 2.4078131, 39.6014792 ], [ 2.4078158, 39.6014812 ], [ 2.4078178, 39.6014826 ], [ 2.4078194, 39.6014838 ], [ 2.4078206, 39.6014847 ], [ 2.4078217, 39.6014855 ], [ 2.4078226, 39.6014861 ], [ 2.4078234, 39.6014867 ], [ 2.4078241, 39.6014872 ], [ 2.4078247, 39.6014877 ], [ 2.4078254, 39.6014881 ], [ 2.4078259, 39.601488599999989 ], [ 2.4078265, 39.601489 ], [ 2.4078271, 39.6014894 ], [ 2.4078276, 39.6014898 ], [ 2.4078282, 39.6014902 ], [ 2.4078288, 39.6014907 ], [ 2.4078294, 39.6014911 ], [ 2.4078301, 39.6014916 ], [ 2.4078308, 39.6014921 ], [ 2.4078315, 39.6014927 ], [ 2.4078324, 39.6014933 ], [ 2.4078334, 39.601494 ], [ 2.4078347, 39.6014949 ], [ 2.4078361, 39.601496 ], [ 2.407838, 39.6014974 ], [ 2.4078406, 39.6014993 ], [ 2.4078443, 39.601502 ], [ 2.4078503, 39.6015064 ], [ 2.4078669, 39.6015173 ], [ 2.4080396, 39.6016259 ], [ 2.4080807, 39.6016809 ], [ 2.4081366, 39.6017643 ], [ 2.4082164, 39.6018984 ], [ 2.4083372, 39.6021303 ], [ 2.408461, 39.6024609 ], [ 2.4079342, 39.6017096 ], [ 2.4078953, 39.6016807 ], [ 2.407867, 39.6016596 ], [ 2.4078452, 39.6016434 ], [ 2.4078276, 39.6016304 ], [ 2.407813, 39.6016195 ] ] ] } },
{ "type": "Feature", "properties": { "PlotID": "MANFV28", "windspeed": 40.0, "time": "60", "clipped_m2": 760.78688924084418, "clipped_ha": 0.076078688924084412, "wspd": "40" }, "geometry": { "type": "Polygon", "coordinates": [ [ [ 2.401948, 39.6026646 ], [ 2.4019259, 39.6026155 ], [ 2.4019222, 39.6025404 ], [ 2.4019228, 39.6024961 ], [ 2.4019249, 39.602468 ], [ 2.4019274, 39.602449 ], [ 2.40193, 39.6024357 ], [ 2.4019325, 39.602426 ], [ 2.4019348, 39.6024186 ], [ 2.4019369, 39.6024129 ], [ 2.4019389, 39.6024084 ], [ 2.4019407, 39.6024048 ], [ 2.4019424, 39.6024019 ], [ 2.401944, 39.6023995 ], [ 2.4019454, 39.6023974 ], [ 2.4019468, 39.6023957 ], [ 2.4019481, 39.6023942 ], [ 2.4019493, 39.6023929 ], [ 2.4019504, 39.6023918 ], [ 2.4019515, 39.6023909 ], [ 2.4019526, 39.60239 ], [ 2.4019536, 39.6023893 ], [ 2.4019546, 39.6023886 ], [ 2.4019555, 39.6023881 ], [ 2.4019564, 39.6023875 ], [ 2.4019573, 39.6023871 ], [ 2.4019582, 39.6023867 ], [ 2.4019591, 39.6023863 ], [ 2.40196, 39.602386 ], [ 2.4019608, 39.6023857 ], [ 2.4019616, 39.6023855 ], [ 2.4019625, 39.6023853 ], [ 2.4019633, 39.6023851 ], [ 2.4019642, 39.6023849 ], [ 2.401965, 39.6023848 ], [ 2.4019659, 39.602384699999988 ], [ 2.4019668, 39.6023846 ], [ 2.4019677, 39.6023846 ], [ 2.4019686, 39.6023846 ], [ 2.4019696, 39.6023846 ], [ 2.4019706, 39.602384699999988 ], [ 2.4019716, 39.602384699999988 ], [ 2.4019726, 39.6023849 ], [ 2.4019738, 39.6023851 ], [ 2.4019749, 39.6023853 ], [ 2.4019762, 39.6023856 ], [ 2.4019775, 39.6023859 ], [ 2.4019789, 39.6023864 ], [ 2.4019804, 39.6023869 ], [ 2.401982, 39.6023876 ], [ 2.4019838, 39.6023883 ], [ 2.4019858, 39.6023893 ], [ 2.4019879, 39.6023904 ], [ 2.4019903, 39.6023918 ], [ 2.401993, 39.6023936 ], [ 2.4019961, 39.6023957 ], [ 2.4019997, 39.6023984 ], [ 2.4020038, 39.6024019 ], [ 2.4020088, 39.6024064 ], [ 2.4020148, 39.6024124 ], [ 2.4020221, 39.6024205 ], [ 2.4020315, 39.6024319 ], [ 2.4020438, 39.6024484 ], [ 2.4020605, 39.6024734 ], [ 2.4020844, 39.6025137 ], [ 2.4021206, 39.6025834 ], [ 2.4021796, 39.6027161 ], [ 2.4022814, 39.6029952 ], [ 2.4021553, 39.6028702 ], [ 2.4020808, 39.602808499999988 ], [ 2.4020225, 39.602746 ], [ 2.4019803, 39.6027006 ], [ 2.401948, 39.6026646 ] ] ] } },
{ "type": "Feature", "properties": { "PlotID": "MANFV29", "windspeed": 40.0, "time": "60", "clipped_m2": 1039.8623542217538, "clipped_ha": 0.10398623542217537, "wspd": "40" }, "geometry": { "type": "Polygon", "coordinates": [ [ [ 2.4101199, 39.6050654 ], [ 2.4100897, 39.6047818 ], [ 2.4101328, 39.6044681 ], [ 2.4101066, 39.6044918 ], [ 2.4100899, 39.6044856 ], [ 2.4100952, 39.6044479 ], [ 2.4101005, 39.6044213 ], [ 2.4101055, 39.6044019 ], [ 2.4101102, 39.6043873 ], [ 2.4101146, 39.6043761 ], [ 2.4101185, 39.6043672 ], [ 2.4101222, 39.60436 ], [ 2.4101256, 39.6043542 ], [ 2.4101287, 39.604349299999988 ], [ 2.4101316, 39.6043453 ], [ 2.4101344, 39.6043419 ], [ 2.4101369, 39.6043389 ], [ 2.4101394, 39.6043364 ], [ 2.4101417, 39.6043342 ], [ 2.4101439, 39.6043323 ], [ 2.410146, 39.6043307 ], [ 2.410148, 39.6043292 ], [ 2.4101499, 39.6043279 ], [ 2.4101518, 39.6043268 ], [ 2.4101536, 39.6043258 ], [ 2.4101554, 39.6043249 ], [ 2.4101572, 39.604324 ], [ 2.4101589, 39.6043233 ], [ 2.4101606, 39.6043227 ], [ 2.4101623, 39.6043221 ], [ 2.410164, 39.6043217 ], [ 2.4101657, 39.6043212 ], [ 2.4101673, 39.6043209 ], [ 2.410169, 39.6043206 ], [ 2.4101707, 39.6043203 ], [ 2.4101725, 39.6043201 ], [ 2.4101742, 39.60432 ], [ 2.410176, 39.6043199 ], [ 2.4101779, 39.6043199 ], [ 2.4101797, 39.60432 ], [ 2.4101817, 39.6043201 ], [ 2.4101837, 39.6043203 ], [ 2.4101858, 39.6043206 ], [ 2.410188, 39.6043209 ], [ 2.4101904, 39.6043214 ], [ 2.4101928, 39.604322 ], [ 2.4101954, 39.6043227 ], [ 2.4101982, 39.6043236 ], [ 2.4102012, 39.6043246 ], [ 2.4102044, 39.6043259 ], [ 2.4102079, 39.6043275 ], [ 2.4102118, 39.6043294 ], [ 2.4102161, 39.6043317 ], [ 2.4102209, 39.6043345 ], [ 2.4102262, 39.6043379 ], [ 2.4102323, 39.6043422 ], [ 2.4102394, 39.6043477 ], [ 2.4102476, 39.6043546 ], [ 2.4102574, 39.6043636 ], [ 2.4102693, 39.6043755 ], [ 2.4102839, 39.6043918 ], [ 2.4103025, 39.6044145 ], [ 2.4103269, 39.6044474 ], [ 2.4103601, 39.6044975 ], [ 2.4103745, 39.6045441 ], [ 2.4103557, 39.6045637 ], [ 2.4103396, 39.6045909 ], [ 2.4103298, 39.604639 ], [ 2.4103055, 39.6046754 ], [ 2.4102735, 39.6047082 ], [ 2.4102403, 39.6047735 ], [ 2.4101937, 39.6048504 ], [ 2.4101199, 39.6050654 ] ] ] } },
{ "type": "Feature", "properties": { "PlotID": "MANFV01", "windspeed": 10.0, "time": "120", "clipped_m2": 1743.3050142908469, "clipped_ha": 0.17433050142908468, "wspd": "10" }, "geometry": { "type": "Polygon", "coordinates": [ [ [ 2.4127534, 39.5994878 ], [ 2.4127405, 39.5994828 ], [ 2.4126426, 39.5997332 ], [ 2.4126099, 39.5997056 ], [ 2.4125829, 39.5996757 ], [ 2.4125615, 39.5996448 ], [ 2.4125453, 39.5996138 ], [ 2.4125337, 39.5995834 ], [ 2.4125263, 39.5995543 ], [ 2.4125223, 39.5995266 ], [ 2.4125213, 39.5995007 ], [ 2.4125228, 39.5994765 ], [ 2.4125263, 39.5994542 ], [ 2.4125315, 39.5994336 ], [ 2.4125552, 39.599411 ], [ 2.4125455, 39.5993974 ], [ 2.4125538, 39.5993816 ], [ 2.4125629, 39.599367199999989 ], [ 2.4125725, 39.5993541 ], [ 2.4125825, 39.5993421 ], [ 2.4125928, 39.5993312 ], [ 2.4126034, 39.5993213 ], [ 2.4126142, 39.5993123 ], [ 2.4126252, 39.5993042 ], [ 2.4126363, 39.5992969 ], [ 2.4126475, 39.5992903 ], [ 2.4126588, 39.5992844 ], [ 2.4126702, 39.5992791 ], [ 2.4126817, 39.5992744 ], [ 2.4126933, 39.5992703 ], [ 2.412705, 39.5992668 ], [ 2.4127168, 39.599263799999989 ], [ 2.4127286, 39.5992613 ], [ 2.4127406, 39.5992593 ], [ 2.4127527, 39.5992579 ], [ 2.4127649, 39.5992569 ], [ 2.4127773, 39.5992565 ], [ 2.4127899, 39.5992566 ], [ 2.4128026, 39.5992572 ], [ 2.4128155, 39.599258399999989 ], [ 2.4128285, 39.5992602 ], [ 2.4128418, 39.5992626 ], [ 2.4128554, 39.5992657 ], [ 2.4128691, 39.5992695 ], [ 2.4128831, 39.5992741 ], [ 2.4128973, 39.5992795 ], [ 2.4129118, 39.5992858 ], [ 2.4129265, 39.5992931 ], [ 2.4129413, 39.5993016 ], [ 2.4129563, 39.5993112 ], [ 2.4129714, 39.5993222 ], [ 2.4129865, 39.5993346 ], [ 2.4130015, 39.5993487 ], [ 2.4130162, 39.5993646 ], [ 2.4130305, 39.5993824 ], [ 2.413044, 39.5994023 ], [ 2.4130565, 39.5994245 ], [ 2.4130676, 39.599449 ], [ 2.4130766, 39.5994759 ], [ 2.4130831, 39.5995052 ], [ 2.4130862, 39.5995368 ], [ 2.4130158, 39.5995257 ], [ 2.4129597, 39.5995137 ], [ 2.4130681, 39.5996404 ], [ 2.4130503, 39.5996752 ], [ 2.4129116, 39.5995578 ], [ 2.4128732, 39.5995405 ], [ 2.4128437, 39.5995274 ], [ 2.4129138, 39.5997806 ], [ 2.4128672, 39.5997914 ], [ 2.4128185, 39.5997941 ], [ 2.4127696, 39.5997435 ], [ 2.4127534, 39.5994878 ] ] ] } },
{ "type": "Feature", "properties": { "PlotID": "MANFV02", "windspeed": 10.0, "time": "120", "clipped_m2": 7478.2436099220067, "clipped_ha": 0.74782436099220062, "wspd": "10" }, "geometry": { "type": "Polygon", "coordinates": [ [ [ 2.4101126, 39.5967023 ], [ 2.4099714, 39.5974082 ], [ 2.4098325, 39.597533 ], [ 2.4097223, 39.597503499999988 ], [ 2.4097584, 39.5972026 ], [ 2.4097957, 39.5970087 ], [ 2.4098295, 39.596879 ], [ 2.4098591, 39.5967889 ], [ 2.4098847, 39.5967242 ], [ 2.4099069, 39.5966763 ], [ 2.4099262, 39.59664 ], [ 2.4099432, 39.5966118 ], [ 2.4099583, 39.5965896 ], [ 2.4099717, 39.5965717 ], [ 2.4099838, 39.5965572 ], [ 2.4099948, 39.5965453 ], [ 2.4100048, 39.5965353 ], [ 2.4100141, 39.596527 ], [ 2.4100226, 39.5965199 ], [ 2.4100306, 39.5965139 ], [ 2.410038, 39.5965088 ], [ 2.410045, 39.5965044 ], [ 2.4100517, 39.5965005 ], [ 2.410058, 39.5964972 ], [ 2.410064, 39.5964943 ], [ 2.4100698, 39.5964919 ], [ 2.4100754, 39.5964897 ], [ 2.4100808, 39.5964878 ], [ 2.4100861, 39.5964862 ], [ 2.4100912, 39.5964849 ], [ 2.4100962, 39.5964837 ], [ 2.4101012, 39.5964828 ], [ 2.4101061, 39.596482 ], [ 2.4101109, 39.5964815 ], [ 2.4101157, 39.5964811 ], [ 2.4101205, 39.5964808 ], [ 2.4101253, 39.5964807 ], [ 2.4101302, 39.5964808 ], [ 2.4101351, 39.5964811 ], [ 2.41014, 39.5964815 ], [ 2.410145, 39.5964821 ], [ 2.4101502, 39.5964829 ], [ 2.4101554, 39.5964839 ], [ 2.4101608, 39.5964852 ], [ 2.4101664, 39.5964867 ], [ 2.4101723, 39.5964885 ], [ 2.4101783, 39.5964906 ], [ 2.4101846, 39.596493 ], [ 2.4101913, 39.5964959 ], [ 2.4101983, 39.5964993 ], [ 2.4102058, 39.5965032 ], [ 2.4102138, 39.5965079 ], [ 2.4102224, 39.5965133 ], [ 2.4102317, 39.5965198 ], [ 2.4102418, 39.5965275 ], [ 2.4102529, 39.5965367 ], [ 2.4102652, 39.5965479 ], [ 2.4102789, 39.5965615 ], [ 2.4102942, 39.5965784 ], [ 2.4103117, 39.5965996 ], [ 2.4103317, 39.5966265 ], [ 2.410355, 39.5966614 ], [ 2.4103824, 39.5967077 ], [ 2.4104151, 39.5967705 ], [ 2.4104545, 39.5968583 ], [ 2.4105026, 39.5969853 ], [ 2.4105603, 39.5971748 ], [ 2.4105379, 39.5973003 ], [ 2.4107027, 39.5979501 ], [ 2.4107427, 39.5986945 ], [ 2.410338, 39.5977955 ], [ 2.4101491, 39.5969971 ], [ 2.4101126, 39.5967023 ] ] ] } },
{ "type": "Feature", "properties": { "PlotID": "MANFV03", "windspeed": 10.0, "time": "120", "clipped_m2": 10031.114578268956, "clipped_ha": 1.0031114578268956, "wspd": "10" }, "geometry": { "type": "Polygon", "coordinates": [ [ [ 2.4074188, 39.5962156 ], [ 2.4071672, 39.5970622 ], [ 2.4071164, 39.5965703 ], [ 2.4070176, 39.596457 ], [ 2.4071194, 39.5960164 ], [ 2.4070239, 39.5960239 ], [ 2.4070473, 39.5958769 ], [ 2.4070745, 39.5957638 ], [ 2.4071024, 39.5956761 ], [ 2.4071294, 39.5956075 ], [ 2.407155, 39.5955532 ], [ 2.4074029, 39.5954015 ], [ 2.4073958, 39.5953977 ], [ 2.407388, 39.5953935 ], [ 2.4073811, 39.5953883 ], [ 2.4073749, 39.5953824 ], [ 2.407368, 39.5953759 ], [ 2.4073604, 39.5953687 ], [ 2.4073518, 39.5953605 ], [ 2.4073416, 39.5953508 ], [ 2.4073293, 39.5953391 ], [ 2.4073413, 39.5953314 ], [ 2.4073528, 39.5953246 ], [ 2.4073637, 39.5953188 ], [ 2.4073743, 39.5953138 ], [ 2.4073844, 39.5953094 ], [ 2.4073942, 39.5953056 ], [ 2.4074037, 39.5953023 ], [ 2.407413, 39.5952995 ], [ 2.407422, 39.5952971 ], [ 2.4074309, 39.5952951 ], [ 2.4074397, 39.5952934 ], [ 2.4074483, 39.5952921 ], [ 2.4074569, 39.5952912 ], [ 2.4074654, 39.5952905 ], [ 2.407474, 39.5952901 ], [ 2.4074825, 39.59529 ], [ 2.4074911, 39.595290299999988 ], [ 2.4074997, 39.5952908 ], [ 2.4075085, 39.5952916 ], [ 2.4075173, 39.595292799999989 ], [ 2.4075264, 39.5952943 ], [ 2.4075356, 39.5952962 ], [ 2.4075451, 39.5952986 ], [ 2.4075549, 39.5953013 ], [ 2.407565, 39.5953046 ], [ 2.4075755, 39.5953085 ], [ 2.4075864, 39.595312899999989 ], [ 2.4075979, 39.5953182 ], [ 2.4076099, 39.5953243 ], [ 2.4076226, 39.5953314 ], [ 2.407636, 39.5953396 ], [ 2.4076503, 39.5953493 ], [ 2.4076656, 39.5953607 ], [ 2.407682, 39.5953741 ], [ 2.4076997, 39.59539 ], [ 2.4077189, 39.5954089 ], [ 2.4077399, 39.5954318 ], [ 2.4077627, 39.5954596 ], [ 2.4077878, 39.5954936 ], [ 2.4078154, 39.5955358 ], [ 2.4078456, 39.5955886 ], [ 2.4078786, 39.5956557 ], [ 2.4079142, 39.5957416 ], [ 2.4079513, 39.5958531 ], [ 2.4077944, 39.595759 ], [ 2.4076176, 39.5955791 ], [ 2.408032, 39.5964303 ], [ 2.4078416, 39.5962904 ], [ 2.407936, 39.5970419 ], [ 2.4077835, 39.597308 ], [ 2.4075216, 39.596371 ], [ 2.4074188, 39.5962156 ] ] ] } },
{ "type": "Feature", "properties": { "PlotID": "MANFV04", "windspeed": 10.0, "time": "120", "clipped_m2": 1279.0941234724596, "clipped_ha": 0.12790941234724595, "wspd": "10" }, "geometry": { "type": "Polygon", "coordinates": [ [ [ 2.4050965, 39.5904556 ], [ 2.4050706, 39.5903598 ], [ 2.4050587, 39.5902884 ], [ 2.4050544, 39.5902366 ], [ 2.4050542, 39.5901989 ], [ 2.4050561, 39.590171 ], [ 2.4050589, 39.5901501 ], [ 2.4050621, 39.590134 ], [ 2.4050654, 39.5901214 ], [ 2.4050687, 39.5901114 ], [ 2.4050719, 39.5901034 ], [ 2.405075, 39.5900968 ], [ 2.4050779, 39.5900914 ], [ 2.4050807, 39.5900868 ], [ 2.4050833, 39.5900829 ], [ 2.4050858, 39.5900796 ], [ 2.4050882, 39.5900768 ], [ 2.4050905, 39.5900744 ], [ 2.4050927, 39.5900722 ], [ 2.4050948, 39.590070399999988 ], [ 2.4050968, 39.5900687 ], [ 2.4050987, 39.5900673 ], [ 2.4051006, 39.590066 ], [ 2.4051024, 39.5900649 ], [ 2.4051042, 39.5900639 ], [ 2.4051059, 39.590063 ], [ 2.4051077, 39.5900622 ], [ 2.4051094, 39.5900614 ], [ 2.405111, 39.5900608 ], [ 2.4051127, 39.5900603 ], [ 2.4051143, 39.5900598 ], [ 2.405116, 39.5900593 ], [ 2.4051177, 39.590059 ], [ 2.4051193, 39.5900587 ], [ 2.405121, 39.5900584 ], [ 2.4051227, 39.5900583 ], [ 2.4051244, 39.5900581 ], [ 2.4051262, 39.5900581 ], [ 2.405128, 39.590058 ], [ 2.4051299, 39.5900581 ], [ 2.4051318, 39.5900582 ], [ 2.4051338, 39.5900584 ], [ 2.4051359, 39.5900587 ], [ 2.405138, 39.5900591 ], [ 2.4051403, 39.5900595 ], [ 2.4051427, 39.5900601 ], [ 2.4051452, 39.5900608 ], [ 2.4051479, 39.5900617 ], [ 2.4051508, 39.5900628 ], [ 2.4051539, 39.590064 ], [ 2.4051572, 39.590065599999988 ], [ 2.4051609, 39.5900674 ], [ 2.4051649, 39.5900696 ], [ 2.4051693, 39.5900724 ], [ 2.4051742, 39.5900757 ], [ 2.4051797, 39.5900797 ], [ 2.405186, 39.5900848 ], [ 2.4051931, 39.5900912 ], [ 2.4052013, 39.5900993 ], [ 2.4052109, 39.5901097 ], [ 2.4052223, 39.5901234 ], [ 2.4052358, 39.5901417 ], [ 2.4052519, 39.5901667 ], [ 2.4052714, 39.590201199999989 ], [ 2.4052945, 39.59025 ], [ 2.4053208, 39.5903191 ], [ 2.4053471, 39.5904148 ], [ 2.4053637, 39.5905363 ], [ 2.4053525, 39.5906574 ], [ 2.405299, 39.5907189 ], [ 2.405218, 39.5906794 ], [ 2.4051446, 39.5905719 ], [ 2.4050965, 39.5904556 ] ] ] } },
{ "type": "Feature", "properties": { "PlotID": "MANFV05", "windspeed": 10.0, "time": "120", "clipped_m2": 7415.6521845534444, "clipped_ha": 0.7415652184553444, "wspd": "10" }, "geometry": { "type": "Polygon", "coordinates": [ [ [ 2.4084692, 39.5912099 ], [ 2.4083881, 39.5913678 ], [ 2.4083206, 39.5913614 ], [ 2.4081646, 39.5915532 ], [ 2.4081684, 39.591369 ], [ 2.4081805, 39.5912346 ], [ 2.4084315, 39.5908621 ], [ 2.4084194, 39.5908592 ], [ 2.4084061, 39.5908565 ], [ 2.4083914, 39.5908534 ], [ 2.408375, 39.59085 ], [ 2.408356, 39.5908461 ], [ 2.4083335, 39.5908414 ], [ 2.4083061, 39.5908357 ], [ 2.4083185, 39.5908179 ], [ 2.4083305, 39.5908026 ], [ 2.4083419, 39.5907895 ], [ 2.4083527, 39.5907781 ], [ 2.4083631, 39.5907683 ], [ 2.408373, 39.5907597 ], [ 2.4083825, 39.5907521 ], [ 2.4083917, 39.5907454 ], [ 2.4084005, 39.5907395 ], [ 2.4084092, 39.5907343 ], [ 2.4084176, 39.5907297 ], [ 2.4084401, 39.5907344 ], [ 2.4084586, 39.5907402 ], [ 2.4084704, 39.5907439 ], [ 2.4084788, 39.5907465 ], [ 2.408485, 39.5907485 ], [ 2.40849, 39.59075 ], [ 2.4084941, 39.5907513 ], [ 2.4084976, 39.5907524 ], [ 2.4085006, 39.5907533 ], [ 2.4085033, 39.5907542 ], [ 2.4085057, 39.5907549 ], [ 2.408508, 39.5907556 ], [ 2.4085101, 39.5907563 ], [ 2.4085122, 39.5907569 ], [ 2.4085142, 39.5907576 ], [ 2.4085162, 39.5907582 ], [ 2.4085182, 39.5907588 ], [ 2.4085202, 39.5907595 ], [ 2.4085223, 39.5907601 ], [ 2.4085246, 39.5907608 ], [ 2.408527, 39.5907616 ], [ 2.4085296, 39.5907624 ], [ 2.4085325, 39.5907633 ], [ 2.4085358, 39.5907643 ], [ 2.4085397, 39.5907655 ], [ 2.4085444, 39.590767 ], [ 2.4085503, 39.5907688 ], [ 2.4085579, 39.5907712 ], [ 2.4087212, 39.590772 ], [ 2.4087442, 39.5907877 ], [ 2.4087699, 39.5908071 ], [ 2.4087991, 39.5908311 ], [ 2.4088325, 39.5908614 ], [ 2.4088711, 39.5908999 ], [ 2.4089163, 39.5909498 ], [ 2.4089459, 39.5910031 ], [ 2.4088411, 39.5909837 ], [ 2.4091115, 39.5912242 ], [ 2.4086759, 39.5909254 ], [ 2.4086399, 39.5909167 ], [ 2.4094533, 39.5919843 ], [ 2.4095924, 39.5924816 ], [ 2.4096905, 39.5931348 ], [ 2.408612, 39.5910568 ], [ 2.4085771, 39.5910516 ], [ 2.4085445, 39.5910468 ], [ 2.4085761, 39.5933059 ], [ 2.4084692, 39.5912099 ] ] ] } },
{ "type": "Feature", "properties": { "PlotID": "MANFV06", "windspeed": 10.0, "time": "120", "clipped_m2": 25684.751491008792, "clipped_ha": 2.568475149100879, "wspd": "10" }, "geometry": { "type": "Polygon", "coordinates": [ [ [ 2.415363, 39.584899799999988 ], [ 2.41529, 39.5844587 ], [ 2.4151919, 39.5843839 ], [ 2.4151472, 39.584221 ], [ 2.4150808, 39.5841539 ], [ 2.4149528, 39.5841842 ], [ 2.4147625, 39.5842611 ], [ 2.4146796, 39.5841977 ], [ 2.4151914, 39.5836711 ], [ 2.4148385, 39.5838613 ], [ 2.4147905, 39.5838137 ], [ 2.4146425, 39.5838108 ], [ 2.4148483, 39.5836596 ], [ 2.4148116, 39.5836166 ], [ 2.4147741, 39.5835717 ], [ 2.4147266, 39.5835253 ], [ 2.4147561, 39.5834685 ], [ 2.414789, 39.5834166 ], [ 2.4148238, 39.5833693 ], [ 2.41486, 39.583326299999989 ], [ 2.4148974, 39.5832871 ], [ 2.4149357, 39.5832516 ], [ 2.4149747, 39.5832193 ], [ 2.4150144, 39.5831902 ], [ 2.4150545, 39.5831639 ], [ 2.4150949, 39.5831402 ], [ 2.4151358, 39.583118899999988 ], [ 2.4151769, 39.5831 ], [ 2.4152184, 39.5830833 ], [ 2.4152601, 39.5830686 ], [ 2.4153021, 39.583056 ], [ 2.4153445, 39.5830452 ], [ 2.4153873, 39.5830364 ], [ 2.4154304, 39.5830294 ], [ 2.4154739, 39.5830242 ], [ 2.415518, 39.5830208 ], [ 2.4155625, 39.5830193 ], [ 2.4156076, 39.5830197 ], [ 2.4156533, 39.5830221 ], [ 2.4156997, 39.5830264 ], [ 2.4157469, 39.5830329 ], [ 2.4157947, 39.5830417 ], [ 2.415711, 39.5832008 ], [ 2.4158929, 39.5830665 ], [ 2.4157373, 39.5832442 ], [ 2.4159945, 39.5831026 ], [ 2.4160465, 39.5831254 ], [ 2.4160993, 39.5831519 ], [ 2.4161097, 39.5831981 ], [ 2.4162069, 39.5832171 ], [ 2.4162613, 39.5832567 ], [ 2.4163157, 39.5833017 ], [ 2.4160089, 39.5833785 ], [ 2.4164229, 39.5834098 ], [ 2.4164744, 39.5834742 ], [ 2.4165234, 39.5835461 ], [ 2.4165686, 39.5836262 ], [ 2.4166085, 39.5837148 ], [ 2.4166413, 39.5838122 ], [ 2.4166647, 39.5839184 ], [ 2.4166764, 39.5840326 ], [ 2.4166733, 39.5841538 ], [ 2.4166525, 39.58428 ], [ 2.4166112, 39.5844083 ], [ 2.4165468, 39.5845346 ], [ 2.416458, 39.5846543 ], [ 2.4163445, 39.5847616 ], [ 2.4162081, 39.584851 ], [ 2.4160525, 39.5849171 ], [ 2.4158832, 39.584956 ], [ 2.415707, 39.5849657 ], [ 2.4155313, 39.5849462 ], [ 2.415363, 39.584899799999988 ] ] ] } },
{ "type": "Feature", "properties": { "PlotID": "MANFV07", "windspeed": 10.0, "time": "120", "clipped_m2": 177512.76830983162, "clipped_ha": 17.751276830983162, "wspd": "10" }, "geometry": { "type": "Polygon", "coordinates": [ [ [ 2.4084644, 39.5875849 ], [ 2.4081493, 39.5864518 ], [ 2.4080016, 39.5856019 ], [ 2.4079472, 39.5849827 ], [ 2.4079423, 39.5845307 ], [ 2.4086029, 39.5832628 ], [ 2.4079949, 39.5839439 ], [ 2.4080328, 39.5837502 ], [ 2.4080723, 39.5835987 ], [ 2.4081118, 39.5834783 ], [ 2.4081775, 39.583365 ], [ 2.4081868, 39.5833014 ], [ 2.4082219, 39.5832355 ], [ 2.4082551, 39.583180299999988 ], [ 2.4083862, 39.5831101 ], [ 2.4084021, 39.5830797 ], [ 2.4084171, 39.5830527 ], [ 2.4084307, 39.5830283 ], [ 2.4084432, 39.5830059 ], [ 2.408424, 39.5829815 ], [ 2.4084482, 39.5829617 ], [ 2.4084716, 39.5829441 ], [ 2.4084943, 39.5829285 ], [ 2.4086512, 39.5829701 ], [ 2.4086571, 39.5829622 ], [ 2.408663, 39.5829543 ], [ 2.4086692, 39.5829462 ], [ 2.4086755, 39.5829378 ], [ 2.4086822, 39.5829288 ], [ 2.4086895, 39.5829192 ], [ 2.4086974, 39.5829087 ], [ 2.4087063, 39.5828969 ], [ 2.4087165, 39.5828834 ], [ 2.4087285, 39.5828677 ], [ 2.4087433, 39.5828504 ], [ 2.4087617, 39.5828342 ], [ 2.4087827, 39.5828326 ], [ 2.4088041, 39.5828317 ], [ 2.408826, 39.5828315 ], [ 2.4088485, 39.5828322 ], [ 2.4088717, 39.5828336 ], [ 2.4088958, 39.582836 ], [ 2.4089208, 39.5828393 ], [ 2.408849, 39.5829409 ], [ 2.4089327, 39.582884 ], [ 2.4088201, 39.5829842 ], [ 2.4090339, 39.582865 ], [ 2.4090665, 39.5828756 ], [ 2.4088064, 39.5830047 ], [ 2.408804, 39.5830084 ], [ 2.4091794, 39.582922 ], [ 2.4092236, 39.5829442 ], [ 2.409272, 39.5829711 ], [ 2.4093255, 39.5830038 ], [ 2.4091351, 39.5830336 ], [ 2.4091857, 39.583064 ], [ 2.4091945, 39.5830946 ], [ 2.4092006, 39.583127 ], [ 2.4097129, 39.5833281 ], [ 2.409188, 39.5831907 ], [ 2.4091721, 39.5832207 ], [ 2.4101281, 39.5838389 ], [ 2.4103228, 39.584138 ], [ 2.4105565, 39.5845523 ], [ 2.4108333, 39.5851349 ], [ 2.4111463, 39.5859575 ], [ 2.4114558, 39.5870914 ], [ 2.4116476, 39.5885201 ], [ 2.4115093, 39.5899364 ], [ 2.4108737, 39.5906539 ], [ 2.4099152, 39.590199399999989 ], [ 2.4090423, 39.5889498 ], [ 2.4084644, 39.5875849 ] ] ] } },
{ "type": "Feature", "properties": { "PlotID": "MANFV08", "windspeed": 10.0, "time": "120", "clipped_m2": 577.47061075871898, "clipped_ha": 0.057747061075871894, "wspd": "10" }, "geometry": { "type": "Polygon", "coordinates": [ [ [ 2.4202246, 39.6016067 ], [ 2.4202188, 39.601608 ], [ 2.4202125, 39.6016097 ], [ 2.4202055, 39.6016117 ], [ 2.4201976, 39.601613799999988 ], [ 2.4201885, 39.6016163 ], [ 2.4199455, 39.6019231 ], [ 2.4201642, 39.601623 ], [ 2.4201469, 39.6016277 ], [ 2.4201235, 39.6016341 ], [ 2.4200891, 39.6016435 ], [ 2.4200354, 39.6016576 ], [ 2.4199043, 39.601697 ], [ 2.4199101, 39.6016676 ], [ 2.419918, 39.6016408 ], [ 2.4199274, 39.6016162 ], [ 2.4199381, 39.6015938 ], [ 2.4199498, 39.6015734 ], [ 2.4200462, 39.6015556 ], [ 2.4200897, 39.6015467 ], [ 2.4201161, 39.6015412 ], [ 2.4201343, 39.6015374 ], [ 2.4201479, 39.6015345 ], [ 2.4201587, 39.6015323 ], [ 2.4201674, 39.6015305 ], [ 2.4201747, 39.601529 ], [ 2.4201811, 39.6015277 ], [ 2.4201867, 39.6015265 ], [ 2.4201918, 39.6015255 ], [ 2.4201965, 39.6015245 ], [ 2.4202009, 39.6015236 ], [ 2.4202052, 39.6015227 ], [ 2.4202093, 39.6015219 ], [ 2.4202133, 39.6015211 ], [ 2.4202174, 39.6015202 ], [ 2.4202215, 39.6015194 ], [ 2.4202257, 39.6015185 ], [ 2.4202302, 39.6015176 ], [ 2.420235, 39.6015166 ], [ 2.4202754, 39.6014177 ], [ 2.420292, 39.6014194 ], [ 2.4203088, 39.6014219 ], [ 2.42026, 39.6015115 ], [ 2.420269, 39.6015096 ], [ 2.4202802, 39.6015073 ], [ 2.4202947, 39.6015043 ], [ 2.4203141, 39.6015005 ], [ 2.4203404, 39.6014959 ], [ 2.4203813, 39.6014889 ], [ 2.4204412, 39.6014811 ], [ 2.4204733, 39.6014893 ], [ 2.4204928, 39.6015037 ], [ 2.4205124, 39.6015201 ], [ 2.4205318, 39.6015386 ], [ 2.420551, 39.6015595 ], [ 2.420417, 39.6015715 ], [ 2.4203767, 39.6015788 ], [ 2.4203497, 39.6015838 ], [ 2.4203301, 39.6015874 ], [ 2.4203149, 39.6015902 ], [ 2.4203028, 39.6015924 ], [ 2.4202926, 39.6015943 ], [ 2.420284, 39.6015959 ], [ 2.4202763, 39.6015973 ], [ 2.4202694, 39.6015985 ], [ 2.4202631, 39.6015997 ], [ 2.4202572, 39.6016008 ], [ 2.4202516, 39.6016018 ], [ 2.4202461, 39.6016028 ], [ 2.4202408, 39.6016038 ], [ 2.4202355, 39.6016047 ], [ 2.4202301, 39.6016057 ], [ 2.4202246, 39.6016067 ] ] ] } },
{ "type": "Feature", "properties": { "PlotID": "MANFV09", "windspeed": 10.0, "time": "120", "clipped_m2": 1676.3524456527084, "clipped_ha": 0.16763524456527085, "wspd": "10" }, "geometry": { "type": "Polygon", "coordinates": [ [ [ 2.4128117, 39.6008698 ], [ 2.4127914, 39.6007433 ], [ 2.4127851, 39.6006579 ], [ 2.4127853, 39.6006001 ], [ 2.4127882, 39.60056 ], [ 2.4127922, 39.6005315 ], [ 2.4127965, 39.6005105 ], [ 2.4128007, 39.6004947 ], [ 2.4128048, 39.6004826 ], [ 2.4128086, 39.600473099999988 ], [ 2.4128122, 39.6004655 ], [ 2.4128155, 39.6004593 ], [ 2.4128185, 39.6004542 ], [ 2.4128214, 39.60045 ], [ 2.4128241, 39.6004465 ], [ 2.4128266, 39.6004435 ], [ 2.412829, 39.6004409 ], [ 2.4128312, 39.6004387 ], [ 2.4128333, 39.6004368 ], [ 2.4128354, 39.6004351 ], [ 2.4128373, 39.6004336 ], [ 2.4128392, 39.6004323 ], [ 2.412841, 39.600431199999989 ], [ 2.4128427, 39.6004302 ], [ 2.4128444, 39.6004293 ], [ 2.4128461, 39.6004285 ], [ 2.4128477, 39.6004278 ], [ 2.4128493, 39.6004272 ], [ 2.4128509, 39.6004267 ], [ 2.4128525, 39.6004262 ], [ 2.412854, 39.6004258 ], [ 2.4128555, 39.6004255 ], [ 2.4128571, 39.6004252 ], [ 2.4128586, 39.6004249 ], [ 2.4128602, 39.6004248 ], [ 2.4128618, 39.6004246 ], [ 2.4128634, 39.6004245 ], [ 2.412865, 39.600424499999988 ], [ 2.4128667, 39.6004246 ], [ 2.4128684, 39.6004247 ], [ 2.4128702, 39.6004248 ], [ 2.412872, 39.600425 ], [ 2.4128739, 39.6004253 ], [ 2.4128759, 39.6004257 ], [ 2.412878, 39.6004262 ], [ 2.4128802, 39.6004268 ], [ 2.4128825, 39.6004275 ], [ 2.412885, 39.6004284 ], [ 2.4128876, 39.6004295 ], [ 2.4128905, 39.6004307 ], [ 2.4128936, 39.6004322 ], [ 2.4128969, 39.600434 ], [ 2.4129006, 39.6004362 ], [ 2.4129047, 39.6004388 ], [ 2.4129092, 39.600442 ], [ 2.4129143, 39.600446 ], [ 2.4129201, 39.600451 ], [ 2.4129268, 39.6004572 ], [ 2.4129345, 39.6004651 ], [ 2.4129436, 39.6004755 ], [ 2.4129545, 39.6004892 ], [ 2.4129677, 39.6005078 ], [ 2.4129839, 39.6005337 ], [ 2.4130042, 39.6005707 ], [ 2.4130296, 39.6006251 ], [ 2.4130609, 39.6007071 ], [ 2.413097, 39.6008314 ], [ 2.4131283, 39.6010095 ], [ 2.4131229, 39.601199799999989 ], [ 2.413028, 39.6011782 ], [ 2.4129337, 39.6010922 ], [ 2.4128599, 39.6010456 ], [ 2.4128117, 39.6008698 ] ] ] } },
{ "type": "Feature", "properties": { "PlotID": "MANFV10", "windspeed": 10.0, "time": "120", "clipped_m2": 1629.6615235134959, "clipped_ha": 0.16296615235134959, "wspd": "10" }, "geometry": { "type": "Polygon", "coordinates": [ [ [ 2.4128482, 39.5957115 ], [ 2.4128085, 39.5955953 ], [ 2.4127953, 39.5954764 ], [ 2.4127929, 39.5954007 ], [ 2.4127949, 39.5953514 ], [ 2.4127985, 39.5953181 ], [ 2.4128025, 39.5952947 ], [ 2.4128065, 39.5952778 ], [ 2.4128103, 39.5952653 ], [ 2.4128138, 39.5952556 ], [ 2.4128171, 39.5952482 ], [ 2.41282, 39.5952422 ], [ 2.4128228, 39.5952374 ], [ 2.4128253, 39.5952334 ], [ 2.4128276, 39.5952302 ], [ 2.4128298, 39.5952274 ], [ 2.4128318, 39.5952251 ], [ 2.4128337, 39.5952231 ], [ 2.4128355, 39.5952214 ], [ 2.4128372, 39.59522 ], [ 2.4128388, 39.5952187 ], [ 2.4128403, 39.5952176 ], [ 2.4128418, 39.5952166 ], [ 2.4128432, 39.5952157 ], [ 2.4128446, 39.5952149 ], [ 2.4128459, 39.5952143 ], [ 2.4128472, 39.5952137 ], [ 2.4128485, 39.5952132 ], [ 2.4128497, 39.5952127 ], [ 2.412851, 39.5952123 ], [ 2.4128522, 39.595211899999988 ], [ 2.4128534, 39.5952116 ], [ 2.4128546, 39.5952114 ], [ 2.4128558, 39.5952112 ], [ 2.412857, 39.595211 ], [ 2.4128582, 39.5952109 ], [ 2.4128595, 39.5952108 ], [ 2.4128607, 39.5952107 ], [ 2.412862, 39.5952107 ], [ 2.4128633, 39.5952108 ], [ 2.4128646, 39.5952109 ], [ 2.412866, 39.595211 ], [ 2.4128674, 39.5952112 ], [ 2.4128689, 39.5952115 ], [ 2.4128704, 39.5952118 ], [ 2.412872, 39.5952122 ], [ 2.4128737, 39.5952127 ], [ 2.4128755, 39.5952132 ], [ 2.4128774, 39.5952139 ], [ 2.4128795, 39.5952148 ], [ 2.4128817, 39.5952158 ], [ 2.412884, 39.595217 ], [ 2.4128866, 39.5952184 ], [ 2.4128895, 39.5952201 ], [ 2.4128926, 39.5952222 ], [ 2.4128962, 39.5952247 ], [ 2.4129001, 39.5952279 ], [ 2.4129046, 39.5952318 ], [ 2.4129098, 39.5952368 ], [ 2.4129159, 39.5952431 ], [ 2.4129231, 39.5952514 ], [ 2.4129317, 39.5952625 ], [ 2.4129423, 39.5952776 ], [ 2.4129554, 39.5952988 ], [ 2.4129722, 39.5953296 ], [ 2.4129933, 39.595375499999989 ], [ 2.4130218, 39.5954486 ], [ 2.4130567, 39.5955648 ], [ 2.4130925, 39.5957457 ], [ 2.4131022, 39.5959755 ], [ 2.4130408, 39.5961081 ], [ 2.4129294, 39.5959967 ], [ 2.4128482, 39.5957115 ] ] ] } },
{ "type": "Feature", "properties": { "PlotID": "MANFV11", "windspeed": 10.0, "time": "120", "clipped_m2": 4514.9962607980706, "clipped_ha": 0.45149962607980704, "wspd": "10" }, "geometry": { "type": "Polygon", "coordinates": [ [ [ 2.4072737, 39.5986613 ], [ 2.4071986, 39.5985511 ], [ 2.4071491, 39.5984334 ], [ 2.4071212, 39.5983234 ], [ 2.407109, 39.5982277 ], [ 2.4071071, 39.5981476 ], [ 2.4071116, 39.5980818 ], [ 2.4071198, 39.598028 ], [ 2.40713, 39.5979841 ], [ 2.4071412, 39.5979481 ], [ 2.4071527, 39.5979185 ], [ 2.4071642, 39.5978938 ], [ 2.4071754, 39.5978732 ], [ 2.4071862, 39.5978558 ], [ 2.4071966, 39.5978411 ], [ 2.4072065, 39.5978285 ], [ 2.407216, 39.5978177 ], [ 2.4072251, 39.5978084 ], [ 2.4072338, 39.5978003 ], [ 2.4072428, 39.5977934 ], [ 2.4072568, 39.5977884 ], [ 2.4072681, 39.5977845 ], [ 2.4072778, 39.5977813 ], [ 2.4072862, 39.5977787 ], [ 2.4072934, 39.5977764 ], [ 2.4072999, 39.5977743 ], [ 2.4073058, 39.5977725 ], [ 2.4073112, 39.5977707 ], [ 2.4073164, 39.5977691 ], [ 2.4073213, 39.5977676 ], [ 2.407326, 39.5977661 ], [ 2.4073308, 39.5977646 ], [ 2.4073355, 39.5977631 ], [ 2.4073403, 39.5977616 ], [ 2.4073453, 39.59776 ], [ 2.4073506, 39.5977583 ], [ 2.4073563, 39.597756499999988 ], [ 2.4073624, 39.5977546 ], [ 2.4073692, 39.5977524 ], [ 2.4073763, 39.5977516 ], [ 2.407383, 39.5977524 ], [ 2.4073899, 39.5977534 ], [ 2.407397, 39.5977548 ], [ 2.4074044, 39.5977565 ], [ 2.407412, 39.5977585 ], [ 2.4074198, 39.597761 ], [ 2.407428, 39.5977639 ], [ 2.4074366, 39.5977673 ], [ 2.4074457, 39.5977714 ], [ 2.4074552, 39.5977761 ], [ 2.4074652, 39.5977817 ], [ 2.4074759, 39.597788199999989 ], [ 2.4074873, 39.5977958 ], [ 2.4074995, 39.5978049 ], [ 2.4075126, 39.5978156 ], [ 2.4075267, 39.5978283 ], [ 2.4075419, 39.5978436 ], [ 2.4075584, 39.597862 ], [ 2.4075762, 39.5978842 ], [ 2.4075953, 39.5979114 ], [ 2.4076159, 39.5979449 ], [ 2.4076376, 39.5979862 ], [ 2.40766, 39.5980374 ], [ 2.407682, 39.5981011 ], [ 2.4077015, 39.5981798 ], [ 2.4077151, 39.5982754 ], [ 2.4077172, 39.5983875 ], [ 2.4077002, 39.5985106 ], [ 2.4076562, 39.5986304 ], [ 2.4075811, 39.598723199999988 ], [ 2.4074809, 39.5987639 ], [ 2.4073719, 39.5987401 ], [ 2.4072737, 39.5986613 ] ] ] } },
{ "type": "Feature", "properties": { "PlotID": "MANFV12", "windspeed": 10.0, "time": "120", "clipped_m2": 714.4540560793248, "clipped_ha": 0.071445405607932486, "wspd": "10" }, "geometry": { "type": "Polygon", "coordinates": [ [ [ 2.4019589, 39.587946599999988 ], [ 2.4019276, 39.5879233 ], [ 2.4019023, 39.5878945 ], [ 2.4018836, 39.5878637 ], [ 2.4018708, 39.587833499999988 ], [ 2.4018629, 39.5878053 ], [ 2.4018587, 39.58778 ], [ 2.4018574, 39.5877576 ], [ 2.401858, 39.5877381 ], [ 2.4018601, 39.5877212 ], [ 2.4018631, 39.5877066 ], [ 2.4018667, 39.5876941 ], [ 2.4018707, 39.5876832 ], [ 2.4018749, 39.5876737 ], [ 2.4018793, 39.5876655 ], [ 2.4018837, 39.5876584 ], [ 2.4018881, 39.5876521 ], [ 2.4018925, 39.5876466 ], [ 2.4018968, 39.5876417 ], [ 2.401901, 39.5876374 ], [ 2.4019052, 39.5876336 ], [ 2.4019093, 39.5876303 ], [ 2.4019133, 39.5876273 ], [ 2.4019172, 39.5876246 ], [ 2.4019211, 39.5876222 ], [ 2.401925, 39.5876201 ], [ 2.4019287, 39.587618299999988 ], [ 2.4019325, 39.5876166 ], [ 2.4019362, 39.5876151 ], [ 2.4019399, 39.5876138 ], [ 2.4019435, 39.5876127 ], [ 2.4019472, 39.5876118 ], [ 2.4019508, 39.587611 ], [ 2.4019545, 39.5876103 ], [ 2.4019582, 39.5876098 ], [ 2.4019619, 39.5876094 ], [ 2.4019657, 39.5876091 ], [ 2.4019695, 39.587609 ], [ 2.4019733, 39.587609 ], [ 2.4019773, 39.5876092 ], [ 2.4019813, 39.5876095 ], [ 2.4019854, 39.58761 ], [ 2.4019896, 39.5876107 ], [ 2.401994, 39.5876116 ], [ 2.4019985, 39.5876126 ], [ 2.4020031, 39.587614 ], [ 2.4020079, 39.5876155 ], [ 2.402013, 39.5876174 ], [ 2.4020182, 39.5876196 ], [ 2.4020237, 39.5876222 ], [ 2.4020295, 39.5876253 ], [ 2.4020355, 39.5876288 ], [ 2.4020419, 39.587633 ], [ 2.4020486, 39.5876379 ], [ 2.4020557, 39.5876436 ], [ 2.4020631, 39.5876504 ], [ 2.402071, 39.5876583 ], [ 2.4020792, 39.5876677 ], [ 2.4020877, 39.5876788 ], [ 2.4020964, 39.5876919 ], [ 2.4021052, 39.5877074 ], [ 2.4021137, 39.5877258 ], [ 2.4021214, 39.5877474 ], [ 2.4021277, 39.5877725 ], [ 2.4021316, 39.5878011 ], [ 2.4021316, 39.5878329 ], [ 2.4021263, 39.5878667 ], [ 2.402114, 39.5879001 ], [ 2.4020937, 39.5879299 ], [ 2.4020655, 39.587952 ], [ 2.4020314, 39.5879628 ], [ 2.4019945, 39.5879608 ], [ 2.4019589, 39.587946599999988 ] ] ] } },
{ "type": "Feature", "properties": { "PlotID": "MANFV13", "windspeed": 10.0, "time": "120", "clipped_m2": 22667.649434430525, "clipped_ha": 2.2667649434430523, "wspd": "10" }, "geometry": { "type": "Polygon", "coordinates": [ [ [ 2.403641, 39.5919933 ], [ 2.40349, 39.5918467 ], [ 2.4033731, 39.5916854 ], [ 2.4032887, 39.5915226 ], [ 2.4032323, 39.5913674 ], [ 2.4033275, 39.5910505 ], [ 2.4033451, 39.5909149 ], [ 2.4033304, 39.5908418 ], [ 2.4032227, 39.5908531 ], [ 2.403218, 39.5907819 ], [ 2.4032162, 39.5907182 ], [ 2.4032373, 39.5906515 ], [ 2.4032604, 39.5905932 ], [ 2.4032848, 39.5905422 ], [ 2.4033101, 39.5904973 ], [ 2.4033357, 39.5904578 ], [ 2.4033614, 39.590423 ], [ 2.403387, 39.5903921 ], [ 2.4034125, 39.5903647 ], [ 2.4034377, 39.5903404 ], [ 2.4034627, 39.5903187 ], [ 2.4034873, 39.5902994 ], [ 2.4035116, 39.5902821 ], [ 2.4035356, 39.5902666 ], [ 2.4035594, 39.590252799999988 ], [ 2.403583, 39.5902406 ], [ 2.4036063, 39.5902296 ], [ 2.4036295, 39.5902199 ], [ 2.4036526, 39.5902114 ], [ 2.4036757, 39.5902039 ], [ 2.4036987, 39.5901975 ], [ 2.4037218, 39.590192 ], [ 2.4037449, 39.5901874 ], [ 2.4037683, 39.5901837 ], [ 2.4037918, 39.5901809 ], [ 2.4038156, 39.5901789 ], [ 2.4038397, 39.5901779 ], [ 2.4038642, 39.5901778 ], [ 2.4038891, 39.5901786 ], [ 2.4039146, 39.5901804 ], [ 2.4039407, 39.5901833 ], [ 2.4039676, 39.5901872 ], [ 2.4039951, 39.5901924 ], [ 2.4040236, 39.590199 ], [ 2.4040531, 39.590207 ], [ 2.4040837, 39.5902167 ], [ 2.4041154, 39.5902282 ], [ 2.4041485, 39.5902418 ], [ 2.4041831, 39.5902579 ], [ 2.4042193, 39.5902767 ], [ 2.4042572, 39.5902988 ], [ 2.404297, 39.5903246 ], [ 2.4043387, 39.5903547 ], [ 2.4043825, 39.59039 ], [ 2.4044284, 39.5904313 ], [ 2.4044762, 39.5904798 ], [ 2.4045258, 39.5905367 ], [ 2.4045768, 39.5906035 ], [ 2.4046284, 39.590682 ], [ 2.4046792, 39.5907741 ], [ 2.4047273, 39.5908818 ], [ 2.4047697, 39.5910066 ], [ 2.4047155, 39.591083 ], [ 2.4045826, 39.5910937 ], [ 2.4048128, 39.5914857 ], [ 2.4047086, 39.5915793 ], [ 2.4046998, 39.5918465 ], [ 2.4045812, 39.5920031 ], [ 2.4043705, 39.591973599999989 ], [ 2.4042272, 39.592165 ], [ 2.4040245, 39.5921745 ], [ 2.4038225, 39.5921083 ], [ 2.403641, 39.5919933 ] ] ] } },
{ "type": "Feature", "properties": { "PlotID": "MANFV14", "windspeed": 10.0, "time": "120", "clipped_m2": 1108.8850205950439, "clipped_ha": 0.11088850205950439, "wspd": "10" }, "geometry": { "type": "Polygon", "coordinates": [ [ [ 2.4107085, 39.5952496 ], [ 2.4106707, 39.5951995 ], [ 2.4106449, 39.5951448 ], [ 2.4106295, 39.5950925 ], [ 2.4106219, 39.5950463 ], [ 2.4106198, 39.5950069 ], [ 2.4106211, 39.5949741 ], [ 2.4106245, 39.5949471 ], [ 2.4106292, 39.5949248 ], [ 2.4106345, 39.5949064 ], [ 2.41064, 39.5948911 ], [ 2.4106457, 39.5948784 ], [ 2.4106512, 39.5948677 ], [ 2.4106567, 39.5948587 ], [ 2.4106619, 39.594851 ], [ 2.410667, 39.5948444 ], [ 2.4106719, 39.5948387 ], [ 2.4106765, 39.5948338 ], [ 2.410681, 39.5948295 ], [ 2.4106853, 39.594825799999988 ], [ 2.4106895, 39.5948226 ], [ 2.4106935, 39.5948197 ], [ 2.4106974, 39.5948172 ], [ 2.4107012, 39.594815 ], [ 2.4107049, 39.5948131 ], [ 2.4107085, 39.5948113 ], [ 2.410712, 39.5948098 ], [ 2.4107154, 39.5948085 ], [ 2.4107188, 39.5948074 ], [ 2.4107222, 39.5948064 ], [ 2.4107255, 39.5948055 ], [ 2.4107288, 39.5948048 ], [ 2.4107321, 39.5948042 ], [ 2.4107354, 39.5948037 ], [ 2.4107386, 39.5948034 ], [ 2.4107419, 39.5948032 ], [ 2.4107453, 39.5948031 ], [ 2.4107486, 39.5948031 ], [ 2.4107521, 39.5948032 ], [ 2.4107555, 39.5948035 ], [ 2.4107591, 39.594803899999988 ], [ 2.4107627, 39.5948044 ], [ 2.4107665, 39.5948051 ], [ 2.4107703, 39.594806 ], [ 2.4107743, 39.5948071 ], [ 2.4107785, 39.5948083 ], [ 2.4107828, 39.5948099 ], [ 2.4107873, 39.5948116 ], [ 2.410792, 39.5948137 ], [ 2.410797, 39.5948162 ], [ 2.4108023, 39.5948191 ], [ 2.4108079, 39.5948225 ], [ 2.4108138, 39.5948265 ], [ 2.4108202, 39.5948312 ], [ 2.410827, 39.5948367 ], [ 2.4108343, 39.5948434 ], [ 2.4108422, 39.5948513 ], [ 2.4108507, 39.5948607 ], [ 2.4108598, 39.5948722 ], [ 2.4108696, 39.5948862 ], [ 2.41088, 39.5949032 ], [ 2.4108908, 39.5949241 ], [ 2.4109019, 39.5949499 ], [ 2.4109125, 39.5949817 ], [ 2.4109216, 39.5950204 ], [ 2.4109274, 39.5950669 ], [ 2.4109272, 39.5951205 ], [ 2.4109175, 39.5951783 ], [ 2.4108949, 39.5952335 ], [ 2.4108579, 39.5952759 ], [ 2.4108094, 39.5952947 ], [ 2.4107567, 39.5952846 ], [ 2.4107085, 39.5952496 ] ] ] } },
{ "type": "Feature", "properties": { "PlotID": "MANFV15", "windspeed": 10.0, "time": "120", "clipped_m2": 946.59211545716971, "clipped_ha": 0.094659211545716965, "wspd": "10" }, "geometry": { "type": "Polygon", "coordinates": [ [ [ 2.4105995, 39.5932799 ], [ 2.4105793, 39.5931398 ], [ 2.410575, 39.5930505 ], [ 2.4105767, 39.5929948 ], [ 2.4105803, 39.592959 ], [ 2.4105843, 39.592935 ], [ 2.4105882, 39.5929184 ], [ 2.4105918, 39.5929064 ], [ 2.410595, 39.5928975 ], [ 2.4105979, 39.5928908 ], [ 2.4106005, 39.5928855 ], [ 2.4106028, 39.5928814 ], [ 2.410605, 39.592878 ], [ 2.4106069, 39.5928753 ], [ 2.4106087, 39.592873 ], [ 2.4106103, 39.5928711 ], [ 2.4106119, 39.5928695 ], [ 2.4106133, 39.5928682 ], [ 2.4106146, 39.592867 ], [ 2.4106159, 39.592866 ], [ 2.4106171, 39.5928651 ], [ 2.4106182, 39.5928644 ], [ 2.4106193, 39.592863699999988 ], [ 2.4106203, 39.5928631 ], [ 2.4106213, 39.5928626 ], [ 2.4106223, 39.5928622 ], [ 2.4106232, 39.5928618 ], [ 2.4106241, 39.5928615 ], [ 2.410625, 39.5928612 ], [ 2.4106259, 39.5928609 ], [ 2.4106268, 39.5928607 ], [ 2.4106277, 39.5928605 ], [ 2.4106285, 39.5928604 ], [ 2.4106294, 39.5928602 ], [ 2.4106302, 39.592860099999989 ], [ 2.4106311, 39.592860099999989 ], [ 2.410632, 39.59286 ], [ 2.4106329, 39.59286 ], [ 2.4106338, 39.592860099999989 ], [ 2.4106347, 39.592860099999989 ], [ 2.4106356, 39.5928602 ], [ 2.4106366, 39.5928604 ], [ 2.4106376, 39.5928605 ], [ 2.4106386, 39.5928607 ], [ 2.4106397, 39.592861 ], [ 2.4106408, 39.5928613 ], [ 2.410642, 39.5928617 ], [ 2.4106432, 39.5928621 ], [ 2.4106446, 39.5928627 ], [ 2.410646, 39.5928633 ], [ 2.4106475, 39.5928641 ], [ 2.4106491, 39.592865 ], [ 2.4106509, 39.592866 ], [ 2.4106529, 39.5928673 ], [ 2.410655, 39.5928689 ], [ 2.4106574, 39.5928708 ], [ 2.4106601, 39.5928731 ], [ 2.4106632, 39.592876 ], [ 2.4106667, 39.5928796 ], [ 2.4106708, 39.5928843 ], [ 2.4106756, 39.5928903 ], [ 2.4106813, 39.5928984 ], [ 2.4106883, 39.5929095 ], [ 2.410697, 39.592925 ], [ 2.4107079, 39.5929476 ], [ 2.410722, 39.5929818 ], [ 2.41074, 39.5930358 ], [ 2.4107621, 39.5931235 ], [ 2.4107836, 39.5932635 ], [ 2.4107848, 39.5934475 ], [ 2.4107338, 39.5935552 ], [ 2.4106524, 39.5934593 ], [ 2.4105995, 39.5932799 ] ] ] } },
{ "type": "Feature", "properties": { "PlotID": "MANFV16", "windspeed": 10.0, "time": "120", "clipped_m2": 3042.9033297635033, "clipped_ha": 0.30429033297635033, "wspd": "10" }, "geometry": { "type": "Polygon", "coordinates": [ [ [ 2.4055605, 39.5847615 ], [ 2.4055048, 39.5847391 ], [ 2.4054553, 39.5847084 ], [ 2.4054133, 39.5846717 ], [ 2.4053794, 39.5846314 ], [ 2.4053533, 39.5845897 ], [ 2.4053345, 39.5845482 ], [ 2.405322, 39.584508 ], [ 2.4053149, 39.58447 ], [ 2.4053123, 39.5844345 ], [ 2.4053132, 39.5844019 ], [ 2.4053169, 39.584372 ], [ 2.4053228, 39.5843449 ], [ 2.4053305, 39.5843204 ], [ 2.4053394, 39.5842982 ], [ 2.4053493, 39.5842783 ], [ 2.4053599, 39.5842603 ], [ 2.405371, 39.5842441 ], [ 2.4053825, 39.5842296 ], [ 2.4053942, 39.5842165 ], [ 2.4054061, 39.5842047 ], [ 2.4054181, 39.5841942 ], [ 2.4054301, 39.5841847 ], [ 2.4054422, 39.5841762 ], [ 2.4054542, 39.5841685 ], [ 2.4054662, 39.584161699999989 ], [ 2.4054783, 39.5841557 ], [ 2.4054903, 39.5841503 ], [ 2.4055023, 39.5841456 ], [ 2.4055143, 39.5841415 ], [ 2.4055263, 39.584138 ], [ 2.4055383, 39.584135 ], [ 2.4055503, 39.584132499999988 ], [ 2.4055624, 39.5841306 ], [ 2.4055746, 39.5841291 ], [ 2.4055868, 39.5841281 ], [ 2.4055992, 39.5841277 ], [ 2.4056116, 39.5841277 ], [ 2.4056242, 39.5841283 ], [ 2.405637, 39.5841293 ], [ 2.4056499, 39.584131 ], [ 2.4056631, 39.5841332 ], [ 2.4056764, 39.584136 ], [ 2.40569, 39.5841395 ], [ 2.4057039, 39.5841438 ], [ 2.4057181, 39.5841488 ], [ 2.4057325, 39.5841547 ], [ 2.4057472, 39.5841615 ], [ 2.4057623, 39.5841694 ], [ 2.4057776, 39.5841785 ], [ 2.4057932, 39.5841888 ], [ 2.405809, 39.5842007 ], [ 2.4058251, 39.5842142 ], [ 2.4058412, 39.5842295 ], [ 2.4058572, 39.5842469 ], [ 2.4058731, 39.5842666 ], [ 2.4058885, 39.5842888 ], [ 2.4059031, 39.5843139 ], [ 2.4059164, 39.5843421 ], [ 2.4059279, 39.5843735 ], [ 2.4059369, 39.5844083 ], [ 2.4059424, 39.5844465 ], [ 2.4059434, 39.5844878 ], [ 2.4059387, 39.5845317 ], [ 2.4059271, 39.5845771 ], [ 2.4059074, 39.5846227 ], [ 2.4058788, 39.5846664 ], [ 2.4058409, 39.5847058 ], [ 2.4057942, 39.5847383 ], [ 2.4057402, 39.5847615 ], [ 2.4056813, 39.5847734 ], [ 2.4056203, 39.5847734 ], [ 2.4055605, 39.5847615 ] ] ] } },
{ "type": "Feature", "properties": { "PlotID": "MANFV17", "windspeed": 10.0, "time": "120", "clipped_m2": 1167.9264162417967, "clipped_ha": 0.11679264162417967, "wspd": "10" }, "geometry": { "type": "Polygon", "coordinates": [ [ [ 2.4030571, 39.6014811 ], [ 2.4030203, 39.6014443 ], [ 2.4029978, 39.601387 ], [ 2.4029846, 39.6013359 ], [ 2.4029781, 39.6012923 ], [ 2.4029762, 39.6012559 ], [ 2.4029772, 39.6012257 ], [ 2.40298, 39.6012008 ], [ 2.4029839, 39.6011801 ], [ 2.4029885, 39.6011629 ], [ 2.4029934, 39.6011485 ], [ 2.4029984, 39.6011363 ], [ 2.4030034, 39.601126 ], [ 2.4030084, 39.6011172 ], [ 2.4030133, 39.6011096 ], [ 2.4030181, 39.601103 ], [ 2.4030227, 39.6010973 ], [ 2.4030272, 39.6010924 ], [ 2.4030316, 39.601088 ], [ 2.4030358, 39.6010841 ], [ 2.40304, 39.6010808 ], [ 2.403044, 39.6010777 ], [ 2.4030479, 39.6010751 ], [ 2.4030518, 39.6010727 ], [ 2.4030555, 39.6010706 ], [ 2.4030592, 39.6010687 ], [ 2.4030629, 39.601067 ], [ 2.4030665, 39.6010655 ], [ 2.4030701, 39.6010642 ], [ 2.4030737, 39.6010631 ], [ 2.4030772, 39.6010621 ], [ 2.4030808, 39.6010612 ], [ 2.4030843, 39.6010605 ], [ 2.4030879, 39.6010599 ], [ 2.4030915, 39.6010595 ], [ 2.4030952, 39.6010591 ], [ 2.4030989, 39.6010589 ], [ 2.4031026, 39.6010589 ], [ 2.4031065, 39.6010589 ], [ 2.4031105, 39.6010592 ], [ 2.4031145, 39.6010595 ], [ 2.4031187, 39.6010601 ], [ 2.403123, 39.6010608 ], [ 2.4031276, 39.601061699999988 ], [ 2.4031322, 39.6010628 ], [ 2.4031372, 39.6010642 ], [ 2.4031423, 39.6010659 ], [ 2.4031478, 39.6010679 ], [ 2.4031535, 39.6010703 ], [ 2.4031596, 39.6010732 ], [ 2.4031662, 39.6010765 ], [ 2.4031731, 39.6010805 ], [ 2.4031807, 39.6010853 ], [ 2.4031888, 39.601091 ], [ 2.4031975, 39.6010978 ], [ 2.4032071, 39.601106 ], [ 2.4032175, 39.601116 ], [ 2.4032288, 39.601128 ], [ 2.4032411, 39.6011428 ], [ 2.4032544, 39.601161 ], [ 2.4032687, 39.6011834 ], [ 2.4032838, 39.6012113 ], [ 2.403299, 39.6012458 ], [ 2.4033134, 39.6012882 ], [ 2.403325, 39.6013395 ], [ 2.4033308, 39.6013992 ], [ 2.4033266, 39.6014644 ], [ 2.4032359, 39.6013802 ], [ 2.4032279, 39.6014578 ], [ 2.4032193, 39.6016019 ], [ 2.4031595, 39.6015939 ], [ 2.4031003, 39.601429 ], [ 2.4030571, 39.6014811 ] ] ] } },
{ "type": "Feature", "properties": { "PlotID": "MANFV18", "windspeed": 10.0, "time": "120", "clipped_m2": 160.16984128579497, "clipped_ha": 0.016016984128579496, "wspd": "10" }, "geometry": { "type": "Polygon", "coordinates": [ [ [ 2.402755, 39.5996987 ], [ 2.4027396, 39.5996731 ], [ 2.4027298, 39.5996474 ], [ 2.4027245, 39.5996247 ], [ 2.4027221, 39.5996059 ], [ 2.4027217, 39.5995908 ], [ 2.4027223, 39.5995789 ], [ 2.4027236, 39.5995693 ], [ 2.4027252, 39.5995617 ], [ 2.4027269, 39.5995555 ], [ 2.4027287, 39.5995505 ], [ 2.4027304, 39.5995464 ], [ 2.4027321, 39.599543 ], [ 2.4027338, 39.5995401 ], [ 2.4027354, 39.5995377 ], [ 2.4027369, 39.5995356 ], [ 2.4027383, 39.5995338 ], [ 2.4027397, 39.5995323 ], [ 2.402741, 39.599531 ], [ 2.4027423, 39.5995298 ], [ 2.4027435, 39.5995288 ], [ 2.4027447, 39.5995279 ], [ 2.4027458, 39.599527099999989 ], [ 2.4027469, 39.5995264 ], [ 2.402748, 39.5995258 ], [ 2.402749, 39.5995253 ], [ 2.4027501, 39.5995248 ], [ 2.4027511, 39.5995244 ], [ 2.4027521, 39.599524 ], [ 2.402753, 39.5995237 ], [ 2.402754, 39.5995234 ], [ 2.402755, 39.5995232 ], [ 2.4027559, 39.599523 ], [ 2.4027569, 39.599522799999988 ], [ 2.4027579, 39.5995227 ], [ 2.4027589, 39.5995226 ], [ 2.4027598, 39.5995225 ], [ 2.4027608, 39.5995225 ], [ 2.4027618, 39.5995225 ], [ 2.4027629, 39.5995225 ], [ 2.4027639, 39.5995226 ], [ 2.402765, 39.5995227 ], [ 2.4027662, 39.5995229 ], [ 2.4027673, 39.5995231 ], [ 2.4027685, 39.5995234 ], [ 2.4027698, 39.5995237 ], [ 2.4027711, 39.5995241 ], [ 2.4027725, 39.5995246 ], [ 2.402774, 39.5995252 ], [ 2.4027755, 39.5995258 ], [ 2.4027772, 39.5995266 ], [ 2.402779, 39.5995276 ], [ 2.4027809, 39.5995287 ], [ 2.402783, 39.5995301 ], [ 2.4027852, 39.5995317 ], [ 2.4027877, 39.5995336 ], [ 2.4027903, 39.599536 ], [ 2.4027933, 39.5995389 ], [ 2.4027966, 39.5995424 ], [ 2.4028002, 39.5995468 ], [ 2.4028043, 39.5995522 ], [ 2.4028088, 39.5995591 ], [ 2.4028137, 39.5995679 ], [ 2.402819, 39.5995792 ], [ 2.4028244, 39.5995937 ], [ 2.4028295, 39.5996121 ], [ 2.4028333, 39.599635 ], [ 2.402834, 39.5996618 ], [ 2.4028293, 39.5996898 ], [ 2.4028172, 39.5997129 ], [ 2.402798, 39.5997236 ], [ 2.4027756, 39.5997179 ], [ 2.402755, 39.5996987 ] ] ] } },
{ "type": "Feature", "properties": { "PlotID": "MANFV19", "windspeed": 10.0, "time": "120", "clipped_m2": 119.22312267003872, "clipped_ha": 0.011922312267003871, "wspd": "10" }, "geometry": { "type": "Polygon", "coordinates": [ [ [ 2.4026531, 39.6003083 ], [ 2.4026433, 39.6003044 ], [ 2.4026344, 39.600299299999989 ], [ 2.4026268, 39.6002934 ], [ 2.4026203, 39.6002869 ], [ 2.4026151, 39.6002801 ], [ 2.402611, 39.6002733 ], [ 2.4026081, 39.6002665 ], [ 2.402606, 39.6002599 ], [ 2.4026048, 39.6002536 ], [ 2.4026043, 39.6002477 ], [ 2.4026043, 39.6002421 ], [ 2.4026049, 39.6002369 ], [ 2.4026059, 39.6002321 ], [ 2.4026072, 39.6002277 ], [ 2.4026088, 39.6002236 ], [ 2.4026106, 39.6002199 ], [ 2.4026126, 39.600216499999988 ], [ 2.4026147, 39.6002133 ], [ 2.402617, 39.6002105 ], [ 2.4026193, 39.6002079 ], [ 2.4026218, 39.6002055 ], [ 2.4026242, 39.6002033 ], [ 2.4026268, 39.6002013 ], [ 2.4026293, 39.6001995 ], [ 2.402632, 39.6001979 ], [ 2.4026346, 39.6001965 ], [ 2.4026373, 39.6001952 ], [ 2.40264, 39.600194 ], [ 2.4026427, 39.600193 ], [ 2.4026455, 39.6001921 ], [ 2.4026483, 39.6001914 ], [ 2.4026511, 39.6001907 ], [ 2.4026539, 39.6001902 ], [ 2.4026568, 39.600189799999988 ], [ 2.4026597, 39.6001896 ], [ 2.4026626, 39.6001894 ], [ 2.4026656, 39.6001894 ], [ 2.4026687, 39.6001895 ], [ 2.4026717, 39.6001898 ], [ 2.4026748, 39.6001902 ], [ 2.402678, 39.6001907 ], [ 2.4026812, 39.6001914 ], [ 2.4026845, 39.6001923 ], [ 2.4026878, 39.6001933 ], [ 2.4026912, 39.6001946 ], [ 2.4026946, 39.6001961 ], [ 2.4026981, 39.6001978 ], [ 2.4027016, 39.6001997 ], [ 2.4027052, 39.600202 ], [ 2.4027087, 39.6002045 ], [ 2.4027123, 39.6002075 ], [ 2.4027158, 39.6002107 ], [ 2.4027192, 39.6002144 ], [ 2.4027225, 39.6002185 ], [ 2.4027257, 39.6002231 ], [ 2.4027285, 39.6002282 ], [ 2.402731, 39.6002339 ], [ 2.4027331, 39.60024 ], [ 2.4027345, 39.6002467 ], [ 2.4027351, 39.6002538 ], [ 2.4027349, 39.6002614 ], [ 2.4027335, 39.6002692 ], [ 2.4027308, 39.6002771 ], [ 2.4027267, 39.6002849 ], [ 2.4027211, 39.6002922 ], [ 2.402714, 39.6002988 ], [ 2.4027056, 39.6003043 ], [ 2.402696, 39.6003084 ], [ 2.4026855, 39.6003109 ], [ 2.4026746, 39.6003117 ], [ 2.4026636, 39.6003108 ], [ 2.4026531, 39.6003083 ] ] ] } },
{ "type": "Feature", "properties": { "PlotID": "MANFV20", "windspeed": 10.0, "time": "120", "clipped_m2": 19083.725747857243, "clipped_ha": 1.9083725747857243, "wspd": "10" }, "geometry": { "type": "Polygon", "coordinates": [ [ [ 2.4147806, 39.5918852 ], [ 2.4145809, 39.5924977 ], [ 2.4145139, 39.5922254 ], [ 2.4144828, 39.592008 ], [ 2.4144734, 39.5918383 ], [ 2.4144767, 39.5917061 ], [ 2.414487, 39.5916026 ], [ 2.414501, 39.5915208 ], [ 2.4145168, 39.5914554 ], [ 2.4145332, 39.5914024 ], [ 2.4145497, 39.5913591 ], [ 2.4145658, 39.5913232 ], [ 2.4145815, 39.5912933 ], [ 2.4145965, 39.591268 ], [ 2.414611, 39.5912465 ], [ 2.4146248, 39.5912281 ], [ 2.4146381, 39.5912122 ], [ 2.4146508, 39.5911984 ], [ 2.4146631, 39.5911864 ], [ 2.4146749, 39.5911758 ], [ 2.4146863, 39.5911665 ], [ 2.4146973, 39.5911583 ], [ 2.4147081, 39.591151 ], [ 2.4147186, 39.5911445 ], [ 2.4147288, 39.5911387 ], [ 2.4147388, 39.5911336 ], [ 2.4147487, 39.5911291 ], [ 2.4147585, 39.591125 ], [ 2.4147681, 39.5911215 ], [ 2.4147777, 39.5911183 ], [ 2.4147872, 39.5911156 ], [ 2.4147968, 39.591113199999988 ], [ 2.4148063, 39.5911112 ], [ 2.4148159, 39.5911095 ], [ 2.4148256, 39.5911082 ], [ 2.4148355, 39.5911072 ], [ 2.4148454, 39.5911066 ], [ 2.4148556, 39.5911062 ], [ 2.414866, 39.5911063 ], [ 2.4148767, 39.5911067 ], [ 2.4148877, 39.5911076 ], [ 2.4148991, 39.5911088 ], [ 2.4149109, 39.5911106 ], [ 2.4149232, 39.5911128 ], [ 2.4149361, 39.5911157 ], [ 2.4149496, 39.5911192 ], [ 2.4149639, 39.5911235 ], [ 2.4149791, 39.5911287 ], [ 2.4149813, 39.5911403 ], [ 2.4149812, 39.5911519 ], [ 2.4149811, 39.5911627 ], [ 2.414981, 39.591173 ], [ 2.4149809, 39.5911829 ], [ 2.4149809, 39.5911926 ], [ 2.4149808, 39.5912022 ], [ 2.4149807, 39.5912119 ], [ 2.4149806, 39.5912219 ], [ 2.4149805, 39.5912324 ], [ 2.4152641, 39.5913397 ], [ 2.415203, 39.5913496 ], [ 2.4152133, 39.5913886 ], [ 2.4154258, 39.5915591 ], [ 2.4154945, 39.5916802 ], [ 2.4155704, 39.5918396 ], [ 2.4156498, 39.5920495 ], [ 2.4157233, 39.5923208 ], [ 2.4157711, 39.5926545 ], [ 2.4157593, 39.5930217 ], [ 2.4156501, 39.5933411 ], [ 2.4154332, 39.5934957 ], [ 2.4151561, 39.5934176 ], [ 2.4148963, 39.5931553 ], [ 2.4147806, 39.5918852 ] ] ] } },
{ "type": "Feature", "properties": { "PlotID": "MANFV21", "windspeed": 10.0, "time": "120", "clipped_m2": 26816.484274843708, "clipped_ha": 2.6816484274843706, "wspd": "10" }, "geometry": { "type": "Polygon", "coordinates": [ [ [ 2.4043707, 39.5864257 ], [ 2.404236, 39.5860538 ], [ 2.4041634, 39.5857429 ], [ 2.4041309, 39.5854968 ], [ 2.4041223, 39.5853057 ], [ 2.4041894, 39.5850705 ], [ 2.4041397, 39.5850424 ], [ 2.404156, 39.5849514 ], [ 2.404174, 39.5848789 ], [ 2.4041926, 39.5848203 ], [ 2.4042112, 39.5847724 ], [ 2.4042292, 39.5847328 ], [ 2.4042467, 39.5846998 ], [ 2.4042635, 39.584672 ], [ 2.4042796, 39.5846483 ], [ 2.4042949, 39.584628 ], [ 2.4043096, 39.5846106 ], [ 2.4043237, 39.5845954 ], [ 2.4043373, 39.5845822 ], [ 2.4043504, 39.5845706 ], [ 2.404363, 39.5845604 ], [ 2.4043752, 39.5845514 ], [ 2.404387, 39.5845434 ], [ 2.4043986, 39.584536299999989 ], [ 2.4044099, 39.58453 ], [ 2.4044209, 39.5845244 ], [ 2.4044318, 39.5845194 ], [ 2.4044425, 39.584515 ], [ 2.4044532, 39.5845111 ], [ 2.4044637, 39.584507699999989 ], [ 2.4044742, 39.5845047 ], [ 2.4044847, 39.5845021 ], [ 2.4044952, 39.5844999 ], [ 2.4045058, 39.5844981 ], [ 2.4045164, 39.5844966 ], [ 2.4045272, 39.5844956 ], [ 2.4045382, 39.5844949 ], [ 2.4045494, 39.5844946 ], [ 2.4045608, 39.5844946 ], [ 2.4045726, 39.5844951 ], [ 2.4045847, 39.5844961 ], [ 2.4045972, 39.5844975 ], [ 2.4046102, 39.5844994 ], [ 2.4046237, 39.5845019 ], [ 2.4046379, 39.5845051 ], [ 2.4046528, 39.584509 ], [ 2.4046685, 39.5845138 ], [ 2.4046851, 39.5845195 ], [ 2.4047029, 39.5845264 ], [ 2.4047219, 39.5845346 ], [ 2.4047424, 39.5845445 ], [ 2.4047646, 39.584556299999988 ], [ 2.4047888, 39.5845706 ], [ 2.4048152, 39.5845877 ], [ 2.4048444, 39.5846085 ], [ 2.4048768, 39.584634 ], [ 2.404913, 39.5846652 ], [ 2.4049536, 39.5847041 ], [ 2.4049996, 39.5847528 ], [ 2.4050519, 39.5848147 ], [ 2.4051116, 39.584894 ], [ 2.4051797, 39.5849971 ], [ 2.405257, 39.5851325 ], [ 2.4053428, 39.5853118 ], [ 2.4054335, 39.585549 ], [ 2.405519, 39.585858 ], [ 2.4055768, 39.5862415 ], [ 2.4055682, 39.5866678 ], [ 2.4054473, 39.587042 ], [ 2.4052006, 39.5872229 ], [ 2.4048835, 39.5871281 ], [ 2.404588, 39.5868175 ], [ 2.4043707, 39.5864257 ] ] ] } },
{ "type": "Feature", "properties": { "PlotID": "MANFV22", "windspeed": 10.0, "time": "120", "clipped_m2": 15202.124511878937, "clipped_ha": 1.5202124511878938, "wspd": "10" }, "geometry": { "type": "Polygon", "coordinates": [ [ [ 2.405906, 39.5841229 ], [ 2.4057916, 39.5838722 ], [ 2.4057232, 39.5836515 ], [ 2.4056871, 39.5834692 ], [ 2.4056719, 39.5833231 ], [ 2.4056695, 39.5832069 ], [ 2.4056747, 39.5831145 ], [ 2.4056843, 39.5830405 ], [ 2.4056964, 39.5829807 ], [ 2.4057096, 39.5829319 ], [ 2.4057233, 39.5828916 ], [ 2.4057371, 39.5828582 ], [ 2.4057507, 39.5828301 ], [ 2.405764, 39.5828062 ], [ 2.4057768, 39.5827859 ], [ 2.4057893, 39.5827684 ], [ 2.4058013, 39.5827533 ], [ 2.4058128, 39.5827401 ], [ 2.405824, 39.582728599999989 ], [ 2.4058349, 39.5827184 ], [ 2.4058454, 39.5827094 ], [ 2.4058556, 39.5827015 ], [ 2.4058656, 39.5826944 ], [ 2.4058753, 39.5826882 ], [ 2.4058849, 39.5826826 ], [ 2.4058942, 39.5826776 ], [ 2.4059035, 39.5826731 ], [ 2.4059126, 39.5826691 ], [ 2.4059217, 39.5826656 ], [ 2.4059307, 39.5826625 ], [ 2.4059397, 39.5826598 ], [ 2.4059486, 39.5826574 ], [ 2.4059577, 39.5826554 ], [ 2.4059667, 39.5826537 ], [ 2.4059759, 39.5826523 ], [ 2.4059852, 39.5826512 ], [ 2.4059946, 39.5826505 ], [ 2.4060043, 39.5826501 ], [ 2.4060141, 39.58265 ], [ 2.4060243, 39.5826503 ], [ 2.4060347, 39.5826509 ], [ 2.4060455, 39.582652 ], [ 2.4060567, 39.5826535 ], [ 2.4060684, 39.5826555 ], [ 2.4060807, 39.5826581 ], [ 2.4060935, 39.5826613 ], [ 2.4061071, 39.5826652 ], [ 2.4061215, 39.5826699 ], [ 2.4061368, 39.5826756 ], [ 2.4061532, 39.5826825 ], [ 2.4061708, 39.5826908 ], [ 2.4061899, 39.5827006 ], [ 2.4062106, 39.5827125 ], [ 2.4062333, 39.5827268 ], [ 2.4062582, 39.5827442 ], [ 2.4062857, 39.5827654 ], [ 2.4063163, 39.5827913 ], [ 2.4063504, 39.5828235 ], [ 2.4063888, 39.5828635 ], [ 2.406432, 39.582914 ], [ 2.4064807, 39.5829782 ], [ 2.4065352, 39.583060499999988 ], [ 2.4065957, 39.5831668 ], [ 2.4066607, 39.5833046 ], [ 2.4067261, 39.5834818 ], [ 2.406783, 39.5837045 ], [ 2.4068143, 39.5839693 ], [ 2.4067941, 39.5842501 ], [ 2.4066966, 39.5844876 ], [ 2.4065178, 39.5846041 ], [ 2.4062925, 39.584556 ], [ 2.4060757, 39.5843716 ], [ 2.405906, 39.5841229 ] ] ] } },
{ "type": "Feature", "properties": { "PlotID": "MANFV23", "windspeed": 10.0, "time": "120", "clipped_m2": 142126.24854049832, "clipped_ha": 14.212624854049832, "wspd": "10" }, "geometry": { "type": "Polygon", "coordinates": [ [ [ 2.4135146, 39.5992093 ], [ 2.4132213, 39.5982942 ], [ 2.4130729, 39.5975584 ], [ 2.4130126, 39.5969937 ], [ 2.4130024, 39.5965656 ], [ 2.4130193, 39.5962398 ], [ 2.4130503, 39.5959891 ], [ 2.4130881, 39.5957935 ], [ 2.4131285, 39.5956388 ], [ 2.4131694, 39.5955146 ], [ 2.4132096, 39.5954137 ], [ 2.4132485, 39.5953306 ], [ 2.4132857, 39.5952615 ], [ 2.4133212, 39.5952034 ], [ 2.4133551, 39.5951542 ], [ 2.4133874, 39.5951121 ], [ 2.4134182, 39.5950759 ], [ 2.4134477, 39.5950445 ], [ 2.4134759, 39.5950171 ], [ 2.4135031, 39.5949932 ], [ 2.4135293, 39.5949721 ], [ 2.4135546, 39.5949535 ], [ 2.4135792, 39.594937 ], [ 2.4136031, 39.5949224 ], [ 2.4136264, 39.5949094 ], [ 2.4136493, 39.5948978 ], [ 2.4136718, 39.5948876 ], [ 2.413694, 39.5948785 ], [ 2.4137159, 39.5948704 ], [ 2.4137376, 39.5948633 ], [ 2.4137593, 39.5948572 ], [ 2.4137809, 39.5948518 ], [ 2.4138026, 39.5948473 ], [ 2.4138244, 39.5948436 ], [ 2.4138464, 39.5948406 ], [ 2.4138687, 39.5948384 ], [ 2.4138913, 39.594837 ], [ 2.4139144, 39.5948363 ], [ 2.413938, 39.5948364 ], [ 2.4139622, 39.5948374 ], [ 2.4139872, 39.5948393 ], [ 2.4139952, 39.5948673 ], [ 2.4140398, 39.5948461 ], [ 2.4140678, 39.594851299999988 ], [ 2.4140971, 39.5948577 ], [ 2.414128, 39.5948657 ], [ 2.4141605, 39.5948755 ], [ 2.4141951, 39.5948873 ], [ 2.4142321, 39.5949014 ], [ 2.4142716, 39.5949184 ], [ 2.4143143, 39.5949388 ], [ 2.4143607, 39.5949632 ], [ 2.4144112, 39.5949926 ], [ 2.4144668, 39.5950282 ], [ 2.4145282, 39.595071399999988 ], [ 2.4145966, 39.5951243 ], [ 2.4146734, 39.5951897 ], [ 2.4147602, 39.5952712 ], [ 2.4148591, 39.595374 ], [ 2.4149727, 39.5955052 ], [ 2.4151038, 39.5956749 ], [ 2.4152559, 39.5958976 ], [ 2.4154318, 39.5961939 ], [ 2.415633, 39.5965928 ], [ 2.4158551, 39.5971327 ], [ 2.4160798, 39.5978569 ], [ 2.416259, 39.5987894 ], [ 2.4162956, 39.5998707 ], [ 2.4160576, 39.6008571 ], [ 2.4154847, 39.6013381 ], [ 2.4147181, 39.601062 ], [ 2.4140127, 39.60022 ], [ 2.4135146, 39.5992093 ] ] ] } },
{ "type": "Feature", "properties": { "PlotID": "MANFV24", "windspeed": 10.0, "time": "120", "clipped_m2": 61.099327120762609, "clipped_ha": 0.006109932712076261, "wspd": "10" }, "geometry": { "type": "Polygon", "coordinates": [ [ [ 2.4000927, 39.5940887 ], [ 2.4000834, 39.5940854 ], [ 2.4000752, 39.5940801 ], [ 2.4000685, 39.5940734 ], [ 2.4000633, 39.594066 ], [ 2.4000596, 39.5940584 ], [ 2.4000573, 39.594051 ], [ 2.400056, 39.594044 ], [ 2.4000556, 39.5940377 ], [ 2.4000558, 39.594032 ], [ 2.4000565, 39.5940269 ], [ 2.4000575, 39.5940224 ], [ 2.4000587, 39.5940185 ], [ 2.4000601, 39.594015 ], [ 2.4000616, 39.594012 ], [ 2.4000632, 39.5940093 ], [ 2.4000648, 39.594007 ], [ 2.4000664, 39.5940049 ], [ 2.400068, 39.5940031 ], [ 2.4000695, 39.5940015 ], [ 2.4000711, 39.594 ], [ 2.4000726, 39.5939988 ], [ 2.4000742, 39.5939977 ], [ 2.4000757, 39.5939967 ], [ 2.4000771, 39.5939958 ], [ 2.4000786, 39.593995 ], [ 2.40008, 39.5939943 ], [ 2.4000814, 39.5939937 ], [ 2.4000828, 39.5939932 ], [ 2.4000841, 39.5939927 ], [ 2.4000855, 39.5939924 ], [ 2.4000869, 39.593992 ], [ 2.4000882, 39.5939918 ], [ 2.4000895, 39.5939915 ], [ 2.4000909, 39.5939914 ], [ 2.4000922, 39.5939913 ], [ 2.4000936, 39.5939912 ], [ 2.4000949, 39.5939912 ], [ 2.4000963, 39.5939913 ], [ 2.4000977, 39.5939914 ], [ 2.4000991, 39.5939915 ], [ 2.4001005, 39.5939917 ], [ 2.400102, 39.593992 ], [ 2.4001034, 39.5939924 ], [ 2.400105, 39.5939928 ], [ 2.4001065, 39.5939933 ], [ 2.4001081, 39.5939939 ], [ 2.4001097, 39.5939945 ], [ 2.4001114, 39.593995299999989 ], [ 2.4001131, 39.5939963 ], [ 2.4001149, 39.5939973 ], [ 2.4001167, 39.5939985 ], [ 2.4001186, 39.5939999 ], [ 2.4001206, 39.5940015 ], [ 2.4001226, 39.5940034 ], [ 2.4001247, 39.5940055 ], [ 2.4001267, 39.5940079 ], [ 2.4001289, 39.5940107 ], [ 2.400131, 39.594014 ], [ 2.400133, 39.5940177 ], [ 2.4001349, 39.594022 ], [ 2.4001366, 39.5940269 ], [ 2.400138, 39.5940325 ], [ 2.4001389, 39.5940389 ], [ 2.4001391, 39.5940459 ], [ 2.4001383, 39.5940535 ], [ 2.4001362, 39.5940614 ], [ 2.4001327, 39.5940694 ], [ 2.4001274, 39.5940769 ], [ 2.4001204, 39.5940831 ], [ 2.4001119, 39.5940875 ], [ 2.4001025, 39.5940894 ], [ 2.4000927, 39.5940887 ] ] ] } },
{ "type": "Feature", "properties": { "PlotID": "MANFV25", "windspeed": 10.0, "time": "120", "clipped_m2": 1127.748592799413, "clipped_ha": 0.1127748592799413, "wspd": "10" }, "geometry": { "type": "Polygon", "coordinates": [ [ [ 2.4003663, 39.5935238 ], [ 2.4003768, 39.593112 ], [ 2.4003309, 39.5932338 ], [ 2.4002509, 39.5933662 ], [ 2.4002343, 39.5933128 ], [ 2.4002255, 39.5932647 ], [ 2.4002223, 39.5932225 ], [ 2.400223, 39.5931862 ], [ 2.4002264, 39.5931552 ], [ 2.4002316, 39.5931289 ], [ 2.4002377, 39.593106399999989 ], [ 2.4002445, 39.5930873 ], [ 2.4003182, 39.593044 ], [ 2.4003234, 39.5930362 ], [ 2.4003276, 39.5930298 ], [ 2.4003311, 39.5930244 ], [ 2.4003341, 39.5930198 ], [ 2.4003369, 39.5930157 ], [ 2.4003393, 39.5930119 ], [ 2.4003416, 39.5930085 ], [ 2.4003437, 39.5930053 ], [ 2.4003457, 39.5930022 ], [ 2.4003475, 39.5929991 ], [ 2.4003484, 39.5929957 ], [ 2.4003494, 39.5929922 ], [ 2.4003505, 39.5929884 ], [ 2.4003516, 39.5929844 ], [ 2.4003529, 39.5929798 ], [ 2.4003544, 39.5929747 ], [ 2.4003583, 39.5929715 ], [ 2.4003636, 39.59297 ], [ 2.4003689, 39.5929688 ], [ 2.4003743, 39.5929677 ], [ 2.4003796, 39.5929668 ], [ 2.4003849, 39.5929662 ], [ 2.4003903, 39.5929657 ], [ 2.4003957, 39.5929655 ], [ 2.4004012, 39.5929654 ], [ 2.4004068, 39.5929655 ], [ 2.4004124, 39.5929659 ], [ 2.4004182, 39.5929665 ], [ 2.4004241, 39.5929673 ], [ 2.4004302, 39.5929683 ], [ 2.4004365, 39.5929697 ], [ 2.400443, 39.5929713 ], [ 2.4004497, 39.5929733 ], [ 2.4004566, 39.5929757 ], [ 2.4004639, 39.5929785 ], [ 2.4004715, 39.5929819 ], [ 2.4004795, 39.5929857 ], [ 2.4004878, 39.5929903 ], [ 2.4004967, 39.5929956 ], [ 2.400506, 39.5930019 ], [ 2.4005159, 39.5930092 ], [ 2.4005264, 39.5930178 ], [ 2.4005375, 39.593028 ], [ 2.4005492, 39.59304 ], [ 2.4005617, 39.5930543 ], [ 2.4005748, 39.5930713 ], [ 2.4005884, 39.5930917 ], [ 2.4005279, 39.5930796 ], [ 2.4005257, 39.593091799999989 ], [ 2.4005232, 39.5931053 ], [ 2.4005205, 39.5931205 ], [ 2.4005173, 39.593138 ], [ 2.4005135, 39.5931589 ], [ 2.4005089, 39.5931844 ], [ 2.4005029, 39.5932169 ], [ 2.4004905, 39.59325 ], [ 2.4005464, 39.5935411 ], [ 2.4004883, 39.5935601 ], [ 2.4004257, 39.5935536 ], [ 2.4003663, 39.5935238 ] ] ] } },
{ "type": "Feature", "properties": { "PlotID": "MANFV26", "windspeed": 10.0, "time": "120", "clipped_m2": 5222.0152360647917, "clipped_ha": 0.5222015236064792, "wspd": "10" }, "geometry": { "type": "Polygon", "coordinates": [ [ [ 2.4007651, 39.5955906 ], [ 2.4007045, 39.5952603 ], [ 2.4005465, 39.5954438 ], [ 2.4005303, 39.5952081 ], [ 2.4008034, 39.5945727 ], [ 2.4007755, 39.5945851 ], [ 2.4007378, 39.5946019 ], [ 2.4006833, 39.5946261 ], [ 2.4005894, 39.5946701 ], [ 2.4003234, 39.5948089 ], [ 2.4003337, 39.5947424 ], [ 2.4003484, 39.594683 ], [ 2.4003663, 39.5946301 ], [ 2.4003864, 39.5945832 ], [ 2.4005542, 39.5945101 ], [ 2.4006396, 39.5944745 ], [ 2.4006884, 39.5944542 ], [ 2.4007229, 39.5944409 ], [ 2.4007513, 39.5944319 ], [ 2.4007713, 39.5944255 ], [ 2.4007864, 39.5944207 ], [ 2.4007988, 39.5944171 ], [ 2.4008132, 39.5944156 ], [ 2.4006691, 39.5943468 ], [ 2.4006866, 39.5943361 ], [ 2.4007061, 39.5943278 ], [ 2.4007258, 39.5943213 ], [ 2.4008508, 39.5944118 ], [ 2.4007614, 39.5943095 ], [ 2.4007782, 39.5943039 ], [ 2.4007945, 39.5942985 ], [ 2.4008107, 39.5942931 ], [ 2.4008271, 39.5942877 ], [ 2.4008442, 39.5942836 ], [ 2.4008616, 39.5942794 ], [ 2.4008797, 39.5942751 ], [ 2.4008988, 39.5942705 ], [ 2.4009193, 39.5942656 ], [ 2.4009416, 39.5942603 ], [ 2.4009647, 39.5942581 ], [ 2.4009896, 39.5942564 ], [ 2.4010145, 39.5942579 ], [ 2.4010383, 39.5942633 ], [ 2.4010625, 39.5942699 ], [ 2.4010873, 39.5942778 ], [ 2.4011127, 39.594287 ], [ 2.4011387, 39.5942979 ], [ 2.4011653, 39.5943104 ], [ 2.4011927, 39.5943249 ], [ 2.4012208, 39.5943416 ], [ 2.4012497, 39.5943607 ], [ 2.4012793, 39.5943827 ], [ 2.4013096, 39.5944078 ], [ 2.4013404, 39.5944366 ], [ 2.4013718, 39.5944695 ], [ 2.4012277, 39.5944845 ], [ 2.4011545, 39.5944943 ], [ 2.4011049, 39.5945009 ], [ 2.401262, 39.5945738 ], [ 2.4013162, 39.5946298 ], [ 2.4011504, 39.5945826 ], [ 2.4010044, 39.594518 ], [ 2.400989, 39.5945213 ], [ 2.4009751, 39.5945243 ], [ 2.4014633, 39.5950702 ], [ 2.4015147, 39.5952706 ], [ 2.4012587, 39.5950508 ], [ 2.4009276, 39.5945346 ], [ 2.4009166, 39.594537 ], [ 2.4011621, 39.5956082 ], [ 2.4010308, 39.5956344 ], [ 2.4008829, 39.5945457 ], [ 2.4007651, 39.5955906 ] ] ] } },
{ "type": "Feature", "properties": { "PlotID": "MANFV27", "windspeed": 10.0, "time": "120", "clipped_m2": 3283.913405698986, "clipped_ha": 0.3283913405698986, "wspd": "10" }, "geometry": { "type": "Polygon", "coordinates": [ [ [ 2.4078078, 39.601615699999989 ], [ 2.4077958, 39.601607 ], [ 2.4077851, 39.6015993 ], [ 2.4077754, 39.6015924 ], [ 2.4077663, 39.6015859 ], [ 2.4077761, 39.6015551 ], [ 2.40777, 39.6015511 ], [ 2.4077641, 39.6015472 ], [ 2.4077581, 39.6015434 ], [ 2.4077521, 39.6015394 ], [ 2.4077459, 39.6015353 ], [ 2.4077394, 39.6015311 ], [ 2.4077325, 39.6015266 ], [ 2.4077251, 39.6015217 ], [ 2.4077168, 39.6015162 ], [ 2.4077075, 39.6015101 ], [ 2.4076968, 39.6015031 ], [ 2.407684, 39.6014947 ], [ 2.4076683, 39.6014844 ], [ 2.4076481, 39.6014712 ], [ 2.407621, 39.6014534 ], [ 2.4075711, 39.6014246 ], [ 2.4074779, 39.6013715 ], [ 2.4074093, 39.6013116 ], [ 2.4074442, 39.6012914 ], [ 2.4074846, 39.6012772 ], [ 2.407513, 39.6012573 ], [ 2.407771, 39.6014485 ], [ 2.4077957, 39.6014665 ], [ 2.4078055, 39.6014737 ], [ 2.4078109, 39.6014776 ], [ 2.4078143, 39.6014801 ], [ 2.4078167, 39.6014818 ], [ 2.4078185, 39.6014831 ], [ 2.4078199, 39.6014842 ], [ 2.407821, 39.601485 ], [ 2.407822, 39.6014857 ], [ 2.4078229, 39.6014863 ], [ 2.4078237, 39.6014869 ], [ 2.4078243, 39.6014874 ], [ 2.407825, 39.6014879 ], [ 2.4078256, 39.6014883 ], [ 2.4078262, 39.6014887 ], [ 2.4078267, 39.601489199999989 ], [ 2.4078273, 39.6014896 ], [ 2.4078279, 39.60149 ], [ 2.4078284, 39.6014904 ], [ 2.407829, 39.6014908 ], [ 2.4078297, 39.6014913 ], [ 2.4078303, 39.6014918 ], [ 2.4078311, 39.6014923 ], [ 2.4078319, 39.6014929 ], [ 2.4078328, 39.6014936 ], [ 2.4078339, 39.6014944 ], [ 2.4078352, 39.6014953 ], [ 2.4078368, 39.6014965 ], [ 2.407839, 39.6014981 ], [ 2.4078419, 39.6015002 ], [ 2.4078463, 39.6015034 ], [ 2.4078542, 39.6015091 ], [ 2.4078833, 39.6015279 ], [ 2.4090473, 39.6022861 ], [ 2.4088095, 39.602255 ], [ 2.4087194, 39.6023181 ], [ 2.4086338, 39.6023872 ], [ 2.4084991, 39.6023973 ], [ 2.4079661, 39.6017334 ], [ 2.4079172, 39.601697 ], [ 2.4078831, 39.6016717 ], [ 2.4078577, 39.6016528 ], [ 2.4078378, 39.601638 ], [ 2.4078215, 39.6016259 ], [ 2.4078078, 39.601615699999989 ] ] ] } },
{ "type": "Feature", "properties": { "PlotID": "MANFV28", "windspeed": 10.0, "time": "120", "clipped_m2": 1481.6132140926784, "clipped_ha": 0.14816132140926783, "wspd": "10" }, "geometry": { "type": "Polygon", "coordinates": [ [ [ 2.4019365, 39.6026506 ], [ 2.4019133, 39.6026224 ], [ 2.4018942, 39.602599 ], [ 2.4019015, 39.6025294 ], [ 2.4018934, 39.6025129 ], [ 2.4018865, 39.602499 ], [ 2.4018805, 39.6024869 ], [ 2.4018752, 39.6024762 ], [ 2.4018704, 39.6024664 ], [ 2.4018659, 39.6024574 ], [ 2.4018601, 39.6024498 ], [ 2.4018536, 39.6024426 ], [ 2.4018471, 39.6024353 ], [ 2.4018404, 39.6024277 ], [ 2.4017149, 39.6024442 ], [ 2.4017278, 39.6024247 ], [ 2.4017408, 39.6024074 ], [ 2.4017537, 39.6023922 ], [ 2.4017665, 39.6023787 ], [ 2.4017791, 39.6023667 ], [ 2.4017915, 39.602356 ], [ 2.4018038, 39.6023465 ], [ 2.4018159, 39.602338 ], [ 2.4018279, 39.6023304 ], [ 2.4018397, 39.6023237 ], [ 2.4018514, 39.6023176 ], [ 2.401863, 39.6023123 ], [ 2.4018745, 39.602307599999989 ], [ 2.4018859, 39.6023034 ], [ 2.4018973, 39.6022997 ], [ 2.4019087, 39.6022966 ], [ 2.4019202, 39.6022939 ], [ 2.4019316, 39.6022917 ], [ 2.4019431, 39.6022899 ], [ 2.4019548, 39.6022886 ], [ 2.4019665, 39.6022877 ], [ 2.4019784, 39.6022872 ], [ 2.4019905, 39.6022872 ], [ 2.4019987, 39.6022996 ], [ 2.4020042, 39.602312399999988 ], [ 2.4020086, 39.6023227 ], [ 2.4020122, 39.6023312 ], [ 2.4020153, 39.6023385 ], [ 2.4020181, 39.6023449 ], [ 2.4020205, 39.6023507 ], [ 2.4020228, 39.6023559 ], [ 2.4020249, 39.6023609 ], [ 2.4020269, 39.6023655 ], [ 2.4020288, 39.60237 ], [ 2.4020307, 39.6023744 ], [ 2.4020326, 39.6023788 ], [ 2.4020345, 39.6023833 ], [ 2.4020365, 39.6023878 ], [ 2.4020386, 39.6023926 ], [ 2.4020408, 39.6023976 ], [ 2.4020432, 39.6024031 ], [ 2.4020458, 39.6024091 ], [ 2.4020487, 39.6024158 ], [ 2.4020521, 39.6024236 ], [ 2.4020561, 39.6024328 ], [ 2.402061, 39.602444 ], [ 2.4020672, 39.6024582 ], [ 2.4020754, 39.6024772 ], [ 2.4020875, 39.6025046 ], [ 2.4021103, 39.6025522 ], [ 2.4021562, 39.602648 ], [ 2.4024121, 39.6031355 ], [ 2.4023521, 39.6032171 ], [ 2.4021218, 39.6028446 ], [ 2.4020535, 39.6027792 ], [ 2.4020031, 39.6027251 ], [ 2.4019656, 39.6026848 ], [ 2.4019365, 39.6026506 ] ] ] } },
{ "type": "Feature", "properties": { "PlotID": "MANFV29", "windspeed": 10.0, "time": "120", "clipped_m2": 6453.8422608415131, "clipped_ha": 0.64538422608415136, "wspd": "10" }, "geometry": { "type": "Polygon", "coordinates": [ [ [ 2.4101604, 39.60489 ], [ 2.4099366, 39.6060711 ], [ 2.4097818, 39.6058903 ], [ 2.4101194, 39.6044802 ], [ 2.4100865, 39.60451 ], [ 2.4095426, 39.6053348 ], [ 2.4095184, 39.6051779 ], [ 2.4095112, 39.6050399 ], [ 2.4095162, 39.6049198 ], [ 2.4097593, 39.6046446 ], [ 2.4097801, 39.6045816 ], [ 2.4098194, 39.60452 ], [ 2.4098419, 39.6044775 ], [ 2.4098599, 39.6044434 ], [ 2.409876, 39.6044147 ], [ 2.4098968, 39.6043888 ], [ 2.4099141, 39.6043673 ], [ 2.4099447, 39.6043479 ], [ 2.4099694, 39.6043328 ], [ 2.4099971, 39.6043213 ], [ 2.4098086, 39.6042807 ], [ 2.4098336, 39.6042602 ], [ 2.4098582, 39.604242 ], [ 2.4098824, 39.6042259 ], [ 2.4099061, 39.6042115 ], [ 2.4099295, 39.604198599999989 ], [ 2.4099526, 39.6041873 ], [ 2.4099754, 39.6041772 ], [ 2.4099981, 39.6041683 ], [ 2.4100205, 39.6041605 ], [ 2.4100429, 39.6041538 ], [ 2.4100652, 39.6041479 ], [ 2.4100874, 39.604143 ], [ 2.4101098, 39.604139 ], [ 2.4101323, 39.6041358 ], [ 2.4101549, 39.6041335 ], [ 2.4101778, 39.604132 ], [ 2.4102007, 39.6041328 ], [ 2.4102207, 39.6041464 ], [ 2.4102387, 39.6041587 ], [ 2.4102535, 39.6041737 ], [ 2.4102667, 39.6041872 ], [ 2.4102809, 39.6041969 ], [ 2.4102984, 39.6042023 ], [ 2.4103421, 39.6041853 ], [ 2.4104058, 39.6041618 ], [ 2.4104353, 39.6041715 ], [ 2.4104659, 39.6041829 ], [ 2.4104979, 39.6041964 ], [ 2.4105314, 39.6042123 ], [ 2.4105665, 39.6042309 ], [ 2.4106035, 39.6042527 ], [ 2.4104343, 39.6043037 ], [ 2.4106141, 39.6043118 ], [ 2.4105804, 39.6043412 ], [ 2.4105256, 39.6043643 ], [ 2.410473, 39.6043808 ], [ 2.4104389, 39.6043946 ], [ 2.4105493, 39.6044474 ], [ 2.4107636, 39.6045585 ], [ 2.4106925, 39.6045772 ], [ 2.4106384, 39.6045973 ], [ 2.4104265, 39.6045061 ], [ 2.410403, 39.6045199 ], [ 2.4103825, 39.6045358 ], [ 2.4103642, 39.604554899999989 ], [ 2.4103448, 39.6045754 ], [ 2.4103326, 39.6046129 ], [ 2.4103204, 39.6046668 ], [ 2.4102874, 39.6046908 ], [ 2.4102545, 39.6047341 ], [ 2.4102169, 39.6048217 ], [ 2.4101604, 39.60489 ] ] ] } },
{ "type": "Feature", "properties": { "PlotID": "MANFV01", "windspeed": 20.0, "time": "120", "clipped_m2": 3718.2577244485728, "clipped_ha": 0.37182577244485726, "wspd": "20" }, "geometry": { "type": "Polygon", "coordinates": [ [ [ 2.4127132, 39.600056 ], [ 2.412645, 39.6000012 ], [ 2.4127312, 39.5994792 ], [ 2.4126123, 39.5997237 ], [ 2.4125178, 39.59981 ], [ 2.412523, 39.5997139 ], [ 2.4124861, 39.5996946 ], [ 2.4124807, 39.5996447 ], [ 2.4124801, 39.5996 ], [ 2.4124832, 39.5995604 ], [ 2.4124889, 39.5995253 ], [ 2.4124965, 39.5994944 ], [ 2.4125055, 39.599467 ], [ 2.4125155, 39.5994428 ], [ 2.4125611, 39.5994133 ], [ 2.4125371, 39.5994024 ], [ 2.4125483, 39.5993856 ], [ 2.4125598, 39.5993705 ], [ 2.4125712, 39.5993571 ], [ 2.4125827, 39.5993451 ], [ 2.4125942, 39.5993344 ], [ 2.4126055, 39.5993248 ], [ 2.4126169, 39.5993161 ], [ 2.4126281, 39.5993084 ], [ 2.4126393, 39.5993015 ], [ 2.4126505, 39.5992952 ], [ 2.4126615, 39.5992897 ], [ 2.4126726, 39.5992847 ], [ 2.4126836, 39.5992803 ], [ 2.4126947, 39.5992764 ], [ 2.4127058, 39.5992731 ], [ 2.4127169, 39.5992701 ], [ 2.4127281, 39.5992677 ], [ 2.4127393, 39.5992657 ], [ 2.4127507, 39.5992641 ], [ 2.4127622, 39.5992629 ], [ 2.4127739, 39.5992622 ], [ 2.4127858, 39.599261899999988 ], [ 2.4127979, 39.5992621 ], [ 2.4128103, 39.5992628 ], [ 2.412823, 39.599264 ], [ 2.4128361, 39.5992657 ], [ 2.4128495, 39.599268 ], [ 2.4128633, 39.599271 ], [ 2.4128776, 39.5992747 ], [ 2.4128924, 39.5992792 ], [ 2.4129078, 39.5992845 ], [ 2.4129238, 39.5992909 ], [ 2.4129404, 39.5992984 ], [ 2.4129578, 39.5993072 ], [ 2.4129759, 39.5993176 ], [ 2.4129949, 39.5993296 ], [ 2.4130147, 39.5993437 ], [ 2.4130354, 39.5993602 ], [ 2.4130568, 39.5993793 ], [ 2.413079, 39.5994017 ], [ 2.4131019, 39.5994279 ], [ 2.413125, 39.599458299999988 ], [ 2.4128461, 39.5993928 ], [ 2.4131702, 39.599535 ], [ 2.4131907, 39.5995826 ], [ 2.4132081, 39.5996369 ], [ 2.4129713, 39.5995162 ], [ 2.413148, 39.5996987 ], [ 2.4130829, 39.5996959 ], [ 2.413201, 39.5999127 ], [ 2.4131663, 39.599984 ], [ 2.4131144, 39.6000462 ], [ 2.4129356, 39.5998057 ], [ 2.4129658, 39.600118 ], [ 2.4128789, 39.6001193 ], [ 2.4127927, 39.6000973 ], [ 2.4127132, 39.600056 ] ] ] } },
{ "type": "Feature", "properties": { "PlotID": "MANFV02", "windspeed": 20.0, "time": "120", "clipped_m2": 5032.6772665362805, "clipped_ha": 0.50326772665362807, "wspd": "20" }, "geometry": { "type": "Polygon", "coordinates": [ [ [ 2.410098, 39.5967397 ], [ 2.4098876, 39.5975466 ], [ 2.4098887, 39.5971954 ], [ 2.409913, 39.5969674 ], [ 2.4099361, 39.5968321 ], [ 2.4099562, 39.596746 ], [ 2.4099733, 39.596688199999988 ], [ 2.4099878, 39.5966475 ], [ 2.4100004, 39.5966179 ], [ 2.4100112, 39.5965957 ], [ 2.4100207, 39.5965786 ], [ 2.4100291, 39.5965651 ], [ 2.4100366, 39.5965544 ], [ 2.4100433, 39.5965457 ], [ 2.4100494, 39.5965385 ], [ 2.410055, 39.596532599999989 ], [ 2.4100602, 39.5965276 ], [ 2.4100649, 39.5965233 ], [ 2.4100694, 39.5965197 ], [ 2.4100735, 39.5965166 ], [ 2.4100775, 39.5965139 ], [ 2.4100812, 39.5965116 ], [ 2.4100847, 39.5965096 ], [ 2.4100881, 39.5965078 ], [ 2.4100914, 39.5965063 ], [ 2.4100946, 39.5965049 ], [ 2.4100976, 39.5965038 ], [ 2.4101006, 39.5965028 ], [ 2.4101035, 39.5965019 ], [ 2.4101063, 39.5965011 ], [ 2.4101091, 39.5965005 ], [ 2.4101119, 39.5965 ], [ 2.4101147, 39.5964996 ], [ 2.4101174, 39.5964992 ], [ 2.4101202, 39.596499 ], [ 2.4101229, 39.5964989 ], [ 2.4101257, 39.5964988 ], [ 2.4101285, 39.5964989 ], [ 2.4101314, 39.596499 ], [ 2.4101343, 39.5964993 ], [ 2.4101373, 39.5964996 ], [ 2.4101403, 39.5965001 ], [ 2.4101435, 39.5965007 ], [ 2.4101467, 39.5965015 ], [ 2.4101501, 39.5965024 ], [ 2.4101537, 39.5965035 ], [ 2.4101574, 39.5965047 ], [ 2.4101614, 39.5965063 ], [ 2.4101655, 39.5965081 ], [ 2.41017, 39.5965102 ], [ 2.4101748, 39.5965127 ], [ 2.41018, 39.5965157 ], [ 2.4101856, 39.5965192 ], [ 2.4101918, 39.5965235 ], [ 2.4101986, 39.5965286 ], [ 2.4102062, 39.5965349 ], [ 2.4102148, 39.5965426 ], [ 2.4102245, 39.5965521 ], [ 2.4102357, 39.5965643 ], [ 2.4102489, 39.5965799 ], [ 2.4102645, 39.5966003 ], [ 2.4102833, 39.5966279 ], [ 2.4103067, 39.596666 ], [ 2.4103363, 39.5967208 ], [ 2.4103751, 39.5968029 ], [ 2.4104276, 39.5969332 ], [ 2.4105019, 39.5971546 ], [ 2.4106101, 39.5975639 ], [ 2.4107628, 39.598382 ], [ 2.4104345, 39.5979027 ], [ 2.4102146, 39.597349 ], [ 2.4101226, 39.5966768 ], [ 2.410098, 39.5967397 ] ] ] } },
{ "type": "Feature", "properties": { "PlotID": "MANFV03", "windspeed": 20.0, "time": "120", "clipped_m2": 11948.953112177551, "clipped_ha": 1.1948953112177552, "wspd": "20" }, "geometry": { "type": "Polygon", "coordinates": [ [ [ 2.4074566, 39.5961938 ], [ 2.4072566, 39.596961199999988 ], [ 2.4073116, 39.5960186 ], [ 2.4072639, 39.5959373 ], [ 2.4070874, 39.596147 ], [ 2.4071064, 39.5959511 ], [ 2.4071311, 39.5958095 ], [ 2.4071568, 39.5957055 ], [ 2.4071816, 39.5956278 ], [ 2.4072046, 39.5955686 ], [ 2.4072258, 39.595522599999988 ], [ 2.4074055, 39.5954029 ], [ 2.4073987, 39.5953992 ], [ 2.4073911, 39.5953951 ], [ 2.4073834, 39.5953905 ], [ 2.4073773, 39.5953847 ], [ 2.4073708, 39.5953785 ], [ 2.4073635, 39.5953716 ], [ 2.4073553, 39.5953638 ], [ 2.4073525, 39.5953553 ], [ 2.4073622, 39.5953481 ], [ 2.4073713, 39.5953419 ], [ 2.40738, 39.5953366 ], [ 2.4073884, 39.5953319 ], [ 2.4073963, 39.5953278 ], [ 2.407404, 39.5953243 ], [ 2.4074115, 39.5953212 ], [ 2.4074187, 39.5953185 ], [ 2.4074257, 39.5953162 ], [ 2.4074326, 39.5953142 ], [ 2.4074394, 39.5953125 ], [ 2.4074461, 39.5953111 ], [ 2.4074526, 39.5953099 ], [ 2.4074592, 39.595309 ], [ 2.4074657, 39.5953083 ], [ 2.4074722, 39.5953078 ], [ 2.4074787, 39.5953076 ], [ 2.4074853, 39.5953076 ], [ 2.407492, 39.5953078 ], [ 2.4074987, 39.5953083 ], [ 2.4075055, 39.595309 ], [ 2.4075125, 39.59531 ], [ 2.4075197, 39.5953112 ], [ 2.4075271, 39.5953128 ], [ 2.4075347, 39.5953147 ], [ 2.4075426, 39.595317 ], [ 2.4075509, 39.5953197 ], [ 2.4075595, 39.5953229 ], [ 2.4075686, 39.5953267 ], [ 2.4075781, 39.5953311 ], [ 2.4075883, 39.5953362 ], [ 2.4075991, 39.5953423 ], [ 2.4076107, 39.5953495 ], [ 2.4076232, 39.5953579 ], [ 2.4076368, 39.595368 ], [ 2.4076516, 39.5953801 ], [ 2.4076679, 39.5953946 ], [ 2.4076859, 39.5954122 ], [ 2.407706, 39.5954339 ], [ 2.4077285, 39.5954609 ], [ 2.407754, 39.5954948 ], [ 2.407783, 39.5955381 ], [ 2.4078162, 39.595594399999989 ], [ 2.4078543, 39.5956688 ], [ 2.407898, 39.5957691 ], [ 2.4079298, 39.5958867 ], [ 2.4080004, 39.5960989 ], [ 2.4080511, 39.596367699999988 ], [ 2.4078629, 39.5962374 ], [ 2.4080607, 39.5971904 ], [ 2.4079356, 39.597631799999988 ], [ 2.4076945, 39.5978359 ], [ 2.4074566, 39.5961938 ] ] ] } },
{ "type": "Feature", "properties": { "PlotID": "MANFV04", "windspeed": 20.0, "time": "120", "clipped_m2": 903.82440424757078, "clipped_ha": 0.090382440424757085, "wspd": "20" }, "geometry": { "type": "Polygon", "coordinates": [ [ [ 2.4051151, 39.5902111 ], [ 2.4051094, 39.5901537 ], [ 2.4051083, 39.5901253 ], [ 2.4051087, 39.5901092 ], [ 2.4051095, 39.5900993 ], [ 2.4051104, 39.5900927 ], [ 2.4051113, 39.5900881 ], [ 2.4051121, 39.5900848 ], [ 2.4051129, 39.5900823 ], [ 2.4051136, 39.5900804 ], [ 2.4051143, 39.5900789 ], [ 2.4051149, 39.5900777 ], [ 2.4051154, 39.5900767 ], [ 2.405116, 39.5900759 ], [ 2.4051164, 39.5900752 ], [ 2.4051169, 39.5900746 ], [ 2.4051173, 39.5900741 ], [ 2.4051177, 39.5900737 ], [ 2.4051181, 39.5900733 ], [ 2.4051185, 39.590073 ], [ 2.4051188, 39.5900727 ], [ 2.4051192, 39.5900725 ], [ 2.4051195, 39.5900723 ], [ 2.4051198, 39.5900721 ], [ 2.4051201, 39.5900719 ], [ 2.4051204, 39.5900718 ], [ 2.4051207, 39.5900716 ], [ 2.405121, 39.5900715 ], [ 2.4051213, 39.5900714 ], [ 2.4051215, 39.5900713 ], [ 2.4051218, 39.5900712 ], [ 2.4051221, 39.5900711 ], [ 2.4051224, 39.5900711 ], [ 2.4051227, 39.590071 ], [ 2.4051229, 39.590071 ], [ 2.4051232, 39.5900709 ], [ 2.4051235, 39.5900709 ], [ 2.4051238, 39.5900709 ], [ 2.4051241, 39.5900709 ], [ 2.4051244, 39.5900709 ], [ 2.4051248, 39.5900709 ], [ 2.4051251, 39.590071 ], [ 2.4051255, 39.590071 ], [ 2.4051258, 39.5900711 ], [ 2.4051262, 39.5900711 ], [ 2.4051266, 39.5900712 ], [ 2.4051271, 39.5900713 ], [ 2.4051275, 39.5900715 ], [ 2.405128, 39.590071699999989 ], [ 2.4051286, 39.5900719 ], [ 2.4051292, 39.5900721 ], [ 2.4051298, 39.5900724 ], [ 2.4051306, 39.5900728 ], [ 2.4051314, 39.5900733 ], [ 2.4051323, 39.5900739 ], [ 2.4051333, 39.5900746 ], [ 2.4051345, 39.5900755 ], [ 2.4051359, 39.5900766 ], [ 2.4051376, 39.5900781 ], [ 2.4051397, 39.5900802 ], [ 2.4051422, 39.5900829 ], [ 2.4051455, 39.5900868 ], [ 2.4051499, 39.5900925 ], [ 2.405156, 39.5901012 ], [ 2.4051649, 39.5901157 ], [ 2.4051793, 39.5901419 ], [ 2.4052051, 39.5901958 ], [ 2.4052602, 39.5903312 ], [ 2.4054036, 39.5907684 ], [ 2.4053434, 39.5908523 ], [ 2.4052434, 39.5907955 ], [ 2.405138, 39.5903519 ], [ 2.4051151, 39.5902111 ] ] ] } },
{ "type": "Feature", "properties": { "PlotID": "MANFV05", "windspeed": 20.0, "time": "120", "clipped_m2": 3590.6822725720704, "clipped_ha": 0.35906822725720705, "wspd": "20" }, "geometry": { "type": "Polygon", "coordinates": [ [ [ 2.4084772, 39.5912122 ], [ 2.408488, 39.5908769 ], [ 2.408477, 39.590874 ], [ 2.4084663, 39.5908712 ], [ 2.4084555, 39.5908683 ], [ 2.4084446, 39.5908655 ], [ 2.4084485, 39.5908445 ], [ 2.4084527, 39.5908288 ], [ 2.4084564, 39.590817 ], [ 2.4084599, 39.590808 ], [ 2.4084631, 39.5908008 ], [ 2.408466, 39.5907951 ], [ 2.4084687, 39.5907904 ], [ 2.4084712, 39.5907866 ], [ 2.4084735, 39.5907834 ], [ 2.4084757, 39.5907806 ], [ 2.4084777, 39.5907783 ], [ 2.4084796, 39.5907763 ], [ 2.4084814, 39.5907746 ], [ 2.4084832, 39.5907731 ], [ 2.4084848, 39.5907718 ], [ 2.4084864, 39.5907706 ], [ 2.4084879, 39.5907696 ], [ 2.4084894, 39.5907687 ], [ 2.4084909, 39.5907679 ], [ 2.4084923, 39.5907671 ], [ 2.4084937, 39.5907665 ], [ 2.408495, 39.5907659 ], [ 2.4084964, 39.5907654 ], [ 2.4084977, 39.590765 ], [ 2.408499, 39.5907646 ], [ 2.4085004, 39.5907643 ], [ 2.4085017, 39.590764 ], [ 2.408503, 39.5907637 ], [ 2.4085044, 39.5907635 ], [ 2.4085057, 39.5907634 ], [ 2.4085071, 39.5907633 ], [ 2.4085085, 39.5907632 ], [ 2.40851, 39.5907632 ], [ 2.4085115, 39.5907632 ], [ 2.408513, 39.5907633 ], [ 2.4085146, 39.5907635 ], [ 2.4085163, 39.5907637 ], [ 2.408518, 39.5907639 ], [ 2.4085199, 39.5907643 ], [ 2.4085218, 39.5907648 ], [ 2.4085239, 39.5907653 ], [ 2.4085261, 39.590766 ], [ 2.4085285, 39.5907668 ], [ 2.408531, 39.5907678 ], [ 2.4085338, 39.590769 ], [ 2.4085369, 39.5907705 ], [ 2.4085403, 39.5907723 ], [ 2.4085441, 39.5907745 ], [ 2.4085484, 39.5907773 ], [ 2.4085534, 39.5907807 ], [ 2.408559, 39.590785 ], [ 2.4085657, 39.5907905 ], [ 2.4085736, 39.5907977 ], [ 2.4085833, 39.5908072 ], [ 2.4085954, 39.5908203 ], [ 2.4086108, 39.5908387 ], [ 2.4086313, 39.5908656 ], [ 2.4086599, 39.5909073 ], [ 2.4086454, 39.5909181 ], [ 2.4086152, 39.5909102 ], [ 2.4087038, 39.5910748 ], [ 2.4091543, 39.5920132 ], [ 2.4086181, 39.5910577 ], [ 2.4106864, 39.5986742 ], [ 2.4085498, 39.5910476 ], [ 2.4085681, 39.59211 ], [ 2.4084772, 39.5912122 ] ] ] } },
{ "type": "Feature", "properties": { "PlotID": "MANFV06", "windspeed": 20.0, "time": "120", "clipped_m2": 55176.216046707239, "clipped_ha": 5.5176216046707243, "wspd": "20" }, "geometry": { "type": "Polygon", "coordinates": [ [ [ 2.4153291, 39.5858568 ], [ 2.4150906, 39.5856476 ], [ 2.4149015, 39.5854135 ], [ 2.4147606, 39.585174 ], [ 2.4150954, 39.5841713 ], [ 2.4145998, 39.5847274 ], [ 2.4145651, 39.5845319 ], [ 2.4145517, 39.5843571 ], [ 2.4145542, 39.5842024 ], [ 2.4145683, 39.5840662 ], [ 2.4145907, 39.5839466 ], [ 2.4146191, 39.5838416 ], [ 2.4146515, 39.5837493 ], [ 2.4148205, 39.5836273 ], [ 2.4147834, 39.5835829 ], [ 2.4147613, 39.5835334 ], [ 2.4147998, 39.5834774 ], [ 2.4148386, 39.5834277 ], [ 2.4148773, 39.5833834 ], [ 2.4149159, 39.5833439 ], [ 2.4149542, 39.5833086 ], [ 2.4149922, 39.583277 ], [ 2.4150299, 39.5832487 ], [ 2.4150673, 39.5832233 ], [ 2.4151044, 39.5832006 ], [ 2.4151412, 39.5831802 ], [ 2.4151778, 39.5831621 ], [ 2.4152143, 39.5831459 ], [ 2.4152507, 39.5831315 ], [ 2.4152871, 39.583118899999988 ], [ 2.4153235, 39.5831079 ], [ 2.41536, 39.5830984 ], [ 2.4153967, 39.5830904 ], [ 2.4154338, 39.5830838 ], [ 2.4154711, 39.5830786 ], [ 2.415509, 39.5830749 ], [ 2.4155474, 39.5830725 ], [ 2.4155865, 39.5830716 ], [ 2.4156264, 39.5830722 ], [ 2.4156671, 39.5830744 ], [ 2.4157089, 39.5830783 ], [ 2.4157518, 39.5830839 ], [ 2.415796, 39.5830914 ], [ 2.4158416, 39.5831011 ], [ 2.4158888, 39.5831131 ], [ 2.4159378, 39.5831277 ], [ 2.4159888, 39.5831453 ], [ 2.4160419, 39.5831662 ], [ 2.4160974, 39.5831908 ], [ 2.4161554, 39.5832198 ], [ 2.4159757, 39.5833091 ], [ 2.41628, 39.5832937 ], [ 2.4160057, 39.5833706 ], [ 2.416417, 39.5833951 ], [ 2.4164904, 39.5834591 ], [ 2.4165669, 39.5835342 ], [ 2.4166461, 39.5836222 ], [ 2.4167273, 39.5837255 ], [ 2.4168092, 39.5838465 ], [ 2.4168898, 39.5839881 ], [ 2.4169659, 39.584153 ], [ 2.4170329, 39.5843434 ], [ 2.4170842, 39.5845605 ], [ 2.417111, 39.5848031 ], [ 2.4171026, 39.5850661 ], [ 2.4170471, 39.5853388 ], [ 2.4169336, 39.5856036 ], [ 2.4167559, 39.5858365 ], [ 2.4165168, 39.586011 ], [ 2.41623, 39.5861045 ], [ 2.4159187, 39.5861054 ], [ 2.4156104, 39.5860173 ], [ 2.4153291, 39.5858568 ] ] ] } },
{ "type": "Feature", "properties": { "PlotID": "MANFV07", "windspeed": 20.0, "time": "120", "clipped_m2": 284412.9143473804, "clipped_ha": 28.441291434738041, "wspd": "20" }, "geometry": { "type": "Polygon", "coordinates": [ [ [ 2.4086369, 39.5852847 ], [ 2.4085391, 39.5843576 ], [ 2.4085187, 39.583889 ], [ 2.408523, 39.5836216 ], [ 2.4085355, 39.5834551 ], [ 2.4086035, 39.5832657 ], [ 2.4085651, 39.583267 ], [ 2.4085793, 39.5832108 ], [ 2.4085924, 39.5831686 ], [ 2.4086045, 39.583136 ], [ 2.4086157, 39.5831104 ], [ 2.4086259, 39.5830898 ], [ 2.4086354, 39.583073 ], [ 2.4086442, 39.5830592 ], [ 2.4086525, 39.5830476 ], [ 2.4086601, 39.5830377 ], [ 2.4086674, 39.5830293 ], [ 2.4086742, 39.5830221 ], [ 2.4086807, 39.5830159 ], [ 2.4086869, 39.5830104 ], [ 2.4086928, 39.5830056 ], [ 2.4086985, 39.5830014 ], [ 2.408704, 39.5829977 ], [ 2.4087093, 39.5829944 ], [ 2.4087145, 39.5829914 ], [ 2.4087195, 39.5829888 ], [ 2.4087245, 39.5829865 ], [ 2.4087294, 39.5829844 ], [ 2.4087342, 39.5829826 ], [ 2.408739, 39.582981 ], [ 2.4087438, 39.5829796 ], [ 2.4087485, 39.5829783 ], [ 2.4087533, 39.5829772 ], [ 2.4087581, 39.5829763 ], [ 2.4087629, 39.5829756 ], [ 2.4087678, 39.582975 ], [ 2.4087728, 39.5829746 ], [ 2.4087779, 39.5829744 ], [ 2.4087831, 39.5829743 ], [ 2.4087885, 39.5829744 ], [ 2.408794, 39.5829747 ], [ 2.4087998, 39.5829752 ], [ 2.4088058, 39.5829759 ], [ 2.4088121, 39.5829769 ], [ 2.4088187, 39.5829782 ], [ 2.4088207, 39.5829833 ], [ 2.4088143, 39.5829929 ], [ 2.4088412, 39.5829842 ], [ 2.4088067, 39.5830044 ], [ 2.4088041, 39.5830082 ], [ 2.4088691, 39.582995 ], [ 2.4088802, 39.5830003 ], [ 2.4088925, 39.5830067 ], [ 2.4089063, 39.5830146 ], [ 2.4089218, 39.5830244 ], [ 2.4089395, 39.5830365 ], [ 2.40896, 39.5830519 ], [ 2.408984, 39.5830715 ], [ 2.4090126, 39.5830971 ], [ 2.4090474, 39.5831312 ], [ 2.4090907, 39.5831777 ], [ 2.4091461, 39.5832431 ], [ 2.4092195, 39.5833388 ], [ 2.4093211, 39.5834859 ], [ 2.4094699, 39.5837273 ], [ 2.4097052, 39.5841594 ], [ 2.4101188, 39.5850327 ], [ 2.4109556, 39.5871229 ], [ 2.4128259, 39.5930358 ], [ 2.4141247, 39.6018689 ], [ 2.410516, 39.5934286 ], [ 2.4090097, 39.5874538 ], [ 2.4086369, 39.5852847 ] ] ] } },
{ "type": "Feature", "properties": { "PlotID": "MANFV08", "windspeed": 20.0, "time": "120", "clipped_m2": 1478.3201015070081, "clipped_ha": 0.1478320101507008, "wspd": "20" }, "geometry": { "type": "Polygon", "coordinates": [ [ [ 2.4202208, 39.6016075 ], [ 2.4202147, 39.6016091 ], [ 2.420208, 39.601611 ], [ 2.4202005, 39.601613 ], [ 2.4201918, 39.6016154 ], [ 2.4201816, 39.6016182 ], [ 2.4199382, 39.6018878 ], [ 2.4201534, 39.6016259 ], [ 2.4201324, 39.6016317 ], [ 2.4201026, 39.6016398 ], [ 2.4200558, 39.6016526 ], [ 2.4199915, 39.6016662 ], [ 2.419882, 39.6016872 ], [ 2.4198957, 39.6016555 ], [ 2.4199102, 39.6016275 ], [ 2.4199251, 39.6016026 ], [ 2.4199403, 39.6015806 ], [ 2.4200222, 39.6015601 ], [ 2.4200776, 39.6015492 ], [ 2.4201082, 39.6015428 ], [ 2.4201287, 39.6015385 ], [ 2.4201437, 39.6015354 ], [ 2.4201553, 39.601533 ], [ 2.4201646, 39.6015311 ], [ 2.4201723, 39.6015295 ], [ 2.420179, 39.6015281 ], [ 2.4201848, 39.6015269 ], [ 2.4201901, 39.6015258 ], [ 2.4201949, 39.6015248 ], [ 2.4201994, 39.6015239 ], [ 2.4202037, 39.601523 ], [ 2.4202079, 39.6015222 ], [ 2.4202119, 39.6015214 ], [ 2.420216, 39.6015205 ], [ 2.4202201, 39.6015197 ], [ 2.4202243, 39.6015188 ], [ 2.4202287, 39.6015179 ], [ 2.4202333, 39.601517 ], [ 2.4202684, 39.6014218 ], [ 2.4202845, 39.6014228 ], [ 2.4203011, 39.6014244 ], [ 2.4203181, 39.6014267 ], [ 2.4202657, 39.6015103 ], [ 2.4202761, 39.6015082 ], [ 2.4202893, 39.601505499999988 ], [ 2.4203068, 39.6015018 ], [ 2.4203302, 39.6014977 ], [ 2.4203649, 39.6014917 ], [ 2.420424, 39.6014816 ], [ 2.4204769, 39.6014817 ], [ 2.4205006, 39.6014954 ], [ 2.4205254, 39.6015113 ], [ 2.4205513, 39.6015299 ], [ 2.4205303, 39.6015523 ], [ 2.4204368, 39.601568 ], [ 2.4203886, 39.6015767 ], [ 2.4203579, 39.6015823 ], [ 2.4203362, 39.6015863 ], [ 2.4203197, 39.6015893 ], [ 2.4203067, 39.6015917 ], [ 2.4206416, 39.6017731 ], [ 2.4202868, 39.6015953 ], [ 2.4202788, 39.6015968 ], [ 2.4202717, 39.6015981 ], [ 2.4202652, 39.6015993 ], [ 2.4202592, 39.6016004 ], [ 2.4202535, 39.6016015 ], [ 2.4206853, 39.6024778 ], [ 2.4205933, 39.6025414 ], [ 2.4202903, 39.6018128 ], [ 2.4202966, 39.6020711 ], [ 2.4202322, 39.6018279 ], [ 2.4202208, 39.6016075 ] ] ] } },
{ "type": "Feature", "properties": { "PlotID": "MANFV09", "windspeed": 20.0, "time": "120", "clipped_m2": 844.38138286210597, "clipped_ha": 0.084438138286210593, "wspd": "20" }, "geometry": { "type": "Polygon", "coordinates": [ [ [ 2.4128511, 39.600569899999989 ], [ 2.412847, 39.6005144 ], [ 2.4128466, 39.6004873 ], [ 2.4128473, 39.6004721 ], [ 2.4128482, 39.6004627 ], [ 2.4128492, 39.6004566 ], [ 2.4128501, 39.6004523 ], [ 2.412851, 39.6004492 ], [ 2.4128518, 39.6004469 ], [ 2.4128525, 39.6004451 ], [ 2.4128531, 39.6004437 ], [ 2.4128537, 39.6004425 ], [ 2.4128543, 39.600441599999989 ], [ 2.4128548, 39.6004409 ], [ 2.4128553, 39.6004402 ], [ 2.4128557, 39.6004397 ], [ 2.4128561, 39.6004392 ], [ 2.4128565, 39.6004388 ], [ 2.4128568, 39.6004385 ], [ 2.4128572, 39.6004382 ], [ 2.4128575, 39.600438 ], [ 2.4128578, 39.6004377 ], [ 2.4128581, 39.6004375 ], [ 2.4128584, 39.6004373 ], [ 2.4128587, 39.6004372 ], [ 2.412859, 39.6004371 ], [ 2.4128593, 39.6004369 ], [ 2.4128596, 39.6004368 ], [ 2.4128598, 39.6004367 ], [ 2.4128601, 39.6004366 ], [ 2.4128604, 39.6004366 ], [ 2.4128606, 39.6004365 ], [ 2.4128609, 39.6004364 ], [ 2.4128611, 39.6004364 ], [ 2.4128614, 39.6004364 ], [ 2.4128617, 39.6004363 ], [ 2.412862, 39.6004363 ], [ 2.4128622, 39.6004363 ], [ 2.4128625, 39.6004363 ], [ 2.4128628, 39.6004363 ], [ 2.4128631, 39.6004363 ], [ 2.4128634, 39.6004364 ], [ 2.4128638, 39.6004364 ], [ 2.4128641, 39.6004365 ], [ 2.4128645, 39.6004365 ], [ 2.4128649, 39.6004366 ], [ 2.4128653, 39.6004367 ], [ 2.4128657, 39.6004369 ], [ 2.4128662, 39.6004371 ], [ 2.4128667, 39.6004373 ], [ 2.4128672, 39.6004375 ], [ 2.4128678, 39.6004378 ], [ 2.4128685, 39.6004382 ], [ 2.4128692, 39.6004386 ], [ 2.4128701, 39.6004391 ], [ 2.412871, 39.6004398 ], [ 2.4128722, 39.6004407 ], [ 2.4128735, 39.6004418 ], [ 2.412875, 39.6004432 ], [ 2.4128769, 39.6004451 ], [ 2.4128793, 39.6004477 ], [ 2.4128823, 39.6004514 ], [ 2.4128863, 39.6004568 ], [ 2.4128918, 39.6004651 ], [ 2.4129001, 39.6004789 ], [ 2.4129133, 39.600504 ], [ 2.4129374, 39.6005565 ], [ 2.4129903, 39.6006922 ], [ 2.4131426, 39.6011761 ], [ 2.4130551, 39.6011795 ], [ 2.4129566, 39.601091 ], [ 2.4128704, 39.6007109 ], [ 2.4128511, 39.600569899999989 ] ] ] } },
{ "type": "Feature", "properties": { "PlotID": "MANFV10", "windspeed": 20.0, "time": "120", "clipped_m2": 1335.6083090021275, "clipped_ha": 0.13356083090021276, "wspd": "20" }, "geometry": { "type": "Polygon", "coordinates": [ [ [ 2.4128502, 39.5953185 ], [ 2.4128477, 39.5952772 ], [ 2.4128477, 39.5952572 ], [ 2.4128483, 39.595246 ], [ 2.4128491, 39.5952392 ], [ 2.4128499, 39.5952347 ], [ 2.4128506, 39.5952316 ], [ 2.4128513, 39.5952293 ], [ 2.4128519, 39.5952276 ], [ 2.4128524, 39.5952263 ], [ 2.4128529, 39.5952253 ], [ 2.4128533, 39.5952245 ], [ 2.4128537, 39.5952238 ], [ 2.4128541, 39.5952232 ], [ 2.4128545, 39.5952228 ], [ 2.4128548, 39.5952224 ], [ 2.4128551, 39.5952221 ], [ 2.4128554, 39.5952218 ], [ 2.4128556, 39.5952215 ], [ 2.4128559, 39.5952213 ], [ 2.4128561, 39.5952211 ], [ 2.4128564, 39.595221 ], [ 2.4128566, 39.5952208 ], [ 2.4128568, 39.5952207 ], [ 2.412857, 39.5952206 ], [ 2.4128572, 39.5952205 ], [ 2.4128574, 39.5952204 ], [ 2.4128576, 39.5952203 ], [ 2.4128578, 39.5952203 ], [ 2.412858, 39.5952202 ], [ 2.4128582, 39.5952201 ], [ 2.4128584, 39.5952201 ], [ 2.4128586, 39.5952201 ], [ 2.4128588, 39.59522 ], [ 2.412859, 39.59522 ], [ 2.4128592, 39.59522 ], [ 2.4128594, 39.59522 ], [ 2.4128596, 39.59522 ], [ 2.4128598, 39.59522 ], [ 2.41286, 39.59522 ], [ 2.4128602, 39.59522 ], [ 2.4128605, 39.59522 ], [ 2.4128607, 39.5952201 ], [ 2.4128609, 39.5952201 ], [ 2.4128612, 39.5952202 ], [ 2.4128615, 39.5952202 ], [ 2.4128618, 39.5952203 ], [ 2.4128621, 39.5952204 ], [ 2.4128624, 39.5952205 ], [ 2.4128628, 39.5952207 ], [ 2.4128632, 39.5952209 ], [ 2.4128636, 39.5952211 ], [ 2.4128641, 39.5952214 ], [ 2.4128647, 39.5952217 ], [ 2.4128653, 39.5952221 ], [ 2.412866, 39.5952226 ], [ 2.4128668, 39.5952232 ], [ 2.4128677, 39.595224 ], [ 2.4128688, 39.5952251 ], [ 2.4128702, 39.5952265 ], [ 2.4128719, 39.5952284 ], [ 2.4128741, 39.5952311 ], [ 2.412877, 39.5952351 ], [ 2.412881, 39.5952412 ], [ 2.4128869, 39.5952514 ], [ 2.4128965, 39.5952699 ], [ 2.412914, 39.595309 ], [ 2.4129532, 39.5954123 ], [ 2.4130742, 39.5958061 ], [ 2.4132973, 39.5969843 ], [ 2.4129397, 39.5958261 ], [ 2.4128633, 39.5954256 ], [ 2.4128502, 39.5953185 ] ] ] } },
{ "type": "Feature", "properties": { "PlotID": "MANFV11", "windspeed": 20.0, "time": "120", "clipped_m2": 6536.224841369316, "clipped_ha": 0.65362248413693158, "wspd": "20" }, "geometry": { "type": "Polygon", "coordinates": [ [ [ 2.4073168, 39.598935 ], [ 2.4072294, 39.5986547 ], [ 2.4071893, 39.5984314 ], [ 2.4071761, 39.5982691 ], [ 2.4071763, 39.598153599999989 ], [ 2.4071826, 39.5980707 ], [ 2.4071915, 39.5980101 ], [ 2.4072012, 39.5979649 ], [ 2.4072109, 39.5979305 ], [ 2.4072202, 39.5979038 ], [ 2.407229, 39.5978826 ], [ 2.4072372, 39.5978657 ], [ 2.4072449, 39.5978519 ], [ 2.407252, 39.5978405 ], [ 2.4072587, 39.597831 ], [ 2.4072649, 39.5978231 ], [ 2.4072708, 39.5978163 ], [ 2.4072763, 39.5978105 ], [ 2.4072816, 39.5978055 ], [ 2.4072865, 39.5978012 ], [ 2.4072913, 39.5977974 ], [ 2.4072958, 39.5977941 ], [ 2.4073002, 39.5977912 ], [ 2.4073044, 39.5977886 ], [ 2.4073085, 39.5977864 ], [ 2.4073124, 39.5977844 ], [ 2.4073163, 39.5977827 ], [ 2.4073201, 39.5977811 ], [ 2.4073238, 39.5977798 ], [ 2.4073274, 39.5977786 ], [ 2.407331, 39.5977776 ], [ 2.4073346, 39.5977767 ], [ 2.4073382, 39.5977759 ], [ 2.4073418, 39.5977753 ], [ 2.4073454, 39.5977748 ], [ 2.407349, 39.5977745 ], [ 2.4073527, 39.5977742 ], [ 2.4073564, 39.5977741 ], [ 2.4073601, 39.5977741 ], [ 2.407364, 39.5977743 ], [ 2.407368, 39.5977746 ], [ 2.407372, 39.597775 ], [ 2.4073762, 39.5977756 ], [ 2.4073806, 39.5977764 ], [ 2.4073851, 39.5977774 ], [ 2.4073899, 39.5977786 ], [ 2.4073949, 39.5977801 ], [ 2.4074001, 39.5977818 ], [ 2.4074057, 39.5977839 ], [ 2.4074117, 39.5977865 ], [ 2.4074181, 39.5977895 ], [ 2.407425, 39.597793 ], [ 2.4074325, 39.5977973 ], [ 2.4074407, 39.5978024 ], [ 2.4074498, 39.5978086 ], [ 2.4074598, 39.5978161 ], [ 2.407471, 39.5978253 ], [ 2.4074836, 39.5978368 ], [ 2.4074979, 39.5978511 ], [ 2.4075144, 39.5978692 ], [ 2.4075336, 39.5978926 ], [ 2.407556, 39.5979232 ], [ 2.4075826, 39.5979641 ], [ 2.4076144, 39.5980199 ], [ 2.4076522, 39.5980977 ], [ 2.4076967, 39.598208 ], [ 2.4077463, 39.598366 ], [ 2.4077938, 39.5985884 ], [ 2.4078178, 39.5988762 ], [ 2.4077786, 39.5991687 ], [ 2.4076474, 39.599314 ], [ 2.4074664, 39.5992053 ], [ 2.4073168, 39.598935 ] ] ] } },
{ "type": "Feature", "properties": { "PlotID": "MANFV12", "windspeed": 20.0, "time": "120", "clipped_m2": 1240.5296354475431, "clipped_ha": 0.12405296354475431, "wspd": "20" }, "geometry": { "type": "Polygon", "coordinates": [ [ [ 2.4019282, 39.5880358 ], [ 2.4019002, 39.587954 ], [ 2.4018856, 39.5878864 ], [ 2.4018794, 39.5878334 ], [ 2.4018781, 39.5877925 ], [ 2.4018796, 39.5877611 ], [ 2.4018825, 39.5877367 ], [ 2.4018861, 39.5877175 ], [ 2.4018901, 39.5877023 ], [ 2.4018942, 39.58769 ], [ 2.4018981, 39.5876799 ], [ 2.401902, 39.5876717 ], [ 2.4019057, 39.5876648 ], [ 2.4019093, 39.587659 ], [ 2.4019127, 39.587654 ], [ 2.401916, 39.5876498 ], [ 2.4019191, 39.5876462 ], [ 2.401922, 39.587643 ], [ 2.4019249, 39.5876403 ], [ 2.4019276, 39.5876379 ], [ 2.4019303, 39.5876358 ], [ 2.4019328, 39.5876339 ], [ 2.4019353, 39.5876323 ], [ 2.4019377, 39.5876308 ], [ 2.4019401, 39.5876295 ], [ 2.4019424, 39.5876283 ], [ 2.4019447, 39.5876273 ], [ 2.4019469, 39.5876264 ], [ 2.4019492, 39.587625599999988 ], [ 2.4019514, 39.5876249 ], [ 2.4019535, 39.5876243 ], [ 2.4019557, 39.5876237 ], [ 2.4019579, 39.5876233 ], [ 2.4019601, 39.5876229 ], [ 2.4019624, 39.5876226 ], [ 2.4019646, 39.5876224 ], [ 2.4019669, 39.5876223 ], [ 2.4019692, 39.5876222 ], [ 2.4019716, 39.5876223 ], [ 2.401974, 39.5876224 ], [ 2.4019766, 39.5876226 ], [ 2.4019792, 39.5876229 ], [ 2.4019819, 39.5876233 ], [ 2.4019847, 39.5876238 ], [ 2.4019876, 39.5876245 ], [ 2.4019907, 39.5876253 ], [ 2.401994, 39.5876263 ], [ 2.4019975, 39.5876275 ], [ 2.4020012, 39.587629 ], [ 2.4020051, 39.5876307 ], [ 2.4020094, 39.5876328 ], [ 2.402014, 39.5876353 ], [ 2.4020191, 39.5876383 ], [ 2.4020246, 39.5876419 ], [ 2.4020307, 39.5876462 ], [ 2.4020374, 39.5876516 ], [ 2.402045, 39.5876581 ], [ 2.4020535, 39.5876663 ], [ 2.4020631, 39.5876766 ], [ 2.4020741, 39.5876896 ], [ 2.4020867, 39.5877064 ], [ 2.4021011, 39.5877282 ], [ 2.4021174, 39.587757 ], [ 2.4021358, 39.5877953 ], [ 2.4021553, 39.5878463 ], [ 2.4021741, 39.5879133 ], [ 2.4021872, 39.5879973 ], [ 2.4021862, 39.5880918 ], [ 2.4021607, 39.5881756 ], [ 2.4021057, 39.58821 ], [ 2.4020381, 39.5881938 ], [ 2.4019743, 39.5881233 ], [ 2.4019282, 39.5880358 ] ] ] } },
{ "type": "Feature", "properties": { "PlotID": "MANFV13", "windspeed": 20.0, "time": "120", "clipped_m2": 27217.360812261701, "clipped_ha": 2.7217360812261702, "wspd": "20" }, "geometry": { "type": "Polygon", "coordinates": [ [ [ 2.4036225, 39.5928154 ], [ 2.4034382, 39.5923395 ], [ 2.4033356, 39.5919355 ], [ 2.4032872, 39.5916119 ], [ 2.4032718, 39.5913583 ], [ 2.4033337, 39.5910779 ], [ 2.4033428, 39.5909439 ], [ 2.4033361, 39.5908577 ], [ 2.4033338, 39.5907841 ], [ 2.4033581, 39.5907044 ], [ 2.4033826, 39.5906392 ], [ 2.4034067, 39.5905851 ], [ 2.40343, 39.59054 ], [ 2.4034525, 39.5905019 ], [ 2.4034741, 39.5904694 ], [ 2.4034949, 39.5904416 ], [ 2.4035148, 39.5904176 ], [ 2.4035339, 39.5903968 ], [ 2.4035523, 39.5903786 ], [ 2.4035701, 39.5903626 ], [ 2.4035872, 39.5903485 ], [ 2.4036039, 39.5903361 ], [ 2.40362, 39.590325 ], [ 2.4036358, 39.5903152 ], [ 2.4036512, 39.5903065 ], [ 2.4036663, 39.5902988 ], [ 2.4036812, 39.5902919 ], [ 2.4036959, 39.5902857 ], [ 2.4037104, 39.5902803 ], [ 2.4037248, 39.5902755 ], [ 2.4037392, 39.5902714 ], [ 2.4037536, 39.5902678 ], [ 2.403768, 39.5902647 ], [ 2.4037825, 39.5902622 ], [ 2.4037971, 39.5902601 ], [ 2.403812, 39.5902586 ], [ 2.403827, 39.5902576 ], [ 2.4038424, 39.5902571 ], [ 2.4038581, 39.5902571 ], [ 2.4038742, 39.5902578 ], [ 2.4038908, 39.590259 ], [ 2.4039079, 39.5902609 ], [ 2.4039258, 39.5902635 ], [ 2.4039444, 39.590266799999988 ], [ 2.4039638, 39.590271099999988 ], [ 2.4039843, 39.5902764 ], [ 2.4040058, 39.5902829 ], [ 2.4040287, 39.5902907 ], [ 2.4040531, 39.5903 ], [ 2.4040792, 39.5903112 ], [ 2.4041073, 39.5903247 ], [ 2.4041378, 39.5903408 ], [ 2.4041709, 39.5903601 ], [ 2.4042071, 39.5903835 ], [ 2.404247, 39.5904118 ], [ 2.4042913, 39.5904464 ], [ 2.4043406, 39.5904889 ], [ 2.404396, 39.5905416 ], [ 2.4044585, 39.5906077 ], [ 2.4045294, 39.5906912 ], [ 2.40461, 39.5907983 ], [ 2.4047016, 39.5909368 ], [ 2.4047532, 39.59108 ], [ 2.4046155, 39.5910911 ], [ 2.4047089, 39.5913258 ], [ 2.4046983, 39.5915065 ], [ 2.4046784, 39.5917313 ], [ 2.4047311, 39.5921917 ], [ 2.4044072, 39.5919385 ], [ 2.4042622, 39.5920927 ], [ 2.4041538, 39.5926973 ], [ 2.403911, 39.5932651 ], [ 2.4036225, 39.5928154 ] ] ] } },
{ "type": "Feature", "properties": { "PlotID": "MANFV14", "windspeed": 20.0, "time": "120", "clipped_m2": 1674.3863532533869, "clipped_ha": 0.1674386353253387, "wspd": "20" }, "geometry": { "type": "Polygon", "coordinates": [ [ [ 2.4107291, 39.5954032 ], [ 2.4106831, 39.5952672 ], [ 2.410661, 39.5951563 ], [ 2.410653, 39.5950741 ], [ 2.4106521, 39.5950148 ], [ 2.4106548, 39.5949718 ], [ 2.410659, 39.594940199999989 ], [ 2.4106638, 39.5949165 ], [ 2.4106687, 39.5948984 ], [ 2.4106735, 39.5948843 ], [ 2.410678, 39.5948731 ], [ 2.4106823, 39.5948641 ], [ 2.4106862, 39.5948568 ], [ 2.41069, 39.5948507 ], [ 2.4106935, 39.5948457 ], [ 2.4106968, 39.5948414 ], [ 2.4106998, 39.5948378 ], [ 2.4107028, 39.5948347 ], [ 2.4107055, 39.5948321 ], [ 2.4107081, 39.5948297 ], [ 2.4107106, 39.5948277 ], [ 2.410713, 39.594826 ], [ 2.4107154, 39.5948244 ], [ 2.4107176, 39.594823 ], [ 2.4107197, 39.5948218 ], [ 2.4107218, 39.5948208 ], [ 2.4107239, 39.5948198 ], [ 2.4107259, 39.594819 ], [ 2.4107279, 39.5948183 ], [ 2.4107298, 39.5948176 ], [ 2.4107317, 39.5948171 ], [ 2.4107337, 39.5948166 ], [ 2.4107356, 39.5948162 ], [ 2.4107375, 39.5948159 ], [ 2.4107394, 39.5948156 ], [ 2.4107413, 39.5948154 ], [ 2.4107433, 39.5948152 ], [ 2.4107452, 39.5948152 ], [ 2.4107472, 39.5948152 ], [ 2.4107493, 39.5948153 ], [ 2.4107514, 39.5948154 ], [ 2.4107536, 39.5948156 ], [ 2.4107558, 39.5948159 ], [ 2.4107581, 39.5948164 ], [ 2.4107606, 39.5948169 ], [ 2.4107631, 39.5948175 ], [ 2.4107658, 39.5948183 ], [ 2.4107686, 39.5948192 ], [ 2.4107716, 39.5948203 ], [ 2.4107747, 39.5948216 ], [ 2.4107782, 39.5948232 ], [ 2.4107818, 39.5948251 ], [ 2.4107858, 39.5948274 ], [ 2.4107902, 39.5948301 ], [ 2.410795, 39.5948333 ], [ 2.4108004, 39.5948373 ], [ 2.4108063, 39.5948422 ], [ 2.410813, 39.5948482 ], [ 2.4108206, 39.5948558 ], [ 2.4108294, 39.5948653 ], [ 2.4108395, 39.5948776 ], [ 2.4108513, 39.5948937 ], [ 2.4108653, 39.5949151 ], [ 2.4108818, 39.5949442 ], [ 2.4109014, 39.594984499999988 ], [ 2.4109242, 39.5950411 ], [ 2.4109491, 39.5951212 ], [ 2.410972, 39.5952321 ], [ 2.4109822, 39.5953724 ], [ 2.4109606, 39.5955117 ], [ 2.4108948, 39.5955803 ], [ 2.4108049, 39.5955306 ], [ 2.4107291, 39.5954032 ] ] ] } },
{ "type": "Feature", "properties": { "PlotID": "MANFV15", "windspeed": 20.0, "time": "120", "clipped_m2": 846.91771302465349, "clipped_ha": 0.084691771302465343, "wspd": "20" }, "geometry": { "type": "Polygon", "coordinates": [ [ [ 2.4106275, 39.5930741 ], [ 2.410618, 39.592969 ], [ 2.4106169, 39.5929264 ], [ 2.4106176, 39.5929054 ], [ 2.4106187, 39.592893599999989 ], [ 2.4106198, 39.5928863 ], [ 2.4106208, 39.5928815 ], [ 2.4106217, 39.5928782 ], [ 2.4106225, 39.5928757 ], [ 2.4106232, 39.5928739 ], [ 2.4106238, 39.5928725 ], [ 2.4106244, 39.5928714 ], [ 2.4106249, 39.5928706 ], [ 2.4106254, 39.5928699 ], [ 2.4106258, 39.5928693 ], [ 2.4106262, 39.5928688 ], [ 2.4106266, 39.5928684 ], [ 2.4106269, 39.592868 ], [ 2.4106272, 39.5928677 ], [ 2.4106275, 39.5928675 ], [ 2.4106278, 39.5928672 ], [ 2.4106281, 39.5928671 ], [ 2.4106283, 39.5928669 ], [ 2.4106286, 39.5928667 ], [ 2.4106288, 39.5928666 ], [ 2.4106291, 39.5928665 ], [ 2.4106293, 39.5928664 ], [ 2.4106295, 39.5928663 ], [ 2.4106297, 39.5928662 ], [ 2.4106299, 39.5928661 ], [ 2.4106302, 39.5928661 ], [ 2.4106304, 39.592866 ], [ 2.4106306, 39.592866 ], [ 2.4106308, 39.5928659 ], [ 2.410631, 39.5928659 ], [ 2.4106312, 39.5928659 ], [ 2.4106314, 39.5928659 ], [ 2.4106316, 39.5928659 ], [ 2.4106319, 39.5928659 ], [ 2.4106321, 39.5928659 ], [ 2.4106323, 39.5928659 ], [ 2.4106326, 39.5928659 ], [ 2.4106328, 39.5928659 ], [ 2.4106331, 39.592866 ], [ 2.4106333, 39.592866 ], [ 2.4106336, 39.5928661 ], [ 2.4106339, 39.5928662 ], [ 2.4106342, 39.5928663 ], [ 2.4106346, 39.5928664 ], [ 2.4106349, 39.5928665 ], [ 2.4106353, 39.5928667 ], [ 2.4106357, 39.5928669 ], [ 2.4106362, 39.5928672 ], [ 2.4106367, 39.5928675 ], [ 2.4106373, 39.5928678 ], [ 2.4106379, 39.5928683 ], [ 2.4106387, 39.5928689 ], [ 2.4106395, 39.5928696 ], [ 2.4106405, 39.5928705 ], [ 2.4106416, 39.5928716 ], [ 2.4106431, 39.5928732 ], [ 2.4106448, 39.5928753 ], [ 2.410647, 39.5928782 ], [ 2.4106499, 39.5928826 ], [ 2.4106539, 39.5928892 ], [ 2.4106598, 39.5929002 ], [ 2.410669, 39.5929199 ], [ 2.4106852, 39.5929606 ], [ 2.4107189, 39.5930626 ], [ 2.4108029, 39.5933935 ], [ 2.4108762, 39.5940419 ], [ 2.4106823, 39.5934085 ], [ 2.4106275, 39.5930741 ] ] ] } },
{ "type": "Feature", "properties": { "PlotID": "MANFV16", "windspeed": 20.0, "time": "120", "clipped_m2": 5400.4711615866981, "clipped_ha": 0.54004711615866985, "wspd": "20" }, "geometry": { "type": "Polygon", "coordinates": [ [ [ 2.4055034, 39.5849973 ], [ 2.4054326, 39.584926 ], [ 2.4053783, 39.5848481 ], [ 2.4053395, 39.5847699 ], [ 2.405314, 39.5846956 ], [ 2.4052991, 39.5846276 ], [ 2.4052924, 39.5845667 ], [ 2.4052917, 39.5845129 ], [ 2.4052953, 39.5844657 ], [ 2.4053021, 39.5844246 ], [ 2.4053109, 39.5843888 ], [ 2.4053212, 39.5843576 ], [ 2.4053323, 39.5843303 ], [ 2.4053441, 39.5843065 ], [ 2.4053561, 39.5842856 ], [ 2.4053683, 39.5842673 ], [ 2.4053805, 39.5842511 ], [ 2.4053926, 39.5842367 ], [ 2.4054046, 39.584224 ], [ 2.4054165, 39.5842128 ], [ 2.4054282, 39.5842027 ], [ 2.4054397, 39.5841938 ], [ 2.4054511, 39.5841858 ], [ 2.4054624, 39.5841787 ], [ 2.4054735, 39.5841723 ], [ 2.4054845, 39.5841667 ], [ 2.4054954, 39.5841616 ], [ 2.4055062, 39.5841572 ], [ 2.405517, 39.5841533 ], [ 2.4055278, 39.5841499 ], [ 2.4055385, 39.5841469 ], [ 2.4055492, 39.5841444 ], [ 2.40556, 39.5841423 ], [ 2.4055709, 39.5841406 ], [ 2.4055818, 39.5841394 ], [ 2.4055929, 39.5841385 ], [ 2.4056041, 39.5841381 ], [ 2.4056155, 39.5841381 ], [ 2.4056271, 39.5841385 ], [ 2.4056389, 39.5841394 ], [ 2.4056511, 39.5841408 ], [ 2.4056635, 39.5841427 ], [ 2.4056763, 39.5841452 ], [ 2.4056896, 39.5841482 ], [ 2.4057033, 39.584152 ], [ 2.4057175, 39.5841566 ], [ 2.4057322, 39.584162 ], [ 2.4057476, 39.5841684 ], [ 2.4057637, 39.5841759 ], [ 2.4057805, 39.584184799999989 ], [ 2.4057982, 39.5841951 ], [ 2.4058167, 39.5842072 ], [ 2.4058361, 39.5842213 ], [ 2.4058565, 39.5842379 ], [ 2.4058779, 39.5842572 ], [ 2.4059003, 39.58428 ], [ 2.4059235, 39.5843067 ], [ 2.4059474, 39.5843381 ], [ 2.4059716, 39.584375099999988 ], [ 2.4059955, 39.5844186 ], [ 2.4060182, 39.5844694 ], [ 2.4060384, 39.5845286 ], [ 2.4060539, 39.5845965 ], [ 2.4060622, 39.5846731 ], [ 2.4060596, 39.5847568 ], [ 2.4060423, 39.5848444 ], [ 2.4060065, 39.5849299 ], [ 2.4059503, 39.5850053 ], [ 2.4058742, 39.5850612 ], [ 2.4057832, 39.5850895 ], [ 2.4056851, 39.5850865 ], [ 2.4055892, 39.5850537 ], [ 2.4055034, 39.5849973 ] ] ] } },
{ "type": "Feature", "properties": { "PlotID": "MANFV17", "windspeed": 20.0, "time": "120", "clipped_m2": 990.94120310805738, "clipped_ha": 0.099094120310805736, "wspd": "20" }, "geometry": { "type": "Polygon", "coordinates": [ [ [ 2.4030676, 39.6014684 ], [ 2.403037, 39.6014028 ], [ 2.4030285, 39.6013117 ], [ 2.4030272, 39.601252 ], [ 2.403029, 39.6012115 ], [ 2.4030322, 39.601183 ], [ 2.4030357, 39.6011623 ], [ 2.4030394, 39.6011469 ], [ 2.4030429, 39.601135 ], [ 2.4030463, 39.6011258 ], [ 2.4030495, 39.6011184 ], [ 2.4030524, 39.6011124 ], [ 2.4030552, 39.6011075 ], [ 2.4030578, 39.6011034 ], [ 2.4030602, 39.6011 ], [ 2.4030625, 39.6010971 ], [ 2.4030646, 39.6010946 ], [ 2.4030667, 39.6010925 ], [ 2.4030686, 39.6010906 ], [ 2.4030705, 39.601089 ], [ 2.4030723, 39.6010875 ], [ 2.403074, 39.6010863 ], [ 2.4030757, 39.6010852 ], [ 2.4030773, 39.6010842 ], [ 2.4030789, 39.6010833 ], [ 2.4030804, 39.6010825 ], [ 2.4030819, 39.6010818 ], [ 2.4030834, 39.6010812 ], [ 2.4030849, 39.6010807 ], [ 2.4030863, 39.6010802 ], [ 2.4030878, 39.6010798 ], [ 2.4030892, 39.6010794 ], [ 2.4030907, 39.6010791 ], [ 2.4030921, 39.6010788 ], [ 2.4030936, 39.6010786 ], [ 2.4030951, 39.6010784 ], [ 2.4030966, 39.6010783 ], [ 2.4030982, 39.6010783 ], [ 2.4030997, 39.6010783 ], [ 2.4031014, 39.6010783 ], [ 2.4031031, 39.6010784 ], [ 2.4031048, 39.6010786 ], [ 2.4031066, 39.6010788 ], [ 2.4031085, 39.6010792 ], [ 2.4031105, 39.6010796 ], [ 2.4031126, 39.6010801 ], [ 2.4031148, 39.6010807 ], [ 2.4031172, 39.6010815 ], [ 2.4031197, 39.6010824 ], [ 2.4031225, 39.6010835 ], [ 2.4031255, 39.6010849 ], [ 2.4031287, 39.6010865 ], [ 2.4031323, 39.6010884 ], [ 2.4031363, 39.6010908 ], [ 2.4031408, 39.6010938 ], [ 2.4031459, 39.6010975 ], [ 2.4031516, 39.601102 ], [ 2.4031583, 39.6011078 ], [ 2.4031662, 39.6011153 ], [ 2.4031755, 39.6011251 ], [ 2.4031868, 39.6011381 ], [ 2.4032007, 39.601156 ], [ 2.4032182, 39.6011811 ], [ 2.4032407, 39.6012177 ], [ 2.4032702, 39.6012729 ], [ 2.4033091, 39.6013591 ], [ 2.4033592, 39.601497 ], [ 2.4032363, 39.6013652 ], [ 2.4032313, 39.6014414 ], [ 2.4032107, 39.6015215 ], [ 2.4031825, 39.6016629 ], [ 2.4031188, 39.6016918 ], [ 2.4030676, 39.6014684 ] ] ] } },
{ "type": "Feature", "properties": { "PlotID": "MANFV18", "windspeed": 20.0, "time": "120", "clipped_m2": 227.38073221384548, "clipped_ha": 0.022738073221384547, "wspd": "20" }, "geometry": { "type": "Polygon", "coordinates": [ [ [ 2.4027471, 39.5996573 ], [ 2.4027418, 39.5996145 ], [ 2.4027406, 39.5995887 ], [ 2.4027409, 39.5995725 ], [ 2.4027418, 39.5995617 ], [ 2.4027429, 39.5995543 ], [ 2.402744, 39.5995489 ], [ 2.4027451, 39.599545 ], [ 2.4027461, 39.599542 ], [ 2.402747, 39.5995396 ], [ 2.4027478, 39.5995378 ], [ 2.4027486, 39.5995363 ], [ 2.4027494, 39.5995351 ], [ 2.4027501, 39.5995341 ], [ 2.4027507, 39.599533199999989 ], [ 2.4027513, 39.5995325 ], [ 2.4027518, 39.5995319 ], [ 2.4027524, 39.5995313 ], [ 2.4027529, 39.5995309 ], [ 2.4027533, 39.5995305 ], [ 2.4027538, 39.5995301 ], [ 2.4027542, 39.5995298 ], [ 2.4027547, 39.5995295 ], [ 2.4027551, 39.5995293 ], [ 2.4027555, 39.5995291 ], [ 2.4027559, 39.5995289 ], [ 2.4027562, 39.5995287 ], [ 2.4027566, 39.5995286 ], [ 2.402757, 39.5995285 ], [ 2.4027574, 39.599528299999989 ], [ 2.4027577, 39.5995282 ], [ 2.4027581, 39.5995282 ], [ 2.4027584, 39.5995281 ], [ 2.4027588, 39.599528 ], [ 2.4027592, 39.599528 ], [ 2.4027596, 39.5995279 ], [ 2.4027599, 39.5995279 ], [ 2.4027603, 39.5995279 ], [ 2.4027607, 39.5995279 ], [ 2.4027611, 39.5995279 ], [ 2.4027615, 39.599528 ], [ 2.402762, 39.599528 ], [ 2.4027624, 39.5995281 ], [ 2.4027629, 39.5995282 ], [ 2.4027634, 39.5995283 ], [ 2.4027639, 39.5995284 ], [ 2.4027645, 39.5995286 ], [ 2.402765, 39.5995288 ], [ 2.4027657, 39.599529 ], [ 2.4027664, 39.5995293 ], [ 2.4027671, 39.5995297 ], [ 2.4027679, 39.5995301 ], [ 2.4027688, 39.5995306 ], [ 2.4027698, 39.5995312 ], [ 2.4027709, 39.5995319 ], [ 2.4027722, 39.5995329 ], [ 2.4027736, 39.5995341 ], [ 2.4027753, 39.5995355 ], [ 2.4027772, 39.5995375 ], [ 2.4027796, 39.59954 ], [ 2.4027824, 39.5995434 ], [ 2.402786, 39.599548 ], [ 2.4027905, 39.5995546 ], [ 2.4027963, 39.5995644 ], [ 2.4028043, 39.5995795 ], [ 2.4028152, 39.5996039 ], [ 2.4028302, 39.5996452 ], [ 2.4028492, 39.5997154 ], [ 2.4028628, 39.5998167 ], [ 2.4028446, 39.599882 ], [ 2.4027971, 39.599826299999989 ], [ 2.4027623, 39.599728 ], [ 2.4027471, 39.5996573 ] ] ] } },
{ "type": "Feature", "properties": { "PlotID": "MANFV19", "windspeed": 20.0, "time": "120", "clipped_m2": 244.39730849280022, "clipped_ha": 0.024439730849280021, "wspd": "20" }, "geometry": { "type": "Polygon", "coordinates": [ [ [ 2.4026503, 39.6003718 ], [ 2.4026346, 39.6003598 ], [ 2.4026219, 39.600346099999989 ], [ 2.402612, 39.6003317 ], [ 2.4026048, 39.6003175 ], [ 2.4026, 39.600304 ], [ 2.402597, 39.6002915 ], [ 2.4025955, 39.6002802 ], [ 2.4025951, 39.60027 ], [ 2.4025956, 39.6002609 ], [ 2.4025967, 39.6002529 ], [ 2.4025984, 39.6002457 ], [ 2.4026003, 39.6002394 ], [ 2.4026025, 39.6002338 ], [ 2.4026049, 39.6002288 ], [ 2.4026073, 39.6002244 ], [ 2.4026099, 39.6002204 ], [ 2.4026125, 39.6002169 ], [ 2.4026151, 39.6002138 ], [ 2.4026177, 39.6002109 ], [ 2.4026204, 39.6002084 ], [ 2.402623, 39.6002062 ], [ 2.4026256, 39.6002041 ], [ 2.4026282, 39.6002023 ], [ 2.4026308, 39.6002007 ], [ 2.4026334, 39.6001992 ], [ 2.4026359, 39.6001979 ], [ 2.4026385, 39.6001967 ], [ 2.4026411, 39.6001956 ], [ 2.4026436, 39.6001947 ], [ 2.4026462, 39.6001939 ], [ 2.4026488, 39.6001932 ], [ 2.4026514, 39.6001926 ], [ 2.4026541, 39.6001921 ], [ 2.4026567, 39.6001917 ], [ 2.4026594, 39.6001915 ], [ 2.4026621, 39.6001913 ], [ 2.4026649, 39.6001912 ], [ 2.4026678, 39.6001912 ], [ 2.4026706, 39.6001914 ], [ 2.4026736, 39.6001916 ], [ 2.4026767, 39.600192 ], [ 2.4026798, 39.6001925 ], [ 2.402683, 39.6001932 ], [ 2.4026864, 39.6001941 ], [ 2.4026898, 39.6001951 ], [ 2.4026934, 39.6001963 ], [ 2.4026972, 39.6001978 ], [ 2.402701, 39.6001995 ], [ 2.4027051, 39.6002016 ], [ 2.4027093, 39.6002039 ], [ 2.4027137, 39.6002067 ], [ 2.4027183, 39.60021 ], [ 2.4027231, 39.6002138 ], [ 2.4027281, 39.6002182 ], [ 2.4027332, 39.6002234 ], [ 2.4027385, 39.6002294 ], [ 2.4027438, 39.6002364 ], [ 2.4027491, 39.6002445 ], [ 2.4027541, 39.6002539 ], [ 2.4027588, 39.6002647 ], [ 2.4027627, 39.6002771 ], [ 2.4027654, 39.6002909 ], [ 2.4027663, 39.6003062 ], [ 2.402765, 39.6003224 ], [ 2.4027606, 39.600339 ], [ 2.4027526, 39.6003548 ], [ 2.4027408, 39.6003686 ], [ 2.4027255, 39.600379 ], [ 2.4027074, 39.6003847 ], [ 2.4026878, 39.6003852 ], [ 2.4026683, 39.6003806 ], [ 2.4026503, 39.6003718 ] ] ] } },
{ "type": "Feature", "properties": { "PlotID": "MANFV20", "windspeed": 20.0, "time": "120", "clipped_m2": 28497.085577622056, "clipped_ha": 2.8497085577622054, "wspd": "20" }, "geometry": { "type": "Polygon", "coordinates": [ [ [ 2.4148197, 39.5914715 ], [ 2.4147221, 39.5918379 ], [ 2.4147113, 39.5916217 ], [ 2.4147129, 39.5914941 ], [ 2.4147188, 39.591413 ], [ 2.4147261, 39.5913584 ], [ 2.4147335, 39.5913199 ], [ 2.4147406, 39.5912918 ], [ 2.4147473, 39.5912706 ], [ 2.4147534, 39.5912542 ], [ 2.4148187, 39.5912064 ], [ 2.4148185, 39.5912046 ], [ 2.4147692, 39.5912223 ], [ 2.4147737, 39.5912153 ], [ 2.4147779, 39.5912094 ], [ 2.4147818, 39.5912044 ], [ 2.4147855, 39.5912001 ], [ 2.414789, 39.5911965 ], [ 2.4147924, 39.5911933 ], [ 2.4147955, 39.5911905 ], [ 2.4147986, 39.5911881 ], [ 2.4148015, 39.5911859 ], [ 2.4148043, 39.591184 ], [ 2.414807, 39.5911824 ], [ 2.4148097, 39.5911809 ], [ 2.4148123, 39.5911795 ], [ 2.4148148, 39.5911784 ], [ 2.4148173, 39.5911773 ], [ 2.4148198, 39.5911764 ], [ 2.4148223, 39.5911756 ], [ 2.4148247, 39.5911748 ], [ 2.4148271, 39.5911742 ], [ 2.4148296, 39.5911737 ], [ 2.414832, 39.5911732 ], [ 2.4148345, 39.5911729 ], [ 2.414837, 39.5911726 ], [ 2.4148396, 39.5911724 ], [ 2.4148422, 39.5911723 ], [ 2.4148449, 39.5911722 ], [ 2.4148476, 39.5911723 ], [ 2.4148504, 39.5911725 ], [ 2.4148534, 39.5911727 ], [ 2.4148565, 39.5911731 ], [ 2.4148597, 39.5911737 ], [ 2.414863, 39.5911743 ], [ 2.4148666, 39.5911752 ], [ 2.4148704, 39.5911762 ], [ 2.4148745, 39.5911775 ], [ 2.4148788, 39.591179 ], [ 2.4148835, 39.5911808 ], [ 2.4148887, 39.5911831 ], [ 2.4148943, 39.5911858 ], [ 2.4149005, 39.5911891 ], [ 2.4149075, 39.5911932 ], [ 2.4149153, 39.5911982 ], [ 2.4149242, 39.5912044 ], [ 2.4149345, 39.5912122 ], [ 2.4149465, 39.5912223 ], [ 2.4149608, 39.5912353 ], [ 2.4149781, 39.5912526 ], [ 2.4149826, 39.5912676 ], [ 2.4150265, 39.5913088 ], [ 2.415062, 39.5913563 ], [ 2.4149874, 39.5913231 ], [ 2.415179, 39.5915444 ], [ 2.4149928, 39.5913863 ], [ 2.4154529, 39.5921264 ], [ 2.4157442, 39.5929254 ], [ 2.4161827, 39.5945855 ], [ 2.4162072, 39.5961541 ], [ 2.4154012, 39.5947147 ], [ 2.4149247, 39.5930608 ], [ 2.4148197, 39.5914715 ] ] ] } },
{ "type": "Feature", "properties": { "PlotID": "MANFV21", "windspeed": 20.0, "time": "120", "clipped_m2": 33187.772893574089, "clipped_ha": 3.318777289357409, "wspd": "20" }, "geometry": { "type": "Polygon", "coordinates": [ [ [ 2.4044556, 39.5856658 ], [ 2.4044093, 39.5852505 ], [ 2.4043991, 39.5850282 ], [ 2.4044012, 39.5848973 ], [ 2.4044075, 39.5848144 ], [ 2.4044151, 39.5847586 ], [ 2.4044228, 39.5847193 ], [ 2.4044302, 39.584690599999988 ], [ 2.404437, 39.584669 ], [ 2.4044434, 39.5846523 ], [ 2.4044492, 39.5846391 ], [ 2.4044546, 39.5846285 ], [ 2.4044595, 39.5846198 ], [ 2.4044641, 39.5846127 ], [ 2.4044684, 39.5846067 ], [ 2.4044725, 39.5846016 ], [ 2.4044763, 39.5845972 ], [ 2.4044798, 39.5845935 ], [ 2.4044832, 39.5845903 ], [ 2.4044865, 39.5845875 ], [ 2.4044896, 39.584585 ], [ 2.4044925, 39.5845828 ], [ 2.4044954, 39.5845809 ], [ 2.4044982, 39.5845792 ], [ 2.4045009, 39.5845777 ], [ 2.4045036, 39.5845763 ], [ 2.4045062, 39.5845751 ], [ 2.4045087, 39.5845741 ], [ 2.4045112, 39.5845731 ], [ 2.4045137, 39.5845723 ], [ 2.4045162, 39.5845716 ], [ 2.4045187, 39.5845709 ], [ 2.4045212, 39.5845704 ], [ 2.4045237, 39.5845699 ], [ 2.4045262, 39.584569599999988 ], [ 2.4045288, 39.5845693 ], [ 2.4045314, 39.5845691 ], [ 2.404534, 39.584569 ], [ 2.4045367, 39.5845689 ], [ 2.4045395, 39.584569 ], [ 2.4045424, 39.5845692 ], [ 2.4045454, 39.5845695 ], [ 2.4045486, 39.5845699 ], [ 2.4045518, 39.5845704 ], [ 2.4045553, 39.5845711 ], [ 2.4045589, 39.5845719 ], [ 2.4045628, 39.584573 ], [ 2.4045669, 39.5845743 ], [ 2.4045713, 39.5845759 ], [ 2.4045761, 39.5845777 ], [ 2.4045813, 39.58458 ], [ 2.4045871, 39.5845828 ], [ 2.4045934, 39.5845862 ], [ 2.4046005, 39.5845903 ], [ 2.4046085, 39.5845955 ], [ 2.4046175, 39.5846018 ], [ 2.404628, 39.5846098 ], [ 2.4046402, 39.5846201 ], [ 2.4046548, 39.5846334 ], [ 2.4046723, 39.584651 ], [ 2.4046941, 39.5846749 ], [ 2.4047217, 39.5847084 ], [ 2.4047578, 39.5847571 ], [ 2.404807, 39.5848309 ], [ 2.4048774, 39.5849499 ], [ 2.4049844, 39.585156399999988 ], [ 2.4051593, 39.5855507 ], [ 2.4054638, 39.5863864 ], [ 2.4059357, 39.5881635 ], [ 2.4059783, 39.5898919 ], [ 2.4051128, 39.5882981 ], [ 2.4046144, 39.5865254 ], [ 2.4044556, 39.5856658 ] ] ] } },
{ "type": "Feature", "properties": { "PlotID": "MANFV22", "windspeed": 20.0, "time": "120", "clipped_m2": 21516.148939624429, "clipped_ha": 2.1516148939624427, "wspd": "20" }, "geometry": { "type": "Polygon", "coordinates": [ [ [ 2.4059367, 39.5836724 ], [ 2.4058904, 39.5833178 ], [ 2.405878, 39.5831239 ], [ 2.405878, 39.5830084 ], [ 2.4058825, 39.5829347 ], [ 2.4058885, 39.5828848 ], [ 2.4058948, 39.5828496 ], [ 2.405901, 39.5828238 ], [ 2.4059069, 39.5828044 ], [ 2.4059124, 39.5827893 ], [ 2.4059174, 39.5827774 ], [ 2.4059221, 39.5827678 ], [ 2.4059265, 39.5827599 ], [ 2.4059306, 39.5827534 ], [ 2.4059344, 39.582748 ], [ 2.4059379, 39.5827434 ], [ 2.4059413, 39.5827394 ], [ 2.4059445, 39.582736 ], [ 2.4059475, 39.5827331 ], [ 2.4059504, 39.5827305 ], [ 2.4059532, 39.5827283 ], [ 2.4059558, 39.5827263 ], [ 2.4059584, 39.5827245 ], [ 2.4059609, 39.582723 ], [ 2.4059633, 39.5827216 ], [ 2.4059657, 39.5827204 ], [ 2.4059681, 39.5827193 ], [ 2.4059703, 39.5827183 ], [ 2.4059726, 39.5827174 ], [ 2.4059749, 39.5827166 ], [ 2.4059771, 39.582716 ], [ 2.4059793, 39.5827154 ], [ 2.4059816, 39.5827149 ], [ 2.4059838, 39.5827144 ], [ 2.4059861, 39.5827141 ], [ 2.4059884, 39.5827138 ], [ 2.4059908, 39.5827136 ], [ 2.4059932, 39.5827135 ], [ 2.4059956, 39.5827135 ], [ 2.4059981, 39.5827135 ], [ 2.4060008, 39.5827136 ], [ 2.4060035, 39.5827139 ], [ 2.4060063, 39.5827142 ], [ 2.4060093, 39.5827147 ], [ 2.4060124, 39.5827153 ], [ 2.4060157, 39.582716 ], [ 2.4060192, 39.582717 ], [ 2.4060229, 39.5827181 ], [ 2.4060269, 39.5827195 ], [ 2.4060313, 39.5827212 ], [ 2.406036, 39.5827232 ], [ 2.4060412, 39.5827257 ], [ 2.406047, 39.5827287 ], [ 2.4060534, 39.5827324 ], [ 2.4060606, 39.5827369 ], [ 2.4060689, 39.5827426 ], [ 2.4060784, 39.5827498 ], [ 2.4060895, 39.5827589 ], [ 2.4061027, 39.5827708 ], [ 2.4061186, 39.5827865 ], [ 2.4061383, 39.5828079 ], [ 2.4061633, 39.5828377 ], [ 2.406196, 39.5828809 ], [ 2.4062403, 39.5829463 ], [ 2.4063033, 39.5830509 ], [ 2.4063981, 39.5832307 ], [ 2.4065498, 39.5835672 ], [ 2.4068025, 39.584253 ], [ 2.407157, 39.5855992 ], [ 2.4071511, 39.586788 ], [ 2.4064964, 39.5857126 ], [ 2.4060823, 39.5843766 ], [ 2.4059367, 39.5836724 ] ] ] } },
{ "type": "Feature", "properties": { "PlotID": "MANFV23", "windspeed": 20.0, "time": "120", "clipped_m2": 241423.35154828429, "clipped_ha": 24.14233515482843, "wspd": "20" }, "geometry": { "type": "Polygon", "coordinates": [ [ [ 2.4136836, 39.5979029 ], [ 2.4135576, 39.596792 ], [ 2.4135291, 39.5961987 ], [ 2.413534, 39.59585 ], [ 2.4135504, 39.5956291 ], [ 2.4135703, 39.5954806 ], [ 2.4135905, 39.5953761 ], [ 2.4136099, 39.5952997 ], [ 2.413628, 39.5952422 ], [ 2.4136447, 39.5951977 ], [ 2.4136601, 39.595162599999988 ], [ 2.4136743, 39.5951344 ], [ 2.4136875, 39.5951114 ], [ 2.4137688, 39.5950706 ], [ 2.4137111, 39.5950763 ], [ 2.4137217, 39.5950628 ], [ 2.4137318, 39.5950513 ], [ 2.4137413, 39.5950413 ], [ 2.4137503, 39.5950327 ], [ 2.4137589, 39.5950252 ], [ 2.4137671, 39.5950186 ], [ 2.413775, 39.5950128 ], [ 2.4137826, 39.5950077 ], [ 2.41379, 39.5950032 ], [ 2.4137972, 39.5949991 ], [ 2.4138042, 39.5949956 ], [ 2.4138111, 39.5949924 ], [ 2.4138179, 39.5949895 ], [ 2.4138246, 39.594987 ], [ 2.4138312, 39.5949848 ], [ 2.4138378, 39.5949829 ], [ 2.4138444, 39.5949812 ], [ 2.413851, 39.5949797 ], [ 2.4138577, 39.5949785 ], [ 2.4138644, 39.5949775 ], [ 2.4138712, 39.5949767 ], [ 2.4138781, 39.5949762 ], [ 2.4138852, 39.5949759 ], [ 2.4138924, 39.5949758 ], [ 2.4138998, 39.594976 ], [ 2.4139075, 39.5949764 ], [ 2.4139155, 39.5949772 ], [ 2.4139238, 39.5949782 ], [ 2.4139325, 39.5949796 ], [ 2.4139416, 39.5949814 ], [ 2.4139513, 39.5949837 ], [ 2.4139616, 39.5949865 ], [ 2.4139726, 39.5949899 ], [ 2.4139844, 39.594994 ], [ 2.4139971, 39.5949991 ], [ 2.414011, 39.5950051 ], [ 2.4140263, 39.5950125 ], [ 2.4140432, 39.5950215 ], [ 2.414062, 39.5950324 ], [ 2.4140832, 39.595046 ], [ 2.4141074, 39.5950628 ], [ 2.4141353, 39.5950841 ], [ 2.4141679, 39.5951113 ], [ 2.4142066, 39.5951466 ], [ 2.4142535, 39.5951934 ], [ 2.4143115, 39.595257 ], [ 2.4143852, 39.595346 ], [ 2.4144817, 39.5954752 ], [ 2.4146134, 39.5956717 ], [ 2.414802, 39.5959884 ], [ 2.4150893, 39.5965389 ], [ 2.4155609, 39.5975927 ], [ 2.416388, 39.5998376 ], [ 2.4176912, 39.6046616 ], [ 2.4178448, 39.6094178 ], [ 2.4154727, 39.6050282 ], [ 2.4141142, 39.6002133 ], [ 2.4136836, 39.5979029 ] ] ] } },
{ "type": "Feature", "properties": { "PlotID": "MANFV24", "windspeed": 20.0, "time": "120", "clipped_m2": 85.074285171547672, "clipped_ha": 0.0085074285171547678, "wspd": "20" }, "geometry": { "type": "Polygon", "coordinates": [ [ [ 2.4000873, 39.5941129 ], [ 2.4000766, 39.5941025 ], [ 2.4000685, 39.5940904 ], [ 2.400063, 39.5940781 ], [ 2.4000596, 39.5940665 ], [ 2.4000579, 39.5940561 ], [ 2.4000574, 39.5940471 ], [ 2.4000576, 39.5940394 ], [ 2.4000585, 39.5940328 ], [ 2.4000596, 39.5940272 ], [ 2.400061, 39.5940225 ], [ 2.4000624, 39.5940185 ], [ 2.400064, 39.5940151 ], [ 2.4000655, 39.5940122 ], [ 2.400067, 39.5940097 ], [ 2.4000686, 39.5940075 ], [ 2.40007, 39.5940056 ], [ 2.4000715, 39.594004 ], [ 2.4000729, 39.5940025 ], [ 2.4000742, 39.5940013 ], [ 2.4000756, 39.5940001 ], [ 2.4000769, 39.5939992 ], [ 2.4000781, 39.5939983 ], [ 2.4000794, 39.5939975 ], [ 2.4000806, 39.5939968 ], [ 2.4000817, 39.5939962 ], [ 2.4000829, 39.5939957 ], [ 2.400084, 39.5939952 ], [ 2.4000852, 39.5939948 ], [ 2.4000863, 39.5939945 ], [ 2.4000874, 39.5939942 ], [ 2.4000885, 39.5939939 ], [ 2.4000896, 39.5939937 ], [ 2.4000907, 39.5939935 ], [ 2.4000918, 39.5939934 ], [ 2.4000929, 39.5939933 ], [ 2.400094, 39.5939932 ], [ 2.4000952, 39.5939932 ], [ 2.4000963, 39.5939933 ], [ 2.4000975, 39.5939933 ], [ 2.4000987, 39.5939935 ], [ 2.4000999, 39.5939936 ], [ 2.4001012, 39.5939938 ], [ 2.4001025, 39.5939941 ], [ 2.4001038, 39.5939945 ], [ 2.4001052, 39.5939949 ], [ 2.4001067, 39.5939954 ], [ 2.4001082, 39.593996 ], [ 2.4001097, 39.5939967 ], [ 2.4001114, 39.5939975 ], [ 2.4001131, 39.5939984 ], [ 2.400115, 39.5939995 ], [ 2.4001169, 39.5940008 ], [ 2.400119, 39.5940023 ], [ 2.4001212, 39.5940041 ], [ 2.4001235, 39.5940063 ], [ 2.400126, 39.5940088 ], [ 2.4001286, 39.5940118 ], [ 2.4001314, 39.5940153 ], [ 2.4001342, 39.5940196 ], [ 2.4001372, 39.5940248 ], [ 2.4001402, 39.5940309 ], [ 2.400143, 39.5940383 ], [ 2.4001456, 39.5940472 ], [ 2.4001474, 39.5940575 ], [ 2.400148, 39.5940694 ], [ 2.4001468, 39.5940824 ], [ 2.400143, 39.5940957 ], [ 2.4001362, 39.5941079 ], [ 2.4001261, 39.5941169 ], [ 2.4001136, 39.594121099999988 ], [ 2.4001001, 39.5941196 ], [ 2.4000873, 39.5941129 ] ] ] } },
{ "type": "Feature", "properties": { "PlotID": "MANFV25", "windspeed": 20.0, "time": "120", "clipped_m2": 1403.1268239617348, "clipped_ha": 0.14031268239617348, "wspd": "20" }, "geometry": { "type": "Polygon", "coordinates": [ [ [ 2.4003845, 39.5930916 ], [ 2.4003622, 39.5931509 ], [ 2.4002599, 39.5934008 ], [ 2.4002528, 39.5933134 ], [ 2.4002529, 39.5932472 ], [ 2.4002568, 39.593197 ], [ 2.4002626, 39.5931584 ], [ 2.4002692, 39.5931283 ], [ 2.400276, 39.5931045 ], [ 2.4002828, 39.5930855 ], [ 2.4002894, 39.59307 ], [ 2.4003152, 39.5930486 ], [ 2.400321, 39.5930398 ], [ 2.4003256, 39.5930327 ], [ 2.4003295, 39.5930269 ], [ 2.4003327, 39.593021899999989 ], [ 2.4003356, 39.5930176 ], [ 2.4003381, 39.5930137 ], [ 2.4003405, 39.5930101 ], [ 2.4003427, 39.5930068 ], [ 2.4003447, 39.5930036 ], [ 2.4003467, 39.5930006 ], [ 2.4003481, 39.5929974 ], [ 2.4003519, 39.5929952 ], [ 2.4003555, 39.5929933 ], [ 2.4003591, 39.5929916 ], [ 2.4003626, 39.59299 ], [ 2.400366, 39.5929887 ], [ 2.4003695, 39.5929875 ], [ 2.4003728, 39.5929865 ], [ 2.4003762, 39.5929856 ], [ 2.4003795, 39.5929848 ], [ 2.4003829, 39.5929841 ], [ 2.4003863, 39.5929836 ], [ 2.4003897, 39.5929832 ], [ 2.4003931, 39.5929829 ], [ 2.4003966, 39.5929828 ], [ 2.4004001, 39.5929827 ], [ 2.4004038, 39.5929828 ], [ 2.4004075, 39.592983 ], [ 2.4004113, 39.5929833 ], [ 2.4004153, 39.5929838 ], [ 2.4004194, 39.5929845 ], [ 2.4004237, 39.5929854 ], [ 2.4004282, 39.5929864 ], [ 2.4004329, 39.5929877 ], [ 2.4004379, 39.5929893 ], [ 2.4004432, 39.5929912 ], [ 2.4004488, 39.5929935 ], [ 2.4004549, 39.5929962 ], [ 2.4004614, 39.5929994 ], [ 2.4004684, 39.5930033 ], [ 2.4004761, 39.5930079 ], [ 2.4004845, 39.5930135 ], [ 2.4004938, 39.5930203 ], [ 2.4005041, 39.5930286 ], [ 2.4005157, 39.5930389 ], [ 2.4005288, 39.5930516 ], [ 2.4005437, 39.5930677 ], [ 2.4005289, 39.593074 ], [ 2.4005268, 39.5930858 ], [ 2.4005245, 39.5930986 ], [ 2.4005219, 39.5931129 ], [ 2.4005189, 39.5931292 ], [ 2.4005154, 39.5931483 ], [ 2.4005113, 39.5931713 ], [ 2.4005061, 39.5932002 ], [ 2.4004969, 39.593233 ], [ 2.4004828, 39.5932707 ], [ 2.4005905, 39.5938717 ], [ 2.4005007, 39.5939481 ], [ 2.4003945, 39.5937109 ], [ 2.4003845, 39.5930916 ] ] ] } },
{ "type": "Feature", "properties": { "PlotID": "MANFV26", "windspeed": 20.0, "time": "120", "clipped_m2": 4280.9026924669743, "clipped_ha": 0.42809026924669741, "wspd": "20" }, "geometry": { "type": "Polygon", "coordinates": [ [ [ 2.4008186, 39.596142 ], [ 2.4007832, 39.5950942 ], [ 2.4006595, 39.595274 ], [ 2.4005976, 39.595175 ], [ 2.4003518, 39.595473 ], [ 2.4007923, 39.5945777 ], [ 2.4007607, 39.5945917 ], [ 2.4007169, 39.5946111 ], [ 2.4006497, 39.5946416 ], [ 2.4005362, 39.5946922 ], [ 2.4003713, 39.594752299999989 ], [ 2.400359, 39.594706 ], [ 2.4003823, 39.594648299999989 ], [ 2.4004064, 39.5945986 ], [ 2.4004307, 39.5945555 ], [ 2.400598, 39.5944919 ], [ 2.4006635, 39.5944646 ], [ 2.4007036, 39.5944479 ], [ 2.4007365, 39.5944366 ], [ 2.4007607, 39.5944289 ], [ 2.4007783, 39.5944233 ], [ 2.4007918, 39.594419 ], [ 2.4008056, 39.5944164 ], [ 2.4008182, 39.5944151 ], [ 2.4006768, 39.5943421 ], [ 2.4006941, 39.5943318 ], [ 2.4008423, 39.5944127 ], [ 2.4008479, 39.5944121 ], [ 2.4007517, 39.5943127 ], [ 2.4007687, 39.5943071 ], [ 2.4007852, 39.5943016 ], [ 2.4008015, 39.5942962 ], [ 2.4008178, 39.5942908 ], [ 2.4008344, 39.5942859 ], [ 2.4008517, 39.5942818 ], [ 2.4008694, 39.5942775 ], [ 2.4008878, 39.5942731 ], [ 2.4009075, 39.5942685 ], [ 2.4009278, 39.5942664 ], [ 2.4009482, 39.5942675 ], [ 2.4009691, 39.5942694 ], [ 2.4009904, 39.5942721 ], [ 2.4010123, 39.5942758 ], [ 2.4010348, 39.5942805 ], [ 2.4010581, 39.5942863 ], [ 2.4010822, 39.5942933 ], [ 2.4011073, 39.5943016 ], [ 2.4011334, 39.5943116 ], [ 2.4011607, 39.5943233 ], [ 2.4011892, 39.594337 ], [ 2.4012193, 39.5943531 ], [ 2.4012508, 39.594372 ], [ 2.4012842, 39.594394 ], [ 2.4013194, 39.5944199 ], [ 2.4013566, 39.5944503 ], [ 2.4012874, 39.5944763 ], [ 2.4011922, 39.5944893 ], [ 2.4011309, 39.5944974 ], [ 2.401088, 39.5945031 ], [ 2.4012264, 39.5945736 ], [ 2.4011751, 39.5945797 ], [ 2.4011334, 39.5945846 ], [ 2.4009975, 39.5945195 ], [ 2.401068, 39.5945924 ], [ 2.4017733, 39.5953114 ], [ 2.4010168, 39.5945985 ], [ 2.4017514, 39.5956864 ], [ 2.4009339, 39.594533299999988 ], [ 2.4009228, 39.5945357 ], [ 2.4009118, 39.5945381 ], [ 2.401225, 39.5962476 ], [ 2.4008896, 39.5945437 ], [ 2.4008186, 39.596142 ] ] ] } },
{ "type": "Feature", "properties": { "PlotID": "MANFV27", "windspeed": 20.0, "time": "120", "clipped_m2": 3159.3677570681321, "clipped_ha": 0.31593677570681322, "wspd": "20" }, "geometry": { "type": "Polygon", "coordinates": [ [ [ 2.4078112, 39.6016182 ], [ 2.4077989, 39.6016091 ], [ 2.4077879, 39.6016013 ], [ 2.4077779, 39.6015942 ], [ 2.4077687, 39.6015876 ], [ 2.4076919, 39.601678199999988 ], [ 2.4077716, 39.6015522 ], [ 2.4077656, 39.6015483 ], [ 2.4077597, 39.6015444 ], [ 2.4077537, 39.6015405 ], [ 2.4077476, 39.6015364 ], [ 2.4077412, 39.6015322 ], [ 2.4077344, 39.6015278 ], [ 2.4077271, 39.601523 ], [ 2.4077191, 39.6015177 ], [ 2.4077101, 39.6015118 ], [ 2.4076998, 39.6015051 ], [ 2.4076876, 39.6014971 ], [ 2.4076728, 39.601487399999989 ], [ 2.407654, 39.6014751 ], [ 2.4076291, 39.6014587 ], [ 2.4075885, 39.6014342 ], [ 2.407522, 39.6013937 ], [ 2.407546, 39.6013788 ], [ 2.4075695, 39.6013655 ], [ 2.4075925, 39.6013537 ], [ 2.4076152, 39.6013432 ], [ 2.4077593, 39.6014404 ], [ 2.4077914, 39.6014634 ], [ 2.4078035, 39.6014722 ], [ 2.4078097, 39.6014767 ], [ 2.4078135, 39.6014795 ], [ 2.4078161, 39.6014814 ], [ 2.407818, 39.6014828 ], [ 2.4078195, 39.6014839 ], [ 2.4078208, 39.6014848 ], [ 2.4078218, 39.6014855 ], [ 2.4078227, 39.6014862 ], [ 2.4078235, 39.6014868 ], [ 2.4078242, 39.6014873 ], [ 2.4078248, 39.6014878 ], [ 2.4078254, 39.6014882 ], [ 2.407826, 39.6014886 ], [ 2.4078266, 39.601489 ], [ 2.4078272, 39.6014895 ], [ 2.4078277, 39.6014899 ], [ 2.4078283, 39.6014903 ], [ 2.4078289, 39.6014907 ], [ 2.4078295, 39.6014912 ], [ 2.4078301, 39.6014916 ], [ 2.4078309, 39.6014922 ], [ 2.4078317, 39.6014927 ], [ 2.4078325, 39.6014934 ], [ 2.4078336, 39.6014942 ], [ 2.4078348, 39.6014951 ], [ 2.4078364, 39.6014962 ], [ 2.4078383, 39.6014976 ], [ 2.407841, 39.6014996 ], [ 2.4078449, 39.6015024 ], [ 2.4078514, 39.6015071 ], [ 2.4078711, 39.60152 ], [ 2.4090729, 39.6022651 ], [ 2.4088412, 39.6022437 ], [ 2.4087418, 39.6022999 ], [ 2.4086568, 39.6023687 ], [ 2.4085172, 39.6023737 ], [ 2.4079878, 39.6017533 ], [ 2.4079284, 39.6017053 ], [ 2.4078912, 39.601677599999988 ], [ 2.4078639, 39.6016573 ], [ 2.4078427, 39.6016416 ], [ 2.4078256, 39.6016289 ], [ 2.4078112, 39.6016182 ] ] ] } },
{ "type": "Feature", "properties": { "PlotID": "MANFV28", "windspeed": 20.0, "time": "120", "clipped_m2": 1432.4068108609645, "clipped_ha": 0.14324068108609644, "wspd": "20" }, "geometry": { "type": "Polygon", "coordinates": [ [ [ 2.4019439, 39.6026597 ], [ 2.4019193, 39.6026297 ], [ 2.4018992, 39.6026052 ], [ 2.4019041, 39.6025346 ], [ 2.4018955, 39.6025172 ], [ 2.4018883, 39.6025026 ], [ 2.4018821, 39.6024901 ], [ 2.4018766, 39.602479 ], [ 2.4018717, 39.6024691 ], [ 2.4018671, 39.6024599 ], [ 2.4018619, 39.6024518 ], [ 2.4018554, 39.6024446 ], [ 2.401849, 39.6024373 ], [ 2.4018423, 39.6024299 ], [ 2.4018016, 39.6024297 ], [ 2.4018116, 39.6024164 ], [ 2.4018213, 39.6024049 ], [ 2.4018305, 39.6023949 ], [ 2.4018394, 39.6023861 ], [ 2.401848, 39.6023785 ], [ 2.4018563, 39.6023717 ], [ 2.4018643, 39.6023658 ], [ 2.4018721, 39.6023605 ], [ 2.4018797, 39.6023558 ], [ 2.4018871, 39.6023516 ], [ 2.4018944, 39.6023479 ], [ 2.4019015, 39.6023446 ], [ 2.4019086, 39.6023417 ], [ 2.4019156, 39.6023391 ], [ 2.4019225, 39.6023368 ], [ 2.4019294, 39.6023348 ], [ 2.4019364, 39.6023331 ], [ 2.4019433, 39.6023317 ], [ 2.4019503, 39.6023305 ], [ 2.4019573, 39.6023295 ], [ 2.4019644, 39.6023288 ], [ 2.4019716, 39.602328299999989 ], [ 2.401979, 39.6023281 ], [ 2.4019865, 39.6023281 ], [ 2.4019943, 39.6023285 ], [ 2.4020023, 39.6023291 ], [ 2.4020105, 39.60233 ], [ 2.4020145, 39.6023366 ], [ 2.4020173, 39.6023432 ], [ 2.4020198, 39.6023491 ], [ 2.4020221, 39.6023545 ], [ 2.4020243, 39.6023595 ], [ 2.4020263, 39.6023642 ], [ 2.4020282, 39.6023688 ], [ 2.4020302, 39.602373199999988 ], [ 2.4020321, 39.6023776 ], [ 2.402034, 39.602382 ], [ 2.402036, 39.6023865 ], [ 2.402038, 39.6023912 ], [ 2.4020402, 39.6023962 ], [ 2.4020425, 39.6024015 ], [ 2.402045, 39.6024073 ], [ 2.4020479, 39.6024138 ], [ 2.4020511, 39.6024213 ], [ 2.4020549, 39.60243 ], [ 2.4020595, 39.6024406 ], [ 2.4020653, 39.6024538 ], [ 2.4020728, 39.6024713 ], [ 2.4020835, 39.6024957 ], [ 2.4021025, 39.6025359 ], [ 2.4021392, 39.6026124 ], [ 2.4022362, 39.6028151 ], [ 2.4026396, 39.6037284 ], [ 2.4021434, 39.6028611 ], [ 2.402071, 39.602798 ], [ 2.4020157, 39.6027386 ], [ 2.4019751, 39.6026951 ], [ 2.4019439, 39.6026597 ] ] ] } },
{ "type": "Feature", "properties": { "PlotID": "MANFV29", "windspeed": 20.0, "time": "120", "clipped_m2": 6727.6902757808566, "clipped_ha": 0.67276902757808565, "wspd": "20" }, "geometry": { "type": "Polygon", "coordinates": [ [ [ 2.4099392, 39.6067902 ], [ 2.4097664, 39.6062747 ], [ 2.4101284, 39.604472099999988 ], [ 2.4101, 39.6044978 ], [ 2.4096327, 39.6052651 ], [ 2.4096425, 39.6050695 ], [ 2.4096612, 39.6049179 ], [ 2.4096843, 39.604799 ], [ 2.4097091, 39.6047045 ], [ 2.4097671, 39.6046066 ], [ 2.4098067, 39.6045399 ], [ 2.4098344, 39.6044917 ], [ 2.4098538, 39.6044549 ], [ 2.4098698, 39.6044247 ], [ 2.4098898, 39.6043976 ], [ 2.4099082, 39.6043746 ], [ 2.4099342, 39.6043543 ], [ 2.4099612, 39.6043379 ], [ 2.409988, 39.6043251 ], [ 2.4100113, 39.6043153 ], [ 2.4099587, 39.6042936 ], [ 2.4099745, 39.6042821 ], [ 2.4099899, 39.6042719 ], [ 2.4100049, 39.6042628 ], [ 2.4100195, 39.6042548 ], [ 2.4100338, 39.6042477 ], [ 2.4100479, 39.6042414 ], [ 2.4100617, 39.6042357 ], [ 2.4100754, 39.604230799999989 ], [ 2.410089, 39.6042265 ], [ 2.4101026, 39.6042227 ], [ 2.4101161, 39.6042194 ], [ 2.4101296, 39.6042167 ], [ 2.4101432, 39.6042144 ], [ 2.410157, 39.6042127 ], [ 2.4101709, 39.6042114 ], [ 2.410185, 39.6042105 ], [ 2.4101994, 39.6042102 ], [ 2.4102141, 39.6042104 ], [ 2.4102292, 39.6042111 ], [ 2.4102448, 39.6042123 ], [ 2.4102608, 39.6042142 ], [ 2.4102775, 39.6042168 ], [ 2.4102949, 39.6042201 ], [ 2.4103131, 39.6042243 ], [ 2.4103323, 39.6042294 ], [ 2.4103525, 39.6042356 ], [ 2.4103739, 39.6042431 ], [ 2.4103968, 39.604252 ], [ 2.4104213, 39.6042627 ], [ 2.4104476, 39.6042756 ], [ 2.4104228, 39.6042988 ], [ 2.4105073, 39.6043094 ], [ 2.4105414, 39.604331699999989 ], [ 2.41055, 39.6043571 ], [ 2.4104859, 39.604374899999989 ], [ 2.4104509, 39.6043901 ], [ 2.4104194, 39.604402 ], [ 2.4107798, 39.6045467 ], [ 2.4107181, 39.6045714 ], [ 2.4106564, 39.6045898 ], [ 2.4104351, 39.604501 ], [ 2.4104114, 39.604515 ], [ 2.4103889, 39.6045291 ], [ 2.4103709, 39.6045479 ], [ 2.4103518, 39.6045677 ], [ 2.4103371, 39.6045983 ], [ 2.4103281, 39.6046515 ], [ 2.4102992, 39.6046808 ], [ 2.410267, 39.604717 ], [ 2.4102327, 39.6047908 ], [ 2.4101824, 39.6048638 ], [ 2.4099392, 39.6067902 ] ] ] } },
{ "type": "Feature", "properties": { "PlotID": "MANFV01", "windspeed": 30.0, "time": "120", "clipped_m2": 6389.5342554207891, "clipped_ha": 0.6389534255420789, "wspd": "30" }, "geometry": { "type": "Polygon", "coordinates": [ [ [ 2.4127022, 39.6003099 ], [ 2.4126163, 39.6001907 ], [ 2.4125557, 39.6000708 ], [ 2.4125167, 39.5999598 ], [ 2.4124941, 39.5998618 ], [ 2.4125267, 39.5997143 ], [ 2.4124806, 39.599706 ], [ 2.4124835, 39.5996458 ], [ 2.41249, 39.5995951 ], [ 2.4124987, 39.5995522 ], [ 2.4125089, 39.5995159 ], [ 2.4125199, 39.599485 ], [ 2.4125313, 39.5994586 ], [ 2.4125428, 39.5994358 ], [ 2.412563, 39.5994141 ], [ 2.4125658, 39.599399 ], [ 2.412577, 39.599384 ], [ 2.4125881, 39.5993709 ], [ 2.4125989, 39.5993593 ], [ 2.4126094, 39.599349 ], [ 2.4126198, 39.5993399 ], [ 2.4126299, 39.5993318 ], [ 2.4126399, 39.5993246 ], [ 2.4126497, 39.5993182 ], [ 2.4126593, 39.5993125 ], [ 2.4126688, 39.5993073 ], [ 2.4126782, 39.5993027 ], [ 2.4126876, 39.5992987 ], [ 2.4126968, 39.599295 ], [ 2.4127061, 39.5992918 ], [ 2.4127153, 39.599289 ], [ 2.4127245, 39.5992866 ], [ 2.4127338, 39.5992846 ], [ 2.4127431, 39.5992829 ], [ 2.4127526, 39.5992815 ], [ 2.4127621, 39.5992804 ], [ 2.4127718, 39.5992797 ], [ 2.4127817, 39.5992794 ], [ 2.4127918, 39.5992794 ], [ 2.4128022, 39.5992798 ], [ 2.4128129, 39.5992806 ], [ 2.4128239, 39.5992818 ], [ 2.4128352, 39.5992835 ], [ 2.4128471, 39.5992857 ], [ 2.4128594, 39.5992885 ], [ 2.4128723, 39.599292 ], [ 2.4128858, 39.5992962 ], [ 2.4129, 39.5993012 ], [ 2.4129151, 39.5993072 ], [ 2.412931, 39.5993144 ], [ 2.412948, 39.599323 ], [ 2.4129662, 39.5993331 ], [ 2.4129856, 39.5993452 ], [ 2.4130065, 39.5993595 ], [ 2.4130291, 39.5993767 ], [ 2.4130534, 39.5993973 ], [ 2.4130797, 39.599422 ], [ 2.413108, 39.599452 ], [ 2.4131386, 39.5994883 ], [ 2.4131712, 39.5995327 ], [ 2.4132055, 39.5995868 ], [ 2.4132407, 39.5996529 ], [ 2.4129753, 39.599517 ], [ 2.413306, 39.5998299 ], [ 2.4133288, 39.5999436 ], [ 2.4133365, 39.6000722 ], [ 2.4133208, 39.6002081 ], [ 2.4132731, 39.6003366 ], [ 2.4129406, 39.5998078 ], [ 2.4130742, 39.6004871 ], [ 2.4129425, 39.6004772 ], [ 2.4128133, 39.6004123 ], [ 2.4127022, 39.6003099 ] ] ] } },
{ "type": "Feature", "properties": { "PlotID": "MANFV02", "windspeed": 30.0, "time": "120", "clipped_m2": 2878.2121236594394, "clipped_ha": 0.28782121236594393, "wspd": "30" }, "geometry": { "type": "Polygon", "coordinates": [ [ [ 2.4101083, 39.5967133 ], [ 2.409997, 39.597183 ], [ 2.4100043, 39.5969085 ], [ 2.4100164, 39.596771 ], [ 2.410028, 39.5966931 ], [ 2.410038, 39.5966449 ], [ 2.4100466, 39.596613 ], [ 2.4100538, 39.5965908 ], [ 2.4100601, 39.5965748 ], [ 2.4100655, 39.5965628 ], [ 2.4100703, 39.5965536 ], [ 2.4100745, 39.5965464 ], [ 2.4100783, 39.5965407 ], [ 2.4100817, 39.596536 ], [ 2.4100848, 39.5965322 ], [ 2.4100876, 39.596529 ], [ 2.4100902, 39.5965263 ], [ 2.4100926, 39.5965241 ], [ 2.4100949, 39.5965221 ], [ 2.410097, 39.5965204 ], [ 2.410099, 39.596519 ], [ 2.4101009, 39.5965177 ], [ 2.4101027, 39.5965166 ], [ 2.4101045, 39.5965157 ], [ 2.4101061, 39.5965149 ], [ 2.4101078, 39.5965141 ], [ 2.4101093, 39.5965135 ], [ 2.4101109, 39.5965129 ], [ 2.4101124, 39.5965124 ], [ 2.4101138, 39.596512 ], [ 2.4101153, 39.5965116 ], [ 2.4101167, 39.5965113 ], [ 2.4101181, 39.5965111 ], [ 2.4101196, 39.5965109 ], [ 2.410121, 39.5965107 ], [ 2.4101224, 39.5965106 ], [ 2.4101239, 39.5965106 ], [ 2.4101253, 39.5965106 ], [ 2.4101268, 39.5965106 ], [ 2.4101283, 39.5965107 ], [ 2.4101299, 39.5965109 ], [ 2.4101315, 39.5965111 ], [ 2.4101332, 39.5965113 ], [ 2.4101349, 39.5965117 ], [ 2.4101367, 39.5965121 ], [ 2.4101385, 39.5965126 ], [ 2.4101405, 39.5965133 ], [ 2.4101426, 39.596514 ], [ 2.4101448, 39.5965149 ], [ 2.4101472, 39.5965159 ], [ 2.4101498, 39.5965172 ], [ 2.4101525, 39.5965187 ], [ 2.4101556, 39.5965205 ], [ 2.4101589, 39.5965226 ], [ 2.4101626, 39.5965252 ], [ 2.4101667, 39.5965284 ], [ 2.4101714, 39.5965323 ], [ 2.4101768, 39.5965373 ], [ 2.410183, 39.5965435 ], [ 2.4101904, 39.5965516 ], [ 2.4101992, 39.5965623 ], [ 2.41021, 39.5965768 ], [ 2.4102237, 39.5965971 ], [ 2.4102414, 39.5966266 ], [ 2.4102654, 39.5966718 ], [ 2.4102996, 39.5967456 ], [ 2.410352, 39.5968773 ], [ 2.4104402, 39.5971433 ], [ 2.4106082, 39.5977826 ], [ 2.4105308, 39.5980603 ], [ 2.41021, 39.5971055 ], [ 2.4101413, 39.5970331 ], [ 2.4101083, 39.5967133 ] ] ] } },
{ "type": "Feature", "properties": { "PlotID": "MANFV03", "windspeed": 30.0, "time": "120", "clipped_m2": 10172.906572898151, "clipped_ha": 1.017290657289815, "wspd": "30" }, "geometry": { "type": "Polygon", "coordinates": [ [ [ 2.4073874, 39.5962195 ], [ 2.4073278, 39.5960452 ], [ 2.4071622, 39.5962977 ], [ 2.4071718, 39.5960272 ], [ 2.4071918, 39.5958468 ], [ 2.4072141, 39.5957232 ], [ 2.4072358, 39.5956359 ], [ 2.4072558, 39.5955723 ], [ 2.4072739, 39.5955248 ], [ 2.4072902, 39.5954885 ], [ 2.4074074, 39.5954039 ], [ 2.4074007, 39.5954003 ], [ 2.4073934, 39.5953964 ], [ 2.4073853, 39.595392 ], [ 2.4073791, 39.595386499999989 ], [ 2.4073727, 39.5953804 ], [ 2.4073691, 39.5953734 ], [ 2.4073771, 39.5953661 ], [ 2.4073846, 39.5953598 ], [ 2.4073917, 39.5953543 ], [ 2.4073984, 39.5953496 ], [ 2.4074047, 39.5953456 ], [ 2.4074108, 39.595342 ], [ 2.4074166, 39.5953389 ], [ 2.4074222, 39.5953362 ], [ 2.4074277, 39.5953338 ], [ 2.407433, 39.5953317 ], [ 2.4074381, 39.5953299 ], [ 2.4074431, 39.5953284 ], [ 2.4074481, 39.595327 ], [ 2.407453, 39.5953259 ], [ 2.4074578, 39.5953249 ], [ 2.4074626, 39.5953242 ], [ 2.4074674, 39.5953236 ], [ 2.4074722, 39.5953232 ], [ 2.407477, 39.5953229 ], [ 2.4074818, 39.5953228 ], [ 2.4074867, 39.5953229 ], [ 2.4074917, 39.5953231 ], [ 2.4074967, 39.5953235 ], [ 2.4075019, 39.5953241 ], [ 2.4075072, 39.5953249 ], [ 2.4075127, 39.595326 ], [ 2.4075184, 39.5953272 ], [ 2.4075243, 39.5953288 ], [ 2.4075305, 39.5953307 ], [ 2.407537, 39.5953329 ], [ 2.4075438, 39.5953355 ], [ 2.407551, 39.5953386 ], [ 2.4075587, 39.5953423 ], [ 2.407567, 39.5953466 ], [ 2.4075759, 39.5953517 ], [ 2.4075855, 39.5953578 ], [ 2.407596, 39.5953651 ], [ 2.4076076, 39.5953738 ], [ 2.4076204, 39.5953845 ], [ 2.4076347, 39.5953975 ], [ 2.4076509, 39.5954136 ], [ 2.4076693, 39.5954338 ], [ 2.4076906, 39.5954596 ], [ 2.4077153, 39.5954929 ], [ 2.4077445, 39.595537 ], [ 2.4077794, 39.5955965 ], [ 2.4078216, 39.5956792 ], [ 2.4078731, 39.5957975 ], [ 2.407936, 39.5959719 ], [ 2.4075937, 39.5955557 ], [ 2.4080781, 39.5966193 ], [ 2.4078132, 39.5963129 ], [ 2.4080797, 39.5979192 ], [ 2.4078299, 39.598283 ], [ 2.4074834, 39.5961627 ], [ 2.4073874, 39.5962195 ] ] ] } },
{ "type": "Feature", "properties": { "PlotID": "MANFV04", "windspeed": 30.0, "time": "120", "clipped_m2": 318.78065154375508, "clipped_ha": 0.031878065154375509, "wspd": "30" }, "geometry": { "type": "Polygon", "coordinates": [ [ [ 2.4051223, 39.5900927 ], [ 2.4051215, 39.5900843 ], [ 2.4051214, 39.5900804 ], [ 2.4051215, 39.5900782 ], [ 2.4051216, 39.5900769 ], [ 2.4051217, 39.590076 ], [ 2.4051218, 39.5900754 ], [ 2.4051219, 39.590075 ], [ 2.405122, 39.5900747 ], [ 2.4051221, 39.5900744 ], [ 2.4051222, 39.5900742 ], [ 2.4051223, 39.5900741 ], [ 2.4051223, 39.5900739 ], [ 2.4051224, 39.5900738 ], [ 2.4051225, 39.5900737 ], [ 2.4051226, 39.5900736 ], [ 2.4051227, 39.5900735 ], [ 2.4051228, 39.5900734 ], [ 2.4051229, 39.5900734 ], [ 2.4051229, 39.5900733 ], [ 2.405123, 39.5900733 ], [ 2.4051231, 39.5900733 ], [ 2.4051231, 39.5900732 ], [ 2.4051232, 39.5900732 ], [ 2.4051233, 39.5900732 ], [ 2.4051234, 39.5900732 ], [ 2.4051235, 39.5900732 ], [ 2.4051236, 39.5900732 ], [ 2.4051237, 39.5900732 ], [ 2.4051238, 39.5900732 ], [ 2.4051239, 39.5900733 ], [ 2.405124, 39.5900733 ], [ 2.4051241, 39.5900733 ], [ 2.4051242, 39.5900734 ], [ 2.4051243, 39.5900734 ], [ 2.4051244, 39.5900735 ], [ 2.4051245, 39.5900736 ], [ 2.4051246, 39.5900737 ], [ 2.4051248, 39.5900738 ], [ 2.405125, 39.5900739 ], [ 2.4051252, 39.5900741 ], [ 2.4051255, 39.5900744 ], [ 2.4051258, 39.5900747 ], [ 2.4051262, 39.5900752 ], [ 2.4051268, 39.590076 ], [ 2.4051276, 39.5900772 ], [ 2.4051289, 39.5900791 ], [ 2.4051309, 39.5900827 ], [ 2.4051348, 39.5900906 ], [ 2.4051444, 39.590113 ], [ 2.4051864, 39.5902287 ], [ 2.4056182, 39.591807599999989 ], [ 2.4051506, 39.5902348 ], [ 2.4051257, 39.5901162 ], [ 2.4051223, 39.5900927 ] ] ] } },
{ "type": "Feature", "properties": { "PlotID": "MANFV05", "windspeed": 30.0, "time": "120", "clipped_m2": 4273.795852008916, "clipped_ha": 0.42737958520089159, "wspd": "30" }, "geometry": { "type": "Polygon", "coordinates": [ [ [ 2.4085007, 39.590867 ], [ 2.4084973, 39.590826899999989 ], [ 2.4084968, 39.5908082 ], [ 2.4084971, 39.5907979 ], [ 2.4084976, 39.5907916 ], [ 2.4084982, 39.5907874 ], [ 2.4084988, 39.5907846 ], [ 2.4084993, 39.5907825 ], [ 2.4084998, 39.590781 ], [ 2.4085003, 39.5907798 ], [ 2.4085007, 39.5907789 ], [ 2.4085011, 39.5907781 ], [ 2.4085014, 39.5907775 ], [ 2.4085017, 39.590777 ], [ 2.408502, 39.5907766 ], [ 2.4085023, 39.5907763 ], [ 2.4085026, 39.590776 ], [ 2.4085028, 39.590775699999988 ], [ 2.4085031, 39.5907755 ], [ 2.4085033, 39.5907753 ], [ 2.4085035, 39.5907751 ], [ 2.4085037, 39.590775 ], [ 2.4085039, 39.5907748 ], [ 2.4085041, 39.5907747 ], [ 2.4085043, 39.5907746 ], [ 2.4085045, 39.5907745 ], [ 2.4085046, 39.5907744 ], [ 2.4085048, 39.5907743 ], [ 2.408505, 39.5907743 ], [ 2.4085052, 39.5907742 ], [ 2.4085053, 39.5907742 ], [ 2.4085055, 39.5907741 ], [ 2.4085057, 39.5907741 ], [ 2.4085059, 39.5907741 ], [ 2.408506, 39.590774 ], [ 2.4085062, 39.590774 ], [ 2.4085064, 39.590774 ], [ 2.4085066, 39.590774 ], [ 2.4085068, 39.590774 ], [ 2.4085069, 39.590774 ], [ 2.4085071, 39.590774 ], [ 2.4085074, 39.590774 ], [ 2.4085076, 39.590774 ], [ 2.4085078, 39.5907741 ], [ 2.408508, 39.5907741 ], [ 2.4085083, 39.5907742 ], [ 2.4085086, 39.5907743 ], [ 2.4085088, 39.5907743 ], [ 2.4085091, 39.5907744 ], [ 2.4085095, 39.5907746 ], [ 2.4085098, 39.5907747 ], [ 2.4085102, 39.5907749 ], [ 2.4085107, 39.5907752 ], [ 2.4085112, 39.5907754 ], [ 2.4085117, 39.5907758 ], [ 2.4085124, 39.5907762 ], [ 2.4085131, 39.5907768 ], [ 2.408514, 39.5907775 ], [ 2.4085151, 39.5907784 ], [ 2.4085163, 39.5907797 ], [ 2.4085179, 39.5907814 ], [ 2.40852, 39.5907838 ], [ 2.4085227, 39.5907873 ], [ 2.4085266, 39.5907929 ], [ 2.4085324, 39.5908022 ], [ 2.4085421, 39.5908194 ], [ 2.4085605, 39.5908569 ], [ 2.4085716, 39.5908988 ], [ 2.4086199, 39.591058 ], [ 2.4122976, 39.6042344 ], [ 2.4085513, 39.5910478 ], [ 2.4085118, 39.5908831 ], [ 2.4085007, 39.590867 ] ] ] } },
{ "type": "Feature", "properties": { "PlotID": "MANFV06", "windspeed": 30.0, "time": "120", "clipped_m2": 70360.25133783929, "clipped_ha": 7.0360251337839292, "wspd": "30" }, "geometry": { "type": "Polygon", "coordinates": [ [ [ 2.4153112, 39.5864431 ], [ 2.4150618, 39.5859202 ], [ 2.4149099, 39.5854506 ], [ 2.4148282, 39.5850567 ], [ 2.4151005, 39.5841773 ], [ 2.4149758, 39.5842045 ], [ 2.4147973, 39.5842734 ], [ 2.4152305, 39.5837003 ], [ 2.4148458, 39.5839723 ], [ 2.4148759, 39.5838618 ], [ 2.4149072, 39.5837705 ], [ 2.4149388, 39.5836943 ], [ 2.4151148, 39.5835732 ], [ 2.4152309, 39.5835039 ], [ 2.4150301, 39.5835292 ], [ 2.4150588, 39.5834891 ], [ 2.4150865, 39.5834545 ], [ 2.4151132, 39.5834242 ], [ 2.4151391, 39.5833978 ], [ 2.4151642, 39.5833745 ], [ 2.4151886, 39.583354 ], [ 2.4152122, 39.5833357 ], [ 2.4152353, 39.5833196 ], [ 2.4152579, 39.5833052 ], [ 2.41528, 39.5832923 ], [ 2.4153017, 39.5832809 ], [ 2.4153231, 39.5832707 ], [ 2.4153443, 39.5832616 ], [ 2.4153652, 39.5832536 ], [ 2.4153861, 39.5832465 ], [ 2.4154069, 39.5832403 ], [ 2.4154277, 39.5832349 ], [ 2.4154486, 39.5832303 ], [ 2.4154696, 39.5832265 ], [ 2.4154908, 39.5832234 ], [ 2.415513, 39.5832369 ], [ 2.4155341, 39.5832195 ], [ 2.4155564, 39.5832187 ], [ 2.4155791, 39.5832186 ], [ 2.4156025, 39.5832194 ], [ 2.4156266, 39.5832211 ], [ 2.4155816, 39.5833252 ], [ 2.4156774, 39.5832273 ], [ 2.4157043, 39.5832321 ], [ 2.4157324, 39.5832382 ], [ 2.415762, 39.5832458 ], [ 2.4157932, 39.583255 ], [ 2.4158262, 39.5832662 ], [ 2.4158613, 39.5832796 ], [ 2.4158988, 39.5832957 ], [ 2.4159391, 39.583315 ], [ 2.4159826, 39.583338 ], [ 2.4160046, 39.583368 ], [ 2.4158727, 39.5834044 ], [ 2.4160322, 39.5834348 ], [ 2.4161996, 39.583488 ], [ 2.4162683, 39.5835478 ], [ 2.4163448, 39.5836215 ], [ 2.4164301, 39.5837132 ], [ 2.4165254, 39.583828 ], [ 2.4166319, 39.5839733 ], [ 2.4167498, 39.5841583 ], [ 2.4168784, 39.5843954 ], [ 2.4170134, 39.5846992 ], [ 2.4171448, 39.585085 ], [ 2.4172515, 39.585562 ], [ 2.417297, 39.5861183 ], [ 2.4172296, 39.5866966 ], [ 2.4170021, 39.5871774 ], [ 2.4166133, 39.5874122 ], [ 2.4161349, 39.5873193 ], [ 2.4156753, 39.5869508 ], [ 2.4153112, 39.5864431 ] ] ] } },
{ "type": "Feature", "properties": { "PlotID": "MANFV07", "windspeed": 30.0, "time": "120", "clipped_m2": 198821.26750658825, "clipped_ha": 19.882126750658824, "wspd": "30" }, "geometry": { "type": "Polygon", "coordinates": [ [ [ 2.4087317, 39.5837002 ], [ 2.4087046, 39.5834043 ], [ 2.4086999, 39.5832643 ], [ 2.4087017, 39.5831869 ], [ 2.4087056, 39.5831397 ], [ 2.4087099, 39.5831086 ], [ 2.4087141, 39.5830871 ], [ 2.4087181, 39.5830716 ], [ 2.4087217, 39.5830599 ], [ 2.4087251, 39.583051 ], [ 2.4087281, 39.583044 ], [ 2.4087309, 39.5830384 ], [ 2.4087335, 39.5830338 ], [ 2.408736, 39.58303 ], [ 2.4087382, 39.5830268 ], [ 2.4087403, 39.5830241 ], [ 2.4087423, 39.5830219 ], [ 2.4087441, 39.5830199 ], [ 2.4087459, 39.5830182 ], [ 2.4087476, 39.5830167 ], [ 2.4087492, 39.5830154 ], [ 2.4087507, 39.5830143 ], [ 2.4087522, 39.5830132 ], [ 2.4087536, 39.5830124 ], [ 2.4087551, 39.5830116 ], [ 2.4087564, 39.5830108 ], [ 2.4087578, 39.5830102 ], [ 2.4087591, 39.5830096 ], [ 2.4087604, 39.5830091 ], [ 2.4087617, 39.5830087 ], [ 2.408763, 39.583008299999989 ], [ 2.4087643, 39.583008 ], [ 2.4087656, 39.5830077 ], [ 2.4087669, 39.5830074 ], [ 2.4087682, 39.5830072 ], [ 2.4087695, 39.5830071 ], [ 2.4087709, 39.583007 ], [ 2.4087723, 39.5830069 ], [ 2.4087737, 39.5830069 ], [ 2.4087751, 39.5830069 ], [ 2.4087766, 39.583007 ], [ 2.4087782, 39.5830071 ], [ 2.4087798, 39.5830073 ], [ 2.4087815, 39.5830076 ], [ 2.4087833, 39.5830079 ], [ 2.4087852, 39.5830083 ], [ 2.4087873, 39.5830089 ], [ 2.4087894, 39.5830095 ], [ 2.4087918, 39.5830103 ], [ 2.4087943, 39.5830113 ], [ 2.4087971, 39.5830125 ], [ 2.4088001, 39.5830139 ], [ 2.4088034, 39.583015599999989 ], [ 2.4088072, 39.5830178 ], [ 2.4087963, 39.5830199 ], [ 2.4087952, 39.5830216 ], [ 2.4088219, 39.5830279 ], [ 2.4088286, 39.5830333 ], [ 2.4088365, 39.5830403 ], [ 2.4088461, 39.5830496 ], [ 2.4088582, 39.5830624 ], [ 2.4088738, 39.5830805 ], [ 2.4088946, 39.5831073 ], [ 2.4089239, 39.5831488 ], [ 2.4089678, 39.5832183 ], [ 2.40904, 39.5833468 ], [ 2.409177, 39.5836238 ], [ 2.4095076, 39.584397 ], [ 2.4108113, 39.5880299 ], [ 2.4181329, 39.6157005 ], [ 2.4096557, 39.588228 ], [ 2.408854, 39.584509 ], [ 2.4087317, 39.5837002 ] ] ] } },
{ "type": "Feature", "properties": { "PlotID": "MANFV08", "windspeed": 30.0, "time": "120", "clipped_m2": 5056.583118038252, "clipped_ha": 0.50565831180382514, "wspd": "30" }, "geometry": { "type": "Polygon", "coordinates": [ [ [ 2.4202046, 39.601835 ], [ 2.4201712, 39.6018437 ], [ 2.4201348, 39.6018531 ], [ 2.4202014, 39.6016128 ], [ 2.4201929, 39.6016151 ], [ 2.4201829, 39.6016179 ], [ 2.4199451, 39.601887 ], [ 2.4201554, 39.6016254 ], [ 2.4201352, 39.6016309 ], [ 2.4201067, 39.6016387 ], [ 2.4200626, 39.6016508 ], [ 2.4200004, 39.6016644 ], [ 2.4199115, 39.6016791 ], [ 2.4199272, 39.6016488 ], [ 2.4199429, 39.6016225 ], [ 2.4199584, 39.6015998 ], [ 2.4199735, 39.6015799 ], [ 2.4200126, 39.6015619 ], [ 2.4200731, 39.6015502 ], [ 2.4201053, 39.6015434 ], [ 2.4201267, 39.601539 ], [ 2.4201422, 39.6015357 ], [ 2.420154, 39.6015333 ], [ 2.4201636, 39.6015313 ], [ 2.4201715, 39.6015297 ], [ 2.4201783, 39.6015283 ], [ 2.4201842, 39.6015271 ], [ 2.4201895, 39.601526 ], [ 2.4201944, 39.601525 ], [ 2.4201989, 39.601524 ], [ 2.4202032, 39.6015231 ], [ 2.4202074, 39.6015223 ], [ 2.4202115, 39.6015214 ], [ 2.4202155, 39.6015206 ], [ 2.4202196, 39.6015198 ], [ 2.4202238, 39.6015189 ], [ 2.4202281, 39.601518 ], [ 2.4202328, 39.601517099999988 ], [ 2.4202604, 39.601442 ], [ 2.4202741, 39.6014425 ], [ 2.4202883, 39.6014436 ], [ 2.4203029, 39.6014453 ], [ 2.4202647, 39.6015105 ], [ 2.4202748, 39.6015084 ], [ 2.4202875, 39.6015058 ], [ 2.4203045, 39.6015023 ], [ 2.4203271, 39.6014982 ], [ 2.42036, 39.6014926 ], [ 2.420415, 39.601483099999989 ], [ 2.4204454, 39.6014892 ], [ 2.420468, 39.6015006 ], [ 2.4204921, 39.6015142 ], [ 2.420518, 39.6015303 ], [ 2.4205459, 39.6015496 ], [ 2.4204446, 39.6015667 ], [ 2.420393, 39.6015759 ], [ 2.4203609, 39.6015817 ], [ 2.4203384, 39.6015859 ], [ 2.4203214, 39.601589 ], [ 2.4203081, 39.6015914 ], [ 2.4208124, 39.6018552 ], [ 2.4202878, 39.6015952 ], [ 2.4202797, 39.6015966 ], [ 2.4202725, 39.601598 ], [ 2.420981, 39.602341 ], [ 2.4209927, 39.6025178 ], [ 2.4209724, 39.6027055 ], [ 2.4209082, 39.6028838 ], [ 2.4207941, 39.6030226 ], [ 2.4203625, 39.602069 ], [ 2.4203034, 39.6020709 ], [ 2.4202499, 39.6021952 ], [ 2.4202046, 39.601835 ] ] ] } },
{ "type": "Feature", "properties": { "PlotID": "MANFV09", "windspeed": 30.0, "time": "120", "clipped_m2": 135.00933210912626, "clipped_ha": 0.013500933210912626, "wspd": "30" }, "geometry": { "type": "Polygon", "coordinates": [ [ [ 2.4128605, 39.6004569 ], [ 2.4128599, 39.600449 ], [ 2.4128598, 39.6004452 ], [ 2.4128599, 39.6004432 ], [ 2.41286, 39.6004419 ], [ 2.4128601, 39.6004411 ], [ 2.4128603, 39.6004405 ], [ 2.4128604, 39.6004401 ], [ 2.4128605, 39.6004398 ], [ 2.4128606, 39.6004396 ], [ 2.4128606, 39.6004394 ], [ 2.4128607, 39.6004392 ], [ 2.4128608, 39.6004391 ], [ 2.4128608, 39.600439 ], [ 2.4128609, 39.6004389 ], [ 2.412861, 39.6004389 ], [ 2.412861, 39.6004388 ], [ 2.4128611, 39.6004388 ], [ 2.4128611, 39.6004387 ], [ 2.4128612, 39.6004387 ], [ 2.4128612, 39.6004386 ], [ 2.4128613, 39.6004386 ], [ 2.4128614, 39.6004385 ], [ 2.4128615, 39.6004385 ], [ 2.4128616, 39.6004385 ], [ 2.4128616, 39.6004384 ], [ 2.4128617, 39.6004384 ], [ 2.4128618, 39.6004384 ], [ 2.4128619, 39.6004384 ], [ 2.412862, 39.6004384 ], [ 2.4128621, 39.6004384 ], [ 2.4128621, 39.6004385 ], [ 2.4128622, 39.6004385 ], [ 2.4128623, 39.6004385 ], [ 2.4128624, 39.6004385 ], [ 2.4128625, 39.6004386 ], [ 2.4128626, 39.6004387 ], [ 2.4128627, 39.6004387 ], [ 2.4128628, 39.6004388 ], [ 2.412863, 39.6004389 ], [ 2.4128631, 39.600439 ], [ 2.4128633, 39.6004391 ], [ 2.4128635, 39.6004393 ], [ 2.4128637, 39.6004396 ], [ 2.4128641, 39.6004399 ], [ 2.4128645, 39.6004404 ], [ 2.412865, 39.6004411 ], [ 2.4128658, 39.6004422 ], [ 2.4128669, 39.6004441 ], [ 2.4128688, 39.6004475 ], [ 2.4128724, 39.600455 ], [ 2.4128813, 39.6004764 ], [ 2.4129204, 39.6005881 ], [ 2.4130639, 39.6011806 ], [ 2.412886, 39.6005937 ], [ 2.4128635, 39.6004793 ], [ 2.4128605, 39.6004569 ] ] ] } },
{ "type": "Feature", "properties": { "PlotID": "MANFV10", "windspeed": 30.0, "time": "120", "clipped_m2": 240.11469004594255, "clipped_ha": 0.024011469004594256, "wspd": "30" }, "geometry": { "type": "Polygon", "coordinates": [ [ [ 2.4128582, 39.5952347 ], [ 2.4128578, 39.595229 ], [ 2.4128578, 39.5952264 ], [ 2.4128579, 39.5952249 ], [ 2.4128579, 39.595224 ], [ 2.412858, 39.5952234 ], [ 2.4128581, 39.595223 ], [ 2.4128582, 39.5952227 ], [ 2.4128583, 39.5952225 ], [ 2.4128584, 39.5952223 ], [ 2.4128584, 39.5952222 ], [ 2.4128585, 39.5952221 ], [ 2.4128585, 39.595222 ], [ 2.4128586, 39.5952219 ], [ 2.4128587, 39.5952218 ], [ 2.4128588, 39.595221699999989 ], [ 2.4128589, 39.5952217 ], [ 2.4128589, 39.5952216 ], [ 2.412859, 39.5952216 ], [ 2.4128591, 39.5952215 ], [ 2.4128592, 39.5952215 ], [ 2.4128593, 39.5952215 ], [ 2.4128594, 39.5952215 ], [ 2.4128595, 39.5952215 ], [ 2.4128595, 39.5952216 ], [ 2.4128596, 39.5952216 ], [ 2.4128597, 39.5952216 ], [ 2.4128598, 39.5952217 ], [ 2.4128599, 39.5952217 ], [ 2.41286, 39.5952218 ], [ 2.4128601, 39.5952218 ], [ 2.4128602, 39.5952219 ], [ 2.4128603, 39.595222 ], [ 2.4128605, 39.5952222 ], [ 2.4128606, 39.595222299999989 ], [ 2.4128609, 39.5952226 ], [ 2.4128611, 39.5952229 ], [ 2.4128615, 39.595223399999988 ], [ 2.4128621, 39.5952242 ], [ 2.4128629, 39.5952256 ], [ 2.4128642, 39.595228 ], [ 2.4128667, 39.5952334 ], [ 2.412873, 39.5952487 ], [ 2.4129006, 39.5953295 ], [ 2.4133652, 39.5971378 ], [ 2.4128758, 39.5953334 ], [ 2.4128602, 39.5952507 ], [ 2.4128582, 39.5952347 ] ] ] } },
{ "type": "Feature", "properties": { "PlotID": "MANFV11", "windspeed": 30.0, "time": "120", "clipped_m2": 7493.4186208918691, "clipped_ha": 0.74934186208918696, "wspd": "30" }, "geometry": { "type": "Polygon", "coordinates": [ [ [ 2.407274, 39.5984765 ], [ 2.4072518, 39.5982393 ], [ 2.4072488, 39.5981011 ], [ 2.4072526, 39.5980158 ], [ 2.4072586, 39.5979602 ], [ 2.4072651, 39.5979221 ], [ 2.4072714, 39.597895 ], [ 2.4072773, 39.597875 ], [ 2.4072827, 39.5978599 ], [ 2.4072877, 39.5978481 ], [ 2.4072922, 39.5978389 ], [ 2.4072963, 39.5978314 ], [ 2.4073001, 39.5978253 ], [ 2.4073036, 39.5978202 ], [ 2.4073069, 39.597816 ], [ 2.40731, 39.5978124 ], [ 2.4073128, 39.5978093 ], [ 2.4073155, 39.5978067 ], [ 2.4073181, 39.5978044 ], [ 2.4073205, 39.5978025 ], [ 2.4073228, 39.5978007 ], [ 2.407325, 39.5977992 ], [ 2.4073272, 39.5977979 ], [ 2.4073292, 39.5977967 ], [ 2.4073313, 39.5977957 ], [ 2.4073332, 39.5977948 ], [ 2.4073351, 39.5977939 ], [ 2.407337, 39.5977932 ], [ 2.4073389, 39.5977926 ], [ 2.4073407, 39.597792 ], [ 2.4073425, 39.5977916 ], [ 2.4073444, 39.5977911 ], [ 2.4073462, 39.5977908 ], [ 2.407348, 39.5977905 ], [ 2.4073499, 39.5977903 ], [ 2.4073517, 39.5977902 ], [ 2.4073536, 39.5977901 ], [ 2.4073555, 39.59779 ], [ 2.4073575, 39.5977901 ], [ 2.4073595, 39.5977902 ], [ 2.4073616, 39.5977904 ], [ 2.4073638, 39.5977906 ], [ 2.407366, 39.597791 ], [ 2.4073684, 39.5977914 ], [ 2.4073708, 39.597792 ], [ 2.4073734, 39.5977927 ], [ 2.4073762, 39.5977936 ], [ 2.4073791, 39.5977946 ], [ 2.4073823, 39.5977958 ], [ 2.4073857, 39.5977973 ], [ 2.4073893, 39.597799 ], [ 2.4073934, 39.5978012 ], [ 2.4073978, 39.5978037 ], [ 2.4074027, 39.5978069 ], [ 2.4074083, 39.5978107 ], [ 2.4074145, 39.5978155 ], [ 2.4074217, 39.5978214 ], [ 2.40743, 39.597829 ], [ 2.4074397, 39.5978387 ], [ 2.4074514, 39.5978516 ], [ 2.4074657, 39.5978688 ], [ 2.4074835, 39.5978927 ], [ 2.4075062, 39.5979269 ], [ 2.4075362, 39.5979777 ], [ 2.407577, 39.598056899999989 ], [ 2.4076345, 39.5981878 ], [ 2.4077172, 39.5984168 ], [ 2.4078296, 39.5988298 ], [ 2.4079268, 39.5994822 ], [ 2.4078309, 39.5999372 ], [ 2.407542, 39.599534 ], [ 2.4073485, 39.5988945 ], [ 2.407274, 39.5984765 ] ] ] } },
{ "type": "Feature", "properties": { "PlotID": "MANFV12", "windspeed": 30.0, "time": "120", "clipped_m2": 1363.7066181860864, "clipped_ha": 0.13637066181860863, "wspd": "30" }, "geometry": { "type": "Polygon", "coordinates": [ [ [ 2.4019363, 39.5880059 ], [ 2.4019172, 39.5878902 ], [ 2.4019109, 39.5878168 ], [ 2.4019103, 39.5877691 ], [ 2.401912, 39.5877369 ], [ 2.4019146, 39.5877143 ], [ 2.4019176, 39.587698 ], [ 2.4019206, 39.587685799999988 ], [ 2.4019234, 39.5876764 ], [ 2.4019261, 39.5876692 ], [ 2.4019286, 39.5876634 ], [ 2.401931, 39.5876587 ], [ 2.4019332, 39.5876548 ], [ 2.4019352, 39.5876516 ], [ 2.4019372, 39.5876489 ], [ 2.401939, 39.5876466 ], [ 2.4019407, 39.5876447 ], [ 2.4019423, 39.587643 ], [ 2.4019438, 39.5876415 ], [ 2.4019453, 39.5876403 ], [ 2.4019467, 39.5876391 ], [ 2.4019481, 39.5876382 ], [ 2.4019494, 39.5876373 ], [ 2.4019507, 39.5876365 ], [ 2.4019519, 39.5876358 ], [ 2.4019531, 39.5876352 ], [ 2.4019543, 39.5876347 ], [ 2.4019555, 39.5876342 ], [ 2.4019566, 39.5876338 ], [ 2.4019578, 39.5876334 ], [ 2.4019589, 39.5876331 ], [ 2.40196, 39.5876328 ], [ 2.4019612, 39.5876326 ], [ 2.4019623, 39.5876324 ], [ 2.4019635, 39.5876322 ], [ 2.4019646, 39.5876321 ], [ 2.4019658, 39.587632 ], [ 2.401967, 39.5876319 ], [ 2.4019683, 39.5876319 ], [ 2.4019696, 39.587632 ], [ 2.4019709, 39.5876321 ], [ 2.4019722, 39.5876322 ], [ 2.4019737, 39.5876324 ], [ 2.4019752, 39.5876327 ], [ 2.4019767, 39.587633 ], [ 2.4019784, 39.5876334 ], [ 2.4019801, 39.5876339 ], [ 2.401982, 39.5876345 ], [ 2.401984, 39.5876352 ], [ 2.4019861, 39.5876361 ], [ 2.4019885, 39.587637199999989 ], [ 2.401991, 39.5876384 ], [ 2.4019938, 39.58764 ], [ 2.401997, 39.5876419 ], [ 2.4020005, 39.5876442 ], [ 2.4020044, 39.5876471 ], [ 2.402009, 39.5876507 ], [ 2.4020142, 39.5876553 ], [ 2.4020204, 39.5876612 ], [ 2.4020277, 39.5876689 ], [ 2.4020366, 39.5876792 ], [ 2.4020476, 39.5876934 ], [ 2.4020614, 39.5877133 ], [ 2.4020792, 39.5877425 ], [ 2.4021027, 39.5877866 ], [ 2.4021341, 39.587856 ], [ 2.4021665, 39.5879553 ], [ 2.402221, 39.5881455 ], [ 2.4021348, 39.5880861 ], [ 2.4021934, 39.5885113 ], [ 2.4020768, 39.5884017 ], [ 2.4019833, 39.5881829 ], [ 2.4019363, 39.5880059 ] ] ] } },
{ "type": "Feature", "properties": { "PlotID": "MANFV13", "windspeed": 30.0, "time": "120", "clipped_m2": 21822.247624142095, "clipped_ha": 2.1822247624142097, "wspd": "30" }, "geometry": { "type": "Polygon", "coordinates": [ [ [ 2.4036531, 39.5927157 ], [ 2.4035208, 39.5919957 ], [ 2.4034737, 39.5915295 ], [ 2.403465, 39.5912224 ], [ 2.4034732, 39.5910133 ], [ 2.4034885, 39.590866 ], [ 2.4035065, 39.5907587 ], [ 2.403525, 39.590678499999989 ], [ 2.4035431, 39.590617 ], [ 2.4035604, 39.5905688 ], [ 2.4035766, 39.5905304 ], [ 2.4035918, 39.5904993 ], [ 2.4036061, 39.5904737 ], [ 2.4036194, 39.5904524 ], [ 2.403632, 39.5904345 ], [ 2.4036438, 39.5904193 ], [ 2.403655, 39.5904063 ], [ 2.4036656, 39.590395099999988 ], [ 2.4036758, 39.5903853 ], [ 2.4036854, 39.5903768 ], [ 2.4036947, 39.5903693 ], [ 2.4037037, 39.5903627 ], [ 2.4037123, 39.5903569 ], [ 2.4037207, 39.5903517 ], [ 2.4037289, 39.5903471 ], [ 2.4037369, 39.590343 ], [ 2.4037448, 39.5903394 ], [ 2.4037525, 39.5903361 ], [ 2.4037601, 39.5903333 ], [ 2.4037677, 39.5903308 ], [ 2.4037753, 39.5903285 ], [ 2.4037828, 39.5903266 ], [ 2.4037903, 39.590325 ], [ 2.4037979, 39.5903236 ], [ 2.4038056, 39.5903225 ], [ 2.4038134, 39.5903216 ], [ 2.4038213, 39.5903211 ], [ 2.4038293, 39.5903207 ], [ 2.4038376, 39.5903207 ], [ 2.403846, 39.5903209 ], [ 2.4038548, 39.5903214 ], [ 2.4038639, 39.5903223 ], [ 2.4038733, 39.5903236 ], [ 2.4038832, 39.590325199999988 ], [ 2.4038936, 39.5903273 ], [ 2.4039046, 39.59033 ], [ 2.4039162, 39.5903332 ], [ 2.4039286, 39.5903372 ], [ 2.4039419, 39.5903419 ], [ 2.4039562, 39.5903477 ], [ 2.4039718, 39.5903547 ], [ 2.4039888, 39.5903631 ], [ 2.4040076, 39.5903733 ], [ 2.4040284, 39.5903858 ], [ 2.4040517, 39.5904011 ], [ 2.4040781, 39.5904201 ], [ 2.4041083, 39.5904438 ], [ 2.4041431, 39.5904739 ], [ 2.404184, 39.5905126 ], [ 2.4042326, 39.5905632 ], [ 2.4042914, 39.5906309 ], [ 2.4043637, 39.5907234 ], [ 2.4044546, 39.5908535 ], [ 2.4045711, 39.5910423 ], [ 2.4047205, 39.5913232 ], [ 2.4047122, 39.5915052 ], [ 2.404693, 39.5917287 ], [ 2.4047444, 39.5921783 ], [ 2.4044159, 39.591919 ], [ 2.4042749, 39.5920764 ], [ 2.4041791, 39.5927141 ], [ 2.403934, 39.5931491 ], [ 2.4036531, 39.5927157 ] ] ] } },
{ "type": "Feature", "properties": { "PlotID": "MANFV14", "windspeed": 30.0, "time": "120", "clipped_m2": 1981.6388822207227, "clipped_ha": 0.19816388822207226, "wspd": "30" }, "geometry": { "type": "Polygon", "coordinates": [ [ [ 2.4107037, 39.5951862 ], [ 2.410691, 39.5950627 ], [ 2.4106888, 39.5949899 ], [ 2.4106904, 39.5949446 ], [ 2.4106934, 39.594915 ], [ 2.4106967, 39.5948946 ], [ 2.4107, 39.5948801 ], [ 2.4107031, 39.5948694 ], [ 2.4107059, 39.5948613 ], [ 2.4107085, 39.5948549 ], [ 2.4107109, 39.5948499 ], [ 2.4107131, 39.5948459 ], [ 2.4107152, 39.5948426 ], [ 2.410717, 39.5948399 ], [ 2.4107188, 39.5948376 ], [ 2.4107204, 39.5948357 ], [ 2.4107219, 39.594834 ], [ 2.4107234, 39.5948326 ], [ 2.4107247, 39.5948314 ], [ 2.410726, 39.5948303 ], [ 2.4107273, 39.5948294 ], [ 2.4107285, 39.5948286 ], [ 2.4107296, 39.5948279 ], [ 2.4107307, 39.5948272 ], [ 2.4107318, 39.5948266 ], [ 2.4107329, 39.5948261 ], [ 2.4107339, 39.5948257 ], [ 2.4107349, 39.5948253 ], [ 2.4107359, 39.594825 ], [ 2.4107369, 39.5948247 ], [ 2.4107379, 39.5948244 ], [ 2.4107389, 39.5948242 ], [ 2.4107398, 39.594824 ], [ 2.4107408, 39.5948238 ], [ 2.4107418, 39.5948237 ], [ 2.4107428, 39.5948236 ], [ 2.4107438, 39.5948236 ], [ 2.4107449, 39.5948236 ], [ 2.4107459, 39.5948236 ], [ 2.410747, 39.5948236 ], [ 2.4107482, 39.5948237 ], [ 2.4107493, 39.5948239 ], [ 2.4107505, 39.5948241 ], [ 2.4107518, 39.5948243 ], [ 2.4107531, 39.5948246 ], [ 2.4107545, 39.594825 ], [ 2.410756, 39.5948254 ], [ 2.4107576, 39.594826 ], [ 2.4107593, 39.5948266 ], [ 2.4107611, 39.5948274 ], [ 2.4107631, 39.5948284 ], [ 2.4107653, 39.5948295 ], [ 2.4107677, 39.5948309 ], [ 2.4107703, 39.5948326 ], [ 2.4107733, 39.5948346 ], [ 2.4107767, 39.5948372 ], [ 2.4107805, 39.5948404 ], [ 2.410785, 39.5948444 ], [ 2.4107903, 39.5948496 ], [ 2.4107966, 39.5948565 ], [ 2.4108043, 39.5948657 ], [ 2.4108138, 39.5948785 ], [ 2.410826, 39.5948967 ], [ 2.410842, 39.5949237 ], [ 2.4108638, 39.5949657 ], [ 2.4108943, 39.5950346 ], [ 2.4109375, 39.595154 ], [ 2.4109948, 39.595365 ], [ 2.4110414, 39.5956884 ], [ 2.4109905, 39.5959077 ], [ 2.4108448, 39.5957155 ], [ 2.4107442, 39.5953996 ], [ 2.4107037, 39.5951862 ] ] ] } },
{ "type": "Feature", "properties": { "PlotID": "MANFV15", "windspeed": 30.0, "time": "120", "clipped_m2": 348.01254214078654, "clipped_ha": 0.034801254214078654, "wspd": "30" }, "geometry": { "type": "Polygon", "coordinates": [ [ [ 2.410629, 39.5928899 ], [ 2.4106286, 39.5928802 ], [ 2.4106287, 39.5928756 ], [ 2.4106289, 39.5928731 ], [ 2.4106291, 39.5928716 ], [ 2.4106293, 39.5928706 ], [ 2.4106295, 39.5928699 ], [ 2.4106296, 39.5928694 ], [ 2.4106298, 39.5928691 ], [ 2.4106299, 39.5928688 ], [ 2.41063, 39.5928685 ], [ 2.4106301, 39.5928684 ], [ 2.4106302, 39.5928682 ], [ 2.4106303, 39.5928681 ], [ 2.4106303, 39.592868 ], [ 2.4106304, 39.5928679 ], [ 2.4106305, 39.5928678 ], [ 2.4106306, 39.5928677 ], [ 2.4106307, 39.5928677 ], [ 2.4106307, 39.5928676 ], [ 2.4106308, 39.5928676 ], [ 2.4106309, 39.5928675 ], [ 2.410631, 39.5928675 ], [ 2.4106311, 39.5928674 ], [ 2.4106312, 39.5928674 ], [ 2.4106313, 39.5928674 ], [ 2.4106314, 39.5928674 ], [ 2.4106315, 39.5928674 ], [ 2.4106316, 39.5928674 ], [ 2.4106317, 39.5928674 ], [ 2.4106318, 39.5928674 ], [ 2.4106319, 39.592867399999989 ], [ 2.4106319, 39.5928675 ], [ 2.410632, 39.5928675 ], [ 2.4106321, 39.5928675 ], [ 2.4106322, 39.5928676 ], [ 2.4106323, 39.5928676 ], [ 2.4106324, 39.5928676 ], [ 2.4106325, 39.5928677 ], [ 2.4106326, 39.5928678 ], [ 2.4106327, 39.5928679 ], [ 2.4106329, 39.592868 ], [ 2.410633, 39.5928681 ], [ 2.4106332, 39.5928683 ], [ 2.4106335, 39.5928685 ], [ 2.4106338, 39.5928688 ], [ 2.4106342, 39.5928693 ], [ 2.4106346, 39.5928699 ], [ 2.4106353, 39.5928707 ], [ 2.4106361, 39.5928721 ], [ 2.4106375, 39.5928744 ], [ 2.4106396, 39.5928787 ], [ 2.4106436, 39.5928878 ], [ 2.4106533, 39.5929137 ], [ 2.4106929, 39.5930416 ], [ 2.4110339, 39.5945805 ], [ 2.4106529, 39.5930472 ], [ 2.4106317, 39.592916699999989 ], [ 2.410629, 39.5928899 ] ] ] } },
{ "type": "Feature", "properties": { "PlotID": "MANFV16", "windspeed": 30.0, "time": "120", "clipped_m2": 8343.9385661450215, "clipped_ha": 0.83439385661450216, "wspd": "30" }, "geometry": { "type": "Polygon", "coordinates": [ [ [ 2.405497, 39.5852506 ], [ 2.4054108, 39.5851083 ], [ 2.4053534, 39.58497 ], [ 2.4053191, 39.5848458 ], [ 2.4053015, 39.5847389 ], [ 2.4052954, 39.584649 ], [ 2.4052969, 39.5845742 ], [ 2.4053031, 39.584512 ], [ 2.4053124, 39.5844604 ], [ 2.4053233, 39.5844172 ], [ 2.4053352, 39.584381 ], [ 2.4053476, 39.5843503 ], [ 2.40536, 39.5843243 ], [ 2.4053724, 39.584302 ], [ 2.4053846, 39.5842828 ], [ 2.4053964, 39.5842662 ], [ 2.405408, 39.5842518 ], [ 2.4054193, 39.5842392 ], [ 2.4054303, 39.5842281 ], [ 2.4054409, 39.5842183 ], [ 2.4054513, 39.5842097 ], [ 2.4054615, 39.584202 ], [ 2.4054714, 39.5841952 ], [ 2.4054811, 39.5841891 ], [ 2.4054906, 39.5841837 ], [ 2.4055, 39.5841789 ], [ 2.4055092, 39.5841746 ], [ 2.4055183, 39.5841708 ], [ 2.4055274, 39.5841675 ], [ 2.4055364, 39.5841646 ], [ 2.4055454, 39.584162 ], [ 2.4055544, 39.5841598 ], [ 2.4055634, 39.584158 ], [ 2.4055725, 39.5841565 ], [ 2.4055817, 39.5841553 ], [ 2.4055909, 39.5841544 ], [ 2.4056003, 39.5841539 ], [ 2.4056099, 39.5841537 ], [ 2.4056197, 39.5841538 ], [ 2.4056297, 39.5841544 ], [ 2.40564, 39.5841553 ], [ 2.4056506, 39.5841566 ], [ 2.4056616, 39.5841584 ], [ 2.4056731, 39.5841607 ], [ 2.405685, 39.5841635 ], [ 2.4056974, 39.5841671 ], [ 2.4057105, 39.5841713 ], [ 2.4057243, 39.5841764 ], [ 2.4057389, 39.5841824 ], [ 2.4057543, 39.5841896 ], [ 2.4057708, 39.5841981 ], [ 2.4057885, 39.5842082 ], [ 2.4058075, 39.5842202 ], [ 2.4058279, 39.5842346 ], [ 2.4058501, 39.5842517 ], [ 2.4058741, 39.584272399999989 ], [ 2.4059001, 39.5842973 ], [ 2.4059285, 39.5843276 ], [ 2.4059593, 39.5843646 ], [ 2.4059925, 39.58441 ], [ 2.4060279, 39.5844659 ], [ 2.406065, 39.5845351 ], [ 2.4061022, 39.5846204 ], [ 2.4061369, 39.5847247 ], [ 2.4061643, 39.58485 ], [ 2.4061769, 39.5849949 ], [ 2.4061646, 39.5851518 ], [ 2.4061166, 39.5853031 ], [ 2.4060266, 39.5854218 ], [ 2.4058997, 39.5854797 ], [ 2.4057542, 39.5854622 ], [ 2.4056139, 39.5853775 ], [ 2.405497, 39.5852506 ] ] ] } },
{ "type": "Feature", "properties": { "PlotID": "MANFV17", "windspeed": 30.0, "time": "120", "clipped_m2": 547.86856817174703, "clipped_ha": 0.054786856817174705, "wspd": "30" }, "geometry": { "type": "Polygon", "coordinates": [ [ [ 2.403081, 39.6013124 ], [ 2.403072, 39.6012228 ], [ 2.4030703, 39.6011771 ], [ 2.4030708, 39.601151 ], [ 2.4030722, 39.6011346 ], [ 2.4030737, 39.6011238 ], [ 2.4030752, 39.6011162 ], [ 2.4030766, 39.6011106 ], [ 2.403078, 39.6011065 ], [ 2.4030792, 39.6011033 ], [ 2.4030803, 39.6011007 ], [ 2.4030813, 39.6010987 ], [ 2.4030823, 39.6010971 ], [ 2.4030832, 39.6010957 ], [ 2.403084, 39.6010946 ], [ 2.4030847, 39.6010936 ], [ 2.4030855, 39.6010928 ], [ 2.4030861, 39.6010921 ], [ 2.4030868, 39.6010914 ], [ 2.4030874, 39.6010909 ], [ 2.403088, 39.6010904 ], [ 2.4030885, 39.60109 ], [ 2.4030891, 39.6010897 ], [ 2.4030896, 39.6010893 ], [ 2.4030901, 39.601089 ], [ 2.4030906, 39.6010888 ], [ 2.4030911, 39.6010886 ], [ 2.4030916, 39.6010884 ], [ 2.4030921, 39.6010882 ], [ 2.4030926, 39.601088 ], [ 2.403093, 39.6010879 ], [ 2.4030935, 39.6010878 ], [ 2.403094, 39.6010877 ], [ 2.4030945, 39.6010876 ], [ 2.4030949, 39.6010875 ], [ 2.4030954, 39.6010874 ], [ 2.4030959, 39.6010874 ], [ 2.4030964, 39.6010874 ], [ 2.4030969, 39.6010874 ], [ 2.4030975, 39.6010874 ], [ 2.403098, 39.6010874 ], [ 2.4030986, 39.6010875 ], [ 2.4030992, 39.6010875 ], [ 2.4030998, 39.6010876 ], [ 2.4031004, 39.6010878 ], [ 2.4031011, 39.6010879 ], [ 2.4031019, 39.6010881 ], [ 2.4031027, 39.6010884 ], [ 2.4031035, 39.6010887 ], [ 2.4031044, 39.601089 ], [ 2.4031054, 39.6010895 ], [ 2.4031065, 39.60109 ], [ 2.4031077, 39.6010906 ], [ 2.4031091, 39.6010914 ], [ 2.4031106, 39.6010924 ], [ 2.4031123, 39.6010936 ], [ 2.4031143, 39.6010951 ], [ 2.4031167, 39.6010971 ], [ 2.4031195, 39.6010996 ], [ 2.4031229, 39.601103 ], [ 2.4031271, 39.6011076 ], [ 2.4031325, 39.601114 ], [ 2.4031397, 39.6011235 ], [ 2.4031495, 39.601138 ], [ 2.4031638, 39.6011617 ], [ 2.4031864, 39.6012039 ], [ 2.4032255, 39.6012885 ], [ 2.4032365, 39.6013607 ], [ 2.4032323, 39.6014364 ], [ 2.4032127, 39.6015156 ], [ 2.4031865, 39.6016595 ], [ 2.4031154, 39.6015179 ], [ 2.403081, 39.6013124 ] ] ] } },
{ "type": "Feature", "properties": { "PlotID": "MANFV18", "windspeed": 30.0, "time": "120", "clipped_m2": 201.24714324134402, "clipped_ha": 0.020124714324134402, "wspd": "30" }, "geometry": { "type": "Polygon", "coordinates": [ [ [ 2.402755, 39.5995866 ], [ 2.4027532, 39.5995637 ], [ 2.402753, 39.5995522 ], [ 2.4027533, 39.5995457 ], [ 2.4027537, 39.5995417 ], [ 2.4027541, 39.599539 ], [ 2.4027545, 39.5995372 ], [ 2.4027549, 39.5995358 ], [ 2.4027552, 39.5995348 ], [ 2.4027555, 39.599534 ], [ 2.4027558, 39.5995334 ], [ 2.4027561, 39.5995329 ], [ 2.4027563, 39.5995325 ], [ 2.4027565, 39.5995322 ], [ 2.4027567, 39.5995319 ], [ 2.4027569, 39.5995317 ], [ 2.4027571, 39.5995315 ], [ 2.4027573, 39.599531299999988 ], [ 2.4027574, 39.5995312 ], [ 2.4027576, 39.599531 ], [ 2.4027577, 39.5995309 ], [ 2.4027579, 39.5995308 ], [ 2.402758, 39.5995307 ], [ 2.4027581, 39.5995307 ], [ 2.4027583, 39.5995306 ], [ 2.4027584, 39.5995305 ], [ 2.4027585, 39.5995305 ], [ 2.4027586, 39.5995304 ], [ 2.4027588, 39.5995304 ], [ 2.4027589, 39.5995303 ], [ 2.402759, 39.5995303 ], [ 2.4027591, 39.5995303 ], [ 2.4027592, 39.5995303 ], [ 2.4027593, 39.5995302 ], [ 2.4027594, 39.5995302 ], [ 2.4027596, 39.5995302 ], [ 2.4027597, 39.5995302 ], [ 2.4027598, 39.5995302 ], [ 2.4027599, 39.5995302 ], [ 2.4027601, 39.5995302 ], [ 2.4027602, 39.5995302 ], [ 2.4027603, 39.5995302 ], [ 2.4027605, 39.5995303 ], [ 2.4027606, 39.5995303 ], [ 2.4027608, 39.5995303 ], [ 2.402761, 39.5995303 ], [ 2.4027611, 39.5995304 ], [ 2.4027613, 39.5995305 ], [ 2.4027615, 39.5995305 ], [ 2.4027617, 39.5995306 ], [ 2.402762, 39.5995307 ], [ 2.4027623, 39.5995309 ], [ 2.4027625, 39.599531 ], [ 2.4027629, 39.5995312 ], [ 2.4027632, 39.5995315 ], [ 2.4027637, 39.5995318 ], [ 2.4027641, 39.5995321 ], [ 2.4027647, 39.5995326 ], [ 2.4027654, 39.5995332 ], [ 2.4027662, 39.5995341 ], [ 2.4027672, 39.5995352 ], [ 2.4027685, 39.5995368 ], [ 2.4027702, 39.5995391 ], [ 2.4027726, 39.5995427 ], [ 2.4027761, 39.5995487 ], [ 2.4027816, 39.5995593 ], [ 2.4027914, 39.599581 ], [ 2.4028114, 39.599634 ], [ 2.4028589, 39.5997937 ], [ 2.4028966, 39.6000614 ], [ 2.4027984, 39.599803 ], [ 2.4027629, 39.5996415 ], [ 2.402755, 39.5995866 ] ] ] } },
{ "type": "Feature", "properties": { "PlotID": "MANFV19", "windspeed": 30.0, "time": "120", "clipped_m2": 354.79952647048049, "clipped_ha": 0.035479952647048049, "wspd": "30" }, "geometry": { "type": "Polygon", "coordinates": [ [ [ 2.402648, 39.6004217 ], [ 2.4026289, 39.6003964 ], [ 2.4026153, 39.6003708 ], [ 2.4026064, 39.6003468 ], [ 2.4026011, 39.6003255 ], [ 2.4025984, 39.6003071 ], [ 2.4025976, 39.6002914 ], [ 2.4025981, 39.6002781 ], [ 2.4025993, 39.6002669 ], [ 2.4026012, 39.6002573 ], [ 2.4026033, 39.6002493 ], [ 2.4026057, 39.6002424 ], [ 2.4026082, 39.6002365 ], [ 2.4026107, 39.6002314 ], [ 2.4026132, 39.600227 ], [ 2.4026157, 39.6002231 ], [ 2.4026182, 39.6002197 ], [ 2.4026206, 39.6002168 ], [ 2.402623, 39.6002142 ], [ 2.4026254, 39.6002119 ], [ 2.4026277, 39.6002098 ], [ 2.40263, 39.600208 ], [ 2.4026322, 39.6002064 ], [ 2.4026344, 39.6002049 ], [ 2.4026365, 39.6002036 ], [ 2.4026386, 39.6002025 ], [ 2.4026407, 39.6002014 ], [ 2.4026428, 39.6002005 ], [ 2.4026449, 39.6001997 ], [ 2.402647, 39.6001989 ], [ 2.402649, 39.6001983 ], [ 2.4026511, 39.6001978 ], [ 2.4026532, 39.6001973 ], [ 2.4026553, 39.6001969 ], [ 2.4026574, 39.6001966 ], [ 2.4026595, 39.6001963 ], [ 2.4026617, 39.6001962 ], [ 2.4026639, 39.6001961 ], [ 2.4026662, 39.6001961 ], [ 2.4026685, 39.6001962 ], [ 2.4026709, 39.6001963 ], [ 2.4026734, 39.6001966 ], [ 2.402676, 39.600197 ], [ 2.4026786, 39.6001975 ], [ 2.4026814, 39.6001981 ], [ 2.4026843, 39.6001988 ], [ 2.4026873, 39.6001998 ], [ 2.4026905, 39.6002009 ], [ 2.4026939, 39.6002022 ], [ 2.4026975, 39.6002038 ], [ 2.4027013, 39.6002057 ], [ 2.4027054, 39.600208 ], [ 2.4027097, 39.6002107 ], [ 2.4027144, 39.6002139 ], [ 2.4027194, 39.6002177 ], [ 2.4027248, 39.6002223 ], [ 2.4027307, 39.6002278 ], [ 2.402737, 39.6002344 ], [ 2.4027438, 39.6002425 ], [ 2.402751, 39.6002523 ], [ 2.4027586, 39.6002642 ], [ 2.4027663, 39.6002788 ], [ 2.4027738, 39.6002964 ], [ 2.4027804, 39.600317499999989 ], [ 2.4027852, 39.6003421 ], [ 2.4027866, 39.6003698 ], [ 2.4027829, 39.600399 ], [ 2.4027723, 39.6004264 ], [ 2.402754, 39.6004477 ], [ 2.402729, 39.6004585 ], [ 2.4027005, 39.6004567 ], [ 2.4026724, 39.6004432 ], [ 2.402648, 39.6004217 ] ] ] } },
{ "type": "Feature", "properties": { "PlotID": "MANFV20", "windspeed": 30.0, "time": "120", "clipped_m2": 17619.39138506446, "clipped_ha": 1.761939138506446, "wspd": "30" }, "geometry": { "type": "Polygon", "coordinates": [ [ [ 2.4148223, 39.5914517 ], [ 2.4148125, 39.5913409 ], [ 2.4148229, 39.5912471 ], [ 2.4148216, 39.5912349 ], [ 2.4148208, 39.591227 ], [ 2.4148202, 39.5912213 ], [ 2.4148198, 39.5912171 ], [ 2.4148195, 39.5912137 ], [ 2.4148195, 39.5912106 ], [ 2.4148208, 39.5912072 ], [ 2.414822, 39.5912046 ], [ 2.4148231, 39.5912024 ], [ 2.4148241, 39.5912007 ], [ 2.414825, 39.5911992 ], [ 2.4148259, 39.591198 ], [ 2.4148267, 39.591197 ], [ 2.4148274, 39.5911961 ], [ 2.4148281, 39.5911954 ], [ 2.4148288, 39.5911948 ], [ 2.4148294, 39.5911942 ], [ 2.4148301, 39.5911937 ], [ 2.4148307, 39.5911933 ], [ 2.4148312, 39.5911929 ], [ 2.4148318, 39.5911925 ], [ 2.4148323, 39.5911922 ], [ 2.4148328, 39.591192 ], [ 2.4148334, 39.5911917 ], [ 2.4148339, 39.5911915 ], [ 2.4148344, 39.5911913 ], [ 2.4148349, 39.5911912 ], [ 2.4148353, 39.591191 ], [ 2.4148358, 39.5911909 ], [ 2.4148363, 39.5911908 ], [ 2.4148368, 39.5911907 ], [ 2.4148373, 39.5911906 ], [ 2.4148378, 39.5911905 ], [ 2.4148383, 39.5911905 ], [ 2.4148389, 39.5911905 ], [ 2.4148394, 39.5911905 ], [ 2.41484, 39.5911905 ], [ 2.4148405, 39.5911905 ], [ 2.4148411, 39.5911906 ], [ 2.4148418, 39.5911906 ], [ 2.4148424, 39.5911907 ], [ 2.4148431, 39.5911909 ], [ 2.4148438, 39.591191 ], [ 2.4148446, 39.5911912 ], [ 2.4148454, 39.5911915 ], [ 2.4148463, 39.5911918 ], [ 2.4148473, 39.5911922 ], [ 2.4148483, 39.5911926 ], [ 2.4148495, 39.5911932 ], [ 2.4148507, 39.5911938 ], [ 2.4148522, 39.5911947 ], [ 2.4148538, 39.5911957 ], [ 2.4148556, 39.5911969 ], [ 2.4148578, 39.5911985 ], [ 2.4148603, 39.5912006 ], [ 2.4148633, 39.5912033 ], [ 2.4148669, 39.5912068 ], [ 2.4148715, 39.5912117 ], [ 2.4148774, 39.5912186 ], [ 2.4148852, 39.5912288 ], [ 2.4148962, 39.591244599999989 ], [ 2.4149127, 39.5912709 ], [ 2.4149397, 39.5913195 ], [ 2.4149903, 39.5914234 ], [ 2.41511, 39.5917083 ], [ 2.415546, 39.592955 ], [ 2.4171045, 39.5992452 ], [ 2.4151403, 39.5930234 ], [ 2.4148667, 39.5917493 ], [ 2.4148223, 39.5914517 ] ] ] } },
{ "type": "Feature", "properties": { "PlotID": "MANFV21", "windspeed": 30.0, "time": "120", "clipped_m2": 17825.650472327136, "clipped_ha": 1.7825650472327135, "wspd": "30" }, "geometry": { "type": "Polygon", "coordinates": [ [ [ 2.4045138, 39.5848444 ], [ 2.4045044, 39.5847354 ], [ 2.4045029, 39.5846835 ], [ 2.4045038, 39.5846547 ], [ 2.4045053, 39.584637199999989 ], [ 2.404507, 39.5846256 ], [ 2.4045086, 39.5846176 ], [ 2.4045102, 39.5846118 ], [ 2.4045115, 39.5846074 ], [ 2.4045128, 39.5846041 ], [ 2.404514, 39.5846015 ], [ 2.4045151, 39.5845994 ], [ 2.404516, 39.5845977 ], [ 2.4045169, 39.5845962 ], [ 2.4045178, 39.5845951 ], [ 2.4045186, 39.5845941 ], [ 2.4045193, 39.5845932 ], [ 2.40452, 39.5845925 ], [ 2.4045207, 39.5845919 ], [ 2.4045213, 39.5845913 ], [ 2.4045219, 39.5845908 ], [ 2.4045225, 39.584590399999989 ], [ 2.4045231, 39.58459 ], [ 2.4045236, 39.5845897 ], [ 2.4045241, 39.5845894 ], [ 2.4045246, 39.5845891 ], [ 2.4045252, 39.5845889 ], [ 2.4045256, 39.5845887 ], [ 2.4045261, 39.5845885 ], [ 2.4045266, 39.5845883 ], [ 2.4045271, 39.5845882 ], [ 2.4045276, 39.5845881 ], [ 2.4045281, 39.584588 ], [ 2.4045286, 39.584587899999988 ], [ 2.4045291, 39.5845878 ], [ 2.4045296, 39.5845877 ], [ 2.4045301, 39.5845877 ], [ 2.4045306, 39.5845877 ], [ 2.4045311, 39.5845877 ], [ 2.4045317, 39.5845877 ], [ 2.4045322, 39.5845877 ], [ 2.4045328, 39.5845878 ], [ 2.4045334, 39.5845878 ], [ 2.404534, 39.584587899999988 ], [ 2.4045347, 39.5845881 ], [ 2.4045354, 39.5845882 ], [ 2.4045362, 39.5845884 ], [ 2.404537, 39.5845887 ], [ 2.4045379, 39.584589 ], [ 2.4045388, 39.5845893 ], [ 2.4045398, 39.5845898 ], [ 2.404541, 39.5845903 ], [ 2.4045422, 39.584591 ], [ 2.4045436, 39.5845918 ], [ 2.4045452, 39.5845928 ], [ 2.404547, 39.584594 ], [ 2.4045491, 39.5845956 ], [ 2.4045516, 39.5845976 ], [ 2.4045545, 39.5846002 ], [ 2.4045581, 39.5846037 ], [ 2.4045626, 39.5846085 ], [ 2.4045683, 39.5846153 ], [ 2.404576, 39.5846253 ], [ 2.4045868, 39.584640899999989 ], [ 2.4046029, 39.5846668 ], [ 2.4046293, 39.5847146 ], [ 2.4046789, 39.5848168 ], [ 2.4047963, 39.5850979 ], [ 2.4052274, 39.586337 ], [ 2.4068316, 39.5928355 ], [ 2.4048252, 39.5864042 ], [ 2.4045568, 39.5851379 ], [ 2.4045138, 39.5848444 ] ] ] } },
{ "type": "Feature", "properties": { "PlotID": "MANFV22", "windspeed": 30.0, "time": "120", "clipped_m2": 12603.982989280485, "clipped_ha": 1.2603982989280484, "wspd": "30" }, "geometry": { "type": "Polygon", "coordinates": [ [ [ 2.4059769, 39.5829636 ], [ 2.4059675, 39.5828649 ], [ 2.4059658, 39.5828178 ], [ 2.4059664, 39.5827916 ], [ 2.4059676, 39.5827756 ], [ 2.4059691, 39.5827651 ], [ 2.4059705, 39.5827577 ], [ 2.4059718, 39.5827524 ], [ 2.4059731, 39.5827485 ], [ 2.4059742, 39.5827454 ], [ 2.4059753, 39.582743 ], [ 2.4059762, 39.5827411 ], [ 2.4059771, 39.5827396 ], [ 2.4059779, 39.5827383 ], [ 2.4059787, 39.5827372 ], [ 2.4059794, 39.5827363 ], [ 2.4059801, 39.5827355 ], [ 2.4059807, 39.5827348 ], [ 2.4059813, 39.5827342 ], [ 2.4059819, 39.5827337 ], [ 2.4059824, 39.5827333 ], [ 2.4059829, 39.5827329 ], [ 2.4059834, 39.5827326 ], [ 2.4059839, 39.5827323 ], [ 2.4059844, 39.582732 ], [ 2.4059849, 39.5827317 ], [ 2.4059853, 39.5827315 ], [ 2.4059858, 39.5827313 ], [ 2.4059862, 39.5827312 ], [ 2.4059867, 39.582731 ], [ 2.4059871, 39.5827309 ], [ 2.4059876, 39.5827308 ], [ 2.405988, 39.5827307 ], [ 2.4059884, 39.5827306 ], [ 2.4059889, 39.5827305 ], [ 2.4059893, 39.5827305 ], [ 2.4059898, 39.5827304 ], [ 2.4059903, 39.5827304 ], [ 2.4059908, 39.5827304 ], [ 2.4059913, 39.5827304 ], [ 2.4059918, 39.5827304 ], [ 2.4059923, 39.5827305 ], [ 2.4059929, 39.5827305 ], [ 2.4059935, 39.5827306 ], [ 2.4059941, 39.5827307 ], [ 2.4059947, 39.5827309 ], [ 2.4059954, 39.5827311 ], [ 2.4059961, 39.5827313 ], [ 2.4059969, 39.5827316 ], [ 2.4059978, 39.5827319 ], [ 2.4059987, 39.5827323 ], [ 2.4059998, 39.5827328 ], [ 2.4060009, 39.5827334 ], [ 2.4060022, 39.5827341 ], [ 2.4060037, 39.582735 ], [ 2.4060053, 39.5827361 ], [ 2.4060072, 39.5827375 ], [ 2.4060095, 39.5827394 ], [ 2.4060122, 39.5827418 ], [ 2.4060155, 39.5827449 ], [ 2.4060196, 39.5827493 ], [ 2.4060249, 39.5827554 ], [ 2.406032, 39.5827645 ], [ 2.4060419, 39.5827786 ], [ 2.4060567, 39.5828021 ], [ 2.406081, 39.5828454 ], [ 2.4061266, 39.5829378 ], [ 2.4062339, 39.5831901 ], [ 2.4066178, 39.5842724 ], [ 2.4078649, 39.589257 ], [ 2.4062632, 39.5843335 ], [ 2.4060178, 39.5832273 ], [ 2.4059769, 39.5829636 ] ] ] } },
{ "type": "Feature", "properties": { "PlotID": "MANFV23", "windspeed": 30.0, "time": "120", "clipped_m2": 150571.09973633662, "clipped_ha": 15.057109973633661, "wspd": "30" }, "geometry": { "type": "Polygon", "coordinates": [ [ [ 2.4138296, 39.5957688 ], [ 2.4138015, 39.5954529 ], [ 2.4137969, 39.5953024 ], [ 2.4137992, 39.595219 ], [ 2.4138035, 39.595168 ], [ 2.4138083, 39.5951345 ], [ 2.413813, 39.5951113 ], [ 2.4138173, 39.5950944 ], [ 2.4138213, 39.5950819 ], [ 2.413825, 39.5950722 ], [ 2.4138283, 39.5950646 ], [ 2.4138314, 39.5950585 ], [ 2.4138342, 39.5950535 ], [ 2.4138369, 39.5950494 ], [ 2.4138393, 39.595046 ], [ 2.4138416, 39.5950431 ], [ 2.4138437, 39.5950407 ], [ 2.4138458, 39.5950385 ], [ 2.4138477, 39.5950367 ], [ 2.4138495, 39.5950351 ], [ 2.4138512, 39.5950337 ], [ 2.4138529, 39.5950324 ], [ 2.4138545, 39.5950314 ], [ 2.4138561, 39.5950304 ], [ 2.4138576, 39.5950295 ], [ 2.4138591, 39.5950288 ], [ 2.4138606, 39.5950281 ], [ 2.413862, 39.5950275 ], [ 2.4138635, 39.5950269 ], [ 2.4138649, 39.5950265 ], [ 2.4138663, 39.595026 ], [ 2.4138677, 39.5950257 ], [ 2.4138691, 39.5950254 ], [ 2.4138705, 39.5950251 ], [ 2.4138719, 39.5950249 ], [ 2.4138733, 39.5950247 ], [ 2.4138748, 39.5950246 ], [ 2.4138763, 39.5950245 ], [ 2.4138778, 39.5950245 ], [ 2.4138794, 39.5950245 ], [ 2.4138811, 39.5950246 ], [ 2.4138828, 39.5950248 ], [ 2.4138845, 39.595025 ], [ 2.4138864, 39.5950253 ], [ 2.4138883, 39.5950257 ], [ 2.4138904, 39.5950261 ], [ 2.4138926, 39.5950267 ], [ 2.4138949, 39.5950274 ], [ 2.4138974, 39.5950283 ], [ 2.4139002, 39.5950293 ], [ 2.4139032, 39.5950306 ], [ 2.4139064, 39.5950322 ], [ 2.4139101, 39.5950341 ], [ 2.4139141, 39.5950364 ], [ 2.4139187, 39.5950393 ], [ 2.413924, 39.5950429 ], [ 2.4139301, 39.5950474 ], [ 2.4139372, 39.595053199999988 ], [ 2.4139457, 39.5950609 ], [ 2.4139561, 39.595071 ], [ 2.4139691, 39.5950849 ], [ 2.4139859, 39.5951045 ], [ 2.4140083, 39.5951335 ], [ 2.4140397, 39.5951785 ], [ 2.4140866, 39.5952535 ], [ 2.4141635, 39.5953918 ], [ 2.414308, 39.595688 ], [ 2.4146507, 39.5965022 ], [ 2.4159115, 39.6000961 ], [ 2.420644, 39.6190382 ], [ 2.414745, 39.600293 ], [ 2.4139564, 39.5966194 ], [ 2.4138296, 39.5957688 ] ] ] } },
{ "type": "Feature", "properties": { "PlotID": "MANFV24", "windspeed": 30.0, "time": "120", "clipped_m2": 115.0516801046324, "clipped_ha": 0.011505168010463239, "wspd": "30" }, "geometry": { "type": "Polygon", "coordinates": [ [ [ 2.4000902, 39.5941542 ], [ 2.400076, 39.5941329 ], [ 2.4000665, 39.5941108 ], [ 2.4000611, 39.5940908 ], [ 2.4000585, 39.5940739 ], [ 2.4000577, 39.5940601 ], [ 2.400058, 39.5940489 ], [ 2.400059, 39.5940399 ], [ 2.4000604, 39.5940327 ], [ 2.4000619, 39.5940268 ], [ 2.4000635, 39.594022 ], [ 2.4000652, 39.594018 ], [ 2.4000668, 39.5940147 ], [ 2.4000683, 39.5940119 ], [ 2.4000698, 39.5940095 ], [ 2.4000713, 39.5940075 ], [ 2.4000726, 39.5940058 ], [ 2.400074, 39.5940043 ], [ 2.4000753, 39.594003 ], [ 2.4000765, 39.5940018 ], [ 2.4000777, 39.5940008 ], [ 2.4000788, 39.594 ], [ 2.4000799, 39.5939992 ], [ 2.400081, 39.5939985 ], [ 2.400082, 39.5939979 ], [ 2.4000831, 39.5939974 ], [ 2.4000841, 39.5939969 ], [ 2.4000851, 39.5939965 ], [ 2.400086, 39.5939961 ], [ 2.400087, 39.5939958 ], [ 2.4000879, 39.5939955 ], [ 2.4000889, 39.5939953 ], [ 2.4000898, 39.5939951 ], [ 2.4000908, 39.5939949 ], [ 2.4000917, 39.5939948 ], [ 2.4000927, 39.5939947 ], [ 2.4000937, 39.5939946 ], [ 2.4000946, 39.5939946 ], [ 2.4000956, 39.5939946 ], [ 2.4000967, 39.5939946 ], [ 2.4000977, 39.5939947 ], [ 2.4000988, 39.5939948 ], [ 2.4000999, 39.593995 ], [ 2.400101, 39.5939952 ], [ 2.4001022, 39.5939954 ], [ 2.4001035, 39.5939957 ], [ 2.4001048, 39.5939961 ], [ 2.4001061, 39.5939966 ], [ 2.4001076, 39.5939972 ], [ 2.4001091, 39.5939978 ], [ 2.4001107, 39.5939986 ], [ 2.4001124, 39.5939995 ], [ 2.4001143, 39.5940006 ], [ 2.4001163, 39.594002 ], [ 2.4001185, 39.5940035 ], [ 2.4001209, 39.5940054 ], [ 2.4001235, 39.5940077 ], [ 2.4001263, 39.5940105 ], [ 2.4001295, 39.5940139 ], [ 2.4001329, 39.5940181 ], [ 2.4001368, 39.5940233 ], [ 2.400141, 39.5940299 ], [ 2.4001455, 39.5940381 ], [ 2.4001503, 39.5940487 ], [ 2.4001551, 39.594062 ], [ 2.4001544, 39.594073 ], [ 2.4001511, 39.5940835 ], [ 2.400147, 39.5940961 ], [ 2.400142, 39.594112 ], [ 2.4001353, 39.5941327 ], [ 2.4001261, 39.5941617 ], [ 2.4001087, 39.5941697 ], [ 2.4000902, 39.5941542 ] ] ] } },
{ "type": "Feature", "properties": { "PlotID": "MANFV25", "windspeed": 30.0, "time": "120", "clipped_m2": 1683.4047550372779, "clipped_ha": 0.1683404755037278, "wspd": "30" }, "geometry": { "type": "Polygon", "coordinates": [ [ [ 2.40034, 39.5936062 ], [ 2.4003687, 39.5931336 ], [ 2.4003035, 39.5932924 ], [ 2.4003037, 39.593215 ], [ 2.4003072, 39.5931632 ], [ 2.400312, 39.5931271 ], [ 2.4003171, 39.593101 ], [ 2.400322, 39.5930816 ], [ 2.4003268, 39.5930669 ], [ 2.4003312, 39.593055299999989 ], [ 2.4003353, 39.5930462 ], [ 2.4003391, 39.5930388 ], [ 2.4003427, 39.5930327 ], [ 2.400346, 39.5930277 ], [ 2.4003491, 39.5930234 ], [ 2.400352, 39.5930198 ], [ 2.4003547, 39.5930168 ], [ 2.4003573, 39.5930141 ], [ 2.4003598, 39.5930118 ], [ 2.4003621, 39.5930098 ], [ 2.4003644, 39.5930081 ], [ 2.4003665, 39.5930065 ], [ 2.4003686, 39.5930052 ], [ 2.4003706, 39.593004 ], [ 2.4003726, 39.593002899999988 ], [ 2.4003745, 39.593002 ], [ 2.4003764, 39.5930011 ], [ 2.4003783, 39.5930004 ], [ 2.4003801, 39.5929997 ], [ 2.4003819, 39.5929991 ], [ 2.4003837, 39.5929986 ], [ 2.4003855, 39.5929982 ], [ 2.4003873, 39.5929978 ], [ 2.4003891, 39.5929975 ], [ 2.4003909, 39.5929973 ], [ 2.4003928, 39.5929971 ], [ 2.4003947, 39.592997 ], [ 2.4003966, 39.5929969 ], [ 2.4003985, 39.592996899999989 ], [ 2.4004005, 39.592997 ], [ 2.4004026, 39.5929972 ], [ 2.4004048, 39.5929974 ], [ 2.400407, 39.5929977 ], [ 2.4004094, 39.5929981 ], [ 2.4004118, 39.5929987 ], [ 2.4004144, 39.5929993 ], [ 2.4004172, 39.5930001 ], [ 2.4004201, 39.5930011 ], [ 2.4004232, 39.5930023 ], [ 2.4004266, 39.5930037 ], [ 2.4004303, 39.5930054 ], [ 2.4004343, 39.5930074 ], [ 2.4004388, 39.5930099 ], [ 2.4004437, 39.5930129 ], [ 2.4004492, 39.5930166 ], [ 2.4004554, 39.5930212 ], [ 2.4004626, 39.593027 ], [ 2.4004708, 39.5930343 ], [ 2.4004805, 39.5930437 ], [ 2.4004921, 39.593056 ], [ 2.4005061, 39.5930725 ], [ 2.4005235, 39.5930952 ], [ 2.4005224, 39.5931101 ], [ 2.4005195, 39.5931259 ], [ 2.4005161, 39.5931444 ], [ 2.4005121, 39.5931666 ], [ 2.4005071, 39.5931942 ], [ 2.4004991, 39.5932269 ], [ 2.4004857, 39.5932628 ], [ 2.4006024, 39.5938444 ], [ 2.4005693, 39.594304 ], [ 2.4004085, 39.593675399999988 ], [ 2.40034, 39.5936062 ] ] ] } },
{ "type": "Feature", "properties": { "PlotID": "MANFV26", "windspeed": 30.0, "time": "120", "clipped_m2": 21909.817896044813, "clipped_ha": 2.1909817896044812, "wspd": "30" }, "geometry": { "type": "Polygon", "coordinates": [ [ [ 2.4006447, 39.5964229 ], [ 2.400688, 39.5952658 ], [ 2.4006271, 39.5951605 ], [ 2.400345, 39.5955632 ], [ 2.4003247, 39.5953521 ], [ 2.4007702, 39.5945875 ], [ 2.4007304, 39.594605099999988 ], [ 2.4006721, 39.5946311 ], [ 2.4005685, 39.5946797 ], [ 2.4004216, 39.5947355 ], [ 2.4004222, 39.5946861 ], [ 2.4004467, 39.5946319 ], [ 2.4004708, 39.5945861 ], [ 2.4004944, 39.5945472 ], [ 2.400572, 39.5945027 ], [ 2.4006491, 39.5944706 ], [ 2.4006943, 39.5944517 ], [ 2.4007282, 39.594439199999989 ], [ 2.4007549, 39.5944307 ], [ 2.400774, 39.5944247 ], [ 2.4007884, 39.5944201 ], [ 2.4008015, 39.5944168 ], [ 2.4008151, 39.5944154 ], [ 2.4008255, 39.5944144 ], [ 2.4008337, 39.5944135 ], [ 2.4008406, 39.5944128 ], [ 2.4008464, 39.5944122 ], [ 2.4008515, 39.5944117 ], [ 2.4007724, 39.5943178 ], [ 2.4007881, 39.594313 ], [ 2.4008038, 39.5943089 ], [ 2.4008194, 39.5943053 ], [ 2.400835, 39.5943024 ], [ 2.4008507, 39.5943 ], [ 2.4008666, 39.5942982 ], [ 2.4008826, 39.5942969 ], [ 2.4008988, 39.5942963 ], [ 2.4009153, 39.5942961 ], [ 2.4009322, 39.5942966 ], [ 2.4009495, 39.5942978 ], [ 2.4009673, 39.5942996 ], [ 2.4009856, 39.5943021 ], [ 2.4010045, 39.5943054 ], [ 2.4010242, 39.594309599999988 ], [ 2.4010448, 39.5943148 ], [ 2.4010663, 39.5943211 ], [ 2.4010888, 39.5943287 ], [ 2.4011127, 39.5943378 ], [ 2.4011379, 39.5943485 ], [ 2.4011647, 39.5943613 ], [ 2.4011934, 39.5943764 ], [ 2.4012241, 39.5943944 ], [ 2.4012573, 39.5944158 ], [ 2.4012931, 39.5944413 ], [ 2.401332, 39.594472 ], [ 2.4012138, 39.5944864 ], [ 2.4014209, 39.5945538 ], [ 2.4010984, 39.594501699999988 ], [ 2.4012482, 39.5945737 ], [ 2.4013022, 39.5946298 ], [ 2.401144, 39.5945834 ], [ 2.4010018, 39.5945185 ], [ 2.4010758, 39.5945915 ], [ 2.4018709, 39.595361 ], [ 2.4019322, 39.5956128 ], [ 2.4019686, 39.595913 ], [ 2.4009369, 39.5945326 ], [ 2.4018746, 39.596583 ], [ 2.4017001, 39.59685 ], [ 2.4014431, 39.5969761 ], [ 2.4011466, 39.5969233 ], [ 2.4008672, 39.5967165 ], [ 2.4006447, 39.5964229 ] ] ] } },
{ "type": "Feature", "properties": { "PlotID": "MANFV27", "windspeed": 30.0, "time": "120", "clipped_m2": 3302.0724217054667, "clipped_ha": 0.33020724217054664, "wspd": "30" }, "geometry": { "type": "Polygon", "coordinates": [ [ [ 2.4078124, 39.6016191 ], [ 2.4077999, 39.6016099 ], [ 2.4077888, 39.6016019 ], [ 2.4077787, 39.6015948 ], [ 2.4077694, 39.6015882 ], [ 2.4076935, 39.6016795 ], [ 2.4077721, 39.6015525 ], [ 2.4077662, 39.6015486 ], [ 2.4077602, 39.6015447 ], [ 2.4077543, 39.6015408 ], [ 2.4077481, 39.6015368 ], [ 2.4077418, 39.6015326 ], [ 2.407735, 39.6015282 ], [ 2.4077278, 39.6015234 ], [ 2.4077198, 39.6015182 ], [ 2.4077109, 39.6015124 ], [ 2.4077008, 39.6015057 ], [ 2.4076888, 39.6014978 ], [ 2.4076742, 39.6014883 ], [ 2.4076559, 39.6014763 ], [ 2.4076323, 39.6014605 ], [ 2.4076462, 39.601450199999988 ], [ 2.4076596, 39.6014412 ], [ 2.4076727, 39.6014332 ], [ 2.4076854, 39.601426 ], [ 2.4076978, 39.6014197 ], [ 2.4077099, 39.601414 ], [ 2.4077555, 39.6014379 ], [ 2.4077898, 39.6014622 ], [ 2.4078028, 39.6014717 ], [ 2.4078093, 39.6014764 ], [ 2.4078132, 39.6014793 ], [ 2.4078159, 39.6014813 ], [ 2.4078179, 39.6014827 ], [ 2.4078194, 39.6014838 ], [ 2.4078207, 39.6014847 ], [ 2.4078217, 39.6014855 ], [ 2.4078226, 39.6014861 ], [ 2.4078234, 39.6014867 ], [ 2.4078241, 39.6014872 ], [ 2.4078248, 39.6014877 ], [ 2.4078254, 39.6014882 ], [ 2.407826, 39.6014886 ], [ 2.4078265, 39.601489 ], [ 2.4078271, 39.6014894 ], [ 2.4078277, 39.6014898 ], [ 2.4078282, 39.6014902 ], [ 2.4078288, 39.6014907 ], [ 2.4078294, 39.6014911 ], [ 2.4078301, 39.6014916 ], [ 2.4078308, 39.6014921 ], [ 2.4078316, 39.6014927 ], [ 2.4078325, 39.6014933 ], [ 2.4078335, 39.6014941 ], [ 2.4078347, 39.601495 ], [ 2.4078362, 39.6014961 ], [ 2.4078381, 39.6014975 ], [ 2.4078407, 39.6014994 ], [ 2.4078445, 39.6015021 ], [ 2.4078506, 39.6015066 ], [ 2.4078681, 39.6015181 ], [ 2.4086703, 39.6020091 ], [ 2.408811, 39.6022105 ], [ 2.4087494, 39.6022941 ], [ 2.4086644, 39.6023625 ], [ 2.4085241, 39.6023673 ], [ 2.4084578, 39.6024643 ], [ 2.4079323, 39.6017082 ], [ 2.407894, 39.6016797 ], [ 2.407866, 39.6016589 ], [ 2.4078444, 39.6016429 ], [ 2.407827, 39.6016299 ], [ 2.4078124, 39.6016191 ] ] ] } },
{ "type": "Feature", "properties": { "PlotID": "MANFV28", "windspeed": 30.0, "time": "120", "clipped_m2": 1428.891383100301, "clipped_ha": 0.14288913831003011, "wspd": "30" }, "geometry": { "type": "Polygon", "coordinates": [ [ [ 2.4019466, 39.6026629 ], [ 2.4019215, 39.6026323 ], [ 2.401901, 39.6026073 ], [ 2.401905, 39.6025364 ], [ 2.4018963, 39.6025187 ], [ 2.4018889, 39.6025039 ], [ 2.4018826, 39.602491199999989 ], [ 2.4018771, 39.6024801 ], [ 2.4018721, 39.60247 ], [ 2.4018675, 39.6024607 ], [ 2.4018625, 39.6024525 ], [ 2.4018601, 39.6024434 ], [ 2.4018669, 39.6024313 ], [ 2.4018732, 39.6024212 ], [ 2.4018792, 39.6024128 ], [ 2.4018848, 39.6024056 ], [ 2.4018901, 39.6023995 ], [ 2.4018951, 39.6023942 ], [ 2.4018999, 39.6023896 ], [ 2.4019045, 39.6023856 ], [ 2.4019089, 39.602382 ], [ 2.4019131, 39.6023789 ], [ 2.4019172, 39.6023762 ], [ 2.4019212, 39.6023738 ], [ 2.4019251, 39.6023716 ], [ 2.4019288, 39.6023697 ], [ 2.4019325, 39.602368 ], [ 2.4019362, 39.6023664 ], [ 2.4019398, 39.6023651 ], [ 2.4019434, 39.6023639 ], [ 2.401947, 39.6023629 ], [ 2.4019505, 39.602362 ], [ 2.4019541, 39.6023612 ], [ 2.4019577, 39.6023606 ], [ 2.4019613, 39.60236 ], [ 2.401965, 39.6023596 ], [ 2.4019687, 39.6023594 ], [ 2.4019725, 39.6023592 ], [ 2.4019764, 39.6023592 ], [ 2.4019804, 39.6023593 ], [ 2.4019845, 39.6023596 ], [ 2.4019888, 39.60236 ], [ 2.4019933, 39.6023606 ], [ 2.4019979, 39.6023614 ], [ 2.4020028, 39.6023624 ], [ 2.402008, 39.6023636 ], [ 2.4020135, 39.6023652 ], [ 2.4020193, 39.602367 ], [ 2.4020256, 39.6023693 ], [ 2.40203, 39.6023728 ], [ 2.4020319, 39.6023772 ], [ 2.4020338, 39.6023816 ], [ 2.4020358, 39.6023861 ], [ 2.4020378, 39.6023908 ], [ 2.40204, 39.602395699999988 ], [ 2.4020423, 39.602401 ], [ 2.4020448, 39.6024067 ], [ 2.4020476, 39.6024132 ], [ 2.4020508, 39.6024205 ], [ 2.4020545, 39.6024291 ], [ 2.402059, 39.602439499999988 ], [ 2.4020646, 39.6024524 ], [ 2.402072, 39.6024694 ], [ 2.4020823, 39.6024929 ], [ 2.4021001, 39.602531 ], [ 2.4021343, 39.6026023 ], [ 2.4022204, 39.602782 ], [ 2.4027476, 39.6039053 ], [ 2.4021513, 39.6028671 ], [ 2.4020774, 39.6028049 ], [ 2.4020202, 39.6027435 ], [ 2.4019786, 39.6026988 ], [ 2.4019466, 39.6026629 ] ] ] } },
{ "type": "Feature", "properties": { "PlotID": "MANFV29", "windspeed": 30.0, "time": "120", "clipped_m2": 4228.7517944276333, "clipped_ha": 0.42287517944276332, "wspd": "30" }, "geometry": { "type": "Polygon", "coordinates": [ [ [ 2.4099917, 39.6065938 ], [ 2.4098742, 39.605872399999988 ], [ 2.4101314, 39.6044694 ], [ 2.4101045, 39.6044938 ], [ 2.409946, 39.6047385 ], [ 2.4098605, 39.6047799 ], [ 2.409879, 39.6046786 ], [ 2.4098975, 39.6046031 ], [ 2.4099153, 39.6045453 ], [ 2.4099321, 39.6045002 ], [ 2.4099477, 39.6044643 ], [ 2.4099624, 39.6044353 ], [ 2.409976, 39.6044114 ], [ 2.4099887, 39.6043916 ], [ 2.4100007, 39.604375 ], [ 2.4100119, 39.6043609 ], [ 2.4100225, 39.6043488 ], [ 2.4100325, 39.6043384 ], [ 2.4100421, 39.6043293 ], [ 2.4100512, 39.6043214 ], [ 2.4100599, 39.6043145 ], [ 2.4100683, 39.6043084 ], [ 2.4100765, 39.604303 ], [ 2.4100844, 39.6042983 ], [ 2.410092, 39.604294 ], [ 2.4100995, 39.6042903 ], [ 2.4101069, 39.6042869 ], [ 2.4101141, 39.604284 ], [ 2.4101213, 39.6042813 ], [ 2.4101284, 39.604279 ], [ 2.4101354, 39.604277 ], [ 2.4101424, 39.6042753 ], [ 2.4101495, 39.6042738 ], [ 2.4101566, 39.6042725 ], [ 2.4101637, 39.6042715 ], [ 2.410171, 39.6042708 ], [ 2.4101783, 39.6042703 ], [ 2.4101858, 39.60427 ], [ 2.4101935, 39.60427 ], [ 2.4102014, 39.6042703 ], [ 2.4102096, 39.6042708 ], [ 2.410218, 39.6042717 ], [ 2.4102268, 39.6042729 ], [ 2.410236, 39.6042745 ], [ 2.4102457, 39.6042765 ], [ 2.4102559, 39.604279 ], [ 2.4102667, 39.6042821 ], [ 2.4102783, 39.6042859 ], [ 2.4102906, 39.6042904 ], [ 2.410304, 39.6042958 ], [ 2.4103184, 39.6043024 ], [ 2.4103343, 39.6043104 ], [ 2.4103517, 39.60432 ], [ 2.4103711, 39.6043317 ], [ 2.4103928, 39.6043462 ], [ 2.4104173, 39.604364 ], [ 2.4104454, 39.6043864 ], [ 2.4104233, 39.6044006 ], [ 2.410516, 39.6044513 ], [ 2.4105614, 39.6044991 ], [ 2.4106165, 39.6045631 ], [ 2.4104383, 39.6044991 ], [ 2.4104145, 39.6045132 ], [ 2.4103913, 39.6045268 ], [ 2.4103733, 39.6045453 ], [ 2.4103544, 39.604565 ], [ 2.4103388, 39.6045933 ], [ 2.4103293, 39.6046433 ], [ 2.4103034, 39.6046772 ], [ 2.4102713, 39.6047111 ], [ 2.410238, 39.6047803 ], [ 2.41019, 39.6048548 ], [ 2.4099917, 39.6065938 ] ] ] } },
{ "type": "Feature", "properties": { "PlotID": "MANFV01", "windspeed": 40.0, "time": "120", "clipped_m2": 9706.8655686667189, "clipped_ha": 0.97068655686667193, "wspd": "40" }, "geometry": { "type": "Polygon", "coordinates": [ [ [ 2.4126947, 39.6004882 ], [ 2.4126034, 39.6002826 ], [ 2.4125494, 39.6001027 ], [ 2.4125214, 39.599955 ], [ 2.4125099, 39.5998369 ], [ 2.4125284, 39.5997145 ], [ 2.4125133, 39.5996692 ], [ 2.4125214, 39.5996099 ], [ 2.4125313, 39.599562 ], [ 2.4125421, 39.599523 ], [ 2.4125533, 39.5994909 ], [ 2.4125644, 39.5994642 ], [ 2.4125754, 39.5994418 ], [ 2.412586, 39.5994228 ], [ 2.4125964, 39.5994066 ], [ 2.4126063, 39.5993927 ], [ 2.412616, 39.5993807 ], [ 2.4126252, 39.5993702 ], [ 2.4126342, 39.599361 ], [ 2.4126429, 39.599353 ], [ 2.4126513, 39.5993458 ], [ 2.4126594, 39.5993395 ], [ 2.4126674, 39.5993339 ], [ 2.4126752, 39.599329 ], [ 2.4126828, 39.5993245 ], [ 2.4126903, 39.5993206 ], [ 2.4126976, 39.599317 ], [ 2.4127049, 39.5993139 ], [ 2.4127121, 39.5993111 ], [ 2.4127193, 39.5993086 ], [ 2.4127265, 39.5993065 ], [ 2.4127336, 39.599304599999989 ], [ 2.4127408, 39.599303 ], [ 2.412748, 39.5993017 ], [ 2.4127553, 39.5993006 ], [ 2.4127627, 39.5992998 ], [ 2.4127702, 39.5992992 ], [ 2.4127779, 39.5992989 ], [ 2.4127858, 39.5992988 ], [ 2.4127938, 39.599299 ], [ 2.4128021, 39.5992996 ], [ 2.4128107, 39.5993004 ], [ 2.4128196, 39.5993017 ], [ 2.4128289, 39.5993033 ], [ 2.4128387, 39.5993053 ], [ 2.4128489, 39.5993079 ], [ 2.4128597, 39.599311 ], [ 2.4128712, 39.5993148 ], [ 2.4128834, 39.5993194 ], [ 2.4128964, 39.5993249 ], [ 2.4129104, 39.5993315 ], [ 2.4129256, 39.5993394 ], [ 2.4129421, 39.599348899999988 ], [ 2.4129602, 39.5993603 ], [ 2.41298, 39.5993742 ], [ 2.4130019, 39.5993911 ], [ 2.4130263, 39.5994118 ], [ 2.4130536, 39.5994375 ], [ 2.4128612, 39.599397 ], [ 2.4131188, 39.59951 ], [ 2.4131579, 39.5995615 ], [ 2.4132017, 39.5996276 ], [ 2.4129772, 39.5995174 ], [ 2.413303, 39.5998244 ], [ 2.4133562, 39.5999679 ], [ 2.413403, 39.600149 ], [ 2.4134295, 39.6003654 ], [ 2.4134144, 39.6005961 ], [ 2.4133361, 39.600792 ], [ 2.4131908, 39.6008879 ], [ 2.4130073, 39.6008469 ], [ 2.4128315, 39.6006935 ], [ 2.4126947, 39.6004882 ] ] ] } },
{ "type": "Feature", "properties": { "PlotID": "MANFV02", "windspeed": 40.0, "time": "120", "clipped_m2": 3144.2872397014871, "clipped_ha": 0.3144287239701487, "wspd": "40" }, "geometry": { "type": "Polygon", "coordinates": [ [ [ 2.4101141, 39.5966984 ], [ 2.4100664, 39.5968686 ], [ 2.410068, 39.5967195 ], [ 2.410073, 39.596648 ], [ 2.4100781, 39.5966083 ], [ 2.4100826, 39.596584 ], [ 2.4100865, 39.5965681 ], [ 2.4100899, 39.596557 ], [ 2.4100928, 39.5965491 ], [ 2.4100953, 39.5965431 ], [ 2.4100976, 39.5965386 ], [ 2.4100995, 39.596535 ], [ 2.4101013, 39.5965322 ], [ 2.4101029, 39.5965299 ], [ 2.4101044, 39.596528 ], [ 2.4101057, 39.5965264 ], [ 2.410107, 39.5965251 ], [ 2.4101081, 39.596524 ], [ 2.4101092, 39.596523 ], [ 2.4101102, 39.5965222 ], [ 2.4101112, 39.5965214 ], [ 2.4101121, 39.5965208 ], [ 2.410113, 39.5965203 ], [ 2.4101138, 39.5965198 ], [ 2.4101146, 39.5965194 ], [ 2.4101154, 39.596519 ], [ 2.4101161, 39.5965187 ], [ 2.4101169, 39.5965184 ], [ 2.4101176, 39.5965181 ], [ 2.4101183, 39.5965179 ], [ 2.410119, 39.5965177 ], [ 2.4101197, 39.5965176 ], [ 2.4101204, 39.5965174 ], [ 2.4101211, 39.5965173 ], [ 2.4101218, 39.5965172 ], [ 2.4101225, 39.5965172 ], [ 2.4101232, 39.5965171 ], [ 2.4101239, 39.5965171 ], [ 2.4101246, 39.5965171 ], [ 2.4101254, 39.5965172 ], [ 2.4101261, 39.5965172 ], [ 2.4101269, 39.5965173 ], [ 2.4101277, 39.5965174 ], [ 2.4101286, 39.5965176 ], [ 2.4101295, 39.5965178 ], [ 2.4101304, 39.596518 ], [ 2.4101313, 39.5965183 ], [ 2.4101324, 39.5965187 ], [ 2.4101335, 39.5965191 ], [ 2.4101346, 39.5965196 ], [ 2.4101359, 39.5965202 ], [ 2.4101373, 39.5965209 ], [ 2.4101388, 39.5965217 ], [ 2.4101404, 39.5965227 ], [ 2.4101423, 39.596524 ], [ 2.4101444, 39.5965255 ], [ 2.4101467, 39.5965274 ], [ 2.4101494, 39.5965298 ], [ 2.4101526, 39.5965328 ], [ 2.4101563, 39.5965367 ], [ 2.4101608, 39.5965419 ], [ 2.4101664, 39.5965489 ], [ 2.4101734, 39.5965589 ], [ 2.4101827, 39.5965734 ], [ 2.4101955, 39.5965959 ], [ 2.4102142, 39.5966331 ], [ 2.4102438, 39.5967009 ], [ 2.410297, 39.5968442 ], [ 2.410414, 39.5972254 ], [ 2.4107713, 39.5987343 ], [ 2.4103498, 39.5978078 ], [ 2.4101518, 39.5969831 ], [ 2.4101141, 39.5966984 ] ] ] } },
{ "type": "Feature", "properties": { "PlotID": "MANFV03", "windspeed": 40.0, "time": "120", "clipped_m2": 11292.677835052833, "clipped_ha": 1.1292677835052833, "wspd": "40" }, "geometry": { "type": "Polygon", "coordinates": [ [ [ 2.4074085, 39.5962189 ], [ 2.4073406, 39.5960674 ], [ 2.4072373, 39.596135 ], [ 2.4072487, 39.595892 ], [ 2.4072663, 39.5957398 ], [ 2.4072844, 39.5956397 ], [ 2.4073012, 39.5955709 ], [ 2.4073164, 39.5955218 ], [ 2.4073299, 39.5954855 ], [ 2.4073419, 39.5954581 ], [ 2.4074089, 39.5954047 ], [ 2.4074022, 39.5954011 ], [ 2.407395, 39.5953972 ], [ 2.4073872, 39.595393 ], [ 2.4073861, 39.5953864 ], [ 2.4073928, 39.5953788 ], [ 2.4073989, 39.5953725 ], [ 2.4074047, 39.595367 ], [ 2.40741, 39.5953624 ], [ 2.4074151, 39.5953584 ], [ 2.4074199, 39.5953549 ], [ 2.4074245, 39.5953519 ], [ 2.4074288, 39.5953493 ], [ 2.407433, 39.595347 ], [ 2.407437, 39.5953449 ], [ 2.4074409, 39.5953432 ], [ 2.4074447, 39.5953416 ], [ 2.4074484, 39.5953403 ], [ 2.407452, 39.5953391 ], [ 2.4074555, 39.5953381 ], [ 2.407459, 39.595337199999989 ], [ 2.4074625, 39.595336499999988 ], [ 2.4074659, 39.5953359 ], [ 2.4074694, 39.5953354 ], [ 2.4074728, 39.595335 ], [ 2.4074763, 39.5953348 ], [ 2.4074798, 39.5953347 ], [ 2.4074833, 39.5953347 ], [ 2.4074869, 39.5953348 ], [ 2.4074906, 39.595335 ], [ 2.4074943, 39.5953354 ], [ 2.4074982, 39.5953359 ], [ 2.4075022, 39.5953366 ], [ 2.4075063, 39.5953375 ], [ 2.4075106, 39.5953385 ], [ 2.4075151, 39.5953398 ], [ 2.4075198, 39.5953413 ], [ 2.4075248, 39.5953431 ], [ 2.4075302, 39.5953453 ], [ 2.4075358, 39.5953478 ], [ 2.4075419, 39.5953509 ], [ 2.4075485, 39.5953545 ], [ 2.4075557, 39.5953588 ], [ 2.4075635, 39.595364 ], [ 2.4075722, 39.5953702 ], [ 2.4075819, 39.5953778 ], [ 2.4075927, 39.5953872 ], [ 2.4076051, 39.5953988 ], [ 2.4076193, 39.5954136 ], [ 2.4076359, 39.5954324 ], [ 2.4076555, 39.5954571 ], [ 2.4076791, 39.5954901 ], [ 2.407708, 39.5955354 ], [ 2.4077443, 39.5955996 ], [ 2.4077907, 39.5956941 ], [ 2.4077664, 39.5957316 ], [ 2.4076092, 39.5955709 ], [ 2.4080388, 39.5964722 ], [ 2.4078334, 39.5962997 ], [ 2.4082012, 39.5981349 ], [ 2.4079721, 39.5987608 ], [ 2.4075099, 39.5963761 ], [ 2.4074085, 39.5962189 ] ] ] } },
{ "type": "Feature", "properties": { "PlotID": "MANFV04", "windspeed": 40.0, "time": "120", "clipped_m2": 37.009064046986168, "clipped_ha": 0.003700906404698617, "wspd": "40" }, "geometry": { "type": "Polygon", "coordinates": [ [ [ 2.4051232, 39.5900757 ], [ 2.4051232, 39.5900747 ], [ 2.4051231, 39.5900743 ], [ 2.4051231, 39.5900741 ], [ 2.4051232, 39.5900739 ], [ 2.4051232, 39.5900738 ], [ 2.4051232, 39.5900737 ], [ 2.4051232, 39.5900736 ], [ 2.4051233, 39.5900736 ], [ 2.4051233, 39.5900735 ], [ 2.4051234, 39.5900735 ], [ 2.4051235, 39.5900735 ], [ 2.4051235, 39.5900736 ], [ 2.4051236, 39.5900736 ], [ 2.4051236, 39.5900737 ], [ 2.4051237, 39.5900737 ], [ 2.4051238, 39.5900738 ], [ 2.4051238, 39.5900739 ], [ 2.405124, 39.5900742 ], [ 2.4051242, 39.5900746 ], [ 2.4051247, 39.5900755 ], [ 2.4051258, 39.590078 ], [ 2.4051309, 39.590092 ], [ 2.4056204, 39.5918065 ], [ 2.4051266, 39.5900927 ], [ 2.4051236, 39.5900784 ], [ 2.4051232, 39.5900757 ] ] ] } },
{ "type": "Feature", "properties": { "PlotID": "MANFV05", "windspeed": 40.0, "time": "120", "clipped_m2": 2036.2429515038384, "clipped_ha": 0.20362429515038385, "wspd": "40" }, "geometry": { "type": "Polygon", "coordinates": [ [ [ 2.4085057, 39.590786 ], [ 2.4085053, 39.5907815 ], [ 2.4085052, 39.5907793 ], [ 2.4085052, 39.5907781 ], [ 2.4085053, 39.5907774 ], [ 2.4085054, 39.5907769 ], [ 2.4085054, 39.5907766 ], [ 2.4085055, 39.5907764 ], [ 2.4085056, 39.5907762 ], [ 2.4085056, 39.5907761 ], [ 2.4085056, 39.590776 ], [ 2.4085057, 39.5907759 ], [ 2.4085057, 39.5907758 ], [ 2.4085058, 39.5907758 ], [ 2.4085058, 39.590775699999988 ], [ 2.4085059, 39.5907756 ], [ 2.408506, 39.5907755 ], [ 2.4085061, 39.5907755 ], [ 2.4085061, 39.5907754 ], [ 2.4085062, 39.5907754 ], [ 2.4085063, 39.5907754 ], [ 2.4085064, 39.5907754 ], [ 2.4085065, 39.5907754 ], [ 2.4085066, 39.5907754 ], [ 2.4085066, 39.5907755 ], [ 2.4085067, 39.5907755 ], [ 2.4085068, 39.5907755 ], [ 2.4085068, 39.5907756 ], [ 2.4085069, 39.5907756 ], [ 2.408507, 39.590775699999988 ], [ 2.4085071, 39.5907757 ], [ 2.4085072, 39.5907758 ], [ 2.4085073, 39.5907759 ], [ 2.4085074, 39.5907761 ], [ 2.4085076, 39.5907762 ], [ 2.4085078, 39.5907765 ], [ 2.4085082, 39.5907769 ], [ 2.4085086, 39.5907776 ], [ 2.4085093, 39.5907786 ], [ 2.4085104, 39.5907806 ], [ 2.4085125, 39.5907849 ], [ 2.4085178, 39.5907973 ], [ 2.4085424, 39.5908646 ], [ 2.4141418, 39.6105962 ], [ 2.4085218, 39.5908681 ], [ 2.4085076, 39.590799 ], [ 2.4085057, 39.590786 ] ] ] } },
{ "type": "Feature", "properties": { "PlotID": "MANFV06", "windspeed": 40.0, "time": "120", "clipped_m2": 69691.127203166485, "clipped_ha": 6.9691127203166481, "wspd": "40" }, "geometry": { "type": "Polygon", "coordinates": [ [ [ 2.4153526, 39.586014 ], [ 2.4151935, 39.5852466 ], [ 2.4152534, 39.5843192 ], [ 2.4151354, 39.5843386 ], [ 2.4153815, 39.583669 ], [ 2.4151373, 39.5839748 ], [ 2.4151567, 39.5838496 ], [ 2.4152317, 39.5837012 ], [ 2.4152022, 39.5836791 ], [ 2.4152175, 39.5836258 ], [ 2.4152362, 39.5835803 ], [ 2.4152628, 39.5835389 ], [ 2.4152706, 39.5835128 ], [ 2.4152862, 39.5834874 ], [ 2.415301, 39.583466 ], [ 2.4153149, 39.5834478 ], [ 2.4153281, 39.5834322 ], [ 2.4153407, 39.5834188 ], [ 2.4153527, 39.5834071 ], [ 2.4153642, 39.5833969 ], [ 2.4153752, 39.5833879 ], [ 2.4153858, 39.5833799 ], [ 2.4153961, 39.5833729 ], [ 2.4154061, 39.5833667 ], [ 2.4154158, 39.5833612 ], [ 2.4154254, 39.5833563 ], [ 2.4154347, 39.5833519 ], [ 2.415444, 39.583348 ], [ 2.4154531, 39.5833445 ], [ 2.4154621, 39.5833415 ], [ 2.4154711, 39.5833388 ], [ 2.4154801, 39.5833365 ], [ 2.4154891, 39.5833345 ], [ 2.4154982, 39.5833328 ], [ 2.4155074, 39.5833314 ], [ 2.4155167, 39.5833304 ], [ 2.4155261, 39.5833296 ], [ 2.4155357, 39.5833292 ], [ 2.4155456, 39.5833291 ], [ 2.4155558, 39.5833294 ], [ 2.4155662, 39.58333 ], [ 2.4155771, 39.583331 ], [ 2.4155878, 39.5833332 ], [ 2.4155938, 39.5833408 ], [ 2.4155993, 39.583348 ], [ 2.4156046, 39.5833548 ], [ 2.4156098, 39.5833614 ], [ 2.4156545, 39.5833485 ], [ 2.4156704, 39.5833542 ], [ 2.4156875, 39.5833611 ], [ 2.4157061, 39.5833693 ], [ 2.4157264, 39.5833793 ], [ 2.4157488, 39.5833915 ], [ 2.4157736, 39.5834063 ], [ 2.4158014, 39.5834244 ], [ 2.4158327, 39.5834469 ], [ 2.4158685, 39.583475 ], [ 2.4159098, 39.5835106 ], [ 2.4157608, 39.5834919 ], [ 2.4157646, 39.5835134 ], [ 2.4160841, 39.5836952 ], [ 2.4161684, 39.5838032 ], [ 2.4162732, 39.583954 ], [ 2.4164059, 39.5841707 ], [ 2.416576, 39.5844918 ], [ 2.4167928, 39.5849805 ], [ 2.4170556, 39.5857306 ], [ 2.4173143, 39.586824799999988 ], [ 2.4173905, 39.588105399999989 ], [ 2.4170221, 39.5888151 ], [ 2.4163091, 39.5882854 ], [ 2.4156982, 39.5870938 ], [ 2.4153526, 39.586014 ] ] ] } },
{ "type": "Feature", "properties": { "PlotID": "MANFV07", "windspeed": 40.0, "time": "120", "clipped_m2": 76719.717717994936, "clipped_ha": 7.6719717717994937, "wspd": "40" }, "geometry": { "type": "Polygon", "coordinates": [ [ [ 2.4087611, 39.5831822 ], [ 2.4087547, 39.5831106 ], [ 2.4087536, 39.5830771 ], [ 2.408754, 39.5830587 ], [ 2.408755, 39.5830475 ], [ 2.408756, 39.5830402 ], [ 2.408757, 39.5830351 ], [ 2.4087579, 39.5830314 ], [ 2.4087588, 39.5830287 ], [ 2.4087596, 39.5830266 ], [ 2.4087603, 39.5830249 ], [ 2.4087609, 39.5830236 ], [ 2.4087616, 39.5830225 ], [ 2.4087621, 39.5830216 ], [ 2.4087627, 39.5830209 ], [ 2.4087631, 39.5830202 ], [ 2.4087636, 39.5830197 ], [ 2.408764, 39.5830192 ], [ 2.4087645, 39.5830188 ], [ 2.4087649, 39.5830185 ], [ 2.4087652, 39.5830182 ], [ 2.4087656, 39.5830179 ], [ 2.408766, 39.5830177 ], [ 2.4087663, 39.5830174 ], [ 2.4087666, 39.5830173 ], [ 2.4087669, 39.5830171 ], [ 2.4087673, 39.5830169 ], [ 2.4087676, 39.5830168 ], [ 2.4087679, 39.5830167 ], [ 2.4087682, 39.5830166 ], [ 2.4087685, 39.5830165 ], [ 2.4087688, 39.5830164 ], [ 2.4087691, 39.5830163 ], [ 2.4087694, 39.5830163 ], [ 2.4087697, 39.583016199999989 ], [ 2.40877, 39.5830162 ], [ 2.4087703, 39.5830162 ], [ 2.4087707, 39.5830162 ], [ 2.408771, 39.5830162 ], [ 2.4087713, 39.583016199999989 ], [ 2.4087717, 39.5830162 ], [ 2.4087721, 39.583016199999989 ], [ 2.4087725, 39.5830163 ], [ 2.4087729, 39.5830163 ], [ 2.4087733, 39.5830164 ], [ 2.4087737, 39.5830165 ], [ 2.4087742, 39.5830166 ], [ 2.4087747, 39.5830168 ], [ 2.4087753, 39.583017 ], [ 2.4087759, 39.5830172 ], [ 2.4087765, 39.5830175 ], [ 2.4087772, 39.5830178 ], [ 2.408778, 39.5830182 ], [ 2.4087789, 39.5830187 ], [ 2.4087799, 39.5830193 ], [ 2.4087811, 39.5830201 ], [ 2.4087824, 39.5830211 ], [ 2.4087839, 39.5830224 ], [ 2.4087858, 39.583024 ], [ 2.4087881, 39.5830262 ], [ 2.408791, 39.5830292 ], [ 2.4087947, 39.5830335 ], [ 2.4087996, 39.5830398 ], [ 2.4088066, 39.5830497 ], [ 2.408817, 39.5830662 ], [ 2.4088344, 39.5830969 ], [ 2.4088677, 39.5831638 ], [ 2.4089508, 39.5833559 ], [ 2.409325, 39.5843778 ], [ 2.422725, 39.6315584 ], [ 2.4090116, 39.5844317 ], [ 2.408791, 39.5833834 ], [ 2.4087611, 39.5831822 ] ] ] } },
{ "type": "Feature", "properties": { "PlotID": "MANFV08", "windspeed": 40.0, "time": "120", "clipped_m2": 6972.7641378641129, "clipped_ha": 0.69727641378641125, "wspd": "40" }, "geometry": { "type": "Polygon", "coordinates": [ [ [ 2.4202064, 39.6018346 ], [ 2.4201732, 39.6018432 ], [ 2.420137, 39.6018525 ], [ 2.4202018, 39.6016127 ], [ 2.4201934, 39.601615 ], [ 2.4201835, 39.6016177 ], [ 2.4199484, 39.6018866 ], [ 2.4201564, 39.6016251 ], [ 2.4201365, 39.6016305 ], [ 2.4201086, 39.6016382 ], [ 2.4200657, 39.6016499 ], [ 2.4200044, 39.601663599999988 ], [ 2.4199642, 39.6016598 ], [ 2.419979, 39.6016339 ], [ 2.4199932, 39.6016118 ], [ 2.420007, 39.6015928 ], [ 2.4200202, 39.6015764 ], [ 2.420033, 39.6015621 ], [ 2.4200708, 39.6015507 ], [ 2.4201038, 39.6015437 ], [ 2.4201257, 39.6015392 ], [ 2.4201414, 39.6015359 ], [ 2.4201534, 39.6015334 ], [ 2.4201631, 39.6015314 ], [ 2.4201711, 39.6015297 ], [ 2.4201779, 39.6015283 ], [ 2.4201839, 39.6015271 ], [ 2.4201892, 39.601526 ], [ 2.4201941, 39.601525 ], [ 2.4201987, 39.6015241 ], [ 2.420203, 39.6015232 ], [ 2.4202072, 39.6015223 ], [ 2.4202112, 39.6015215 ], [ 2.4202153, 39.6015207 ], [ 2.4202194, 39.6015198 ], [ 2.4202235, 39.601519 ], [ 2.4202279, 39.6015181 ], [ 2.4202325, 39.601517099999988 ], [ 2.4202526, 39.6014653 ], [ 2.4202636, 39.6014656 ], [ 2.420275, 39.6014664 ], [ 2.4202867, 39.6014676 ], [ 2.4202642, 39.6015106 ], [ 2.4202741, 39.601508599999988 ], [ 2.4202867, 39.601506 ], [ 2.4203034, 39.6015025 ], [ 2.4203256, 39.6014985 ], [ 2.4203577, 39.6014929 ], [ 2.4203858, 39.6014937 ], [ 2.4204036, 39.6015012 ], [ 2.4204228, 39.6015103 ], [ 2.4204435, 39.6015211 ], [ 2.420466, 39.6015341 ], [ 2.4204907, 39.6015498 ], [ 2.4204486, 39.601566 ], [ 2.4203952, 39.6015755 ], [ 2.4203624, 39.6015815 ], [ 2.4203394, 39.6015857 ], [ 2.4203223, 39.6015888 ], [ 2.4203087, 39.6015913 ], [ 2.4207613, 39.6018264 ], [ 2.4202883, 39.6015951 ], [ 2.4202801, 39.6015966 ], [ 2.4202729, 39.6015979 ], [ 2.4210356, 39.6023891 ], [ 2.4211013, 39.6026418 ], [ 2.4211393, 39.6029452 ], [ 2.4211197, 39.6032704 ], [ 2.4210115, 39.6035476 ], [ 2.4203657, 39.602068599999988 ], [ 2.4203067, 39.6020709 ], [ 2.4202539, 39.6021949 ], [ 2.4202064, 39.6018346 ] ] ] } },
{ "type": "Feature", "properties": { "PlotID": "MANFV09", "windspeed": 40.0, "time": "120", "clipped_m2": 15.331150500562217, "clipped_ha": 0.0015331150500562216, "wspd": "40" }, "geometry": { "type": "Polygon", "coordinates": [ [ [ 2.4128616, 39.6004408 ], [ 2.4128615, 39.6004399 ], [ 2.4128615, 39.6004395 ], [ 2.4128615, 39.6004393 ], [ 2.4128616, 39.6004391 ], [ 2.4128616, 39.600439 ], [ 2.4128616, 39.6004389 ], [ 2.4128616, 39.6004388 ], [ 2.4128617, 39.6004388 ], [ 2.4128617, 39.6004387 ], [ 2.4128618, 39.6004387 ], [ 2.4128619, 39.6004387 ], [ 2.4128619, 39.6004388 ], [ 2.412862, 39.6004388 ], [ 2.412862, 39.6004389 ], [ 2.4128621, 39.6004389 ], [ 2.4128621, 39.600439 ], [ 2.4128622, 39.6004391 ], [ 2.4128623, 39.6004394 ], [ 2.4128626, 39.6004397 ], [ 2.412863, 39.6004406 ], [ 2.412864, 39.6004431 ], [ 2.4128689, 39.6004566 ], [ 2.4130682, 39.6011813 ], [ 2.4128648, 39.6004573 ], [ 2.412862, 39.6004434 ], [ 2.4128616, 39.6004408 ] ] ] } },
{ "type": "Feature", "properties": { "PlotID": "MANFV10", "windspeed": 40.0, "time": "120", "clipped_m2": 27.546389422306675, "clipped_ha": 0.0027546389422306674, "wspd": "40" }, "geometry": { "type": "Polygon", "coordinates": [ [ [ 2.4128591, 39.5952232 ], [ 2.4128591, 39.5952226 ], [ 2.4128591, 39.5952223 ], [ 2.4128591, 39.5952221 ], [ 2.4128591, 39.595222 ], [ 2.4128591, 39.5952219 ], [ 2.4128591, 39.5952218 ], [ 2.4128592, 39.5952218 ], [ 2.4128592, 39.5952217 ], [ 2.4128593, 39.5952217 ], [ 2.4128593, 39.5952218 ], [ 2.4128594, 39.5952218 ], [ 2.4128594, 39.5952219 ], [ 2.4128595, 39.5952219 ], [ 2.4128595, 39.595222 ], [ 2.4128596, 39.5952222 ], [ 2.4128598, 39.5952225 ], [ 2.4128601, 39.5952231 ], [ 2.4128608, 39.5952248 ], [ 2.4128641, 39.5952343 ], [ 2.4133777, 39.5971308 ], [ 2.4128612, 39.5952348 ], [ 2.4128594, 39.595225 ], [ 2.4128591, 39.5952232 ] ] ] } },
{ "type": "Feature", "properties": { "PlotID": "MANFV11", "windspeed": 40.0, "time": "120", "clipped_m2": 7073.6649613063782, "clipped_ha": 0.70736649613063785, "wspd": "40" }, "geometry": { "type": "Polygon", "coordinates": [ [ [ 2.407312, 39.5982034 ], [ 2.407301, 39.5980428 ], [ 2.4073005, 39.5979605 ], [ 2.4073031, 39.5979133 ], [ 2.4073065, 39.5978837 ], [ 2.4073099, 39.5978641 ], [ 2.4073131, 39.5978503 ], [ 2.407316, 39.5978403 ], [ 2.4073187, 39.5978328 ], [ 2.4073211, 39.597827 ], [ 2.4073233, 39.5978225 ], [ 2.4073252, 39.5978189 ], [ 2.4073271, 39.5978159 ], [ 2.4073288, 39.5978134 ], [ 2.4073303, 39.5978114 ], [ 2.4073318, 39.5978097 ], [ 2.4073331, 39.5978082 ], [ 2.4073344, 39.5978069 ], [ 2.4073356, 39.5978058 ], [ 2.4073368, 39.5978049 ], [ 2.4073379, 39.597804 ], [ 2.4073389, 39.5978033 ], [ 2.4073399, 39.5978027 ], [ 2.4073409, 39.5978021 ], [ 2.4073419, 39.5978016 ], [ 2.4073428, 39.5978011 ], [ 2.4073437, 39.5978007 ], [ 2.4073446, 39.5978004 ], [ 2.4073455, 39.5978001 ], [ 2.4073463, 39.5977998 ], [ 2.4073472, 39.5977996 ], [ 2.4073481, 39.5977994 ], [ 2.4073489, 39.5977992 ], [ 2.4073498, 39.5977991 ], [ 2.4073507, 39.597799 ], [ 2.4073516, 39.5977989 ], [ 2.4073525, 39.5977988 ], [ 2.4073534, 39.5977988 ], [ 2.4073543, 39.5977988 ], [ 2.4073553, 39.5977988 ], [ 2.4073563, 39.5977989 ], [ 2.4073573, 39.597799 ], [ 2.4073584, 39.5977992 ], [ 2.4073595, 39.5977994 ], [ 2.4073607, 39.5977997 ], [ 2.4073619, 39.5978 ], [ 2.4073633, 39.5978004 ], [ 2.4073647, 39.5978008 ], [ 2.4073662, 39.5978014 ], [ 2.4073678, 39.597802099999988 ], [ 2.4073696, 39.5978029 ], [ 2.4073716, 39.5978039 ], [ 2.4073737, 39.5978051 ], [ 2.4073761, 39.5978066 ], [ 2.4073788, 39.5978084 ], [ 2.4073819, 39.5978107 ], [ 2.4073855, 39.5978135 ], [ 2.4073896, 39.5978171 ], [ 2.4073946, 39.5978219 ], [ 2.4074006, 39.5978281 ], [ 2.4074079, 39.5978366 ], [ 2.4074173, 39.5978486 ], [ 2.4074297, 39.597865899999988 ], [ 2.4074466, 39.5978925 ], [ 2.407471, 39.5979359 ], [ 2.407509, 39.5980128 ], [ 2.4075736, 39.5981656 ], [ 2.4076971, 39.5985188 ], [ 2.4079379, 39.5994341 ], [ 2.4080287, 39.6006127 ], [ 2.4075637, 39.5994881 ], [ 2.4073615, 39.5985672 ], [ 2.407312, 39.5982034 ] ] ] } },
{ "type": "Feature", "properties": { "PlotID": "MANFV12", "windspeed": 40.0, "time": "120", "clipped_m2": 1321.767715672031, "clipped_ha": 0.13217677156720312, "wspd": "40" }, "geometry": { "type": "Polygon", "coordinates": [ [ [ 2.4019481, 39.5878774 ], [ 2.4019383, 39.5877863 ], [ 2.4019362, 39.5877376 ], [ 2.4019368, 39.587709 ], [ 2.4019382, 39.5876909 ], [ 2.4019399, 39.5876788 ], [ 2.4019416, 39.5876702 ], [ 2.4019432, 39.587663899999988 ], [ 2.4019447, 39.5876592 ], [ 2.4019461, 39.5876556 ], [ 2.4019474, 39.5876527 ], [ 2.4019486, 39.5876504 ], [ 2.4019497, 39.5876485 ], [ 2.4019507, 39.587647 ], [ 2.4019516, 39.5876457 ], [ 2.4019525, 39.5876446 ], [ 2.4019533, 39.5876436 ], [ 2.4019541, 39.5876428 ], [ 2.4019549, 39.5876421 ], [ 2.4019556, 39.5876415 ], [ 2.4019562, 39.587641 ], [ 2.4019569, 39.5876405 ], [ 2.4019575, 39.5876401 ], [ 2.4019581, 39.5876397 ], [ 2.4019587, 39.5876394 ], [ 2.4019593, 39.5876391 ], [ 2.4019599, 39.5876388 ], [ 2.4019604, 39.5876386 ], [ 2.401961, 39.5876384 ], [ 2.4019615, 39.5876382 ], [ 2.4019621, 39.587638 ], [ 2.4019626, 39.5876379 ], [ 2.4019631, 39.5876378 ], [ 2.4019637, 39.5876377 ], [ 2.4019642, 39.5876376 ], [ 2.4019648, 39.5876376 ], [ 2.4019654, 39.5876375 ], [ 2.4019659, 39.5876375 ], [ 2.4019665, 39.5876375 ], [ 2.4019671, 39.5876375 ], [ 2.4019678, 39.5876375 ], [ 2.4019684, 39.5876376 ], [ 2.4019691, 39.5876377 ], [ 2.4019698, 39.5876378 ], [ 2.4019706, 39.587638 ], [ 2.4019713, 39.5876381 ], [ 2.4019722, 39.5876384 ], [ 2.4019731, 39.5876387 ], [ 2.4019741, 39.587639 ], [ 2.4019751, 39.5876394 ], [ 2.4019762, 39.5876399 ], [ 2.4019775, 39.5876405 ], [ 2.4019789, 39.5876413 ], [ 2.4019804, 39.5876422 ], [ 2.4019821, 39.5876433 ], [ 2.4019841, 39.5876447 ], [ 2.4019864, 39.5876464 ], [ 2.401989, 39.5876487 ], [ 2.4019922, 39.5876516 ], [ 2.401996, 39.5876554 ], [ 2.4020007, 39.5876606 ], [ 2.4020067, 39.5876679 ], [ 2.4020146, 39.5876786 ], [ 2.4020253, 39.5876947 ], [ 2.4020406, 39.5877207 ], [ 2.4020639, 39.5877659 ], [ 2.4021021, 39.5878525 ], [ 2.4021691, 39.5880372 ], [ 2.4021422, 39.5880965 ], [ 2.4022853, 39.5888279 ], [ 2.4020918, 39.5884643 ], [ 2.4019823, 39.5880674 ], [ 2.4019481, 39.5878774 ] ] ] } },
{ "type": "Feature", "properties": { "PlotID": "MANFV13", "windspeed": 40.0, "time": "120", "clipped_m2": 15563.198951724917, "clipped_ha": 1.5563198951724917, "wspd": "40" }, "geometry": { "type": "Polygon", "coordinates": [ [ [ 2.4037155, 39.5919318 ], [ 2.4036461, 39.5913404 ], [ 2.4036298, 39.5910215 ], [ 2.4036319, 39.5908331 ], [ 2.4036405, 39.5907133 ], [ 2.4036511, 39.5906327 ], [ 2.403662, 39.5905758 ], [ 2.4036724, 39.5905342 ], [ 2.4036822, 39.5905029 ], [ 2.4036913, 39.5904786 ], [ 2.4036996, 39.5904595 ], [ 2.4037074, 39.5904441 ], [ 2.4037145, 39.5904315 ], [ 2.4037212, 39.5904211 ], [ 2.4037274, 39.5904124 ], [ 2.4037332, 39.590405 ], [ 2.4037387, 39.5903987 ], [ 2.4037438, 39.5903933 ], [ 2.4037488, 39.5903886 ], [ 2.4037534, 39.5903845 ], [ 2.4037579, 39.5903809 ], [ 2.4037622, 39.5903777 ], [ 2.4037664, 39.5903749 ], [ 2.4037704, 39.5903724 ], [ 2.4037744, 39.590370199999988 ], [ 2.4037782, 39.5903682 ], [ 2.403782, 39.5903665 ], [ 2.4037857, 39.5903649 ], [ 2.4037893, 39.5903636 ], [ 2.4037929, 39.5903624 ], [ 2.4037965, 39.5903613 ], [ 2.4038001, 39.5903604 ], [ 2.4038037, 39.5903596 ], [ 2.4038074, 39.5903589 ], [ 2.403811, 39.5903584 ], [ 2.4038147, 39.5903579 ], [ 2.4038185, 39.5903576 ], [ 2.4038224, 39.5903575 ], [ 2.4038263, 39.5903574 ], [ 2.4038304, 39.5903575 ], [ 2.4038346, 39.5903578 ], [ 2.4038389, 39.5903582 ], [ 2.4038435, 39.5903587 ], [ 2.4038482, 39.5903595 ], [ 2.4038532, 39.5903605 ], [ 2.4038585, 39.5903617 ], [ 2.4038641, 39.5903632 ], [ 2.4038701, 39.5903651 ], [ 2.4038766, 39.5903674 ], [ 2.4038835, 39.5903701 ], [ 2.4038911, 39.5903734 ], [ 2.4038995, 39.5903774 ], [ 2.4039087, 39.5903823 ], [ 2.4039189, 39.5903883 ], [ 2.4039305, 39.5903957 ], [ 2.4039437, 39.590404899999989 ], [ 2.4039589, 39.5904165 ], [ 2.4039767, 39.5904313 ], [ 2.4039978, 39.5904505 ], [ 2.4040234, 39.590476 ], [ 2.4040549, 39.5905106 ], [ 2.404095, 39.590559 ], [ 2.4041474, 39.5906292 ], [ 2.4042187, 39.590735699999989 ], [ 2.4043204, 39.5909069 ], [ 2.4044745, 39.591203 ], [ 2.4047001, 39.5917274 ], [ 2.4047509, 39.5921719 ], [ 2.40442, 39.5919095 ], [ 2.4042811, 39.5920686 ], [ 2.4041916, 39.5927224 ], [ 2.4039449, 39.5931035 ], [ 2.4037155, 39.5919318 ] ] ] } },
{ "type": "Feature", "properties": { "PlotID": "MANFV14", "windspeed": 40.0, "time": "120", "clipped_m2": 1885.3851359961554, "clipped_ha": 0.18853851359961554, "wspd": "40" }, "geometry": { "type": "Polygon", "coordinates": [ [ [ 2.4107226, 39.5950433 ], [ 2.4107163, 39.5949584 ], [ 2.4107159, 39.5949147 ], [ 2.4107171, 39.5948895 ], [ 2.4107189, 39.5948738 ], [ 2.4107206, 39.5948633 ], [ 2.4107223, 39.5948559 ], [ 2.4107239, 39.5948506 ], [ 2.4107253, 39.5948466 ], [ 2.4107265, 39.5948435 ], [ 2.4107277, 39.594841 ], [ 2.4107287, 39.5948391 ], [ 2.4107297, 39.5948375 ], [ 2.4107306, 39.594836199999989 ], [ 2.4107314, 39.5948351 ], [ 2.4107322, 39.5948342 ], [ 2.4107329, 39.5948334 ], [ 2.4107336, 39.5948327 ], [ 2.4107343, 39.5948321 ], [ 2.4107349, 39.5948316 ], [ 2.4107354, 39.5948311 ], [ 2.410736, 39.5948308 ], [ 2.4107366, 39.5948304 ], [ 2.4107371, 39.5948301 ], [ 2.4107376, 39.5948298 ], [ 2.4107381, 39.5948296 ], [ 2.4107386, 39.5948294 ], [ 2.410739, 39.5948292 ], [ 2.4107395, 39.594829 ], [ 2.41074, 39.5948289 ], [ 2.4107404, 39.5948287 ], [ 2.4107409, 39.5948286 ], [ 2.4107414, 39.5948285 ], [ 2.4107418, 39.5948285 ], [ 2.4107423, 39.5948284 ], [ 2.4107428, 39.5948284 ], [ 2.4107433, 39.5948283 ], [ 2.4107437, 39.5948283 ], [ 2.4107442, 39.5948283 ], [ 2.4107448, 39.5948283 ], [ 2.4107453, 39.5948284 ], [ 2.4107458, 39.5948284 ], [ 2.4107464, 39.5948285 ], [ 2.410747, 39.5948286 ], [ 2.4107477, 39.5948288 ], [ 2.4107483, 39.5948289 ], [ 2.410749, 39.5948291 ], [ 2.4107498, 39.5948294 ], [ 2.4107506, 39.5948297 ], [ 2.4107515, 39.5948301 ], [ 2.4107524, 39.5948305 ], [ 2.4107535, 39.594831 ], [ 2.4107546, 39.5948317 ], [ 2.4107559, 39.594832499999988 ], [ 2.4107574, 39.5948334 ], [ 2.410759, 39.5948346 ], [ 2.4107609, 39.5948362 ], [ 2.4107632, 39.5948381 ], [ 2.4107658, 39.5948406 ], [ 2.410769, 39.5948439 ], [ 2.410773, 39.5948485 ], [ 2.410778, 39.5948548 ], [ 2.4107846, 39.5948641 ], [ 2.4107937, 39.5948783 ], [ 2.4108068, 39.5949013 ], [ 2.4108271, 39.5949422 ], [ 2.4108615, 39.5950229 ], [ 2.4109265, 39.5952078 ], [ 2.4110501, 39.5956756 ], [ 2.411092, 39.596256 ], [ 2.4108562, 39.5957041 ], [ 2.4107496, 39.5952337 ], [ 2.4107226, 39.5950433 ] ] ] } },
{ "type": "Feature", "properties": { "PlotID": "MANFV15", "windspeed": 40.0, "time": "120", "clipped_m2": 92.311086320580216, "clipped_ha": 0.0092311086320580223, "wspd": "40" }, "geometry": { "type": "Polygon", "coordinates": [ [ [ 2.410631, 39.5928719 ], [ 2.4106309, 39.5928701 ], [ 2.4106309, 39.5928692 ], [ 2.4106309, 39.5928688 ], [ 2.410631, 39.5928685 ], [ 2.410631, 39.5928683 ], [ 2.410631, 39.5928682 ], [ 2.4106311, 39.5928681 ], [ 2.4106311, 39.592868 ], [ 2.4106311, 39.5928679 ], [ 2.4106312, 39.5928679 ], [ 2.4106312, 39.5928678 ], [ 2.4106313, 39.5928678 ], [ 2.4106313, 39.5928677 ], [ 2.4106314, 39.5928677 ], [ 2.4106315, 39.5928677 ], [ 2.4106316, 39.5928677 ], [ 2.4106316, 39.5928678 ], [ 2.4106317, 39.5928678 ], [ 2.4106317, 39.5928679 ], [ 2.4106318, 39.5928679 ], [ 2.4106318, 39.592868 ], [ 2.4106319, 39.592868 ], [ 2.410632, 39.5928682 ], [ 2.4106321, 39.5928683 ], [ 2.4106323, 39.592868599999989 ], [ 2.4106325, 39.592869 ], [ 2.4106329, 39.5928698 ], [ 2.4106337, 39.5928715 ], [ 2.4106356, 39.5928764 ], [ 2.4106443, 39.5929027 ], [ 2.4112082, 39.5951822 ], [ 2.4106362, 39.5929039 ], [ 2.4106316, 39.592877 ], [ 2.410631, 39.5928719 ] ] ] } },
{ "type": "Feature", "properties": { "PlotID": "MANFV16", "windspeed": 40.0, "time": "120", "clipped_m2": 11075.592359504662, "clipped_ha": 1.1075592359504662, "wspd": "40" }, "geometry": { "type": "Polygon", "coordinates": [ [ [ 2.405495, 39.585417 ], [ 2.405406, 39.5851845 ], [ 2.4053569, 39.5849874 ], [ 2.4053339, 39.5848298 ], [ 2.4053268, 39.5847064 ], [ 2.405329, 39.5846102 ], [ 2.4053363, 39.5845349 ], [ 2.4053464, 39.5844752 ], [ 2.4053579, 39.5844275 ], [ 2.4053698, 39.5843888 ], [ 2.4053818, 39.5843572 ], [ 2.4053935, 39.584331 ], [ 2.4054049, 39.5843091 ], [ 2.4054159, 39.5842906 ], [ 2.4054264, 39.5842749 ], [ 2.4054365, 39.5842614 ], [ 2.4054462, 39.5842498 ], [ 2.4054555, 39.5842397 ], [ 2.4054645, 39.5842309 ], [ 2.4054731, 39.5842232 ], [ 2.4054815, 39.5842163 ], [ 2.4054895, 39.5842103 ], [ 2.4054974, 39.584205 ], [ 2.405505, 39.5842002 ], [ 2.4055125, 39.584196 ], [ 2.4055199, 39.5841923 ], [ 2.4055271, 39.5841889 ], [ 2.4055342, 39.584186 ], [ 2.4055413, 39.5841834 ], [ 2.4055483, 39.584181099999988 ], [ 2.4055553, 39.5841791 ], [ 2.4055622, 39.5841773 ], [ 2.4055692, 39.5841758 ], [ 2.4055763, 39.5841746 ], [ 2.4055833, 39.5841737 ], [ 2.4055905, 39.5841729 ], [ 2.4055978, 39.5841724 ], [ 2.4056053, 39.5841722 ], [ 2.4056129, 39.5841723 ], [ 2.4056207, 39.5841726 ], [ 2.4056287, 39.5841732 ], [ 2.4056371, 39.5841741 ], [ 2.4056457, 39.5841754 ], [ 2.4056547, 39.584177 ], [ 2.4056641, 39.5841791 ], [ 2.4056741, 39.5841817 ], [ 2.4056845, 39.5841848 ], [ 2.4056956, 39.5841886 ], [ 2.4057074, 39.5841932 ], [ 2.4057201, 39.5841986 ], [ 2.4057337, 39.5842052 ], [ 2.4057484, 39.584213 ], [ 2.4057644, 39.5842224 ], [ 2.405782, 39.5842338 ], [ 2.4058013, 39.5842476 ], [ 2.4058228, 39.5842644 ], [ 2.4058467, 39.584285 ], [ 2.4058735, 39.5843106 ], [ 2.4059037, 39.5843427 ], [ 2.4059381, 39.5843834 ], [ 2.4059771, 39.5844354 ], [ 2.4060215, 39.584502799999989 ], [ 2.4060714, 39.5845909 ], [ 2.4061264, 39.5847068 ], [ 2.4061838, 39.5848591 ], [ 2.4062366, 39.5850556 ], [ 2.4062704, 39.5852966 ], [ 2.4062609, 39.585561 ], [ 2.4061811, 39.5857905 ], [ 2.4060239, 39.5859016 ], [ 2.4058235, 39.585846 ], [ 2.4056355, 39.5856581 ], [ 2.405495, 39.585417 ] ] ] } },
{ "type": "Feature", "properties": { "PlotID": "MANFV17", "windspeed": 40.0, "time": "120", "clipped_m2": 295.26148556196131, "clipped_ha": 0.029526148556196129, "wspd": "40" }, "geometry": { "type": "Polygon", "coordinates": [ [ [ 2.4030911, 39.601164 ], [ 2.4030884, 39.6011328 ], [ 2.4030879, 39.6011179 ], [ 2.4030882, 39.6011097 ], [ 2.4030886, 39.6011047 ], [ 2.4030891, 39.6011014 ], [ 2.4030896, 39.6010991 ], [ 2.40309, 39.6010974 ], [ 2.4030904, 39.6010962 ], [ 2.4030908, 39.6010952 ], [ 2.4030911, 39.6010944 ], [ 2.4030914, 39.6010938 ], [ 2.4030917, 39.6010934 ], [ 2.4030919, 39.6010929 ], [ 2.4030922, 39.6010926 ], [ 2.4030924, 39.6010923 ], [ 2.4030926, 39.6010921 ], [ 2.4030928, 39.6010919 ], [ 2.403093, 39.6010917 ], [ 2.4030932, 39.6010915 ], [ 2.4030934, 39.6010914 ], [ 2.4030935, 39.6010913 ], [ 2.4030937, 39.6010912 ], [ 2.4030939, 39.6010911 ], [ 2.403094, 39.601091 ], [ 2.4030941, 39.6010909 ], [ 2.4030943, 39.6010908 ], [ 2.4030944, 39.6010908 ], [ 2.4030946, 39.6010907 ], [ 2.4030947, 39.6010907 ], [ 2.4030949, 39.6010906 ], [ 2.403095, 39.6010906 ], [ 2.4030951, 39.6010906 ], [ 2.4030953, 39.6010905 ], [ 2.4030954, 39.6010905 ], [ 2.4030956, 39.6010905 ], [ 2.4030957, 39.6010905 ], [ 2.4030958, 39.6010905 ], [ 2.403096, 39.6010905 ], [ 2.4030962, 39.6010905 ], [ 2.4030963, 39.6010905 ], [ 2.4030965, 39.6010905 ], [ 2.4030967, 39.6010905 ], [ 2.4030968, 39.6010906 ], [ 2.403097, 39.6010906 ], [ 2.4030972, 39.6010907 ], [ 2.4030975, 39.6010907 ], [ 2.4030977, 39.6010908 ], [ 2.4030979, 39.6010909 ], [ 2.4030982, 39.601091 ], [ 2.4030985, 39.6010911 ], [ 2.4030988, 39.6010913 ], [ 2.4030992, 39.6010914 ], [ 2.4030996, 39.6010917 ], [ 2.4031, 39.601092 ], [ 2.4031006, 39.6010923 ], [ 2.4031012, 39.6010928 ], [ 2.4031019, 39.6010933 ], [ 2.4031027, 39.6010941 ], [ 2.4031037, 39.6010951 ], [ 2.403105, 39.6010965 ], [ 2.4031067, 39.6010984 ], [ 2.4031089, 39.6011013 ], [ 2.403112, 39.6011057 ], [ 2.4031166, 39.6011131 ], [ 2.4031242, 39.6011268 ], [ 2.4031384, 39.6011561 ], [ 2.403172, 39.6012365 ], [ 2.4032328, 39.6014342 ], [ 2.4032135, 39.6015129 ], [ 2.4031803, 39.6016091 ], [ 2.4031034, 39.601248 ], [ 2.4030911, 39.601164 ] ] ] } },
{ "type": "Feature", "properties": { "PlotID": "MANFV18", "windspeed": 40.0, "time": "120", "clipped_m2": 110.11212025803979, "clipped_ha": 0.01101121202580398, "wspd": "40" }, "geometry": { "type": "Polygon", "coordinates": [ [ [ 2.4027583, 39.5995487 ], [ 2.4027577, 39.5995411 ], [ 2.4027577, 39.5995375 ], [ 2.4027578, 39.5995356 ], [ 2.4027579, 39.5995344 ], [ 2.402758, 39.5995336 ], [ 2.4027581, 39.599533 ], [ 2.4027582, 39.5995326 ], [ 2.4027583, 39.5995323 ], [ 2.4027584, 39.5995321 ], [ 2.4027585, 39.5995319 ], [ 2.4027586, 39.5995318 ], [ 2.4027586, 39.5995316 ], [ 2.4027587, 39.5995315 ], [ 2.4027588, 39.5995315 ], [ 2.4027588, 39.5995314 ], [ 2.4027589, 39.5995313 ], [ 2.402759, 39.5995312 ], [ 2.4027591, 39.5995312 ], [ 2.4027591, 39.5995311 ], [ 2.4027592, 39.5995311 ], [ 2.4027593, 39.599531 ], [ 2.4027594, 39.599531 ], [ 2.4027595, 39.599531 ], [ 2.4027596, 39.599531 ], [ 2.4027597, 39.599531 ], [ 2.4027598, 39.599531 ], [ 2.4027599, 39.599531 ], [ 2.40276, 39.599531 ], [ 2.4027601, 39.599531 ], [ 2.4027602, 39.5995311 ], [ 2.4027603, 39.5995311 ], [ 2.4027604, 39.5995312 ], [ 2.4027605, 39.5995312 ], [ 2.4027605, 39.5995313 ], [ 2.4027607, 39.5995313 ], [ 2.4027608, 39.5995314 ], [ 2.4027609, 39.5995315 ], [ 2.4027611, 39.5995317 ], [ 2.4027613, 39.5995318 ], [ 2.4027615, 39.5995321 ], [ 2.4027618, 39.5995324 ], [ 2.4027622, 39.5995329 ], [ 2.4027627, 39.5995336 ], [ 2.4027635, 39.5995346 ], [ 2.4027646, 39.5995364 ], [ 2.4027664, 39.5995397 ], [ 2.4027697, 39.5995469 ], [ 2.4027777, 39.5995666 ], [ 2.4028083, 39.5996571 ], [ 2.4029517, 39.6002513 ], [ 2.4027793, 39.5996618 ], [ 2.402761, 39.5995693 ], [ 2.4027583, 39.5995487 ] ] ] } },
{ "type": "Feature", "properties": { "PlotID": "MANFV19", "windspeed": 40.0, "time": "120", "clipped_m2": 467.76273812586442, "clipped_ha": 0.046776273812586443, "wspd": "40" }, "geometry": { "type": "Polygon", "coordinates": [ [ [ 2.4026462, 39.6004591 ], [ 2.402626, 39.6004153 ], [ 2.4026139, 39.6003767 ], [ 2.4026075, 39.6003447 ], [ 2.4026048, 39.6003191 ], [ 2.4026043, 39.6002987 ], [ 2.4026052, 39.6002824 ], [ 2.4026069, 39.6002694 ], [ 2.402609, 39.6002589 ], [ 2.4026113, 39.6002503 ], [ 2.4026137, 39.6002432 ], [ 2.4026161, 39.6002374 ], [ 2.4026185, 39.6002324 ], [ 2.4026208, 39.6002282 ], [ 2.4026231, 39.6002246 ], [ 2.4026253, 39.6002215 ], [ 2.4026274, 39.6002189 ], [ 2.4026294, 39.6002166 ], [ 2.4026314, 39.6002145 ], [ 2.4026333, 39.6002127 ], [ 2.4026351, 39.6002112 ], [ 2.4026369, 39.6002098 ], [ 2.4026387, 39.6002085 ], [ 2.4026404, 39.6002074 ], [ 2.4026421, 39.6002064 ], [ 2.4026437, 39.6002055 ], [ 2.4026454, 39.6002047 ], [ 2.402647, 39.600204 ], [ 2.4026486, 39.6002034 ], [ 2.4026501, 39.6002029 ], [ 2.4026517, 39.6002024 ], [ 2.4026533, 39.600202 ], [ 2.4026549, 39.6002016 ], [ 2.4026565, 39.6002013 ], [ 2.4026581, 39.6002011 ], [ 2.4026597, 39.6002009 ], [ 2.4026614, 39.6002007 ], [ 2.4026631, 39.6002007 ], [ 2.4026648, 39.6002007 ], [ 2.4026666, 39.6002007 ], [ 2.4026685, 39.6002008 ], [ 2.4026704, 39.600201 ], [ 2.4026724, 39.6002013 ], [ 2.4026744, 39.6002016 ], [ 2.4026766, 39.6002021 ], [ 2.4026788, 39.600202599999989 ], [ 2.4026812, 39.6002033 ], [ 2.4026838, 39.6002042 ], [ 2.4026865, 39.6002052 ], [ 2.4026893, 39.6002064 ], [ 2.4026925, 39.6002078 ], [ 2.4026958, 39.6002096 ], [ 2.4026995, 39.6002116 ], [ 2.4027035, 39.6002142 ], [ 2.4027078, 39.6002172 ], [ 2.4027127, 39.6002209 ], [ 2.4027181, 39.6002255 ], [ 2.4027241, 39.6002312 ], [ 2.4027308, 39.6002382 ], [ 2.4027384, 39.6002471 ], [ 2.402747, 39.6002583 ], [ 2.4027566, 39.6002728 ], [ 2.4027672, 39.6002915 ], [ 2.4027786, 39.6003156 ], [ 2.4027901, 39.6003467 ], [ 2.4028001, 39.6003857 ], [ 2.4028055, 39.600432 ], [ 2.4028019, 39.6004811 ], [ 2.4027848, 39.6005226 ], [ 2.4027535, 39.6005429 ], [ 2.402714, 39.6005346 ], [ 2.402676, 39.6005025 ], [ 2.4026462, 39.6004591 ] ] ] } },
{ "type": "Feature", "properties": { "PlotID": "MANFV20", "windspeed": 40.0, "time": "120", "clipped_m2": 5287.5483698807657, "clipped_ha": 0.52875483698807657, "wspd": "40" }, "geometry": { "type": "Polygon", "coordinates": [ [ [ 2.4148352, 39.5912429 ], [ 2.4148334, 39.5912219 ], [ 2.4148331, 39.5912121 ], [ 2.4148333, 39.5912067 ], [ 2.4148336, 39.5912034 ], [ 2.4148339, 39.5912013 ], [ 2.4148342, 39.5911998 ], [ 2.4148345, 39.5911987 ], [ 2.4148347, 39.5911979 ], [ 2.4148349, 39.5911973 ], [ 2.4148352, 39.5911968 ], [ 2.4148354, 39.5911964 ], [ 2.4148355, 39.5911961 ], [ 2.4148357, 39.5911958 ], [ 2.4148359, 39.5911956 ], [ 2.414836, 39.5911954 ], [ 2.4148361, 39.5911953 ], [ 2.4148363, 39.5911952 ], [ 2.4148364, 39.591195 ], [ 2.4148365, 39.5911949 ], [ 2.4148366, 39.5911948 ], [ 2.4148367, 39.5911948 ], [ 2.4148368, 39.591194699999988 ], [ 2.4148369, 39.5911946 ], [ 2.414837, 39.5911946 ], [ 2.4148371, 39.5911945 ], [ 2.4148372, 39.5911945 ], [ 2.4148373, 39.5911944 ], [ 2.4148374, 39.5911944 ], [ 2.4148375, 39.5911944 ], [ 2.4148376, 39.5911944 ], [ 2.4148377, 39.5911943 ], [ 2.4148378, 39.5911943 ], [ 2.4148379, 39.5911943 ], [ 2.414838, 39.5911943 ], [ 2.4148381, 39.5911943 ], [ 2.4148382, 39.5911943 ], [ 2.4148383, 39.5911943 ], [ 2.4148384, 39.5911943 ], [ 2.4148385, 39.5911943 ], [ 2.4148386, 39.5911943 ], [ 2.4148387, 39.5911943 ], [ 2.4148389, 39.5911943 ], [ 2.414839, 39.5911943 ], [ 2.4148391, 39.5911944 ], [ 2.4148392, 39.5911944 ], [ 2.4148394, 39.5911944 ], [ 2.4148396, 39.5911945 ], [ 2.4148397, 39.5911946 ], [ 2.4148399, 39.5911946 ], [ 2.4148401, 39.5911947 ], [ 2.4148404, 39.5911949 ], [ 2.4148406, 39.591195 ], [ 2.4148409, 39.5911952 ], [ 2.4148413, 39.5911954 ], [ 2.4148416, 39.5911957 ], [ 2.4148421, 39.5911961 ], [ 2.4148426, 39.5911966 ], [ 2.4148433, 39.5911972 ], [ 2.4148441, 39.5911981 ], [ 2.4148452, 39.5911994 ], [ 2.4148467, 39.5912012 ], [ 2.4148487, 39.5912041 ], [ 2.4148518, 39.591209 ], [ 2.4148568, 39.591218 ], [ 2.4148665, 39.5912376 ], [ 2.4148906, 39.5912938 ], [ 2.4149984, 39.5915912 ], [ 2.4180942, 39.6026637 ], [ 2.414907, 39.5916067 ], [ 2.4148438, 39.5913018 ], [ 2.4148352, 39.5912429 ] ] ] } },
{ "type": "Feature", "properties": { "PlotID": "MANFV21", "windspeed": 40.0, "time": "120", "clipped_m2": 4357.4993109537754, "clipped_ha": 0.43574993109537752, "wspd": "40" }, "geometry": { "type": "Polygon", "coordinates": [ [ [ 2.404527, 39.5846377 ], [ 2.4045253, 39.5846177 ], [ 2.4045251, 39.5846084 ], [ 2.4045252, 39.5846033 ], [ 2.4045255, 39.5846001 ], [ 2.4045258, 39.5845981 ], [ 2.4045261, 39.5845967 ], [ 2.4045263, 39.5845956 ], [ 2.4045266, 39.5845949 ], [ 2.4045268, 39.5845943 ], [ 2.404527, 39.5845938 ], [ 2.4045272, 39.5845935 ], [ 2.4045274, 39.5845932 ], [ 2.4045275, 39.5845929 ], [ 2.4045277, 39.5845927 ], [ 2.4045278, 39.5845925 ], [ 2.4045279, 39.5845924 ], [ 2.4045281, 39.5845922 ], [ 2.4045282, 39.584592099999988 ], [ 2.4045283, 39.584592 ], [ 2.4045284, 39.584592 ], [ 2.4045285, 39.5845919 ], [ 2.4045286, 39.5845918 ], [ 2.4045287, 39.5845918 ], [ 2.4045288, 39.5845917 ], [ 2.4045289, 39.5845917 ], [ 2.404529, 39.5845916 ], [ 2.4045291, 39.5845915 ], [ 2.4045292, 39.5845915 ], [ 2.4045293, 39.5845915 ], [ 2.4045294, 39.5845915 ], [ 2.4045295, 39.5845915 ], [ 2.4045296, 39.5845914 ], [ 2.4045297, 39.5845914 ], [ 2.4045298, 39.5845914 ], [ 2.4045299, 39.5845914 ], [ 2.40453, 39.5845914 ], [ 2.4045301, 39.5845914 ], [ 2.4045302, 39.5845914 ], [ 2.4045303, 39.5845914 ], [ 2.4045304, 39.5845914 ], [ 2.4045305, 39.5845914 ], [ 2.4045306, 39.5845915 ], [ 2.4045308, 39.5845915 ], [ 2.4045309, 39.5845915 ], [ 2.404531, 39.5845916 ], [ 2.4045312, 39.5845916 ], [ 2.4045314, 39.5845917 ], [ 2.4045315, 39.5845918 ], [ 2.4045317, 39.5845919 ], [ 2.404532, 39.584592 ], [ 2.4045322, 39.584592099999988 ], [ 2.4045325, 39.5845923 ], [ 2.4045328, 39.5845925 ], [ 2.4045332, 39.5845928 ], [ 2.4045336, 39.5845931 ], [ 2.4045341, 39.5845936 ], [ 2.4045348, 39.5845942 ], [ 2.4045356, 39.5845951 ], [ 2.4045366, 39.5845963 ], [ 2.404538, 39.584598 ], [ 2.4045399, 39.5846008 ], [ 2.4045428, 39.5846054 ], [ 2.4045476, 39.584614 ], [ 2.4045568, 39.5846327 ], [ 2.4045796, 39.5846862 ], [ 2.4046819, 39.5849698 ], [ 2.407739, 39.5959691 ], [ 2.4045782, 39.5848842 ], [ 2.4045351, 39.5846938 ], [ 2.404527, 39.5846377 ] ] ] } },
{ "type": "Feature", "properties": { "PlotID": "MANFV22", "windspeed": 40.0, "time": "120", "clipped_m2": 3696.2307507444639, "clipped_ha": 0.36962307507444636, "wspd": "40" }, "geometry": { "type": "Polygon", "coordinates": [ [ [ 2.4059873, 39.5827763 ], [ 2.4059856, 39.582758 ], [ 2.4059853, 39.5827494 ], [ 2.4059855, 39.5827447 ], [ 2.4059857, 39.5827418 ], [ 2.4059859, 39.58274 ], [ 2.4059862, 39.5827386 ], [ 2.4059864, 39.5827377 ], [ 2.4059867, 39.582737 ], [ 2.4059869, 39.5827365 ], [ 2.405987, 39.582736 ], [ 2.4059872, 39.5827357 ], [ 2.4059874, 39.5827354 ], [ 2.4059875, 39.5827352 ], [ 2.4059877, 39.582735 ], [ 2.4059878, 39.5827348 ], [ 2.4059879, 39.582734699999989 ], [ 2.405988, 39.5827346 ], [ 2.4059881, 39.5827345 ], [ 2.4059882, 39.5827344 ], [ 2.4059883, 39.5827343 ], [ 2.4059884, 39.5827342 ], [ 2.4059885, 39.5827342 ], [ 2.4059886, 39.5827341 ], [ 2.4059887, 39.5827341 ], [ 2.4059888, 39.582734 ], [ 2.4059889, 39.582734 ], [ 2.405989, 39.5827339 ], [ 2.4059891, 39.5827339 ], [ 2.4059892, 39.5827339 ], [ 2.4059893, 39.5827338 ], [ 2.4059894, 39.5827338 ], [ 2.4059895, 39.5827338 ], [ 2.4059896, 39.5827338 ], [ 2.4059897, 39.5827338 ], [ 2.4059898, 39.5827338 ], [ 2.4059899, 39.5827338 ], [ 2.40599, 39.5827338 ], [ 2.4059901, 39.5827338 ], [ 2.4059902, 39.5827338 ], [ 2.4059903, 39.5827338 ], [ 2.4059904, 39.5827339 ], [ 2.4059905, 39.5827339 ], [ 2.4059906, 39.5827339 ], [ 2.4059907, 39.5827339 ], [ 2.4059909, 39.582734 ], [ 2.405991, 39.5827341 ], [ 2.4059912, 39.5827341 ], [ 2.4059914, 39.5827342 ], [ 2.4059916, 39.5827343 ], [ 2.4059918, 39.5827344 ], [ 2.4059921, 39.5827346 ], [ 2.4059924, 39.5827348 ], [ 2.4059927, 39.5827351 ], [ 2.4059931, 39.5827354 ], [ 2.4059936, 39.5827358 ], [ 2.4059942, 39.5827364 ], [ 2.4059949, 39.5827371 ], [ 2.4059959, 39.5827382 ], [ 2.4059971, 39.5827399 ], [ 2.4059989, 39.5827424 ], [ 2.4060016, 39.5827466 ], [ 2.4060061, 39.5827545 ], [ 2.4060146, 39.5827716 ], [ 2.4060359, 39.5828207 ], [ 2.4061307, 39.5830795 ], [ 2.4086359, 39.5919156 ], [ 2.4060512, 39.5830932 ], [ 2.405995, 39.5828277 ], [ 2.4059873, 39.5827763 ] ] ] } },
{ "type": "Feature", "properties": { "PlotID": "MANFV23", "windspeed": 40.0, "time": "120", "clipped_m2": 47877.461055869237, "clipped_ha": 4.7877461055869235, "wspd": "40" }, "geometry": { "type": "Polygon", "coordinates": [ [ [ 2.4138658, 39.5951789 ], [ 2.4138604, 39.595117 ], [ 2.4138595, 39.595088 ], [ 2.4138599, 39.595072 ], [ 2.4138608, 39.5950623 ], [ 2.4138616, 39.595056 ], [ 2.4138625, 39.5950516 ], [ 2.4138633, 39.5950484 ], [ 2.4138641, 39.595046 ], [ 2.4138648, 39.5950442 ], [ 2.4138654, 39.5950427 ], [ 2.413866, 39.5950416 ], [ 2.4138665, 39.5950407 ], [ 2.413867, 39.5950399 ], [ 2.4138675, 39.5950392 ], [ 2.4138679, 39.5950387 ], [ 2.4138683, 39.5950382 ], [ 2.4138687, 39.5950378 ], [ 2.4138691, 39.5950375 ], [ 2.4138694, 39.5950372 ], [ 2.4138697, 39.5950369 ], [ 2.41387, 39.5950367 ], [ 2.4138703, 39.5950365 ], [ 2.4138706, 39.5950363 ], [ 2.4138709, 39.5950361 ], [ 2.4138712, 39.595036 ], [ 2.4138715, 39.5950359 ], [ 2.4138718, 39.5950357 ], [ 2.413872, 39.5950356 ], [ 2.4138723, 39.5950355 ], [ 2.4138726, 39.5950355 ], [ 2.4138728, 39.5950354 ], [ 2.4138731, 39.5950353 ], [ 2.4138733, 39.5950353 ], [ 2.4138736, 39.5950352 ], [ 2.4138739, 39.5950352 ], [ 2.4138742, 39.5950352 ], [ 2.4138744, 39.5950352 ], [ 2.4138747, 39.5950352 ], [ 2.413875, 39.5950352 ], [ 2.4138753, 39.5950352 ], [ 2.4138757, 39.5950352 ], [ 2.413876, 39.5950353 ], [ 2.4138763, 39.5950353 ], [ 2.4138767, 39.5950354 ], [ 2.4138771, 39.5950355 ], [ 2.4138775, 39.5950356 ], [ 2.4138779, 39.5950357 ], [ 2.4138784, 39.5950359 ], [ 2.4138789, 39.5950361 ], [ 2.4138795, 39.5950363 ], [ 2.4138801, 39.5950366 ], [ 2.4138808, 39.595037 ], [ 2.4138816, 39.5950374 ], [ 2.4138824, 39.5950379 ], [ 2.4138834, 39.5950386 ], [ 2.4138846, 39.5950395 ], [ 2.4138859, 39.5950406 ], [ 2.4138875, 39.595042 ], [ 2.4138895, 39.5950439 ], [ 2.413892, 39.5950465 ], [ 2.4138952, 39.5950503 ], [ 2.4138994, 39.5950557 ], [ 2.4139055, 39.5950643 ], [ 2.4139145, 39.5950786 ], [ 2.4139295, 39.5951052 ], [ 2.4139582, 39.5951631 ], [ 2.4140295, 39.5953294 ], [ 2.4143489, 39.5962089 ], [ 2.4238734, 39.6301574 ], [ 2.4140788, 39.5962549 ], [ 2.4138912, 39.5953529 ], [ 2.4138658, 39.5951789 ] ] ] } },
{ "type": "Feature", "properties": { "PlotID": "MANFV24", "windspeed": 40.0, "time": "120", "clipped_m2": 115.29405532928649, "clipped_ha": 0.011529405532928649, "wspd": "40" }, "geometry": { "type": "Polygon", "coordinates": [ [ [ 2.4000777, 39.5941409 ], [ 2.400069, 39.5941097 ], [ 2.400065, 39.594085 ], [ 2.4000637, 39.5940663 ], [ 2.4000638, 39.5940522 ], [ 2.4000647, 39.5940416 ], [ 2.400066, 39.5940335 ], [ 2.4000675, 39.5940271 ], [ 2.4000689, 39.5940222 ], [ 2.4000704, 39.5940182 ], [ 2.4000718, 39.5940149 ], [ 2.4000731, 39.5940123 ], [ 2.4000744, 39.5940101 ], [ 2.4000756, 39.5940082 ], [ 2.4000767, 39.5940067 ], [ 2.4000778, 39.5940053 ], [ 2.4000788, 39.5940042 ], [ 2.4000798, 39.5940032 ], [ 2.4000807, 39.5940023 ], [ 2.4000816, 39.5940016 ], [ 2.4000825, 39.5940009 ], [ 2.4000833, 39.5940003 ], [ 2.4000841, 39.5939998 ], [ 2.4000849, 39.5939994 ], [ 2.4000857, 39.593999 ], [ 2.4000864, 39.5939986 ], [ 2.4000871, 39.5939983 ], [ 2.4000879, 39.593998 ], [ 2.4000886, 39.5939978 ], [ 2.4000893, 39.5939976 ], [ 2.40009, 39.5939974 ], [ 2.4000907, 39.5939972 ], [ 2.4000914, 39.5939971 ], [ 2.4000921, 39.593997 ], [ 2.4000928, 39.5939969 ], [ 2.4000935, 39.5939968 ], [ 2.4000942, 39.5939968 ], [ 2.400095, 39.5939968 ], [ 2.4000957, 39.5939968 ], [ 2.4000965, 39.5939968 ], [ 2.4000973, 39.5939969 ], [ 2.4000981, 39.593997 ], [ 2.400099, 39.5939972 ], [ 2.4000999, 39.5939973 ], [ 2.4001008, 39.5939976 ], [ 2.4001018, 39.5939978 ], [ 2.4001028, 39.5939982 ], [ 2.4001039, 39.5939986 ], [ 2.4001051, 39.593999 ], [ 2.4001063, 39.5939996 ], [ 2.4001077, 39.5940003 ], [ 2.4001092, 39.5940011 ], [ 2.4001108, 39.5940021 ], [ 2.4001125, 39.5940032 ], [ 2.4001144, 39.5940047 ], [ 2.4001166, 39.5940064 ], [ 2.400119, 39.5940085 ], [ 2.4001218, 39.5940112 ], [ 2.4001249, 39.5940146 ], [ 2.4001285, 39.5940189 ], [ 2.4001326, 39.5940244 ], [ 2.4001374, 39.5940318 ], [ 2.4001429, 39.5940415 ], [ 2.4001492, 39.5940547 ], [ 2.400155, 39.5940714 ], [ 2.4001517, 39.5940815 ], [ 2.4001478, 39.5940937 ], [ 2.400143, 39.5941088 ], [ 2.4001367, 39.5941285 ], [ 2.400128, 39.5941557 ], [ 2.4001161, 39.5942059 ], [ 2.4000932, 39.594176 ], [ 2.4000777, 39.5941409 ] ] ] } },
{ "type": "Feature", "properties": { "PlotID": "MANFV25", "windspeed": 40.0, "time": "120", "clipped_m2": 1216.5994897512719, "clipped_ha": 0.12165994897512719, "wspd": "40" }, "geometry": { "type": "Polygon", "coordinates": [ [ [ 2.4003622, 39.5934041 ], [ 2.4003713, 39.5931266 ], [ 2.4003445, 39.5931703 ], [ 2.4003459, 39.5931229 ], [ 2.4003485, 39.5930931 ], [ 2.4003515, 39.593073 ], [ 2.4003544, 39.5930589 ], [ 2.4003571, 39.5930486 ], [ 2.4003597, 39.5930409 ], [ 2.400362, 39.5930349 ], [ 2.4003642, 39.5930302 ], [ 2.4003661, 39.5930264 ], [ 2.4003679, 39.5930233 ], [ 2.4003696, 39.5930208 ], [ 2.4003712, 39.5930187 ], [ 2.4003726, 39.5930168 ], [ 2.400374, 39.5930153 ], [ 2.4003753, 39.593014 ], [ 2.4003765, 39.5930128 ], [ 2.4003777, 39.5930118 ], [ 2.4003788, 39.593011 ], [ 2.4003799, 39.5930102 ], [ 2.4003809, 39.5930095 ], [ 2.4003819, 39.5930089 ], [ 2.4003829, 39.5930084 ], [ 2.4003839, 39.5930079 ], [ 2.4003848, 39.5930075 ], [ 2.4003857, 39.5930071 ], [ 2.4003866, 39.5930068 ], [ 2.4003875, 39.5930065 ], [ 2.4003884, 39.5930062 ], [ 2.4003893, 39.593006 ], [ 2.4003902, 39.5930058 ], [ 2.4003911, 39.5930057 ], [ 2.400392, 39.5930055 ], [ 2.4003929, 39.5930054 ], [ 2.4003938, 39.5930054 ], [ 2.4003948, 39.5930053 ], [ 2.4003957, 39.5930053 ], [ 2.4003967, 39.593005399999988 ], [ 2.4003978, 39.5930054 ], [ 2.4003988, 39.5930055 ], [ 2.4004, 39.5930057 ], [ 2.4004011, 39.5930059 ], [ 2.4004024, 39.5930061 ], [ 2.4004037, 39.5930064 ], [ 2.400405, 39.5930068 ], [ 2.4004065, 39.5930073 ], [ 2.4004081, 39.5930079 ], [ 2.4004098, 39.5930086 ], [ 2.4004117, 39.5930094 ], [ 2.4004137, 39.5930104 ], [ 2.400416, 39.5930116 ], [ 2.4004185, 39.5930131 ], [ 2.4004213, 39.593015 ], [ 2.4004245, 39.5930173 ], [ 2.4004282, 39.5930201 ], [ 2.4004326, 39.5930238 ], [ 2.4004378, 39.5930286 ], [ 2.400444, 39.593035 ], [ 2.4004517, 39.5930436 ], [ 2.4004615, 39.5930557 ], [ 2.4004744, 39.5930733 ], [ 2.4004919, 39.5931 ], [ 2.4005165, 39.5931426 ], [ 2.4005125, 39.5931644 ], [ 2.4005076, 39.5931914 ], [ 2.4005002, 39.593224 ], [ 2.4004871, 39.5932591 ], [ 2.400608, 39.5938316 ], [ 2.4005385, 39.5940025 ], [ 2.4004148, 39.5936593 ], [ 2.4003622, 39.5934041 ] ] ] } },
{ "type": "Feature", "properties": { "PlotID": "MANFV26", "windspeed": 40.0, "time": "120", "clipped_m2": 34639.57062013261, "clipped_ha": 3.4639570620132609, "wspd": "40" }, "geometry": { "type": "Polygon", "coordinates": [ [ [ 2.4006532, 39.5966751 ], [ 2.4007037, 39.5952606 ], [ 2.4004247, 39.595804699999988 ], [ 2.4005293, 39.5952086 ], [ 2.4008032, 39.5945728 ], [ 2.4007752, 39.5945852 ], [ 2.4007374, 39.594602 ], [ 2.4006827, 39.5946263 ], [ 2.4005883, 39.5946705 ], [ 2.4004889, 39.5946991 ], [ 2.4005117, 39.5946438 ], [ 2.4005337, 39.5945982 ], [ 2.4005547, 39.5945603 ], [ 2.4005747, 39.5945285 ], [ 2.4005938, 39.5945015 ], [ 2.4006401, 39.5944743 ], [ 2.4006887, 39.5944541 ], [ 2.4007232, 39.5944408 ], [ 2.4007515, 39.5944318 ], [ 2.4007714, 39.5944255 ], [ 2.4007865, 39.5944207 ], [ 2.400799, 39.5944171 ], [ 2.4008133, 39.5944156 ], [ 2.4008241, 39.5944145 ], [ 2.4008326, 39.5944137 ], [ 2.4008396, 39.5944129 ], [ 2.4008456, 39.5944123 ], [ 2.4008508, 39.5944118 ], [ 2.4007956, 39.5943463 ], [ 2.4008077, 39.5943425 ], [ 2.4008197, 39.5943392 ], [ 2.4008318, 39.5943364 ], [ 2.4008438, 39.594334 ], [ 2.4008559, 39.594332 ], [ 2.4008681, 39.5943305 ], [ 2.4008805, 39.5943294 ], [ 2.400893, 39.5943287 ], [ 2.4009058, 39.5943285 ], [ 2.4009189, 39.5943287 ], [ 2.4009323, 39.5943294 ], [ 2.4009461, 39.5943305 ], [ 2.4009604, 39.5943323 ], [ 2.4009752, 39.5943346 ], [ 2.4009906, 39.5943376 ], [ 2.4010068, 39.5943414 ], [ 2.4010238, 39.594346 ], [ 2.4010417, 39.5943515 ], [ 2.4010607, 39.5943583 ], [ 2.401081, 39.5943663 ], [ 2.4011027, 39.5943759 ], [ 2.4011261, 39.5943874 ], [ 2.4011514, 39.5944012 ], [ 2.401179, 39.5944177 ], [ 2.4012093, 39.5944377 ], [ 2.4012427, 39.5944619 ], [ 2.401227, 39.5944846 ], [ 2.401154, 39.5944944 ], [ 2.4011046, 39.5945009 ], [ 2.4012613, 39.5945738 ], [ 2.4013155, 39.5946298 ], [ 2.4011501, 39.5945826 ], [ 2.4010043, 39.594518 ], [ 2.4010804, 39.594591 ], [ 2.4018275, 39.5952972 ], [ 2.4014622, 39.59507 ], [ 2.4020486, 39.5959738 ], [ 2.4021285, 39.596464 ], [ 2.4021289, 39.5970235 ], [ 2.4019863, 39.5975257 ], [ 2.4016772, 39.5977675 ], [ 2.4012768, 39.5976273 ], [ 2.4009114, 39.5971977 ], [ 2.4006532, 39.5966751 ] ] ] } },
{ "type": "Feature", "properties": { "PlotID": "MANFV27", "windspeed": 40.0, "time": "120", "clipped_m2": 2225.4650115336408, "clipped_ha": 0.22254650115336408, "wspd": "40" }, "geometry": { "type": "Polygon", "coordinates": [ [ [ 2.407813, 39.6016195 ], [ 2.4078004, 39.6016102 ], [ 2.4077892, 39.6016022 ], [ 2.4077791, 39.6015951 ], [ 2.4077698, 39.6015884 ], [ 2.4076941, 39.60168 ], [ 2.4077724, 39.6015527 ], [ 2.4077664, 39.6015488 ], [ 2.4077605, 39.6015449 ], [ 2.4077545, 39.601541 ], [ 2.4077484, 39.601537 ], [ 2.407742, 39.6015328 ], [ 2.4077353, 39.6015284 ], [ 2.4077281, 39.6015236 ], [ 2.4077202, 39.6015184 ], [ 2.4077113, 39.6015126 ], [ 2.4077012, 39.601506 ], [ 2.4077074, 39.6014977 ], [ 2.4077151, 39.6014903 ], [ 2.4077224, 39.6014838 ], [ 2.4077295, 39.6014782 ], [ 2.4077362, 39.6014732 ], [ 2.4077428, 39.6014688 ], [ 2.4077491, 39.6014649 ], [ 2.4077552, 39.6014615 ], [ 2.4077613, 39.6014584 ], [ 2.4077672, 39.6014557 ], [ 2.407773, 39.6014532 ], [ 2.407789, 39.6014616 ], [ 2.4078024, 39.6014714 ], [ 2.4078091, 39.6014763 ], [ 2.4078131, 39.6014792 ], [ 2.4078158, 39.6014812 ], [ 2.4078178, 39.6014826 ], [ 2.4078194, 39.6014838 ], [ 2.4078206, 39.6014847 ], [ 2.4078217, 39.6014855 ], [ 2.4078226, 39.6014861 ], [ 2.4078234, 39.6014867 ], [ 2.4078241, 39.6014872 ], [ 2.4078247, 39.6014877 ], [ 2.4078254, 39.6014881 ], [ 2.4078259, 39.601488599999989 ], [ 2.4078265, 39.601489 ], [ 2.4078271, 39.6014894 ], [ 2.4078276, 39.6014898 ], [ 2.4078282, 39.6014902 ], [ 2.4078288, 39.6014907 ], [ 2.4078294, 39.6014911 ], [ 2.4078301, 39.6014916 ], [ 2.4078308, 39.6014921 ], [ 2.4078315, 39.6014927 ], [ 2.4078324, 39.6014933 ], [ 2.4078334, 39.601494 ], [ 2.4078347, 39.6014949 ], [ 2.4078361, 39.601496 ], [ 2.407838, 39.6014974 ], [ 2.4078406, 39.6014993 ], [ 2.4078443, 39.601502 ], [ 2.4078503, 39.6015064 ], [ 2.4078669, 39.6015173 ], [ 2.4082581, 39.6017574 ], [ 2.4083404, 39.6018674 ], [ 2.4084522, 39.6020343 ], [ 2.4086117, 39.6023024 ], [ 2.4085272, 39.6023644 ], [ 2.408461, 39.6024609 ], [ 2.4079342, 39.6017096 ], [ 2.4078953, 39.6016807 ], [ 2.407867, 39.6016596 ], [ 2.4078452, 39.6016434 ], [ 2.4078276, 39.6016304 ], [ 2.407813, 39.6016195 ] ] ] } },
{ "type": "Feature", "properties": { "PlotID": "MANFV28", "windspeed": 40.0, "time": "120", "clipped_m2": 1198.5582709440496, "clipped_ha": 0.11985582709440495, "wspd": "40" }, "geometry": { "type": "Polygon", "coordinates": [ [ [ 2.401948, 39.6026646 ], [ 2.4019226, 39.6026336 ], [ 2.4019019, 39.6026084 ], [ 2.4019055, 39.6025374 ], [ 2.4018966, 39.6025195 ], [ 2.4018893, 39.6025046 ], [ 2.4018937, 39.6024789 ], [ 2.4018987, 39.6024594 ], [ 2.4019033, 39.6024447 ], [ 2.4019076, 39.6024334 ], [ 2.4019115, 39.6024244 ], [ 2.4019152, 39.6024172 ], [ 2.4019185, 39.6024113 ], [ 2.4019217, 39.6024064 ], [ 2.4019246, 39.6024024 ], [ 2.4019273, 39.6023989 ], [ 2.4019299, 39.6023959 ], [ 2.4019323, 39.6023934 ], [ 2.4019346, 39.6023912 ], [ 2.4019368, 39.6023893 ], [ 2.4019389, 39.6023876 ], [ 2.4019409, 39.6023861 ], [ 2.4019429, 39.6023848 ], [ 2.4019448, 39.6023836 ], [ 2.4019466, 39.6023826 ], [ 2.4019484, 39.6023817 ], [ 2.4019502, 39.6023809 ], [ 2.4019519, 39.6023802 ], [ 2.4019536, 39.6023795 ], [ 2.4019553, 39.602379 ], [ 2.401957, 39.6023785 ], [ 2.4019587, 39.602378 ], [ 2.4019604, 39.6023777 ], [ 2.4019621, 39.6023773 ], [ 2.4019638, 39.6023771 ], [ 2.4019656, 39.6023769 ], [ 2.4019673, 39.6023768 ], [ 2.4019691, 39.6023767 ], [ 2.401971, 39.6023767 ], [ 2.4019729, 39.6023767 ], [ 2.4019749, 39.6023768 ], [ 2.4019769, 39.602377 ], [ 2.401979, 39.6023773 ], [ 2.4019812, 39.6023776 ], [ 2.4019836, 39.602378099999989 ], [ 2.4019861, 39.6023787 ], [ 2.4019887, 39.6023794 ], [ 2.4019915, 39.6023803 ], [ 2.4019945, 39.6023813 ], [ 2.4019978, 39.6023826 ], [ 2.4020013, 39.6023842 ], [ 2.4020052, 39.6023861 ], [ 2.4020095, 39.6023884 ], [ 2.4020144, 39.6023912 ], [ 2.4020198, 39.6023946 ], [ 2.402026, 39.602399 ], [ 2.4020331, 39.6024044 ], [ 2.4020414, 39.6024113 ], [ 2.4020506, 39.6024201 ], [ 2.4020543, 39.6024287 ], [ 2.4020588, 39.6024389 ], [ 2.4020643, 39.6024517 ], [ 2.4020716, 39.6024684 ], [ 2.4020817, 39.6024916 ], [ 2.402099, 39.6025286 ], [ 2.402132, 39.6025975 ], [ 2.4022134, 39.6027673 ], [ 2.4025965, 39.603598 ], [ 2.4021553, 39.6028702 ], [ 2.4020808, 39.602808499999988 ], [ 2.4020225, 39.602746 ], [ 2.4019803, 39.6027006 ], [ 2.401948, 39.6026646 ] ] ] } },
{ "type": "Feature", "properties": { "PlotID": "MANFV29", "windspeed": 40.0, "time": "120", "clipped_m2": 2061.9797766655684, "clipped_ha": 0.20619797766655684, "wspd": "40" }, "geometry": { "type": "Polygon", "coordinates": [ [ [ 2.4100667, 39.6057953 ], [ 2.4100063, 39.6052279 ], [ 2.4101328, 39.6044681 ], [ 2.4101066, 39.6044918 ], [ 2.4100066, 39.6046356 ], [ 2.4100173, 39.6045602 ], [ 2.4100279, 39.6045071 ], [ 2.410038, 39.6044683 ], [ 2.4100474, 39.6044391 ], [ 2.410056, 39.6044165 ], [ 2.410064, 39.6043987 ], [ 2.4100713, 39.6043844 ], [ 2.410078, 39.6043727 ], [ 2.4100843, 39.604363 ], [ 2.4100902, 39.6043549 ], [ 2.4100956, 39.6043481 ], [ 2.4101008, 39.6043423 ], [ 2.4101056, 39.6043372 ], [ 2.4101102, 39.6043329 ], [ 2.4101146, 39.6043291 ], [ 2.4101188, 39.6043257 ], [ 2.4101229, 39.6043228 ], [ 2.4101267, 39.6043202 ], [ 2.4101305, 39.6043179 ], [ 2.4101342, 39.6043159 ], [ 2.4101378, 39.6043141 ], [ 2.4101413, 39.6043125 ], [ 2.4101447, 39.6043111 ], [ 2.4101481, 39.6043098 ], [ 2.4101515, 39.6043087 ], [ 2.4101549, 39.6043077 ], [ 2.4101582, 39.6043069 ], [ 2.4101616, 39.6043061 ], [ 2.410165, 39.6043055 ], [ 2.4101684, 39.604305 ], [ 2.4101718, 39.6043047 ], [ 2.4101754, 39.6043044 ], [ 2.4101789, 39.6043043 ], [ 2.4101826, 39.6043042 ], [ 2.4101864, 39.6043043 ], [ 2.4101903, 39.6043046 ], [ 2.4101943, 39.604305 ], [ 2.4101986, 39.6043055 ], [ 2.410203, 39.6043063 ], [ 2.4102076, 39.6043072 ], [ 2.4102125, 39.6043084 ], [ 2.4102177, 39.6043098 ], [ 2.4102233, 39.6043115 ], [ 2.4102293, 39.6043137 ], [ 2.4102358, 39.6043162 ], [ 2.4102428, 39.6043194 ], [ 2.4102505, 39.6043231 ], [ 2.4102591, 39.6043277 ], [ 2.4102686, 39.6043333 ], [ 2.4102794, 39.6043402 ], [ 2.4102916, 39.6043489 ], [ 2.4103057, 39.6043597 ], [ 2.4103222, 39.6043736 ], [ 2.4103418, 39.6043916 ], [ 2.4103654, 39.604415499999988 ], [ 2.4103947, 39.6044479 ], [ 2.4104319, 39.6044933 ], [ 2.410416, 39.6045123 ], [ 2.4103928, 39.6045259 ], [ 2.4103745, 39.6045441 ], [ 2.4103557, 39.6045637 ], [ 2.4103396, 39.6045909 ], [ 2.4103298, 39.604639 ], [ 2.4103055, 39.6046754 ], [ 2.4102735, 39.6047082 ], [ 2.4102403, 39.6047735 ], [ 2.4101937, 39.6048504 ], [ 2.4100667, 39.6057953 ] ] ] } }
]
}
