{
"type": "FeatureCollection",
"name": "walls",
"crs": { "type": "name", "properties": { "name": "urn:ogc:def:crs:OGC:1.3:CRS84" } },
"features": [
{ "type": "Feature", "properties": { }, "geometry": { "type": "MultiLineString", "coordinates": [ [ [ 2.410966824007763, 39.604739344394673 ], [ 2.410862699662661, 39.604806760642781 ], [ 2.410788337103414, 39.604853585956427 ], [ 2.410751076979849, 39.604886296403272 ], [ 2.41070367150509, 39.60491609370051 ], [ 2.410658990790624, 39.604951627258586 ], [ 2.410616285840893, 39.604972151506388 ] ], [ [ 2.41068180066389, 39.604769367611802 ], [ 2.410628908093767, 39.604791985549895 ], [ 2.410560099226656, 39.604838124370232 ], [ 2.410487530334207, 39.604891395568529 ], [ 2.410391721490318, 39.604959569002958 ] ], [ [ 2.410936058254106, 39.604551091502266 ], [ 2.410898737759401, 39.604590954091393 ], [ 2.41082071370072, 39.60463347014452 ], [ 2.410759386220825, 39.604669633845063 ], [ 2.410665765932132, 39.604697766798814 ], [ 2.410617605483647, 39.604707535679196 ], [ 2.410578750379825, 39.604710199348489 ] ], [ [ 2.41050486073146, 39.604701242136727 ], [ 2.410479619753847, 39.604734012577751 ], [ 2.410431245822148, 39.604768811889933 ] ], [ [ 2.410514438975109, 39.604661954343989 ], [ 2.410603624290696, 39.60461162820004 ], [ 2.410680633868972, 39.604579834844159 ], [ 2.41073343533659, 39.604567944116305 ], [ 2.410801108025225, 39.604546831923258 ], [ 2.410827085728701, 39.604536235060188 ] ], [ [ 2.41013938302103, 39.60491489894541 ], [ 2.410215346476849, 39.604824692941492 ], [ 2.410239165087578, 39.604778088089439 ], [ 2.41024809294619, 39.604742850764772 ], [ 2.410284262457704, 39.604693446914538 ], [ 2.410306612942567, 39.604674488194 ] ], [ [ 2.410447447545707, 39.604493781749063 ], [ 2.410390766016897, 39.604527108952027 ], [ 2.410345057465818, 39.604574794811967 ], [ 2.410332728949957, 39.60461120695264 ], [ 2.410328709340724, 39.604649092102044 ], [ 2.410324883836798, 39.604664092002629 ], [ 2.410316520319255, 39.604669055693336 ], [ 2.410306612942567, 39.604674488194 ] ], [ [ 2.410991318481572, 39.604830954040089 ], [ 2.41094871206344, 39.604858153761505 ], [ 2.410907611240803, 39.604889533783805 ] ], [ [ 2.411117377170439, 39.604502555662989 ], [ 2.41108035366343, 39.604507374143104 ], [ 2.41105255667244, 39.604514384740483 ], [ 2.411017297966052, 39.604529225324498 ], [ 2.411007985459012, 39.604537045033815 ], [ 2.410982908365073, 39.604550507282497 ], [ 2.410969923140084, 39.60455544759003 ] ], [ [ 2.41103970260173, 39.604613016919224 ], [ 2.411073988060414, 39.604603892954081 ], [ 2.411113816370334, 39.60459551249302 ], [ 2.411160211832821, 39.604575722184165 ] ], [ [ 2.410889324895796, 39.60424702806877 ], [ 2.410837050542772, 39.604305885178199 ], [ 2.410782601238808, 39.604330402781621 ], [ 2.410750308183955, 39.604358846801816 ], [ 2.410708202764388, 39.604381519486303 ], [ 2.410670995398023, 39.604408031973094 ], [ 2.410628921097996, 39.60442688981319 ], [ 2.410586912608943, 39.60443811982762 ], [ 2.410562193498559, 39.604445623469289 ], [ 2.41052269929168, 39.604451144657297 ] ], [ [ 2.410803196829542, 39.604227519167438 ], [ 2.410729105609275, 39.604242400604932 ], [ 2.410672159366516, 39.604270719565086 ], [ 2.410602707451206, 39.604319954707428 ], [ 2.410572880117635, 39.604348411186514 ], [ 2.410543198286562, 39.604359703719759 ], [ 2.410486365073677, 39.604374672557299 ], [ 2.410461613634082, 39.604385990085774 ], [ 2.410412143074857, 39.604404811218686 ] ], [ [ 2.410603232912973, 39.604257973518735 ], [ 2.41055377173737, 39.604275840566466 ], [ 2.410532678015023, 39.604291944933109 ], [ 2.410516580542684, 39.604300445599691 ], [ 2.410474611379213, 39.604306907507414 ], [ 2.410464725134947, 39.604309718123602 ], [ 2.410443786181442, 39.604307705290154 ], [ 2.410411848813575, 39.604294192622994 ] ], [ [ 2.410301866113423, 39.604203352766753 ], [ 2.410337438670703, 39.604188037345502 ], [ 2.410383896750252, 39.604160857391115 ], [ 2.410468968791017, 39.604123145655393 ], [ 2.410554039582886, 39.604085432949532 ], [ 2.410603550290594, 39.604061844593026 ] ], [ [ 2.410670357984429, 39.604178998794403 ], [ 2.410625582438059, 39.604189499368125 ], [ 2.410600887672451, 39.604194142362601 ], [ 2.410576112062838, 39.604208320572859 ], [ 2.410557621591829, 39.604208226767007 ], [ 2.410526784314797, 39.604210454449785 ], [ 2.410494415008873, 39.604211482284668 ] ], [ [ 2.410766457966159, 39.604112734081092 ], [ 2.410723202065048, 39.60412562743366 ], [ 2.410679957424708, 39.604137327859597 ], [ 2.410642865373765, 39.604150251545349 ], [ 2.41060888439813, 39.604159614801624 ], [ 2.410568811438601, 39.604160603577654 ], [ 2.410534811399452, 39.604172350848557 ], [ 2.410513178357754, 39.604179393490988 ] ], [ [ 2.411338824702462, 39.603668638367253 ], [ 2.411273977917133, 39.603683805765996 ], [ 2.411241487739092, 39.603699137096065 ], [ 2.411218143523749, 39.603726434530678 ], [ 2.411187143803605, 39.60374773283057 ], [ 2.411136144194307, 39.603765354459732 ], [ 2.411049461304263, 39.60381140298913 ], [ 2.411009238244967, 39.603830271255028 ], [ 2.410968963510878, 39.603855098676924 ], [ 2.410938074746723, 39.60386328564045 ], [ 2.410913280288169, 39.603879847961494 ], [ 2.410868503805799, 39.603890348625171 ], [ 2.41081189788403, 39.603901366846209 ], [ 2.410754455865444, 39.603915379436927 ] ], [ [ 2.410515139013475, 39.603948156043366 ], [ 2.410468863052996, 39.603953881579578 ], [ 2.410434762022578, 39.60397754807402 ], [ 2.410394486992193, 39.604002376194977 ], [ 2.410334099679615, 39.604036636960075 ], [ 2.410303150097822, 39.604051975844726 ], [ 2.410264395729153, 39.604079194870167 ], [ 2.410233447277899, 39.604094533741829 ], [ 2.410210202485122, 39.604109911711248 ], [ 2.410194804088783, 39.604108641477332 ], [ 2.410180936547551, 39.604108571079323 ], [ 2.410161046705623, 39.604091782977122 ], [ 2.410142616947645, 39.604084537014302 ], [ 2.410119685644358, 39.604062965197777 ], [ 2.410092142744498, 39.604040176994822 ], [ 2.410067650284383, 39.604020980473543 ] ], [ [ 2.410113137479872, 39.604108226876264 ], [ 2.410045289002526, 39.604113842715378 ], [ 2.409991257485013, 39.604125488111812 ], [ 2.409907746382388, 39.604160824192938 ], [ 2.409856493207173, 39.604208243830165 ], [ 2.409817748696663, 39.604234270688842 ] ], [ [ 2.410301866113423, 39.604203352766753 ], [ 2.410274201763623, 39.604194868789008 ], [ 2.410239065139522, 39.604158930246626 ], [ 2.410191570472582, 39.604126505159002 ] ], [ [ 2.410017404512363, 39.604312764515392 ], [ 2.409969465915708, 39.604332784404512 ], [ 2.409915252109126, 39.604365885134385 ], [ 2.409873203000224, 39.604418118887146 ], [ 2.409819953297361, 39.604519168651414 ], [ 2.409768415292762, 39.604599961955785 ], [ 2.409757164110329, 39.604654736248762 ] ], [ [ 2.410137860066592, 39.604463566581977 ], [ 2.410078851366748, 39.604516907272597 ], [ 2.410062957280137, 39.604574042155399 ], [ 2.410033386536345, 39.604608460128915 ], [ 2.410017714930271, 39.604639371574223 ], [ 2.410014349743864, 39.604672730543356 ], [ 2.410000350588996, 39.604688155417399 ], [ 2.409967810243836, 39.604709446464106 ], [ 2.409936637717847, 39.604751007774802 ] ], [ [ 2.409851951627287, 39.603859839994442 ], [ 2.409744301498617, 39.603906973111819 ], [ 2.4096663422852, 39.603941860579603 ], [ 2.409640318083794, 39.603957938832281 ], [ 2.409609403966342, 39.60396922486624 ] ], [ [ 2.410400209794536, 39.603606106614961 ], [ 2.410339396044947, 39.603654431247755 ], [ 2.410215592568489, 39.603716740014548 ], [ 2.410112979616478, 39.603751502634097 ], [ 2.410037446076583, 39.60379117003334 ], [ 2.409976857334854, 39.603812795307306 ], [ 2.409958326512672, 39.603817468566682 ] ], [ [ 2.410385640863689, 39.603434385896264 ], [ 2.410266753161102, 39.603498627153968 ], [ 2.410217145675656, 39.603533657997609 ] ], [ [ 2.410168650257315, 39.603582998363883 ], [ 2.410110284784007, 39.603633242792327 ], [ 2.410049673093265, 39.603657728768368 ], [ 2.409969297108449, 39.603686881710118 ], [ 2.40988403924271, 39.603710289142498 ], [ 2.409804976375362, 39.603729913007719 ], [ 2.409738449632632, 39.603744249272488 ], [ 2.409691087017736, 39.603769040241907 ], [ 2.409619449469019, 39.603821601121538 ], [ 2.409578564173431, 39.60384570953768 ], [ 2.409546942832444, 39.603867720560409 ] ], [ [ 2.409968312047309, 39.603948161843505 ], [ 2.409892964359555, 39.603965898048486 ], [ 2.409793984208183, 39.604008306979033 ], [ 2.409671307833332, 39.604083017295395 ], [ 2.409616720641144, 39.604123745035778 ], [ 2.409571906275871, 39.604175011337354 ], [ 2.409540846277086, 39.604203461287199 ], [ 2.409492390400078, 39.604248034199394 ], [ 2.409442619988514, 39.604302136039898 ], [ 2.40941893988431, 39.604332530052694 ], [ 2.409387870481725, 39.604361934106556 ], [ 2.4093618055505, 39.604382780353873 ], [ 2.409339333384727, 39.604416042170755 ], [ 2.409326455851093, 39.604480821332707 ], [ 2.409309944998345, 39.604537952975818 ], [ 2.40929242749154, 39.604568379192983 ], [ 2.409270044360122, 39.604591151624049 ], [ 2.409233963327649, 39.604630064882897 ], [ 2.409204046164908, 39.604669010374337 ], [ 2.40919146018061, 39.604699461651826 ], [ 2.409176416491645, 39.604728946236193 ], [ 2.409171185043153, 39.604764203175485 ], [ 2.409156108917922, 39.604797501663583 ] ], [ [ 2.409524996120029, 39.604331495893859 ], [ 2.409474355543509, 39.604415631957416 ], [ 2.409448019273165, 39.604468422062574 ], [ 2.409411360394042, 39.604539040686355 ] ], [ [ 2.409053655999762, 39.604653679455126 ], [ 2.409032295628029, 39.604773723529384 ], [ 2.409024254967689, 39.604849493725013 ], [ 2.409045689918511, 39.604938286899838 ], [ 2.409081929623552, 39.605025725428639 ], [ 2.409155041431055, 39.605126224514017 ], [ 2.409279319824807, 39.605298504081844 ] ], [ [ 2.408921231173319, 39.60471475090803 ], [ 2.408755099600513, 39.604680530459738 ], [ 2.408558181377636, 39.604642575958458 ], [ 2.408492105327287, 39.60462078418692 ], [ 2.408469174373054, 39.60459921114812 ], [ 2.40846789708073, 39.604568212721766 ], [ 2.408510616636534, 39.604437311018621 ] ], [ [ 2.409017829443648, 39.604227716873957 ], [ 2.40886831286725, 39.604232916588749 ], [ 2.408681755666659, 39.604245079099002 ], [ 2.408590844265089, 39.604244616376398 ], [ 2.408567832278674, 39.604232579474953 ], [ 2.408572962176886, 39.604173005870074 ], [ 2.408590418636873, 39.604113495009791 ] ], [ [ 2.409026160397489, 39.603972673240627 ], [ 2.408870339801078, 39.603994528023229 ], [ 2.408711570122255, 39.604000872525894 ], [ 2.408645362837485, 39.6039945752349 ], [ 2.408628484362031, 39.60398614576237 ], [ 2.408621044317269, 39.603955115966471 ], [ 2.408600526473138, 39.603831043821529 ] ], [ [ 2.409046342774423, 39.603773712498608 ], [ 2.408867451092938, 39.603790682565858 ], [ 2.408739487456116, 39.603798375004828 ], [ 2.408710373735628, 39.603779155581428 ], [ 2.408693880538982, 39.603725431352444 ], [ 2.408713283224294, 39.603618250414129 ] ], [ [ 2.409056844814606, 39.603625958670591 ], [ 2.40895050438618, 39.603627801888649 ], [ 2.408856461198113, 39.603633283776915 ], [ 2.408838062106573, 39.603622461563496 ], [ 2.408799925687724, 39.603576971690018 ] ], [ [ 2.408529686980052, 39.603850073446701 ], [ 2.408525679861979, 39.604031235441298 ], [ 2.408542548588424, 39.604077093784007 ] ], [ [ 2.408407049088977, 39.604064960811215 ], [ 2.40843072972343, 39.604179513457893 ] ], [ [ 2.408213128717892, 39.603674906350854 ], [ 2.408294551051139, 39.60366769289768 ] ], [ [ 2.408156928725368, 39.603615497910404 ], [ 2.408253321794741, 39.603587381094208 ] ], [ [ 2.408543895807305, 39.60333901863109 ], [ 2.408595280284809, 39.603385052671491 ], [ 2.408646339244881, 39.603469228460249 ], [ 2.408645982376093, 39.603511185045214 ] ], [ [ 2.408797148789768, 39.603420409391845 ], [ 2.408743218472612, 39.603383898117137 ], [ 2.408694429405531, 39.603322620159403 ], [ 2.408682346275794, 39.603293950867183 ] ], [ [ 2.408736763057273, 39.603273248150749 ], [ 2.408631903816686, 39.60313730454174 ], [ 2.408541269275889, 39.603068183576823 ], [ 2.408469969084725, 39.603044934355893 ], [ 2.408342013732232, 39.603015675039643 ], [ 2.408238744856573, 39.602982727245632 ], [ 2.408147818680771, 39.602947934747071 ], [ 2.408148289487169, 39.602892628134391 ], [ 2.408168596307929, 39.602824072858034 ], [ 2.40817195490361, 39.60271919440202 ] ], [ [ 2.408604185087302, 39.602627942829841 ], [ 2.408559257393866, 39.602692558784533 ], [ 2.408558949151809, 39.602728794062273 ], [ 2.408565890934578, 39.602782230925094 ], [ 2.408585419799083, 39.602805216572307 ], [ 2.408804137855462, 39.602888339012459 ], [ 2.409008260025425, 39.602948500559485 ] ], [ [ 2.408060819661422, 39.602741514491434 ], [ 2.408008430399339, 39.602813721262329 ], [ 2.408008024438914, 39.602861399158726 ], [ 2.408056178168679, 39.602997054445616 ], [ 2.408104786681359, 39.603079311405402 ] ], [ [ 2.408011674401557, 39.602722192834129 ], [ 2.407949520782984, 39.60278290580677 ], [ 2.407934290227798, 39.602834322233463 ], [ 2.407960549107135, 39.602935537529326 ], [ 2.408007131325651, 39.602966290168979 ] ], [ [ 2.40794029354698, 39.602708478509754 ], [ 2.407875560450837, 39.602782528904896 ], [ 2.407872706074749, 39.602828286836008 ], [ 2.407872251294842, 39.602881686042437 ], [ 2.407979751867054, 39.602996665045964 ], [ 2.408033372961307, 39.603069411944396 ], [ 2.408106943942756, 39.6031155592391 ], [ 2.408133672832828, 39.603161467877776 ] ], [ [ 2.408710227597972, 39.603494347339407 ], [ 2.408729350066932, 39.603565010852272 ], [ 2.408713283224294, 39.603618250414129 ] ], [ [ 2.408340356030703, 39.603500093461733 ], [ 2.40829353101028, 39.603497947516566 ], [ 2.408145299185754, 39.603533429356496 ], [ 2.408076155910746, 39.603546427723401 ] ], [ [ 2.408098784784148, 39.60320515513753 ], [ 2.408059452299347, 39.603191605050455 ], [ 2.40792502651378, 39.60305360177933 ], [ 2.407798257208291, 39.602885122991864 ], [ 2.40778382249407, 39.602843091913869 ], [ 2.407796556108472, 39.602795476853167 ], [ 2.407824015623249, 39.602755565892693 ], [ 2.407920992289956, 39.602658793601734 ] ], [ [ 2.407676529822562, 39.602993213018088 ], [ 2.407430053200274, 39.603274220103565 ], [ 2.407372797564939, 39.603338772713442 ], [ 2.407367654735494, 39.603363539303629 ], [ 2.407367459653443, 39.603386425445933 ], [ 2.40738463632457, 39.603396048689362 ] ], [ [ 2.407510587024955, 39.603082004381093 ], [ 2.407393511672493, 39.603222539696873 ], [ 2.407303962083643, 39.603315535349878 ], [ 2.407298852909836, 39.603336488036319 ], [ 2.40731571949722, 39.603382346549374 ], [ 2.407388900189572, 39.603474264777184 ], [ 2.40745024222375, 39.603508906991856 ], [ 2.407487043985013, 39.603530074325384 ], [ 2.407513871298433, 39.603564540486893 ], [ 2.407513627513856, 39.603593147038332 ], [ 2.407550364338769, 39.603621942164985 ], [ 2.407569989437836, 39.603633485352319 ] ], [ [ 2.407222364675257, 39.603921605208029 ], [ 2.407173789155798, 39.603835533988246 ], [ 2.407142486892553, 39.603747643401434 ], [ 2.407053040397113, 39.60353930334977 ], [ 2.407053365700315, 39.603501160683358 ], [ 2.407095830719576, 39.603436533658403 ], [ 2.407160889335874, 39.603324341042509 ], [ 2.407198276307815, 39.603276851843326 ] ], [ [ 2.407524252078813, 39.603503562859828 ], [ 2.407590752060585, 39.603511530994247 ], [ 2.407667211416354, 39.603508106747292 ], [ 2.407839982629285, 39.603486101193731 ], [ 2.408044950055272, 39.603447094745874 ], [ 2.408126664382407, 39.603405552641014 ], [ 2.408277409225295, 39.60336436206272 ] ], [ [ 2.409142847627494, 39.60277753737229 ], [ 2.409246246270207, 39.602795227830875 ], [ 2.40939189683447, 39.602773082062683 ], [ 2.409655819047109, 39.602759166156495 ], [ 2.409712537773282, 39.602757546843122 ], [ 2.409833663796028, 39.602720018727204 ], [ 2.409853612783988, 39.602693418840524 ] ], [ [ 2.409413560943577, 39.602254436781216 ], [ 2.409626586915342, 39.602427166226462 ], [ 2.409780753411255, 39.602563360344298 ], [ 2.409866409698838, 39.602638175723484 ] ], [ [ 2.409472530754459, 39.601987729745652 ], [ 2.409374536552022, 39.602204650952004 ], [ 2.40930904393475, 39.602368336677827 ], [ 2.409246358181429, 39.602491985710891 ], [ 2.409168668326252, 39.602640351236083 ], [ 2.409133342425802, 39.602735530626774 ] ], [ [ 2.40869903577135, 39.602781001119162 ], [ 2.4088695337654, 39.602446203236276 ], [ 2.408916829449987, 39.602393042325311 ], [ 2.409219723456442, 39.602144740778996 ], [ 2.409453002985788, 39.601964744249777 ], [ 2.409482781147313, 39.601942009356264 ] ], [ [ 2.410216578737402, 39.602338617645628 ], [ 2.410039900300716, 39.602240454133003 ], [ 2.409755524523055, 39.602050197412289 ], [ 2.40972863306643, 39.602023360480558 ], [ 2.409726361648501, 39.602000462697433 ], [ 2.409739211807439, 39.601955819613067 ], [ 2.40982876447969, 39.601861868771991 ], [ 2.409851158676189, 39.601837666336607 ] ], [ [ 2.410475868295526, 39.601998546483792 ], [ 2.410387084515251, 39.602001910042581 ], [ 2.410342757316144, 39.601995963526967 ], [ 2.410119238209106, 39.601897562402584 ], [ 2.410021094561207, 39.60184175506366 ], [ 2.410001566650431, 39.601818769658365 ] ], [ [ 2.407106020696808, 39.603940083727245 ], [ 2.40702812176833, 39.603750873850814 ], [ 2.40695584412305, 39.603553111172445 ], [ 2.40695603933406, 39.603530225933504 ] ], [ [ 2.406694648776067, 39.603824982545746 ], [ 2.406768334986578, 39.603640838086328 ], [ 2.406833930277855, 39.603538184931402 ], [ 2.406880852091774, 39.603456891807873 ], [ 2.406931665895559, 39.603352732294525 ], [ 2.406988124780426, 39.603237159351949 ] ], [ [ 2.408248474126272, 39.603287926938378 ], [ 2.408070708240159, 39.60331753670166 ], [ 2.40799661742895, 39.603332416401798 ], [ 2.407965201186865, 39.603348229834701 ], [ 2.407887207218507, 39.603387167879326 ], [ 2.407803635616969, 39.603411535671796 ], [ 2.407675192448081, 39.603439488726757 ], [ 2.407596138579771, 39.603458156940981 ], [ 2.407524593369919, 39.603463513687117 ], [ 2.407509817406938, 39.603461531752536 ] ], [ [ 2.408541655646004, 39.603620555695493 ], [ 2.408525695217938, 39.60354037261844 ], [ 2.40849642715331, 39.603503033483847 ], [ 2.408402807731849, 39.603422455000924 ], [ 2.408379209151656, 39.603370840805852 ], [ 2.408355487723315, 39.603333529878377 ] ], [ [ 2.409134536068564, 39.603265973946179 ], [ 2.408900901487439, 39.603124607353742 ], [ 2.408781117293118, 39.603076795472923 ], [ 2.408713092370331, 39.603030675927535 ], [ 2.408596993168734, 39.602984312549516 ], [ 2.408486368729605, 39.602946559267579 ], [ 2.408397883870474, 39.602914640173083 ], [ 2.408348239912014, 39.602881488866018 ], [ 2.408333764296816, 39.602844225013079 ], [ 2.408317927171639, 39.602749737724999 ], [ 2.408323717056054, 39.602721159410414 ] ], [ [ 2.408971699159031, 39.603062030359197 ], [ 2.408754159935159, 39.602985112440201 ], [ 2.408610362668753, 39.602934317403857 ], [ 2.408547812601425, 39.602896808868771 ], [ 2.408509262654888, 39.602863713203135 ], [ 2.40847830465376, 39.60280776993708 ], [ 2.408427688551102, 39.602671625635331 ], [ 2.408435376650139, 39.60263733541953 ], [ 2.4085104806632, 39.602503260223621 ], [ 2.408564539129352, 39.602452041372494 ], [ 2.408622333171107, 39.60239655078955 ], [ 2.408747080240091, 39.602295627522977 ], [ 2.408810298793724, 39.602254467448653 ], [ 2.40885480843122, 39.602238960075717 ] ], [ [ 2.407865034587994, 39.602299717960491 ], [ 2.407904494422347, 39.602442958060962 ], [ 2.407906742916706, 39.602613186380545 ] ], [ [ 2.40783456346992, 39.602186561397545 ], [ 2.407823067496657, 39.60223370612912 ], [ 2.407798518319151, 39.602293657388174 ], [ 2.407776159810209, 39.602313568886238 ], [ 2.407744386314025, 39.602353457848601 ], [ 2.407731223437749, 39.602379137771621 ], [ 2.407716187766701, 39.602407668926169 ], [ 2.407708365304431, 39.602457693150697 ] ], [ [ 2.407835678853933, 39.602489810673511 ], [ 2.407839072306994, 39.602525587268353 ], [ 2.407825617055214, 39.602585595070998 ], [ 2.40779763892525, 39.602614061171018 ], [ 2.407762227049872, 39.602646779190735 ], [ 2.407706476655377, 39.602679394421124 ], [ 2.407665506077532, 39.602713514914129 ], [ 2.407630034317735, 39.602753384987643 ], [ 2.407628014116604, 39.602773400146837 ], [ 2.407620435288282, 39.602794816904741 ], [ 2.4076202281105, 39.602819132927657 ], [ 2.407627246359655, 39.602863511247982 ] ], [ [ 2.407412411066031, 39.602686477309724 ], [ 2.407387655284384, 39.60277074360053 ], [ 2.407368872601599, 39.602804977155586 ], [ 2.407350138661548, 39.602833490297407 ] ], [ [ 2.407692744722666, 39.602554880039889 ], [ 2.407670227682402, 39.602593386228477 ], [ 2.407623698525549, 39.602628908308567 ], [ 2.407579005552507, 39.60266587057265 ], [ 2.407541720740572, 39.602701440655601 ], [ 2.407491455695271, 39.602741235252019 ] ], [ [ 2.407433872240646, 39.602554989988903 ], [ 2.40734051989481, 39.602660363601849 ], [ 2.407271581802807, 39.602721518250384 ], [ 2.407215477469164, 39.602795612295317 ], [ 2.407192984477099, 39.602831257731921 ], [ 2.407188981564762, 39.602866997506013 ], [ 2.407190378760081, 39.602919928609886 ], [ 2.407208490821286, 39.602964363556694 ] ], [ [ 2.407287596573418, 39.603011969547509 ], [ 2.407278047235067, 39.603047681029068 ], [ 2.407231504209468, 39.603084633717728 ] ], [ [ 2.407665536889269, 39.602275814829703 ], [ 2.407644479560144, 39.602360100037288 ], [ 2.407629273241426, 39.602408656671948 ], [ 2.407615890952641, 39.60246008248307 ], [ 2.407597193780737, 39.602484303332773 ], [ 2.407556223265913, 39.602518423788872 ], [ 2.407539546269348, 39.602522630371212 ] ], [ [ 2.408270403425012, 39.602250289129188 ], [ 2.408223812764733, 39.602292963540663 ], [ 2.408179047276013, 39.602338508010021 ], [ 2.40815303956855, 39.602352679432485 ] ], [ [ 2.408554406353057, 39.602338988526398 ], [ 2.408504082465758, 39.602385935666739 ], [ 2.408479570321077, 39.602441596538306 ], [ 2.408438527242453, 39.602484299277698 ], [ 2.408377071486559, 39.602535480402906 ], [ 2.408326467382508, 39.602615324556929 ], [ 2.408311298002032, 39.602659589847349 ], [ 2.408307405231591, 39.602682456262954 ] ], [ [ 2.408088911052634, 39.602066273830083 ], [ 2.408042296051147, 39.602111808826386 ], [ 2.408010352295143, 39.602171723358417 ] ], [ [ 2.407932221396615, 39.602009690711114 ], [ 2.407888952233288, 39.60209672355866 ], [ 2.407858881125059, 39.60215378681206 ] ], [ [ 2.407449797931398, 39.602422045391855 ], [ 2.407427329570877, 39.602454829321253 ], [ 2.40739010575681, 39.60248324726755 ], [ 2.407345473712635, 39.602513058254019 ] ], [ [ 2.407125798095402, 39.602903865249047 ], [ 2.407101101705174, 39.60298098027895 ], [ 2.407085931471525, 39.603025244499193 ], [ 2.40706354811812, 39.603048017410494 ], [ 2.40700772388709, 39.603089213362885 ], [ 2.406891845431545, 39.603161691151954 ], [ 2.406757959449226, 39.60324969178042 ], [ 2.40669113722284, 39.603279389205611 ], [ 2.406587408923899, 39.603300314863432 ], [ 2.406518934655021, 39.603307117515413 ], [ 2.406463525059349, 39.603299682069995 ] ], [ [ 2.40699506879612, 39.603850236848231 ], [ 2.407042266574948, 39.603953465786105 ], [ 2.407067530991658, 39.604026545041549 ], [ 2.407089426729164, 39.604060986130619 ], [ 2.407137306667097, 39.604084116691631 ], [ 2.407277638802372, 39.604107718915458 ], [ 2.407360773179786, 39.604116725334073 ] ], [ [ 2.40728609911165, 39.604416727119578 ], [ 2.407160985650905, 39.6043431384767 ], [ 2.40708178089585, 39.604306975018112 ], [ 2.406991396540127, 39.604280766721807 ], [ 2.406936156936127, 39.604253306915282 ], [ 2.4069014160916, 39.604207357111775 ], [ 2.406830181377255, 39.604104005406491 ], [ 2.406716504973374, 39.60399042376482 ], [ 2.406683576244905, 39.603948773866307 ], [ 2.406652373932479, 39.603921437571955 ], [ 2.406597122536072, 39.603895408383416 ], [ 2.406540059358881, 39.60386507829493 ], [ 2.406486790814558, 39.603823325346688 ], [ 2.406477643904624, 39.603811835504153 ] ], [ [ 2.406399891124783, 39.604038870682317 ], [ 2.406447819660067, 39.604056280217044 ], [ 2.406549419862091, 39.604068242329042 ], [ 2.406590037748698, 39.604075601286304 ], [ 2.406645240455478, 39.604107351787334 ] ], [ [ 2.406895490106526, 39.604251668486157 ], [ 2.406801421166948, 39.604224011294015 ], [ 2.406711024824949, 39.604199232657542 ], [ 2.406644495803191, 39.604194602197303 ], [ 2.40662227063846, 39.604198779410183 ] ], [ [ 2.406001674577667, 39.604115506460559 ], [ 2.40590554878231, 39.604112154199342 ], [ 2.405850002986216, 39.604120452499743 ], [ 2.405788972915041, 39.604121571228276 ], [ 2.405750166877183, 39.604118511976139 ], [ 2.405720692228622, 39.604105487263553 ], [ 2.405669188034828, 39.604073755243476 ] ], [ [ 2.404677304732705, 39.603297695849243 ], [ 2.404702823617408, 39.603340738291394 ], [ 2.404717249558867, 39.603383723893273 ], [ 2.404722220452991, 39.603450978124883 ], [ 2.404743833187204, 39.603518316716809 ], [ 2.404763805691042, 39.603561330728326 ], [ 2.404805989886067, 39.603601598645461 ], [ 2.404960488133207, 39.603698225653062 ], [ 2.405065259295101, 39.603771712503729 ], [ 2.405114902293171, 39.60380486610255 ], [ 2.405149984415559, 39.603810767279995 ], [ 2.40517582195199, 39.603816621118703 ], [ 2.405201586071424, 39.60383105691318 ], [ 2.405416614913129, 39.603985208757216 ], [ 2.405530460392454, 39.60407876707783 ], [ 2.405557927551444, 39.604110376180756 ], [ 2.405705007335133, 39.604209825919618 ], [ 2.405785925236757, 39.604261733811917 ], [ 2.405813539278068, 39.604276178931421 ], [ 2.405844984720235, 39.604274909803863 ], [ 2.405883925307377, 39.604262234977696 ], [ 2.405954372420789, 39.604241138895581 ], [ 2.406021182497331, 39.604212872679909 ], [ 2.406056547114477, 39.604185876519928 ], [ 2.406075110879028, 39.604177389079759 ], [ 2.406134341405565, 39.604170539444873 ], [ 2.406197233356162, 39.604168000111741 ], [ 2.406249079897455, 39.604159682740892 ], [ 2.406284322252039, 39.604146989781576 ], [ 2.4063230905287, 39.6041543393805 ], [ 2.406356214548651, 39.604173104144877 ], [ 2.406359729443567, 39.604194577496337 ], [ 2.406376261514028, 39.604207535920551 ] ], [ [ 2.405617982502585, 39.603358297595328 ], [ 2.405621191425276, 39.603415529598728 ], [ 2.405611774525052, 39.603435506879322 ], [ 2.40554291975241, 39.603486648637713 ] ], [ [ 2.405390623062678, 39.603132562619813 ], [ 2.405401007677694, 39.603215578368925 ], [ 2.405398975756241, 39.603237023365438 ], [ 2.405346799494565, 39.603283959644479 ], [ 2.405274258875282, 39.603333651540062 ] ], [ [ 2.405308580161836, 39.602996255241841 ], [ 2.40531336809504, 39.603084963913069 ], [ 2.405320164679693, 39.603155088247881 ], [ 2.405264363810037, 39.603193422699277 ], [ 2.405180729102256, 39.603243058649277 ], [ 2.405136230251425, 39.603257134724515 ], [ 2.40508445769205, 39.603256869641967 ], [ 2.405029170700331, 39.603235130243725 ] ], [ [ 2.404992189095076, 39.603018951563548 ], [ 2.405082976427161, 39.603213950366538 ] ], [ [ 2.405079315427384, 39.603425629292438 ], [ 2.405040523212728, 39.603421139935548 ], [ 2.40498519821292, 39.603403691941544 ], [ 2.404954046955625, 39.603370632992501 ], [ 2.404930192705446, 39.603349055426555 ], [ 2.404915620900612, 39.603323232878438 ], [ 2.404915890236881, 39.603291765685213 ], [ 2.404899408785399, 39.60327308665395 ] ], [ [ 2.404854921317696, 39.603069742544527 ], [ 2.404929605223294, 39.603201721830423 ], [ 2.404986153029303, 39.603292125536711 ], [ 2.405043130540857, 39.60333246822718 ], [ 2.405103585859927, 39.603398576611546 ] ], [ [ 2.404784365436897, 39.603319699758877 ], [ 2.404844623427615, 39.603408693500946 ], [ 2.404870179190777, 39.603447444475364 ], [ 2.404923630102965, 39.60346774370467 ], [ 2.404958614104638, 39.603485087554262 ] ], [ [ 2.404781450484391, 39.603444129175202 ], [ 2.404919356647666, 39.603534950579736 ] ], [ [ 2.404761858942597, 39.602924796898371 ], [ 2.404799903925615, 39.603016536744995 ] ], [ [ 2.404634386838981, 39.60291126981474 ], [ 2.404709228203779, 39.60302465453438 ], [ 2.404776846351349, 39.60311797584297 ] ], [ [ 2.404677304732705, 39.603297695849243 ], [ 2.404624320632964, 39.603223044091216 ], [ 2.404498783679985, 39.602983525202056 ], [ 2.404455179252556, 39.602893186700285 ], [ 2.404417292914087, 39.602782852035801 ] ], [ [ 2.40461318973622, 39.603011288475813 ], [ 2.404651431699537, 39.60308014314343 ], [ 2.404651125497992, 39.60311590176758 ], [ 2.404658141877259, 39.603160280251004 ] ], [ [ 2.405256047154599, 39.602868681203304 ], [ 2.405191062025717, 39.60289981711005 ], [ 2.405077991466918, 39.602932137613593 ], [ 2.405044660304196, 39.602937688498869 ], [ 2.405005793763502, 39.602941780187599 ], [ 2.404946747811649, 39.602927173899168 ] ], [ [ 2.405514170172184, 39.602523846970477 ], [ 2.405463244798723, 39.602640878362273 ], [ 2.40539751379622, 39.602759264800284 ], [ 2.40536933888829, 39.602810614641072 ], [ 2.405354351089622, 39.602833424171095 ] ], [ [ 2.405318606548662, 39.602688772302827 ], [ 2.405218893719058, 39.602672527158738 ], [ 2.405111602508218, 39.602677699425293 ], [ 2.405074622416951, 39.602677510077427 ], [ 2.404987816547871, 39.602665622443538 ], [ 2.404958281446245, 39.602659749626163 ], [ 2.404949208390608, 39.60263967770122 ], [ 2.404942081694464, 39.602608172625189 ], [ 2.404942559124438, 39.602552389415834 ], [ 2.404948840037915, 39.602466598191825 ] ], [ [ 2.4054223194962, 39.602453288313491 ], [ 2.405376402203007, 39.602633282450732 ] ], [ [ 2.405658173302537, 39.602550330710827 ], [ 2.405644288208056, 39.602660400153148 ], [ 2.405619065631716, 39.602799019389195 ], [ 2.405607470235075, 39.602857605601635 ] ], [ [ 2.405563325189892, 39.602830202798167 ], [ 2.405527876631781, 39.602867211565112 ], [ 2.40549806010229, 39.602894235959852 ], [ 2.405468206844951, 39.602925552679736 ] ], [ [ 2.405608003131694, 39.602362692530924 ], [ 2.405611040820286, 39.602439949127039 ], [ 2.405603388033942, 39.602469948615294 ], [ 2.405593543266955, 39.602539987805855 ], [ 2.405589502870459, 39.602580018052059 ] ], [ [ 2.40561632522875, 39.602038036130594 ], [ 2.405613730932309, 39.602125277099461 ], [ 2.405614662260093, 39.602232561562786 ] ], [ [ 2.405711284370646, 39.60196128081661 ], [ 2.405714114323269, 39.602062853433779 ], [ 2.405702531359163, 39.602120009787654 ], [ 2.405719346356265, 39.602316059672091 ], [ 2.405736846066415, 39.602432010313727 ] ], [ [ 2.405815924577374, 39.602482478848614 ], [ 2.40582104432935, 39.602532569128428 ], [ 2.405842853426859, 39.602577022294284 ] ], [ [ 2.405895999623878, 39.60198368087363 ], [ 2.405897277666952, 39.602266905530762 ], [ 2.405908485716175, 39.602470079114056 ], [ 2.405918088677262, 39.602644635783783 ], [ 2.405914858030759, 39.60280625376955 ], [ 2.405930705287926, 39.602899310588008 ], [ 2.40594499630792, 39.602958029189757 ], [ 2.405979797001613, 39.602996828093616 ] ], [ [ 2.405993727642022, 39.602015650030133 ], [ 2.406008180640476, 39.602271764181666 ], [ 2.406018565877884, 39.602354779892423 ], [ 2.406029000015976, 39.602432074291364 ], [ 2.406032306997816, 39.602477863675077 ] ], [ [ 2.406114624593367, 39.602149293873708 ], [ 2.406127254078146, 39.602402537904965 ], [ 2.406131419943672, 39.602564193710627 ], [ 2.406157860576415, 39.602715951083859 ], [ 2.406166481982002, 39.602788944581029 ] ], [ [ 2.406230749084407, 39.60240878841833 ], [ 2.406266959530556, 39.602499088481778 ], [ 2.406279500043335, 39.602546355883177 ], [ 2.406280737754612, 39.602617881703551 ] ], [ [ 2.406237652516166, 39.602250050861471 ], [ 2.406255055359669, 39.602377444053062 ] ], [ [ 2.406293529509365, 39.602419122418652 ], [ 2.406335617381164, 39.602470831514978 ], [ 2.406342781331266, 39.60249804597877 ], [ 2.406349383508742, 39.602591054607032 ] ], [ [ 2.406066110150618, 39.602849938748065 ], [ 2.406085961105508, 39.602907255815595 ], [ 2.406102455006531, 39.602924504804612 ], [ 2.40612641943313, 39.602933209637257 ] ], [ [ 2.406096370957562, 39.60298741085704 ], [ 2.406163916468491, 39.603089314231681 ], [ 2.406204168420008, 39.603139584047696 ], [ 2.406277640530565, 39.603197175110381 ] ], [ [ 2.406259169616784, 39.602978230632907 ], [ 2.406319833438271, 39.603020021477676 ], [ 2.406404326343262, 39.603086251112764 ], [ 2.4064335198298, 39.603132173632737 ], [ 2.406472276508726, 39.603140953962907 ], [ 2.406710762558692, 39.60314646272132 ], [ 2.406757061808342, 39.603138116793772 ] ], [ [ 2.406249211534777, 39.60284515303956 ], [ 2.406331941221491, 39.602901361439656 ], [ 2.406400085383416, 39.602933178186092 ], [ 2.406449936019646, 39.602942015202473 ], [ 2.406581069962062, 39.602959849716704 ] ], [ [ 2.406364277562862, 39.602795676911178 ], [ 2.406397266624636, 39.602830174815075 ], [ 2.406417533037949, 39.602838860694455 ], [ 2.406515457857555, 39.602847943277574 ] ], [ [ 2.406318096373505, 39.603656537382918 ], [ 2.40634933390688, 39.60367958322923 ], [ 2.406373310833009, 39.603686858135276 ], [ 2.406419487199583, 39.603692815612639 ], [ 2.406500894613934, 39.603687509926381 ], [ 2.406602810531224, 39.603662283472758 ], [ 2.406693767627785, 39.603621266231542 ], [ 2.406743922753715, 39.603594345385318 ], [ 2.406764604398269, 39.603554399173277 ], [ 2.406777767858156, 39.603528719369294 ] ], [ [ 2.406326555090663, 39.603532136253001 ], [ 2.406305812135637, 39.603579233571161 ], [ 2.406307502960507, 39.603597837727236 ], [ 2.406323984868706, 39.603616516561154 ], [ 2.406359055951356, 39.603623848157454 ], [ 2.406412677243771, 39.603624122117701 ], [ 2.406433127065294, 39.603611352635234 ], [ 2.406455559643673, 39.603582859442334 ] ], [ [ 2.406100126005971, 39.603413687098701 ], [ 2.40626368814928, 39.603531815006257 ] ], [ [ 2.406316328102495, 39.603430526778155 ], [ 2.406250141876793, 39.603385846032005 ], [ 2.406235508483386, 39.603367176633817 ], [ 2.406228271196641, 39.603348544130888 ] ], [ [ 2.406221290439698, 39.603299875204648 ], [ 2.406203105630335, 39.603264022074441 ], [ 2.406181076194767, 39.60324531486971 ] ], [ [ 2.405876658410443, 39.603165086729952 ], [ 2.405979312462956, 39.603270030511567 ], [ 2.406008627951536, 39.603301648961889 ] ], [ [ 2.406262662084804, 39.603651963395698 ], [ 2.406112017846103, 39.603536761397677 ], [ 2.406007173752891, 39.603471858352542 ], [ 2.405926232152461, 39.60342281126735 ], [ 2.405876527915671, 39.603396810098602 ], [ 2.40581220266824, 39.603350708680431 ] ], [ [ 2.405581834032111, 39.604342102650172 ], [ 2.405408378179827, 39.604299734257431 ], [ 2.405188879358273, 39.604235673606027 ], [ 2.40499504722185, 39.604197490996405 ], [ 2.40477351696798, 39.604154874548833 ], [ 2.404647854321346, 39.604145648366242 ], [ 2.404527593575527, 39.604153614406982 ], [ 2.404457231899459, 39.604164696884773 ], [ 2.404414654294704, 39.60417020019095 ], [ 2.404383293487266, 39.604161457089752 ], [ 2.404311659325094, 39.604105304202015 ], [ 2.404139087496965, 39.603959950407116 ], [ 2.404003066770691, 39.603864846136105 ], [ 2.40397741324603, 39.603837537588944 ], [ 2.403949960347837, 39.603804497345976 ] ], [ [ 2.403960308553357, 39.603675815376896 ], [ 2.403953108630749, 39.603652892208167 ], [ 2.40386337751075, 39.603550873734818 ], [ 2.403756966881094, 39.603453061215689 ], [ 2.403674399294932, 39.603378257208504 ], [ 2.403610075540094, 39.60333215458207 ], [ 2.403538220813827, 39.603301747093738 ], [ 2.403376304828687, 39.603207939982894 ], [ 2.403243912142287, 39.603121436685825 ], [ 2.403162886966861, 39.603082400426771 ], [ 2.403085633598379, 39.603034800250228 ], [ 2.403056368682118, 39.602997459765554 ], [ 2.403003029225478, 39.602964286292924 ], [ 2.40299388300599, 39.602952796179601 ] ], [ [ 2.402789170488818, 39.602890237811309 ], [ 2.402882978021103, 39.602947935540371 ], [ 2.402936255995483, 39.602988260249788 ], [ 2.403008036441436, 39.603027250066873 ] ], [ [ 2.402107503638663, 39.602384663839572 ], [ 2.402240771598204, 39.602584174177871 ], [ 2.402337587727708, 39.602721989649716 ], [ 2.402379279387631, 39.602819471502379 ] ], [ [ 2.401933878538276, 39.60214775547967 ], [ 2.402028131552346, 39.602368521530622 ], [ 2.402086155471679, 39.602501845939614 ], [ 2.402244190593876, 39.602831649633586 ], [ 2.402291736047909, 39.602893401440696 ] ], [ [ 2.401910107435285, 39.602546712308943 ], [ 2.401864669371699, 39.602454933458695 ], [ 2.401839029515544, 39.602426193666147 ] ], [ [ 2.401871068666324, 39.602570828419587 ], [ 2.401957074148336, 39.60267569004138 ], [ 2.402096319182017, 39.602825167213254 ], [ 2.402166126402925, 39.602878451292092 ] ], [ [ 2.402128433549914, 39.602316112833343 ], [ 2.402074155725658, 39.602177085259534 ], [ 2.402041981006577, 39.60204818459281 ] ], [ [ 2.402190516021093, 39.601977429441718 ], [ 2.402202142462699, 39.602130541425254 ], [ 2.402245239311797, 39.602279523695962 ], [ 2.402266591057867, 39.602376900048533 ] ], [ [ 2.402304001329835, 39.60232702841023 ], [ 2.402377370965624, 39.602396065429765 ], [ 2.402426876470172, 39.602444953309153 ] ], [ [ 2.402294575608098, 39.601917888430549 ], [ 2.402315607635999, 39.602052453271412 ], [ 2.402333445859595, 39.60212835614449 ], [ 2.402351394778472, 39.602191385624522 ] ], [ [ 2.402405630776811, 39.602120145102283 ], [ 2.402421472029176, 39.602213201466803 ], [ 2.402454053183299, 39.602294901704454 ], [ 2.402472235812472, 39.602330754509957 ], [ 2.402470166128601, 39.602356491783063 ] ], [ [ 2.40250646999102, 39.602435349468969 ], [ 2.402584956205554, 39.602554475859407 ], [ 2.402659942463568, 39.602650697965615 ], [ 2.402758854842431, 39.602759916070447 ], [ 2.402832151681365, 39.60283753386269 ], [ 2.402861428691017, 39.602873444527418 ], [ 2.402903759940885, 39.60289654831508 ] ], [ [ 2.403050384925666, 39.602832933759181 ], [ 2.402956637659011, 39.602768084074896 ], [ 2.402916254324546, 39.602733547198817 ], [ 2.402874021443422, 39.602699000803121 ] ], [ [ 2.402948043029547, 39.60269222970549 ], [ 2.402836126598489, 39.602590096422141 ], [ 2.402752030897403, 39.602478093765427 ], [ 2.402671681445216, 39.602360388747101 ], [ 2.402647976889858, 39.60232164590235 ], [ 2.402596708937319, 39.60226273587476 ] ], [ [ 2.403004905790558, 39.601884349391327 ], [ 2.402936026097199, 39.601938351170105 ], [ 2.402893106969211, 39.601983903085774 ], [ 2.402844480546638, 39.602048020269912 ], [ 2.402805196671191, 39.602100743235447 ], [ 2.402804889530791, 39.60213650185365 ] ], [ [ 2.403063631150112, 39.601936146057938 ], [ 2.403007351064288, 39.602030262626883 ], [ 2.402984647391682, 39.602090222343591 ], [ 2.402983873635563, 39.602180333379387 ], [ 2.402981128653975, 39.602284737281998 ], [ 2.40303048596453, 39.602350789723239 ], [ 2.403140283763118, 39.602484379614012 ], [ 2.403224637914515, 39.602566345584073 ], [ 2.403301806103223, 39.602623957511327 ] ], [ [ 2.402867332157875, 39.60240144535576 ], [ 2.402994152033007, 39.60249078123298 ], [ 2.403040167653587, 39.602515333842703 ], [ 2.403124791863081, 39.602565832697508 ], [ 2.403165162923542, 39.602601800279331 ] ], [ [ 2.402962448257099, 39.602522086899228 ], [ 2.403044929261375, 39.602606904152971 ], [ 2.403061274967218, 39.60264131748815 ] ], [ [ 2.403092254250991, 39.602694400617587 ], [ 2.403035266116946, 39.602655487755577 ] ], [ [ 2.402127289186939, 39.601804026482604 ], [ 2.402141478383322, 39.60187418815007 ], [ 2.40213537855396, 39.601938524757188 ], [ 2.402112686458241, 39.601997054422952 ] ], [ [ 2.402241147406179, 39.601680167940835 ], [ 2.402240741605121, 39.601727369171236 ], [ 2.402227355475937, 39.601778794338664 ] ], [ [ 2.402326126581998, 39.601689187448493 ], [ 2.402324031118841, 39.601717784467965 ], [ 2.402305074105843, 39.60177204176729 ], [ 2.402290036351357, 39.601800572206805 ] ], [ [ 2.402741151870884, 39.601807183653158 ], [ 2.402697913221778, 39.601889923992765 ], [ 2.402665865520083, 39.601961278730514 ], [ 2.402642682311352, 39.602077021570295 ], [ 2.402629222673801, 39.602137028742632 ], [ 2.402635881293625, 39.602222886367322 ], [ 2.402659722151442, 39.602245895177361 ], [ 2.402678027748275, 39.6022674455863 ] ], [ [ 2.402697562136944, 39.602145962425844 ], [ 2.40271180111707, 39.602210403618784 ], [ 2.402750077622771, 39.602274967473726 ], [ 2.402769924513836, 39.602332285085673 ], [ 2.402786283467023, 39.602365268589487 ] ], [ [ 2.404757248512102, 39.602444836274124 ], [ 2.404815453236548, 39.602557659053979 ], [ 2.404849054516175, 39.602664633317403 ], [ 2.404887258546702, 39.602809775473489 ], [ 2.404925871965705, 39.602907240652542 ], [ 2.404946747811649, 39.602927173899168 ] ], [ [ 2.404785657288536, 39.602006328301684 ], [ 2.4048068002827, 39.602128496857041 ], [ 2.404791649186181, 39.602170377646765 ], [ 2.404791306336568, 39.602210426808583 ], [ 2.404841919054086, 39.602346096023794 ], [ 2.404890327418296, 39.602451239540358 ] ], [ [ 2.404702864965844, 39.602173736858077 ], [ 2.404682831362009, 39.602209871057248 ], [ 2.404682602756142, 39.602236570197434 ], [ 2.404745608002973, 39.602364674804193 ], [ 2.404799370993177, 39.60242025834134 ] ], [ [ 2.404968547246149, 39.601953863555806 ], [ 2.404997363946562, 39.602043649505084 ], [ 2.405045022828078, 39.60223651910723 ], [ 2.405069170575031, 39.60229576584134 ], [ 2.405088501159532, 39.602341637298572 ], [ 2.405139946698142, 39.602380045035048 ], [ 2.40541596607666, 39.602392901004819 ] ], [ [ 2.40501569867524, 39.601917868176251 ], [ 2.405049381551584, 39.602015308079395 ], [ 2.405049169409634, 39.602040099818836 ] ], [ [ 2.404843208512577, 39.601619463613901 ], [ 2.404869542905732, 39.601711143469984 ], [ 2.404903142711307, 39.60181811772491 ], [ 2.404912400394294, 39.601888731349355 ] ], [ [ 2.404844791976826, 39.601434474305087 ], [ 2.404881493912407, 39.601467084175553 ], [ 2.404988497733243, 39.601639279016787 ], [ 2.405037200750927, 39.601710094631684 ], [ 2.405069004166426, 39.601738865284773 ], [ 2.405130490358672, 39.601756344785628 ], [ 2.405233723279647, 39.601793110131744 ], [ 2.405290491394866, 39.601785771667963 ], [ 2.40534252382875, 39.601755523598833 ], [ 2.405377825515222, 39.601657320463943 ] ], [ [ 2.405319324759172, 39.601873650139012 ], [ 2.405363881440238, 39.602140884919983 ], [ 2.405392356222758, 39.602270719938517 ], [ 2.405401663386165, 39.602335612213331 ], [ 2.405403933388298, 39.602358510069116 ] ], [ [ 2.40537021554363, 39.601976898683716 ], [ 2.405413139699923, 39.6021468585691 ], [ 2.405456504376939, 39.602265326650439 ], [ 2.405463574198649, 39.602303506258885 ], [ 2.40545580313002, 39.602347332385598 ], [ 2.405470236334035, 39.602389363745104 ] ], [ [ 2.405423079838275, 39.601849387413537 ], [ 2.40545596300452, 39.602040275556803 ], [ 2.405470298302259, 39.602093749537289 ], [ 2.405496977303658, 39.602145380090157 ], [ 2.405528291921259, 39.602231364614994 ], [ 2.405549583034756, 39.6023363691124 ], [ 2.405553960089382, 39.602401235249516 ], [ 2.405551184564958, 39.602437457893991 ] ], [ [ 2.404917051506828, 39.602341474719765 ], [ 2.404932510619801, 39.602335593563389 ], [ 2.40495101077581, 39.602334496246279 ], [ 2.404989490805743, 39.602339461581188 ], [ 2.405017093720019, 39.602355098902194 ], [ 2.405021512496441, 39.602378961962678 ], [ 2.405015063188644, 39.602412304099964 ], [ 2.40500263492512, 39.602424160220636 ], [ 2.404982491804255, 39.602437169798499 ], [ 2.404956256379485, 39.602441802804023 ], [ 2.40494699156677, 39.602444139487829 ] ], [ [ 2.404698396975364, 39.601963684964872 ], [ 2.404713529461, 39.601995945596094 ], [ 2.404719274727485, 39.602044847064725 ] ], [ [ 2.404559987889564, 39.601931983791182 ], [ 2.404574834491658, 39.601997619041825 ], [ 2.404577487612375, 39.602047696737543 ] ], [ [ 2.40464460147341, 39.601587930814809 ], [ 2.404663489080208, 39.601721530967616 ], [ 2.40469861138679, 39.601758662293861 ], [ 2.404731988716328, 39.601819625103666 ] ], [ [ 2.404346375804817, 39.601685337533837 ], [ 2.404364518411456, 39.601725958110791 ], [ 2.404371426521912, 39.601818969326608 ], [ 2.404395406098467, 39.601897764154494 ], [ 2.404500419379433, 39.602170795547281 ] ], [ [ 2.404545653616978, 39.601086786308102 ], [ 2.404582112297013, 39.601147764958526 ], [ 2.404593918945764, 39.60120861726999 ], [ 2.404620438276661, 39.601350600113634 ], [ 2.404632590839254, 39.601370926621833 ] ], [ [ 2.40470084640623, 39.601317636050013 ], [ 2.404712876528032, 39.601352265824026 ], [ 2.404721642333405, 39.601408334273565 ] ], [ [ 2.404605449487588, 39.60094166958681 ], [ 2.404686551012476, 39.601007644332128 ], [ 2.404712437785925, 39.601043537171428 ], [ 2.404728806006672, 39.601111564342055 ], [ 2.404740295273568, 39.601209367285094 ], [ 2.404738101293917, 39.601285642919414 ] ], [ [ 2.404662683660576, 39.600915738291896 ], [ 2.404716274732397, 39.6009553492827 ], [ 2.404801897032443, 39.601033267778881 ], [ 2.404807630929281, 39.601083360358778 ], [ 2.404836968348911, 39.601256349530225 ], [ 2.404856550007256, 39.601308898073967 ], [ 2.404878805427193, 39.601409139379768 ] ], [ [ 2.404321635839855, 39.600975974169131 ], [ 2.404380808354664, 39.601083557237935 ], [ 2.404410245645613, 39.601244627258865 ], [ 2.40441114331322, 39.601319727567898 ], [ 2.404421398723615, 39.601381764009886 ], [ 2.404442652575546, 39.601418824324355 ], [ 2.404446591252971, 39.60149870848592 ] ], [ [ 2.404455337855121, 39.601197178424869 ], [ 2.404484867241132, 39.601347521195677 ], [ 2.404497000509598, 39.601370231752796 ], [ 2.404521438291046, 39.601395388604274 ], [ 2.404550999688882, 39.601542155317333 ], [ 2.404568683037559, 39.601636413813175 ], [ 2.404588060462978, 39.601712799984611 ], [ 2.404603090768393, 39.601756980775527 ], [ 2.404605029419086, 39.601890494078468 ] ], [ [ 2.404555611492828, 39.601363379738778 ], [ 2.404584632343408, 39.601393328331909 ], [ 2.404599601335018, 39.601444661212369 ], [ 2.404603989299365, 39.601472099433536 ] ], [ [ 2.404322502775537, 39.601054650525228 ], [ 2.404328196644763, 39.601109511190153 ], [ 2.404312113676952, 39.601188100644592 ], [ 2.40430535895263, 39.60125720138695 ], [ 2.404314041554315, 39.601322805975606 ], [ 2.404319551622503, 39.601399121998291 ] ], [ [ 2.404083697999521, 39.60105104183129 ], [ 2.404118768581894, 39.601094133404736 ], [ 2.404163951362298, 39.601215948734122 ], [ 2.404170848947373, 39.601310151982098 ], [ 2.404179684648372, 39.601357876362385 ], [ 2.404212989834074, 39.601427183421805 ] ], [ [ 2.404111974399326, 39.600988010912616 ], [ 2.40415146336698, 39.601054965573944 ], [ 2.404193809508451, 39.601148158542287 ], [ 2.404211563777406, 39.601234072993051 ], [ 2.404239817284661, 39.601353417345635 ], [ 2.404263602520949, 39.601454858677442 ], [ 2.404264612368511, 39.601516847725826 ] ], [ [ 2.404463880179712, 39.600919487738295 ], [ 2.404506735913011, 39.600953083464994 ], [ 2.404529592987401, 39.600983000482401 ], [ 2.404541714843083, 39.601006902143546 ], [ 2.404546102759101, 39.601034340368606 ] ], [ [ 2.403872094635796, 39.601289547370442 ], [ 2.403893369762244, 39.60132422466171 ], [ 2.403902042935345, 39.601391020396903 ] ], [ [ 2.403925108405353, 39.601037116498262 ], [ 2.403963291333758, 39.601076647884916 ], [ 2.403984546006203, 39.601113709189562 ], [ 2.404003788656116, 39.601205591641282 ], [ 2.404013614582652, 39.60131768912003 ], [ 2.404010062797072, 39.60137250237149 ] ], [ [ 2.404072175648242, 39.601316797428034 ], [ 2.40411618416105, 39.601395695045987 ], [ 2.404141520353494, 39.601495952289135 ], [ 2.404158244457068, 39.601522261723872 ], [ 2.404168642670807, 39.601567610883755 ] ], [ [ 2.404215120458014, 39.601718040625897 ], [ 2.404217466908817, 39.601803876058668 ], [ 2.40421842564535, 39.601871825175294 ], [ 2.404218098813508, 39.601909966931821 ] ], [ [ 2.404098447141391, 39.601667378189759 ], [ 2.404105497908589, 39.601743702119506 ], [ 2.404103538156896, 39.601792564102347 ], [ 2.404087670470223, 39.601846122119234 ], [ 2.404062526607924, 39.601903208755424 ], [ 2.404029893829956, 39.60193522537319 ], [ 2.403969535878542, 39.601965907690435 ], [ 2.403912341459911, 39.601987070573699 ], [ 2.403831921971989, 39.602021225192424 ], [ 2.403751604612864, 39.602043461414432 ], [ 2.403700757755044, 39.602043200467882 ] ], [ [ 2.403951834843938, 39.60169404278782 ], [ 2.403941976276588, 39.601765511712699 ], [ 2.403926159568174, 39.601813109635302 ], [ 2.403904332453051, 39.601842797520348 ], [ 2.403856271194774, 39.60187711906665 ], [ 2.403817576870916, 39.601897184757327 ], [ 2.403769647252612, 39.601916010075499 ], [ 2.403704759616366, 39.601935941310963 ], [ 2.40363214690576, 39.60195821699233 ], [ 2.403592054704234, 39.601961586498561 ], [ 2.403558124998448, 39.601964988527044 ], [ 2.403527308968529, 39.60196483033031 ] ], [ [ 2.403738345742458, 39.601613083412708 ], [ 2.403750243717289, 39.601663208572354 ], [ 2.403753027957076, 39.60169779009339 ], [ 2.40375270086423, 39.601735932748831 ] ], [ [ 2.403723262300713, 39.601754852938996 ], [ 2.403712291903688, 39.601776252938436 ], [ 2.403698189728168, 39.601803596296371 ], [ 2.403687312489953, 39.601814268170777 ] ], [ [ 2.403548024822441, 39.601885072713998 ], [ 2.4035093610856, 39.601901562258682 ], [ 2.403393666373059, 39.601916464205388 ], [ 2.40327964551596, 39.601915878667498 ], [ 2.403217991875553, 39.601917946140766 ] ], [ [ 2.403534511593453, 39.601484494143499 ], [ 2.403546081038959, 39.601572761071978 ], [ 2.403539274390561, 39.601647820929557 ], [ 2.403517283553089, 39.601696580068932 ], [ 2.403498630157614, 39.601715556471596 ], [ 2.40347063923977, 39.601745212630441 ], [ 2.403450475586948, 39.601760605070965 ], [ 2.403421108518805, 39.601771181985306 ] ], [ [ 2.403656968409378, 39.601579289697099 ], [ 2.403642753797008, 39.601619744305594 ], [ 2.403628201782869, 39.601699533581026 ], [ 2.403612456439892, 39.601738788261144 ], [ 2.403593670143011, 39.601773259963316 ], [ 2.403564169003696, 39.601799332192051 ], [ 2.403537791732403, 39.601820653084118 ], [ 2.403520790546958, 39.601826525237755 ] ], [ [ 2.403470209289857, 39.601256492775356 ], [ 2.403485127468238, 39.60131378497077 ], [ 2.403487737720699, 39.601368629841424 ], [ 2.403488971844816, 39.601404396379664 ], [ 2.40347780830459, 39.601448442833686 ], [ 2.403469889022838, 39.601473433775418 ], [ 2.403449664085926, 39.601495978302772 ] ], [ [ 2.403381026886406, 39.601234578560103 ], [ 2.4033927188295, 39.601308542235309 ], [ 2.403396697207981, 39.601383658367673 ], [ 2.403390022206722, 39.601443223828355 ], [ 2.403385165415942, 39.601470614623302 ], [ 2.403372521090028, 39.601507501963148 ], [ 2.40336785861675, 39.601512246288223 ] ], [ [ 2.403236719555762, 39.601351844865782 ], [ 2.403234544374606, 39.601425737329897 ], [ 2.403221685138733, 39.601487655149931 ], [ 2.403207439598918, 39.601531685746664 ] ], [ [ 2.40329074627985, 39.601520193851329 ], [ 2.403290439395483, 39.601555952476275 ], [ 2.403277856384733, 39.601585687719464 ] ], [ [ 2.403391948298248, 39.601577929155383 ], [ 2.403391580103281, 39.60162083896504 ], [ 2.403389793728602, 39.601649437592272 ], [ 2.403381916462375, 39.601669661376789 ] ], [ [ 2.403420396006351, 39.601674627228306 ], [ 2.403400191458229, 39.601694786816275 ], [ 2.403363068705623, 39.601711284225637 ], [ 2.403330628885005, 39.601720653271464 ] ], [ [ 2.403305434465424, 39.601783699817609 ], [ 2.403260515004053, 39.601810884851936 ], [ 2.403201851208546, 39.601823695372076 ], [ 2.403129289622804, 39.601840010668546 ], [ 2.403079942899716, 39.601844525423822 ] ], [ [ 2.403223559748364, 39.601628320547249 ], [ 2.403178548276634, 39.601666232777816 ], [ 2.403133701628889, 39.601685074571641 ], [ 2.403091935616401, 39.601703932174715 ], [ 2.403030159360905, 39.601720301917489 ], [ 2.402982322923424, 39.601728400591568 ], [ 2.402929811398601, 39.60174243465395 ], [ 2.402875811290301, 39.601750500708668 ], [ 2.402786362249492, 39.601759577500729 ], [ 2.402713851836463, 39.601769932467356 ], [ 2.402661464274874, 39.601769663146094 ] ], [ [ 2.403046641844701, 39.601595227705239 ], [ 2.40291071333447, 39.601633864745608 ], [ 2.402824171073627, 39.601663219837562 ], [ 2.402726843523145, 39.601692519422365 ], [ 2.402677486640316, 39.601698226021497 ], [ 2.402629597814899, 39.601712283713489 ], [ 2.402587964791195, 39.601715645852572 ], [ 2.402533995395182, 39.601720135706231 ], [ 2.402496862183247, 39.601737824851078 ], [ 2.402478331420345, 39.60174249782046 ] ], [ [ 2.402715459402997, 39.601582797970103 ], [ 2.402650601350145, 39.601599151668815 ], [ 2.402607273867234, 39.601620385203283 ], [ 2.402582539706045, 39.601629793659576 ], [ 2.402545519217927, 39.601634371567165 ], [ 2.402488386111413, 39.601648381665214 ] ], [ [ 2.402635106058649, 39.601788599797253 ], [ 2.402603735925246, 39.601852805602633 ], [ 2.402531424530018, 39.602019313199889 ], [ 2.402496871080544, 39.602095423270065 ], [ 2.402496502326432, 39.602138333068901 ], [ 2.402503920125837, 39.602171747278483 ], [ 2.402528244790325, 39.602210015794626 ], [ 2.402596708937319, 39.60226273587476 ] ], [ [ 2.402434686231611, 39.601800681019931 ], [ 2.402414081825964, 39.601867326275752 ], [ 2.402396723125857, 39.601914916956844 ] ], [ [ 2.402365114118771, 39.601827738913002 ], [ 2.402333693650913, 39.601897904718768 ] ], [ [ 2.403103575525499, 39.60142506457121 ], [ 2.403055308338188, 39.601483224263824 ], [ 2.403002501380911, 39.601531824976306 ] ], [ [ 2.403657818301968, 39.601300665788507 ], [ 2.403668020762493, 39.601368661456888 ] ], [ [ 2.403703111689149, 39.601409369123992 ], [ 2.403708549532382, 39.601494029269844 ] ], [ [ 2.403780987973565, 39.601492016878083 ], [ 2.403803896014087, 39.601515973962762 ], [ 2.403803364542465, 39.601577955104503 ] ], [ [ 2.403718412354258, 39.601062577820656 ], [ 2.403743594532993, 39.601180714466132 ], [ 2.403753491582806, 39.601284468764497 ] ], [ [ 2.403880941139036, 39.601156387622254 ], [ 2.403875278279052, 39.601097950895131 ], [ 2.403851229188801, 39.601027499161752 ], [ 2.403831883417469, 39.600947536822588 ], [ 2.403815189071123, 39.600917651290835 ], [ 2.403761751856353, 39.600860161473143 ], [ 2.40371752942373, 39.600806294221307 ], [ 2.403607030614183, 39.600754471810035 ], [ 2.403467575565521, 39.600665548356965 ], [ 2.403248131224864, 39.60056071796302 ], [ 2.403016424209298, 39.600448671746655 ], [ 2.402902752611272, 39.600407560064788 ] ], [ [ 2.403352380542652, 39.600802035554153 ], [ 2.403205108735437, 39.600726184382808 ], [ 2.403022357054015, 39.600654917199357 ], [ 2.402904135264166, 39.600605438572849 ], [ 2.402824219675288, 39.600581187418392 ] ], [ [ 2.402939394749848, 39.600805874396166 ], [ 2.402759695359128, 39.600738199587298 ], [ 2.402704390621629, 39.600718843122522 ] ], [ [ 2.402653098370886, 39.600591035477535 ], [ 2.402551529700526, 39.600576209346428 ], [ 2.402483744406698, 39.600574669603972 ], [ 2.402403613877086, 39.60057544865866 ], [ 2.402312777929513, 39.600566637855181 ] ], [ [ 2.403505141880835, 39.603319815077995 ], [ 2.403537131331279, 39.603362890993722 ], [ 2.403651836713943, 39.603463607068548 ], [ 2.403706704311975, 39.60353421608604 ], [ 2.403763296967279, 39.60358337853701 ], [ 2.403838340284898, 39.603637402998217 ] ], [ [ 2.403400384865204, 39.603316893080134 ], [ 2.403437027780067, 39.603356416718889 ], [ 2.403469078562552, 39.603392341470588 ], [ 2.403507068201669, 39.603454520361765 ], [ 2.403560732129656, 39.603485787780912 ], [ 2.403604824369121, 39.603555149464079 ] ], [ [ 2.403737261355051, 39.603924155174695 ], [ 2.403764510778478, 39.603980915010439 ], [ 2.403813965656775, 39.604053880328017 ], [ 2.40383836439902, 39.60408380537811 ] ], [ [ 2.404079327373693, 39.604265171488997 ], [ 2.404056551167842, 39.604225719183432 ], [ 2.404018192780255, 39.604206450268727 ] ], [ [ 2.404329448519751, 39.604388037650835 ], [ 2.404277191745778, 39.604372273764106 ], [ 2.404237149245357, 39.604369684313028 ] ], [ [ 2.404153645199007, 39.604403823317661 ], [ 2.404101500834715, 39.604374948101061 ], [ 2.404060070620563, 39.604354472280235 ] ], [ [ 2.403958077175112, 39.604388516306649 ], [ 2.404010853051175, 39.604523482411679 ], [ 2.404059915537028, 39.604552341860824 ], [ 2.404087386292856, 39.604583474679906 ], [ 2.404119662727662, 39.604593176750271 ], [ 2.404168980693888, 39.604592237611051 ] ], [ [ 2.404118836895229, 39.604509732386653 ], [ 2.404178910976409, 39.604512424606206 ], [ 2.404238933988551, 39.604521076863833 ] ], [ [ 2.403798667472924, 39.604678783311989 ], [ 2.403847367286357, 39.604714077966136 ] ], [ [ 2.403257502375192, 39.60450324558898 ], [ 2.403286733683044, 39.604508759568219 ], [ 2.403311259061878, 39.604523785901435 ], [ 2.403321162286128, 39.604536948587395 ], [ 2.403323300419692, 39.604557223791581 ], [ 2.403321652035065, 39.604569730669269 ], [ 2.403313054490654, 39.604583990408415 ] ], [ [ 2.403589822992695, 39.604797944333491 ], [ 2.403619230044755, 39.60481883615347 ], [ 2.403648174711237, 39.604839724691629 ], [ 2.40364904125122, 39.604846523826126 ] ], [ [ 2.403192044157359, 39.604768723898431 ], [ 2.403253669313705, 39.604806230551759 ], [ 2.403293067799441, 39.604847914640189 ], [ 2.403324306014909, 39.604870961297571 ], [ 2.403370311039675, 39.604896944555904 ] ], [ [ 2.403139174918077, 39.604788477762142 ], [ 2.403154369176515, 39.604849347583183 ], [ 2.403173385543244, 39.604895933143446 ], [ 2.403183377052243, 39.604916725336579 ], [ 2.403217413122979, 39.604936925615988 ] ], [ [ 2.403083539910964, 39.604914781612756 ], [ 2.403066520619491, 39.604851041628251 ], [ 2.403059449824407, 39.604813100661687 ], [ 2.403054118156978, 39.60478804078133 ] ], [ [ 2.402988998739554, 39.604942189120763 ], [ 2.402979282492126, 39.604889214343707 ], [ 2.402965122582217, 39.604815476763399 ] ], [ [ 2.40309985713117, 39.603594673291511 ], [ 2.403057623640255, 39.603560126963011 ] ], [ [ 2.401589433457261, 39.602134435221586 ], [ 2.401453026929511, 39.60208509933986 ], [ 2.401268756340989, 39.602011200480568 ], [ 2.401023629306634, 39.601918391194559 ] ], [ [ 2.401706658827638, 39.602049215532091 ], [ 2.401448612211047, 39.601953480734331 ], [ 2.401264329661207, 39.601881011744915 ], [ 2.401150086993986, 39.601834650499335 ], [ 2.401058401872032, 39.6017454937313 ] ], [ [ 2.401195829882377, 39.60167611253182 ], [ 2.401299126249357, 39.601705252650021 ], [ 2.401453898580697, 39.601768987226279 ], [ 2.401555199066185, 39.601815281513424 ], [ 2.401625300294864, 39.601834238080642 ], [ 2.401728732466998, 39.60184764377744 ] ], [ [ 2.401156064015982, 39.601570058728434 ], [ 2.401388554463301, 39.601627041534492 ], [ 2.401606230018327, 39.601686809257089 ], [ 2.40175386512957, 39.601720468037492 ] ], [ [ 2.401188630458511, 39.601438629800981 ], [ 2.401240032106342, 39.601481806403157 ], [ 2.401276913002885, 39.601493439578398 ], [ 2.40148201401873, 39.601510231037665 ], [ 2.401616853006958, 39.601526660296429 ], [ 2.401807051676182, 39.601556247490947 ] ], [ [ 2.401241374691346, 39.601325901267764 ], [ 2.401291197696907, 39.60133760113338 ], [ 2.401483294504804, 39.601361477078399 ], [ 2.401618120899633, 39.601379336210023 ], [ 2.401745589577482, 39.601392865679905 ] ], [ [ 2.401326190975321, 39.601138956786507 ], [ 2.40147015148492, 39.601169736213507 ], [ 2.401516179163663, 39.60119285955161 ], [ 2.401527248324255, 39.601195777348401 ], [ 2.401566052528796, 39.601198837998844 ], [ 2.401640257271908, 39.601170612371668 ], [ 2.401900034916119, 39.601064671115509 ], [ 2.402068869026713, 39.600998311314861 ], [ 2.402117114145831, 39.600978534124422 ] ], [ [ 2.401360088035703, 39.601067611939243 ], [ 2.401512011757544, 39.601032634401143 ], [ 2.40163610072868, 39.601008956439699 ], [ 2.401745386803452, 39.60098663296651 ], [ 2.401812109275118, 39.600968381882346 ], [ 2.401843603671267, 39.600961391624374 ] ], [ [ 2.401432515666723, 39.600816235534538 ], [ 2.401549123449533, 39.600802532304449 ], [ 2.401654415914781, 39.600814517708251 ], [ 2.401731998135961, 39.600823499556007 ], [ 2.401804120239292, 39.600822440059297 ] ], [ [ 2.401953045369336, 39.600705914714958 ], [ 2.402155282617664, 39.600625423710262 ], [ 2.40221279620667, 39.600602833388145 ] ], [ [ 2.401996576233368, 39.600374287342561 ], [ 2.401918748409899, 39.600393913113393 ], [ 2.401840871332635, 39.600419259238222 ], [ 2.401787239089842, 39.600420413056973 ], [ 2.401739228090375, 39.600413014354963 ], [ 2.401708115462701, 39.600375664004318 ] ], [ [ 2.401757102208394, 39.600484625898957 ], [ 2.401819941733113, 39.600487810217146 ], [ 2.401869876144874, 39.600486636446256 ] ], [ [ 2.402176678086072, 39.600502519339805 ], [ 2.40223951764903, 39.600505703431324 ], [ 2.402326517043996, 39.600494707867405 ] ], [ [ 2.402163374573983, 39.600329373219154 ], [ 2.40223561911765, 39.600314011081593 ], [ 2.402335326685545, 39.600330257854871 ] ], [ [ 2.40309652476255, 39.600208773204287 ], [ 2.403332936754335, 39.600311306889473 ], [ 2.403520155976371, 39.600400475725486 ], [ 2.403533848937026, 39.600420810258726 ], [ 2.403541215944163, 39.600460183585852 ], [ 2.403561082687836, 39.600479357741982 ] ], [ [ 2.403651876633619, 39.600492935622086 ], [ 2.403722190511494, 39.600558856574111 ], [ 2.403782026090374, 39.600588963507107 ], [ 2.403810780562311, 39.600649902868298 ], [ 2.403844085056437, 39.600719209135555 ], [ 2.403914470877311, 39.600776785870124 ], [ 2.403957174153355, 39.60082826112049 ], [ 2.403995285470944, 39.600876135697938 ], [ 2.404028702628104, 39.600932331554134 ] ], [ [ 2.403365609984472, 39.600274523298161 ], [ 2.403502392537067, 39.600315753179345 ], [ 2.403592879541706, 39.600365089738283 ], [ 2.403693948422709, 39.60043832007392 ], [ 2.403748977255458, 39.600489857758859 ] ], [ [ 2.403802444833689, 39.60054377244122 ], [ 2.403918727768839, 39.600639728117763 ], [ 2.403970654703555, 39.600693634817937 ], [ 2.404030061422615, 39.600773802631274 ], [ 2.404072335719853, 39.600875339747581 ] ], [ [ 2.403863422790667, 39.600365782551243 ], [ 2.40388017717274, 39.600388516885481 ], [ 2.403884472824482, 39.600426682366475 ] ], [ [ 2.403900759289833, 39.600324254467083 ], [ 2.403931523501931, 39.600330372632428 ], [ 2.403941880533166, 39.600380488976889 ], [ 2.403950685304102, 39.600431790324954 ] ], [ [ 2.404333771344814, 39.600320514871115 ], [ 2.404393474257812, 39.600366116781096 ], [ 2.404425483338263, 39.60040680933961 ], [ 2.404451115701611, 39.600472499908697 ] ], [ [ 2.404341270558371, 39.600524385067644 ], [ 2.404399473604942, 39.600565211016033 ], [ 2.404468400515237, 39.600613244303617 ] ], [ [ 2.404595031308564, 39.600400525905492 ], [ 2.404640826839946, 39.600450824687606 ], [ 2.404681928347151, 39.600509442968821 ] ], [ [ 2.404679509913707, 39.600431950724712 ], [ 2.404726855452772, 39.600481065347644 ] ], [ [ 2.404706214039919, 39.600192496480872 ], [ 2.40469955049212, 39.600250870023466 ], [ 2.404682336641408, 39.600281773767975 ], [ 2.404665204415415, 39.600303142292361 ], [ 2.404642020921375, 39.600311367069381 ], [ 2.40460031738364, 39.600323073139805 ], [ 2.404554227116431, 39.600307340973551 ] ], [ [ 2.40477753876216, 39.600140414543326 ], [ 2.404761284246281, 39.600239266534444 ], [ 2.404762212906723, 39.600310790812067 ], [ 2.404786191263776, 39.600389585573168 ], [ 2.4048150281664, 39.60044098857562 ] ], [ [ 2.404635337099886, 39.600192133320412 ], [ 2.404589185667576, 39.600183553257033 ], [ 2.404570767739775, 39.600175114402873 ], [ 2.404546502726587, 39.600129694203154 ] ], [ [ 2.404847322854863, 39.600268315089963 ], [ 2.404886506090759, 39.600371027253559 ], [ 2.404919658513566, 39.600458212543977 ] ], [ [ 2.404782967270246, 39.599866283128506 ], [ 2.404801170884832, 39.59989975245994 ], [ 2.404800844395504, 39.599937894233506 ], [ 2.404803660867272, 39.59996890060534 ] ], [ [ 2.40477998773704, 39.600034339422145 ], [ 2.404779559195141, 39.600084401343217 ] ], [ [ 2.404859985797746, 39.599869061790933 ], [ 2.404904126927669, 39.599932463837092 ], [ 2.404909698762976, 39.600001627764641 ], [ 2.404897148502564, 39.60002778715976 ] ], [ [ 2.404969513315683, 39.599854126786376 ], [ 2.404987278434601, 39.599938849127476 ], [ 2.404977391765106, 39.600013894222315 ], [ 2.404956463928279, 39.600118682646254 ], [ 2.404945228959987, 39.600171073357686 ], [ 2.4049432392606, 39.60022351051623 ] ], [ [ 2.404707969214698, 39.599447509440218 ], [ 2.404706050791205, 39.599491603396316 ], [ 2.404731846359237, 39.599538222575021 ], [ 2.404809169696733, 39.599685234856835 ], [ 2.40484871983041, 39.599745037206041 ], [ 2.404905340862439, 39.599790622169813 ], [ 2.404938953225991, 39.599824170399458 ] ], [ [ 2.405066337644468, 39.599883230416381 ], [ 2.405082898548224, 39.599928611063255 ], [ 2.405085592769411, 39.599973920707576 ], [ 2.405074439513939, 39.600016775314252 ], [ 2.40506469570535, 39.600075133108298 ] ], [ [ 2.405261097801188, 39.599811515909678 ], [ 2.405252771545987, 39.599884184883265 ], [ 2.405224538588065, 39.599942448048751 ], [ 2.405197824899037, 39.600003103118532 ], [ 2.405169560089266, 39.600064942307611 ], [ 2.405142663924904, 39.600147051835343 ], [ 2.405142072485778, 39.600216185096258 ] ], [ [ 2.405158549633745, 39.599911118285306 ], [ 2.405146662280337, 39.599859802141403 ], [ 2.405120927512088, 39.599806030063469 ], [ 2.405116498648167, 39.599783359913197 ] ], [ [ 2.40507080445035, 39.599361160277397 ], [ 2.405085579627778, 39.599435139596615 ], [ 2.405130865042443, 39.599545034438968 ], [ 2.405165894741311, 39.599592893766754 ], [ 2.405208669608462, 39.599636024463848 ], [ 2.405274524630228, 39.599682849487117 ], [ 2.405320524073423, 39.599709308607871 ], [ 2.405345083900527, 39.59972016201155 ] ], [ [ 2.405468750107119, 39.599313133091449 ], [ 2.405600063779169, 39.59945326870379 ], [ 2.405697420135267, 39.599600381982853 ], [ 2.405727735971834, 39.59965894473472 ], [ 2.405756196378716, 39.599754449369961 ] ], [ [ 2.405633198703924, 39.599722828292244 ], [ 2.405641812235279, 39.59979677601757 ], [ 2.405618180710308, 39.599857446953152 ], [ 2.405602324830153, 39.599909814092669 ], [ 2.405588284922936, 39.599930005606851 ] ], [ [ 2.405351398600586, 39.599522323781912 ], [ 2.405429753802615, 39.599548948450149 ], [ 2.405441906294592, 39.599569274879414 ], [ 2.405487622403849, 39.599809099003906 ], [ 2.405494958711267, 39.599852049159296 ], [ 2.405454369580599, 39.599913824458341 ], [ 2.405365779984637, 39.60000277073808 ], [ 2.405329965016529, 39.600046691219568 ], [ 2.405284955710132, 39.600084605193771 ] ], [ [ 2.405848018503653, 39.599647639209088 ], [ 2.405856581328614, 39.599727546996888 ] ], [ [ 2.405834541813898, 39.59978226578243 ], [ 2.405755249031473, 39.599865300469261 ], [ 2.405678711806207, 39.599986491741276 ], [ 2.405633203483103, 39.600082810985896 ], [ 2.405584583876398, 39.600182689594078 ], [ 2.405555809830245, 39.6003041260225 ], [ 2.405552065704141, 39.600381586723444 ], [ 2.405561802320296, 39.600504411338413 ], [ 2.405582324018001, 39.600627292027944 ], [ 2.405594222000103, 39.600677417009976 ] ], [ [ 2.405527315016659, 39.600753362487019 ], [ 2.405542357076495, 39.600796351157705 ], [ 2.405575683752341, 39.600863272910622 ], [ 2.405612347008988, 39.600900412750804 ], [ 2.40572429561424, 39.600962968374837 ], [ 2.405931366896051, 39.601073691168509 ] ], [ [ 2.406004079786004, 39.601039494786143 ], [ 2.406136059492814, 39.601102153319033 ] ], [ [ 2.405756700360658, 39.600777183373658 ], [ 2.405932935217928, 39.600890131683066 ], [ 2.406124537732986, 39.601007926542493 ], [ 2.406162844056669, 39.601033154838277 ] ], [ [ 2.406180794145053, 39.601096422525892 ], [ 2.406260845014252, 39.6011051751941 ] ], [ [ 2.405512787791899, 39.601010758410283 ], [ 2.405629196143387, 39.601092410014992 ], [ 2.405790317974109, 39.601170713083548 ], [ 2.405945216609063, 39.601256137412861 ] ], [ [ 2.405339480600299, 39.600735713250138 ], [ 2.405291011551831, 39.600637721081746 ], [ 2.405239379294986, 39.600549249236003 ], [ 2.405218419796979, 39.600477622425529 ], [ 2.405206928792534, 39.600379820408378 ], [ 2.405204662719799, 39.600284448846558 ], [ 2.40524720215194, 39.60017500364124 ], [ 2.405283058020425, 39.600126315127291 ] ], [ [ 2.405099138091328, 39.600912090078573 ], [ 2.405034148619282, 39.600943940409273 ], [ 2.405000077841738, 39.600964030174822 ], [ 2.404972200069283, 39.600980575445497 ], [ 2.404933690186642, 39.600979186153459 ], [ 2.40489988460501, 39.600968285309044 ], [ 2.404861568577421, 39.600944248614972 ], [ 2.404829783447881, 39.600877334556202 ], [ 2.404802528065725, 39.60082117139455 ] ], [ [ 2.404970741294678, 39.600791041039706 ], [ 2.404858231369403, 39.600794040994188 ], [ 2.404824283056932, 39.60079982653226 ] ], [ [ 2.405124748788077, 39.600620181910564 ], [ 2.405131993175055, 39.600673859314142 ], [ 2.40514688084812, 39.600734727349725 ], [ 2.405174248640464, 39.600777779171494 ] ], [ [ 2.405203736128091, 39.600572907215401 ], [ 2.40520286944782, 39.600674222169332 ], [ 2.405226706854386, 39.600769703250585 ] ], [ [ 2.405076412454614, 39.600686686571322 ], [ 2.405106310109391, 39.600794119377063 ], [ 2.405180983252254, 39.600891052805004 ], [ 2.405260269096604, 39.600989201862248 ], [ 2.405338207949088, 39.601064696500302 ], [ 2.405435912504045, 39.601171284171727 ], [ 2.405593260744455, 39.601330624246962 ] ], [ [ 2.405403166824478, 39.601036421143377 ], [ 2.405522645531668, 39.60111928063386 ], [ 2.405643544331256, 39.601216450266563 ], [ 2.405678595590516, 39.601261925405424 ], [ 2.405670168859712, 39.601346513645638 ], [ 2.405654260560866, 39.601404839943534 ], [ 2.405638710016126, 39.601421448430798 ], [ 2.405555007553975, 39.601479427891483 ], [ 2.405516283360583, 39.601503070198802 ], [ 2.405492946687449, 39.601529174461369 ], [ 2.405428824999353, 39.601639701355403 ] ], [ [ 2.405533486959837, 39.601473358351427 ], [ 2.405468548111366, 39.601499249747015 ], [ 2.405415212787192, 39.601609831827368 ] ], [ [ 2.40527549764844, 39.601550709086027 ], [ 2.405202855240953, 39.601576561801267 ], [ 2.40514700867191, 39.601620379663167 ], [ 2.405097253128926, 39.601672572251815 ] ], [ [ 2.404897334190434, 39.601266270955776 ], [ 2.404949017538642, 39.601348782870211 ], [ 2.404991069126379, 39.601476541273414 ], [ 2.405028528727697, 39.601600700845026 ], [ 2.405040579460389, 39.601632946555839 ] ], [ [ 2.404914537504353, 39.601056567905985 ], [ 2.404938650066438, 39.601119866444002 ], [ 2.404924354680331, 39.601169857336103 ], [ 2.404903956879199, 39.601212664569104 ] ], [ [ 2.405563019475986, 39.601623620671027 ], [ 2.405707131078958, 39.601528998841601 ], [ 2.405734966983228, 39.601517221449591 ] ], [ [ 2.405720483574812, 39.601228684299478 ], [ 2.405817116595371, 39.601280434694367 ], [ 2.405827677669114, 39.601306712373329 ], [ 2.405830504833267, 39.601336526702006 ], [ 2.40581635264576, 39.601369830400095 ], [ 2.405745017233065, 39.60142310497551 ], [ 2.405647436496496, 39.601482205587033 ], [ 2.405571488303127, 39.601534264390864 ], [ 2.405528161739265, 39.601555499021835 ] ], [ [ 2.405989778954275, 39.601270588956602 ], [ 2.406130536198258, 39.601388124744481 ], [ 2.406176373054512, 39.601433653959596 ], [ 2.406180843076857, 39.601451556907939 ] ], [ [ 2.405901797480386, 39.601108027924489 ], [ 2.406165635044948, 39.601247648350913 ], [ 2.406240707116016, 39.601298096127501 ], [ 2.406291533095513, 39.601300739988325 ], [ 2.406356013506812, 39.601328485196689 ], [ 2.406454228753427, 39.60137547487863 ], [ 2.406513983676774, 39.60141511562724 ], [ 2.406650434713005, 39.601495675615709 ], [ 2.406693150633734, 39.601545957857645 ], [ 2.406719121180172, 39.601572314142039 ] ], [ [ 2.406137228045308, 39.601326175072373 ], [ 2.406212320539316, 39.60137423883733 ] ], [ [ 2.406241667836997, 39.601366044347095 ], [ 2.406321342454398, 39.601418899725275 ], [ 2.406367271043883, 39.601453701632728 ], [ 2.406400751458468, 39.60150274472813 ] ], [ [ 2.405925076592286, 39.601304969550931 ], [ 2.405903436832236, 39.601384960754537 ], [ 2.405882213729599, 39.601416320817634 ], [ 2.40584992820116, 39.60144381023369 ] ], [ [ 2.406101469856471, 39.601435559737048 ], [ 2.406047200372618, 39.601439097298034 ], [ 2.405957103401431, 39.601451987295007 ], [ 2.405916336395113, 39.601462267782068 ], [ 2.405880564761151, 39.601464945651571 ] ], [ [ 2.406375631759593, 39.601376884415608 ], [ 2.406434448773982, 39.601418190027587 ], [ 2.406509192235529, 39.601471019184139 ], [ 2.406564319604609, 39.601511351689027 ], [ 2.406618076429771, 39.601567888557149 ], [ 2.406642347359285, 39.601612831701139 ], [ 2.406662904094516, 39.601659662458687 ], [ 2.406679859370735, 39.601695032601064 ], [ 2.40668717391971, 39.601704605587116 ] ], [ [ 2.40674030449975, 39.601834566192984 ], [ 2.40680576578135, 39.601819642328358 ], [ 2.406851341079957, 39.601823689978211 ], [ 2.406937481300896, 39.601841294382474 ], [ 2.406969448233609, 39.601850993182687 ] ], [ [ 2.406794738233708, 39.601595014322484 ], [ 2.406822082977984, 39.601640926415662 ], [ 2.406904895950226, 39.601687122561614 ], [ 2.407013388552066, 39.601757764993529 ], [ 2.407075802588186, 39.601811008405555 ] ], [ [ 2.406729017192546, 39.60149598228729 ], [ 2.406767553334203, 39.601530508416744 ], [ 2.406793109497176, 39.601569258983538 ] ], [ [ 2.407056684159089, 39.601667870922718 ], [ 2.407152074884892, 39.601757042785302 ], [ 2.407190683387355, 39.601782986802007 ], [ 2.407323335721772, 39.6018394483078 ] ], [ [ 2.407099844318673, 39.601593710885609 ], [ 2.407160458663022, 39.601641223508942 ], [ 2.407243224259945, 39.601693139832179 ], [ 2.407285518524267, 39.601720533462036 ] ], [ [ 2.407239054671025, 39.601531484017322 ], [ 2.407297892656083, 39.601570405165724 ], [ 2.407450687809856, 39.601649855522467 ], [ 2.407561212112699, 39.601699053304671 ] ], [ [ 2.407784509399526, 39.601967675092396 ], [ 2.407709262019643, 39.601901493580016 ], [ 2.407663365827721, 39.601862638620382 ] ], [ [ 2.40759476185755, 39.601667754884232 ], [ 2.407697658868379, 39.601744090610367 ] ], [ [ 2.407764344003753, 39.601730126637833 ], [ 2.407863422681459, 39.601820746655754 ], [ 2.407924121848032, 39.601858246131094 ] ], [ [ 2.408004347259662, 39.601774261450281 ], [ 2.407980565669507, 39.601744102532848 ], [ 2.407802334758683, 39.601611597441725 ], [ 2.407761900927562, 39.60158278354259 ] ], [ [ 2.40777692421053, 39.601555683155226 ], [ 2.407607756813483, 39.601444680265288 ], [ 2.407491807262764, 39.60138115185817 ], [ 2.407458720817373, 39.601358096882372 ] ], [ [ 2.406986288785997, 39.601683246392945 ], [ 2.406953421966118, 39.601634445372341 ], [ 2.406946464093466, 39.601582915811051 ] ], [ [ 2.406518850818067, 39.601205969230875 ], [ 2.406610859670366, 39.601257933219777 ], [ 2.406664053101666, 39.601308268983836 ], [ 2.406717527320464, 39.601325706731082 ], [ 2.406772752325582, 39.60135459651476 ], [ 2.406822429882224, 39.601383457950696 ], [ 2.406860953811107, 39.601419413927147 ], [ 2.406936736668777, 39.601422661554828 ] ], [ [ 2.406937029472511, 39.601388333683836 ], [ 2.407045972964424, 39.601406054401394 ], [ 2.407099520537008, 39.601414910005857 ], [ 2.407182589530128, 39.601431068616449 ] ], [ [ 2.406937029472511, 39.601388333683836 ], [ 2.40687080816284, 39.601347944721546 ], [ 2.406754848411896, 39.601285846368526 ], [ 2.406661050897451, 39.601226720957555 ], [ 2.406547098628481, 39.60114603712438 ], [ 2.406468190858964, 39.601075544486179 ], [ 2.406422333698772, 39.601032398512785 ], [ 2.406376243408123, 39.601016429196235 ], [ 2.40629705506076, 39.600978833534093 ], [ 2.406217929026325, 39.600934087536388 ], [ 2.406164687340176, 39.600889472880951 ], [ 2.406034388265085, 39.600774375625498 ], [ 2.405993894564391, 39.600752712304953 ], [ 2.405958862786914, 39.600741090078827 ], [ 2.405877728829716, 39.600714928206777 ], [ 2.405843681801525, 39.600696159480137 ], [ 2.405795038759799, 39.600654428951366 ], [ 2.405751226249776, 39.600588406922327 ], [ 2.405731461785494, 39.600521077036305 ], [ 2.405734081455106, 39.600430976290397 ], [ 2.405732879829559, 39.60035515900168 ], [ 2.405791701107673, 39.600179521362492 ], [ 2.405865142450864, 39.600023983915882 ] ], [ [ 2.406147016245882, 39.600793546861304 ], [ 2.406191220148473, 39.600813798249597 ], [ 2.406222555255475, 39.600825401514008 ], [ 2.406283338161487, 39.600852889093936 ], [ 2.406345897375155, 39.600888968960966 ], [ 2.406415987973364, 39.600909352526877 ], [ 2.40650647645804, 39.600922687843394 ], [ 2.406582150050773, 39.600938809106694 ], [ 2.406672603151879, 39.600956435734723 ] ], [ [ 2.406496597372178, 39.600997018577843 ], [ 2.406536896049221, 39.601041566070634 ], [ 2.406569811130483, 39.601084645898013 ], [ 2.406584273231823, 39.601123340750597 ] ], [ [ 2.406635110141461, 39.601016320659816 ], [ 2.406675300231238, 39.60107374151341 ], [ 2.406693472525095, 39.601111024458199 ], [ 2.406744743134439, 39.60116993270934 ], [ 2.406783326753488, 39.601198737516377 ] ], [ [ 2.407393532005534, 39.601413549179938 ], [ 2.407403374717358, 39.601459133996649 ], [ 2.407422861027679, 39.601486887893451 ], [ 2.4074775973886, 39.601529839978582 ], [ 2.407624723280116, 39.601623565998722 ], [ 2.407722049535144, 39.601702734081869 ] ], [ [ 2.406891487363866, 39.601105837232026 ], [ 2.406926423046499, 39.601128901808956 ], [ 2.406979902132022, 39.60114562404025 ], [ 2.407084344522419, 39.601149017845046 ], [ 2.40725348907445, 39.601154172500614 ], [ 2.407312643759261, 39.601155904209989 ] ], [ [ 2.407131941272824, 39.600988341588383 ], [ 2.407160514495331, 39.600998500567215 ], [ 2.407230677447473, 39.601010301669177 ], [ 2.40726856924884, 39.601011924919611 ] ], [ [ 2.407124498779567, 39.600885315506019 ], [ 2.407154891016154, 39.600899059068368 ], [ 2.407263870376882, 39.6009124890438 ], [ 2.407329483724067, 39.600915684533902 ], [ 2.407426676234263, 39.60090187636424 ], [ 2.407473891412539, 39.600894250235847 ] ], [ [ 2.406866835839303, 39.601163403648378 ], [ 2.406940416232342, 39.60120812179845 ], [ 2.407015968254539, 39.601238546061616 ], [ 2.407067678346087, 39.601245961462013 ], [ 2.407130518837649, 39.601249142914504 ], [ 2.407209975070419, 39.601255269888213 ], [ 2.407306159117342, 39.601251469858731 ], [ 2.40732357947142, 39.601246790453615 ], [ 2.407367662096459, 39.601281344678426 ] ], [ [ 2.40734075472679, 39.601111943827121 ], [ 2.407387606550806, 39.60111075286278 ], [ 2.407418208028255, 39.601136179319688 ], [ 2.407462841747152, 39.601178365368348 ], [ 2.407485352930098, 39.601212809536541 ], [ 2.407494938200253, 39.601245280297292 ], [ 2.40748731074073, 39.601272419266579 ], [ 2.407483555925967, 39.601279074972759 ] ], [ [ 2.407414715922837, 39.601034794364033 ], [ 2.407438023115045, 39.601048262942875 ], [ 2.407472512306736, 39.601051299614234 ], [ 2.407495863035879, 39.601059524389782 ], [ 2.407514145457199, 39.601083934706423 ] ], [ [ 2.407415685567196, 39.600993317538759 ], [ 2.407459411984921, 39.600997355519738 ], [ 2.407482682603315, 39.601015115524731 ], [ 2.407500416793899, 39.601031416451363 ], [ 2.407528090857267, 39.601038709973928 ], [ 2.407540956985549, 39.601047834569549 ] ], [ [ 2.407631271208377, 39.60108167113453 ], [ 2.40768864934074, 39.601147284964036 ], [ 2.407717356721467, 39.601177946601105 ], [ 2.407749741761011, 39.60121101021037 ], [ 2.40778960797463, 39.601234099660616 ], [ 2.407836390845338, 39.601241013859322 ], [ 2.407929013976292, 39.601293456583747 ], [ 2.407990881190595, 39.601338591027364 ], [ 2.408051020711691, 39.601369411831705 ], [ 2.408189575705988, 39.601456418618803 ], [ 2.408216519099694, 39.601477057964289 ], [ 2.408273578179985, 39.601507863864498 ] ], [ [ 2.407940447039036, 39.601564860104382 ], [ 2.407853098077682, 39.601508391422904 ], [ 2.407764278258857, 39.601443570709456 ], [ 2.407738227303529, 39.601426749882194 ] ], [ [ 2.407616688089695, 39.601223491504037 ], [ 2.407744048072269, 39.60128612465877 ], [ 2.407908000817595, 39.601394239998612 ], [ 2.408102527564212, 39.601531118669335 ] ], [ [ 2.408123287415789, 39.601626583474385 ], [ 2.408074274846578, 39.60159176564725 ] ], [ [ 2.40763960258508, 39.600885082013811 ], [ 2.40773553602832, 39.601019074473022 ], [ 2.407790263769666, 39.601106368921364 ], [ 2.407817765321431, 39.601133924833285 ], [ 2.407843806035595, 39.601151937658187 ], [ 2.407917268451556, 39.601210719719347 ], [ 2.407978524383292, 39.60125513563451 ] ], [ [ 2.407876927078611, 39.600881523451257 ], [ 2.40793324653264, 39.600962866511892 ], [ 2.408008177525908, 39.601029999569114 ], [ 2.408110619303586, 39.601123497301515 ], [ 2.408133609893732, 39.601137918322387 ], [ 2.408155090031583, 39.601148755443553 ] ], [ [ 2.408337589638749, 39.601395236319014 ], [ 2.408234576784129, 39.601332489047401 ], [ 2.408149962478008, 39.601280564009329 ], [ 2.408107587816294, 39.601262468945784 ], [ 2.408079980570901, 39.601247308980042 ], [ 2.40804218111964, 39.601234957861266 ], [ 2.407982272077756, 39.601213196313843 ], [ 2.407972217584435, 39.601199556599383 ], [ 2.407956636211211, 39.601183743361318 ] ], [ [ 2.408244284020742, 39.601169473989636 ], [ 2.408276398340847, 39.601198245353395 ], [ 2.408323382376387, 39.601217794669367 ], [ 2.408348294453272, 39.601223643090641 ], [ 2.408387877734037, 39.601243870114615 ] ], [ [ 2.408268540262682, 39.601143850499909 ], [ 2.408313602845992, 39.601171972376349 ], [ 2.408349547841452, 39.60118502938419 ], [ 2.408390048623462, 39.601205976500026 ] ], [ [ 2.40753034198387, 39.600874035090754 ], [ 2.407552529472962, 39.60087414822766 ], [ 2.407585705084695, 39.600886714703961 ], [ 2.407621450825395, 39.600886896957064 ] ], [ [ 2.408123547818217, 39.600925533159355 ], [ 2.408172412839976, 39.600977633838212 ] ], [ [ 2.407991025097399, 39.600836054854902 ], [ 2.408031439825338, 39.60088513191846 ], [ 2.40806501755244, 39.600922850850083 ] ], [ [ 2.408178699811005, 39.601017359082782 ], [ 2.408211725464251, 39.601047565947816 ], [ 2.408251192963755, 39.601081380912241 ] ], [ [ 2.406643397661702, 39.601985064670522 ], [ 2.406735545945373, 39.602020818781718 ], [ 2.406784592721986, 39.602051583596875 ], [ 2.406857180533757, 39.602068165572447 ], [ 2.406910250734943, 39.602060807439521 ], [ 2.406965834258521, 39.602047741451408 ], [ 2.40699166316925, 39.602054548135847 ], [ 2.407003940575671, 39.602060332358185 ] ], [ [ 2.406875716222548, 39.602207485128659 ], [ 2.406764858022258, 39.602197383521961 ], [ 2.406697142234704, 39.60218750122074 ], [ 2.40661095398496, 39.602175617953286 ], [ 2.406502723217197, 39.602146457347985 ] ], [ [ 2.406695457672426, 39.602095947656032 ], [ 2.406797630514828, 39.602112680739587 ], [ 2.406895934607899, 39.602149419445212 ], [ 2.40696068041647, 39.602218408659063 ], [ 2.406975317833116, 39.602236601343463 ], [ 2.406994999374939, 39.60224147006447 ], [ 2.407039367091959, 39.602242649796523 ], [ 2.40708358843297, 39.602260994346054 ], [ 2.407121517170146, 39.602294563061307 ] ], [ [ 2.406977591147591, 39.602114552695625 ], [ 2.407094767434925, 39.602106568366892 ], [ 2.40716377239403, 39.602109781259998 ], [ 2.407206826454288, 39.602120490759589 ], [ 2.407280485305257, 39.602156149202266 ], [ 2.407367655123785, 39.60219759897528 ], [ 2.407432798505534, 39.602219863278833 ], [ 2.407550972727649, 39.602239538088185 ] ], [ [ 2.407306583037374, 39.601697603301439 ], [ 2.407339433877086, 39.601748311627993 ], [ 2.407351280480067, 39.601804634369088 ] ], [ [ 2.407393134629317, 39.601811522704871 ], [ 2.407382866627482, 39.60185915030506 ], [ 2.407357920524421, 39.601893352427382 ], [ 2.40731571797642, 39.601927466518347 ], [ 2.407241360223872, 39.601973812964282 ] ], [ [ 2.40327996942259, 39.602071125616135 ], [ 2.403194592439454, 39.602323866556063 ], [ 2.403194273223193, 39.602361055051666 ], [ 2.403214439711401, 39.602381184094455 ], [ 2.403323187356609, 39.602421794433482 ], [ 2.403374775173297, 39.602443514747364 ] ], [ [ 2.403461024135026, 39.602089220023821 ], [ 2.403371056417329, 39.602230367116263 ], [ 2.403342782042351, 39.602293159075074 ], [ 2.40333500554962, 39.602337461675397 ], [ 2.40334407809932, 39.602357533723641 ], [ 2.403371666326788, 39.602374840072287 ] ], [ [ 2.403530831680336, 39.602142503291752 ], [ 2.403470964511413, 39.602223728609808 ], [ 2.403452081881493, 39.602269404136194 ], [ 2.40344072904019, 39.602299383582121 ], [ 2.403438671992085, 39.602323690098011 ] ], [ [ 2.403669321324482, 39.602164669570492 ], [ 2.403675588660244, 39.602296298506531 ], [ 2.403680608724306, 39.602357830584566 ] ], [ [ 2.403907645468852, 39.602188779664743 ], [ 2.403883204480481, 39.602235856684537 ], [ 2.403886546826613, 39.60227735558982 ], [ 2.40390104446303, 39.60231175932779 ], [ 2.403920855531572, 39.602373367280315 ] ], [ [ 2.404074153924813, 39.60217818978888 ], [ 2.404051610494109, 39.602219555918523 ], [ 2.404058675445904, 39.602258213133432 ], [ 2.404107641494805, 39.602370034687503 ], [ 2.404122090225751, 39.60241015970621 ], [ 2.404166196489981, 39.602441854478471 ] ], [ [ 2.404161900360818, 39.602295932681066 ], [ 2.404201928624033, 39.60237194816245 ], [ 2.404247454354613, 39.602453714278269 ], [ 2.404278324164442, 39.602519670492747 ], [ 2.404340577465137, 39.602591509156895 ], [ 2.404380618332318, 39.602666095600121 ] ], [ [ 2.404291979465721, 39.60222078857381 ], [ 2.404318757923916, 39.602332496279239 ], [ 2.40434203569049, 39.60242130069291 ] ], [ [ 2.404472813164132, 39.6022646272909 ], [ 2.404501698768267, 39.602346308017466 ], [ 2.404549111169571, 39.602423792065956 ], [ 2.404603601210078, 39.602538502499655 ] ], [ [ 2.404699089091056, 39.602616232836681 ], [ 2.40472060357533, 39.602695014957966 ], [ 2.404747738020623, 39.602765243528111 ], [ 2.404795163225927, 39.602841296697292 ] ], [ [ 2.405709093152092, 39.599252040874234 ], [ 2.405765406573132, 39.599369621832494 ], [ 2.40583663493419, 39.599472974226373 ], [ 2.405906246187693, 39.599549141335281 ], [ 2.405942870250345, 39.599590809472033 ], [ 2.405981368293341, 39.599629627297624 ], [ 2.405995817558881, 39.599669752106045 ], [ 2.406001070503413, 39.599704108335608 ] ], [ [ 2.405914684832521, 39.599643590264272 ], [ 2.405951492240612, 39.599663803926667 ], [ 2.405960516331051, 39.599689597095377 ], [ 2.405965672668921, 39.59973539595719 ] ], [ [ 2.406011342063853, 39.599584008035123 ], [ 2.406058900919741, 39.599644327564846 ], [ 2.406075076404655, 39.599698765093692 ], [ 2.406073891333764, 39.599837507373643 ] ], [ [ 2.405873914754694, 39.599221415199196 ], [ 2.405926458443558, 39.599347559148391 ], [ 2.405957426265103, 39.599402072327955 ] ], [ [ 2.406020289469232, 39.599402393712637 ], [ 2.406073418820702, 39.599459880933885 ], [ 2.40611912930859, 39.599520190991797 ] ], [ [ 2.405664899137161, 39.599014369959868 ], [ 2.405681136465948, 39.599061655460432 ], [ 2.405691838717726, 39.599107483607483 ], [ 2.405713573339411, 39.599160518784238 ] ], [ [ 2.405494017021063, 39.599105040741463 ], [ 2.405499135158097, 39.599155131054921 ], [ 2.405511686805613, 39.599200967779261 ], [ 2.405553856607296, 39.599242664415009 ], [ 2.405570203954035, 39.59927707742645 ] ], [ [ 2.406006295839979, 39.599038286609371 ], [ 2.406054204852191, 39.599165836751297 ], [ 2.406115092511839, 39.59928916158767 ], [ 2.406154203746128, 39.599364457229569 ], [ 2.406210015826598, 39.599432685805205 ], [ 2.406254739429432, 39.599500143170594 ] ], [ [ 2.405828025883594, 39.598803505537077 ], [ 2.40581812894703, 39.598879742735463 ], [ 2.40581793542626, 39.598902390125616 ] ], [ [ 2.405863735014118, 39.598591513650049 ], [ 2.405831932546517, 39.598706974359494 ] ], [ [ 2.406095804568537, 39.598480652067437 ], [ 2.406002922084604, 39.598531433461389 ], [ 2.405945598741656, 39.598568091782404 ] ], [ [ 2.406130176446476, 39.598785979007559 ], [ 2.406147816814729, 39.598705013088015 ] ], [ [ 2.40595934625068, 39.598762457352898 ], [ 2.405964325180885, 39.598720763150865 ] ], [ [ 2.405984324475713, 39.598724441600567 ], [ 2.406005036504697, 39.598644683473402 ] ], [ [ 2.406040958817026, 39.598407660097699 ], [ 2.405942035221416, 39.598444106652579 ], [ 2.40588777323342, 39.598483164732812 ], [ 2.405856580750397, 39.598527109026698 ] ], [ [ 2.406331040713871, 39.598540261941309 ], [ 2.406256910731975, 39.598560147399105 ], [ 2.406198087362069, 39.598592030810551 ], [ 2.406173283502969, 39.598609784156118 ] ], [ [ 2.406176652690124, 39.598215250451759 ], [ 2.406077841422728, 39.598238585856308 ], [ 2.406017640314225, 39.598251389956339 ], [ 2.405962020961758, 39.598268985720217 ] ], [ [ 2.40654054244124, 39.598184925623016 ], [ 2.406491156658112, 39.598194209907575 ], [ 2.406438629314597, 39.59821062962682 ], [ 2.406392284476863, 39.598224696773244 ], [ 2.406322900644928, 39.598230301711951 ] ], [ [ 2.407007742124941, 39.598145591315735 ], [ 2.406904452215011, 39.598152216521633 ], [ 2.406802559611829, 39.598175535913796 ], [ 2.406685208899052, 39.598204736619849 ] ], [ [ 2.406874226365758, 39.598082925911754 ], [ 2.406792598545828, 39.598078933889155 ], [ 2.40673098906915, 39.598076235191449 ], [ 2.406684674890704, 39.598086726408908 ] ], [ [ 2.406624626588062, 39.598081651491555 ], [ 2.406532101060234, 39.598090715474285 ], [ 2.406505868534881, 39.598095349753187 ] ], [ [ 2.406551688487513, 39.597962080326369 ], [ 2.406460490301867, 39.597996181749039 ], [ 2.406435807648769, 39.597999631861931 ], [ 2.406241654249256, 39.598001023992325 ], [ 2.406149189861024, 39.598002935577156 ] ], [ [ 2.406922833619045, 39.597984238724727 ], [ 2.40677028036138, 39.597985844073271 ] ], [ [ 2.406527556337815, 39.597901165222318 ], [ 2.40647055817782, 39.597899682007856 ], [ 2.406391930868052, 39.597905239770533 ], [ 2.406345576049099, 39.59792049891616 ], [ 2.406300802740104, 39.597930998754791 ], [ 2.406256101835125, 39.597933153571702 ] ], [ [ 2.406558146800382, 39.597927545153006 ], [ 2.406621174915489, 39.597944555097662 ], [ 2.406688834558005, 39.597960396590928 ], [ 2.406759728423594, 39.597958374444453 ], [ 2.406844560922895, 39.597948079840272 ] ], [ [ 2.406835534053671, 39.59774181866559 ], [ 2.406647687062164, 39.597726555624483 ], [ 2.406592241203483, 39.597723888329504 ], [ 2.406519928819957, 39.597711599217767 ] ], [ [ 2.406411432621177, 39.597606149339036 ], [ 2.406543731737951, 39.597630664698507 ], [ 2.406655950556506, 39.597661037704718 ], [ 2.406708304550833, 39.597664881249294 ], [ 2.406734548234708, 39.597659054913173 ] ], [ [ 2.406573330531917, 39.597592672410428 ], [ 2.406665753691895, 39.597595527645844 ], [ 2.406745841271142, 39.597599512793316 ], [ 2.406810582811907, 39.597596267133973 ], [ 2.406900086988466, 39.597580036900212 ], [ 2.406980377863855, 39.597560182470183 ], [ 2.407028149995755, 39.59755923421438 ] ], [ [ 2.407801149163127, 39.597615623973617 ], [ 2.407674424042179, 39.597660273884713 ], [ 2.407526157674585, 39.59770123851456 ], [ 2.40742726633201, 39.597734109403021 ], [ 2.407271226748126, 39.597783377635395 ], [ 2.407167682202745, 39.597819800767198 ], [ 2.407091962743688, 39.597845638991132 ], [ 2.407030129855133, 39.59786916299911 ] ], [ [ 2.407844832734609, 39.597407248265959 ], [ 2.40768930063587, 39.59743315584366 ], [ 2.407563350289778, 39.597459214048797 ], [ 2.40749790953392, 39.59747223097763 ], [ 2.407399026628738, 39.597504148593309 ], [ 2.40732985555955, 39.597520960477794 ], [ 2.407286667305436, 39.59752646263923 ], [ 2.407210214515227, 39.597529886688349 ] ], [ [ 2.40732766749229, 39.59748852741653 ], [ 2.407277041990573, 39.597498759007848 ], [ 2.407164593222311, 39.597531561414087 ], [ 2.407131223005052, 39.597541880080357 ] ], [ [ 2.407135644278462, 39.597457032462074 ], [ 2.407215810983829, 39.597451719920947 ], [ 2.407300988869757, 39.59743689724592 ], [ 2.40735288830429, 39.597421904771771 ] ], [ [ 2.407432252254489, 39.597366047195827 ], [ 2.407532334641089, 39.597337949743228 ], [ 2.407632351971114, 39.597317480025119 ], [ 2.40766076656395, 39.597309996733038 ], [ 2.407695294525912, 39.597308265262228 ], [ 2.407751831333655, 39.59732762563943 ] ], [ [ 2.407880788958408, 39.597382637759004 ], [ 2.408004031145979, 39.597385173236056 ], [ 2.408107567576948, 39.597385700711435 ], [ 2.408148275071933, 39.597382093096627 ], [ 2.408163074103108, 39.597381215185024 ] ], [ [ 2.408123248361064, 39.597570778159138 ], [ 2.408234222289867, 39.597566575137634 ], [ 2.408268726024958, 39.5975677041558 ] ], [ [ 2.408304885993505, 39.597229361767816 ], [ 2.408430519296214, 39.597240491316434 ], [ 2.408559916410761, 39.597244010833947 ], [ 2.40866711793307, 39.597248370542907 ] ], [ [ 2.407873856306762, 39.597328247561229 ], [ 2.407990902662844, 39.597334565553325 ], [ 2.408083337723177, 39.597335989780333 ] ], [ [ 2.407958061506422, 39.597282904132079 ], [ 2.407989995193291, 39.597296416561399 ], [ 2.408083670503665, 39.59729689381345 ] ], [ [ 2.407641168872702, 39.597150646292413 ], [ 2.407731973552108, 39.597198788302094 ], [ 2.407836556290117, 39.597221254318711 ], [ 2.407894397160665, 39.597232038925064 ], [ 2.408022552759791, 39.597236506008088 ], [ 2.408080411073304, 39.597245383122015 ] ], [ [ 2.408259175655238, 39.597096579685228 ], [ 2.408188854166125, 39.597103849681915 ], [ 2.40804693024451, 39.597124106388918 ] ], [ [ 2.407710544843305, 39.596965048186505 ], [ 2.407789095931902, 39.597004546241656 ], [ 2.407856660700028, 39.597031590929021 ], [ 2.407956368994722, 39.597047357136965 ], [ 2.408046297555512, 39.597053536892403 ] ], [ [ 2.408036648813699, 39.59702869398452 ], [ 2.408109369681636, 39.59702906445569 ], [ 2.408163546356503, 39.597036015284566 ] ], [ [ 2.407958218163025, 39.596974892796574 ], [ 2.408103597183082, 39.596983262526145 ], [ 2.408230486531464, 39.596991537906142 ], [ 2.408292066719496, 39.596997573087556 ], [ 2.408336236408357, 39.597021637570997 ], [ 2.408409858025789, 39.597061110105265 ], [ 2.408486123704556, 39.597079616379474 ], [ 2.408555131859956, 39.597081875159581 ], [ 2.408637616442602, 39.597093738130837 ], [ 2.408647485509154, 39.597092835065794 ] ], [ [ 2.408383681992648, 39.597095306218954 ], [ 2.40849308114579, 39.597131145887623 ], [ 2.408656738323163, 39.597164401725536 ] ], [ [ 2.408618268302843, 39.597194720344277 ], [ 2.408713306559873, 39.597179946818002 ] ], [ [ 2.408678364277747, 39.597085363164396 ], [ 2.408768634620454, 39.597051493141691 ], [ 2.408803324564788, 39.597030689979846 ], [ 2.408828251971386, 39.59699839490667 ], [ 2.408828405987163, 39.596980277699522 ] ], [ [ 2.408628032358042, 39.597061266546426 ], [ 2.408655221836517, 39.596907875951352 ] ], [ [ 2.40851416510675, 39.59682610275658 ], [ 2.408512567955071, 39.596869006368735 ], [ 2.408483723750523, 39.596927028480025 ], [ 2.408431404277312, 39.596991606825718 ] ], [ [ 2.408720328451011, 39.596789008602144 ], [ 2.408774967022667, 39.596886553254429 ] ], [ [ 2.408822648068721, 39.596932568389484 ], [ 2.408872365104302, 39.597029134659536 ], [ 2.408933061963368, 39.597139106480959 ] ], [ [ 2.4087188213886, 39.597111316097134 ], [ 2.408770646153394, 39.597104904955742 ], [ 2.408819972954472, 39.597102295158251 ], [ 2.408875600796613, 39.597083505993993 ] ], [ [ 2.409095372010867, 39.597040757939887 ], [ 2.409060162388856, 39.597122588278346 ], [ 2.409047618267786, 39.597148271523913 ], [ 2.409024037702723, 39.597167223775081 ], [ 2.408985721815334, 39.597179425309534 ] ], [ [ 2.4092147689591, 39.597060437272795 ], [ 2.409197879093732, 39.597162386279606 ], [ 2.409189048941146, 39.597186180936085 ], [ 2.40917167100338, 39.597200396484688 ] ], [ [ 2.409355331820854, 39.597055430328183 ], [ 2.409342179215092, 39.597152630082824 ], [ 2.409334443606553, 39.597192641717285 ], [ 2.409308470465396, 39.597202999515048 ], [ 2.409278888698998, 39.597202849123526 ], [ 2.409217235328637, 39.59720539644087 ] ], [ [ 2.409382893417292, 39.597003123046186 ], [ 2.409486948935338, 39.59708756792601 ], [ 2.409492869267153, 39.597116205842681 ], [ 2.409489336059773, 39.597242063229437 ] ], [ [ 2.409314705575552, 39.597049502236345 ], [ 2.409263430548253, 39.596991072605469 ], [ 2.409164272935942, 39.596910465606946 ] ], [ [ 2.408957760657563, 39.596843617296052 ], [ 2.409034334635587, 39.596970835428884 ], [ 2.409047650190995, 39.596999510981362 ] ], [ [ 2.408977189247235, 39.596733098883988 ], [ 2.409089556602547, 39.596854777479315 ] ], [ [ 2.409099253711253, 39.596728952346311 ], [ 2.409187042459199, 39.596841922598927 ], [ 2.409235795079407, 39.596907015200387 ] ], [ [ 2.409183295372004, 39.596702678475076 ], [ 2.409243261328041, 39.596753524177657 ], [ 2.409255458158394, 39.596768843398706 ] ], [ [ 2.409272486497324, 39.596795631215201 ], [ 2.409394739712249, 39.596914498091884 ], [ 2.409432584533782, 39.596957603097145 ], [ 2.409487701975638, 39.596998887484958 ] ], [ [ 2.409650920076475, 39.597419736562642 ], [ 2.409527621071053, 39.597423877402782 ], [ 2.409496750334768, 39.59743039627628 ] ], [ [ 2.409513502189766, 39.597344657029716 ], [ 2.409365601149653, 39.597342952002798 ], [ 2.409324974735758, 39.597337023913596 ], [ 2.409287973156338, 39.597339696586879 ] ], [ [ 2.409555644180434, 39.597317217557134 ], [ 2.409393049480139, 39.597303993864102 ], [ 2.409364748451298, 39.597298128439 ] ], [ [ 2.409295668306892, 39.59730445302246 ], [ 2.409205705732147, 39.597302088136935 ], [ 2.409116952209009, 39.597302590113031 ], [ 2.409067649584444, 39.597302339376483 ], [ 2.409005947496185, 39.59731060789899 ], [ 2.408902200419616, 39.597334873902824 ], [ 2.408875058657491, 39.597337596604007 ], [ 2.40881462229224, 39.597342057387628 ] ], [ [ 2.408715886105116, 39.59735681217753 ], [ 2.40864060087437, 39.597367872164178 ], [ 2.40858755992793, 39.597372370468705 ], [ 2.408477738570356, 39.597386115337933 ], [ 2.40843327657874, 39.59739637881183 ], [ 2.408339406415217, 39.597418787109568 ], [ 2.408301065930597, 39.597433849074385 ], [ 2.408228100034566, 39.597462085299512 ], [ 2.408171296339896, 39.59747419240221 ], [ 2.408081276773347, 39.597478502115194 ], [ 2.407996204524134, 39.597480929476944 ], [ 2.407903761157335, 39.597480458431654 ] ], [ [ 2.408024176088809, 39.597634124303184 ], [ 2.407927884948237, 39.597633038089306 ], [ 2.407901678062693, 39.597634692195143 ] ], [ [ 2.408813852403779, 39.597200539787416 ], [ 2.408891143641558, 39.597189132182571 ] ], [ [ 2.409485682955212, 39.597568706398576 ], [ 2.40954943890458, 39.597572606610548 ], [ 2.409603914664563, 39.597580750356173 ], [ 2.409638951552787, 39.597591656092213 ] ], [ [ 2.409602994202814, 39.597471320518565 ], [ 2.409433640898324, 39.59749191618495 ], [ 2.409325366406264, 39.597504954296475 ], [ 2.409288389037637, 39.597504766310074 ] ], [ [ 2.409963235557135, 39.597398293447675 ], [ 2.410051687130247, 39.597506022387897 ] ], [ [ 2.409789612135786, 39.597522570645275 ], [ 2.409884945045685, 39.597545703253942 ], [ 2.409954085212289, 39.59756870187298 ] ], [ [ 2.410122744372535, 39.597121368645389 ], [ 2.410176966629094, 39.597268259253354 ], [ 2.410219338850333, 39.597359066096018 ], [ 2.410249495824123, 39.597436698174924 ] ], [ [ 2.410071082022053, 39.597217657550715 ], [ 2.410078310857577, 39.597273717841134 ], [ 2.410125294130392, 39.597365740196651 ], [ 2.410169217272254, 39.597455362861851 ], [ 2.410175086197673, 39.597489960821129 ], [ 2.410176323726231, 39.597525726436309 ], [ 2.410212229522783, 39.597652260685315 ], [ 2.41023189515067, 39.597695272246206 ], [ 2.410299182574075, 39.597755213556241 ], [ 2.410351112372287, 39.597809116551353 ], [ 2.4104106655428, 39.597872594749163 ], [ 2.410480791272446, 39.597961158180482 ], [ 2.410539890020365, 39.598078273451165 ], [ 2.410573159630194, 39.598152345926955 ], [ 2.410575867480035, 39.598196463467431 ] ], [ [ 2.410609288725959, 39.598252656585849 ], [ 2.410610506272278, 39.598290807127427 ], [ 2.410571128849804, 39.598391926822508 ], [ 2.410536838624427, 39.598438240801379 ], [ 2.410531741206386, 39.59849423851805 ] ], [ [ 2.410387072991758, 39.598474432298943 ], [ 2.41040647618961, 39.598548434450763 ], [ 2.410490064837017, 39.598684746186144 ], [ 2.410564743299697, 39.598781676228064 ], [ 2.410602524675925, 39.598868884319437 ], [ 2.410602130662258, 39.598915369353264 ], [ 2.410589400873672, 39.598962984778666 ] ], [ [ 2.41013429896908, 39.598483877015603 ], [ 2.41013548592249, 39.598525603607712 ], [ 2.410159845054836, 39.598560294528831 ], [ 2.410171988655553, 39.598581812492142 ] ], [ [ 2.410092112063471, 39.598552799156536 ], [ 2.410094910630989, 39.598586188556276 ], [ 2.410119320307945, 39.598614921205993 ], [ 2.410149700132076, 39.598666330740741 ] ], [ [ 2.410629535869729, 39.598408911151822 ], [ 2.410598377876905, 39.598449280698439 ], [ 2.410581086269311, 39.598489720579785 ], [ 2.410580813478589, 39.598521903221368 ], [ 2.410606540760755, 39.598576865239259 ], [ 2.410672217790386, 39.598645142631625 ], [ 2.410745688934161, 39.598702730905472 ] ], [ [ 2.410709564043891, 39.598420044773 ], [ 2.410701445684519, 39.598468875670896 ], [ 2.410701223459009, 39.598495098230991 ], [ 2.41072101083305, 39.598523806410512 ], [ 2.410769941800054, 39.598568158363861 ], [ 2.410846605722909, 39.598612650922668 ] ], [ [ 2.410711398668568, 39.598749044933122 ], [ 2.410729665471408, 39.598775361262803 ], [ 2.410735504482756, 39.598813534337019 ] ], [ [ 2.410733045619645, 39.598921993712658 ], [ 2.410727887709728, 39.598985143532353 ], [ 2.410723093434906, 39.599005382564386 ], [ 2.410693556889633, 39.599036224715761 ] ], [ [ 2.410845666536226, 39.598723501244763 ], [ 2.410871222424862, 39.598798726582579 ], [ 2.410887756581624, 39.598847682486046 ], [ 2.410901301109044, 39.598885894620409 ], [ 2.410900998166921, 39.598921653310903 ], [ 2.410896062565453, 39.598958580580359 ], [ 2.410886585186747, 39.598985948280642 ] ], [ [ 2.41045727434156, 39.599099394109359 ], [ 2.410446185176141, 39.599135097166247 ], [ 2.410425841901497, 39.599171946233106 ], [ 2.410402448373869, 39.599205203615234 ], [ 2.410202041306425, 39.599398481777101 ], [ 2.410169301314777, 39.599443610538536 ], [ 2.410144122875654, 39.599505466622659 ], [ 2.410120485257774, 39.599567330523143 ], [ 2.41012762334499, 39.599634118934901 ] ], [ [ 2.409918860330288, 39.599722458543383 ], [ 2.409954139647869, 39.599922892415861 ] ], [ [ 2.410119059515718, 39.599735394881478 ], [ 2.410137845969369, 39.59988210553707 ], [ 2.410168635967286, 39.600067020574883 ], [ 2.410165392433641, 39.600086076285599 ] ], [ [ 2.410148110268076, 39.600125324070234 ], [ 2.410165821102115, 39.600217197759065 ], [ 2.410178025656394, 39.60023156362189 ], [ 2.410206329481055, 39.600346138553562 ], [ 2.410212108825095, 39.600391463744351 ] ], [ [ 2.410344334923873, 39.600061952940415 ], [ 2.410360666847741, 39.600134747426715 ], [ 2.410389295528888, 39.600211180513611 ] ], [ [ 2.41024671225558, 39.599763458640915 ], [ 2.410258027127973, 39.599882715604572 ], [ 2.410269028655378, 39.600038922359566 ] ], [ [ 2.410553608587858, 39.600458756835721 ], [ 2.410572446659866, 39.60059950733114 ], [ 2.410604373679506, 39.600832108889072 ] ], [ [ 2.410428249071877, 39.600523679990346 ], [ 2.410450219215023, 39.600658486961244 ], [ 2.410455563004501, 39.600755066115539 ], [ 2.410445995408034, 39.60079316101659 ], [ 2.410442751913947, 39.600812216733026 ] ], [ [ 2.41025663463341, 39.600591945341947 ], [ 2.410269864580771, 39.600667108224066 ], [ 2.410269409659223, 39.600720745336119 ], [ 2.410251955521223, 39.6007802565004 ] ], [ [ 2.410342403101441, 39.600653172474985 ], [ 2.410341897692005, 39.600712769667503 ], [ 2.41032413025743, 39.600809230633224 ], [ 2.410309838801844, 39.600859222219981 ] ], [ [ 2.410255415582079, 39.600917353680984 ], [ 2.410221976114066, 39.601044727022533 ], [ 2.410190604350968, 39.601110127862086 ], [ 2.410190462796837, 39.60112681518239 ] ], [ [ 2.409878767815113, 39.60081531395668 ], [ 2.409847547596758, 39.600862834467726 ], [ 2.409698113071066, 39.601040874611932 ], [ 2.409617181308425, 39.601135823367393 ], [ 2.409564126132552, 39.601214224789857 ], [ 2.409540608865629, 39.601261785259382 ] ], [ [ 2.409890272597162, 39.600185998724086 ], [ 2.409971907744975, 39.600371172930352 ], [ 2.409996074095249, 39.600428511274359 ] ], [ [ 2.409686727301939, 39.600204036937306 ], [ 2.409671898024845, 39.600317200778449 ], [ 2.409650563399863, 39.600470860046606 ], [ 2.409621735597914, 39.600599448721844 ], [ 2.409602598354843, 39.600675639276147 ] ], [ [ 2.409560553535282, 39.599784052123873 ], [ 2.409615159154597, 39.599885887794784 ], [ 2.409623627164514, 39.599977475828851 ], [ 2.409614810520025, 39.600144787190963 ] ], [ [ 2.409717798095104, 39.599774837903695 ], [ 2.409761055375348, 39.599906654508509 ], [ 2.409758878044856, 39.5999452635469 ], [ 2.409749746045468, 39.600149763476637 ] ], [ [ 2.41003253911584, 39.60053168456146 ], [ 2.410033635016668, 39.600584137480709 ], [ 2.410019474879356, 39.600618633727102 ], [ 2.410005466438555, 39.600635250634483 ], [ 2.410008783248907, 39.60078903513697 ] ], [ [ 2.409863488479959, 39.601169258670346 ], [ 2.409756922171948, 39.601234515314111 ], [ 2.409657735347425, 39.601301716841299 ] ], [ [ 2.409935446107624, 39.601260214924828 ], [ 2.409831337308871, 39.601326438310487 ], [ 2.409717140074175, 39.601419310668398 ] ], [ [ 2.410096801729824, 39.601275338167596 ], [ 2.40995505010253, 39.601419564913868 ], [ 2.409846602579153, 39.601561099868292 ], [ 2.409720883211468, 39.601704454457838 ], [ 2.409611404914354, 39.601822144409589 ], [ 2.409560460774876, 39.601869564608059 ], [ 2.409525752430961, 39.60189227446638 ] ], [ [ 2.409571496538674, 39.601731349930354 ], [ 2.409437624783287, 39.601818400462243 ], [ 2.40932242077178, 39.60188456608563 ], [ 2.409181216122474, 39.60196394999074 ], [ 2.409125495297992, 39.601993228632182 ], [ 2.409074753307873, 39.602016810107159 ], [ 2.408991533327358, 39.602090767111982 ], [ 2.408935585349803, 39.602146744821646 ] ], [ [ 2.409519008575519, 39.601525106086385 ], [ 2.409491518124634, 39.601568832276968 ], [ 2.409431913514782, 39.60162002338015 ], [ 2.409285503862707, 39.601731802839751 ], [ 2.409253235718437, 39.601757386705053 ], [ 2.409172830369097, 39.601790353033991 ], [ 2.409092375147663, 39.601829041515266 ], [ 2.409041698099507, 39.60184499515983 ], [ 2.408978694863235, 39.601860885181054 ], [ 2.408924449495682, 39.601861563427605 ] ], [ [ 2.410103518190345, 39.601406253665488 ], [ 2.410012877856046, 39.601519509249506 ], [ 2.409916472363215, 39.601658483407235 ], [ 2.409895969131139, 39.601677689319324 ] ], [ [ 2.410267683042102, 39.601453574943072 ], [ 2.410269368823148, 39.601472893544418 ], [ 2.410254370782224, 39.601497134505237 ], [ 2.410228242483875, 39.601525609687606 ], [ 2.410220713125875, 39.601541305311613 ], [ 2.410218626973883, 39.601569188009798 ], [ 2.410218463184019, 39.601588497222856 ], [ 2.410207254058914, 39.601602028806568 ], [ 2.410194195369043, 39.601615551000165 ], [ 2.410181234899235, 39.601617631469217 ], [ 2.410142387577886, 39.601619579617108 ], [ 2.41012016344008, 39.601623757508662 ], [ 2.410109854793035, 39.601640155336206 ], [ 2.410078167893762, 39.60167003220225 ], [ 2.40998023440435, 39.601771093083123 ] ], [ [ 2.410181644003467, 39.601678425360326 ], [ 2.410319589058656, 39.601764948966391 ], [ 2.410353540790914, 39.601795159020817 ], [ 2.410386755765261, 39.601803195403072 ], [ 2.410432986991019, 39.60180271458173 ], [ 2.41048026917435, 39.601787219750882 ] ], [ [ 2.410369274078419, 39.601466249086236 ], [ 2.410443345245504, 39.601562460664468 ], [ 2.41046904900204, 39.601584047392976 ], [ 2.41050295826258, 39.601619264231154 ], [ 2.410535248398185, 39.601627294977668 ], [ 2.41055651135927, 39.601627402850951 ] ], [ [ 2.410522680891472, 39.601582888665526 ], [ 2.410627275699238, 39.601568400856436 ], [ 2.410704975165747, 39.601563787926132 ], [ 2.410778059109188, 39.601558437017836 ], [ 2.410831793990592, 39.601545121027399 ], [ 2.410977502375715, 39.601479346419758 ], [ 2.411085022710287, 39.601446992923321 ], [ 2.41121597405138, 39.601376851593358 ], [ 2.411287547306462, 39.601331441775571 ] ], [ [ 2.410567581729254, 39.601412185035009 ], [ 2.410580123827669, 39.601459451094421 ], [ 2.410586455501053, 39.601475933380129 ], [ 2.410602075076703, 39.601487455739417 ], [ 2.410613132555377, 39.601491802551998 ] ], [ [ 2.410691322910854, 39.601429261985174 ], [ 2.410803343656527, 39.60141123457862 ], [ 2.410904312916615, 39.601388145790878 ], [ 2.41103768729397, 39.601359498720143 ] ], [ [ 2.410466308062543, 39.601689166950855 ], [ 2.410529355277402, 39.601668031429625 ], [ 2.410725517990211, 39.601649001018636 ], [ 2.410819682022244, 39.601665212400349 ], [ 2.410906572522245, 39.601667083825276 ], [ 2.410956434970934, 39.601674488128062 ], [ 2.410986067116512, 39.601668916790778 ] ], [ [ 2.411432050100828, 39.601407985012116 ], [ 2.411288844140217, 39.601505955980336 ], [ 2.411108305721164, 39.601645220230232 ], [ 2.410879705150362, 39.601782809668009 ], [ 2.41076437729743, 39.601863756646807 ], [ 2.410688059164084, 39.601923445972652 ], [ 2.410620962164879, 39.601986043705082 ], [ 2.410469871634847, 39.602141189261843 ], [ 2.410415681383737, 39.602208143080247 ], [ 2.410361198740813, 39.602309424752903 ], [ 2.410357100455155, 39.602356606379587 ], [ 2.410354815350296, 39.602408088828533 ] ], [ [ 2.409634077550979, 39.602142667024822 ], [ 2.409621486233881, 39.60210112218067 ], [ 2.409659000404883, 39.602038375625256 ], [ 2.409703704021892, 39.601999981766802 ] ], [ [ 2.409015324128487, 39.603104202562022 ], [ 2.409033935878234, 39.603089993330329 ], [ 2.409087776769003, 39.60306452015319 ], [ 2.409302797349459, 39.60300267636827 ], [ 2.40951595697703, 39.602942252665549 ] ], [ [ 2.409925004372493, 39.603040644034245 ], [ 2.40976167169779, 39.603112764742541 ], [ 2.409655779168153, 39.603170872287215 ], [ 2.409555567720591, 39.603213274766517 ] ], [ [ 2.409610328179538, 39.602861677108137 ], [ 2.409739444392734, 39.602899523266338 ], [ 2.409868729550326, 39.602917344679199 ], [ 2.409985289588067, 39.602909354308522 ], [ 2.410075867504796, 39.602912675022708 ] ], [ [ 2.409521535319869, 39.603519206148434 ], [ 2.409657218230574, 39.603436933021761 ], [ 2.409761092731515, 39.60339883978493 ], [ 2.409829651784107, 39.603382023373513 ], [ 2.409901970713848, 39.603358074518631 ], [ 2.409966795233236, 39.603345529777847 ], [ 2.409985321883859, 39.603341333141742 ] ], [ [ 2.409948778411944, 39.603289653524897 ], [ 2.410084352314753, 39.603220252399254 ], [ 2.410156840883024, 39.603176277885368 ], [ 2.410227455485003, 39.603135155494265 ] ], [ [ 2.409734538482392, 39.603477376776887 ], [ 2.409823498210023, 39.603453511610233 ], [ 2.409925339776602, 39.603436864198834 ] ], [ [ 2.410808362576762, 39.60266464231664 ], [ 2.41074688414408, 39.602718685362852 ], [ 2.410650190153603, 39.602782562933534 ], [ 2.410549822216872, 39.602843561003532 ], [ 2.410464234079156, 39.602906063919555 ], [ 2.410404507725688, 39.602971558791488 ], [ 2.41036532607108, 39.603012840815161 ], [ 2.41028339919273, 39.603079653796186 ] ], [ [ 2.410499074539705, 39.602504299729823 ], [ 2.410288767042748, 39.602664867029247 ], [ 2.410217969790776, 39.60272744483656 ], [ 2.410106289064486, 39.602814132118048 ] ], [ [ 2.410739300471883, 39.602522683004153 ], [ 2.410655573443318, 39.602583765565171 ], [ 2.410531180276982, 39.602643210913527 ] ], [ [ 2.410708673843611, 39.602645542124328 ], [ 2.41058611807844, 39.60270642678946 ], [ 2.410497073511106, 39.602740304395574 ], [ 2.41046735596961, 39.602755888353691 ] ], [ [ 2.41112183860409, 39.602548939561125 ], [ 2.41074001634672, 39.602874563500926 ], [ 2.410393588167351, 39.603168897198245 ], [ 2.410168485046139, 39.603329389172622 ], [ 2.409859689581818, 39.603546671232969 ], [ 2.409677548405952, 39.603655886414181 ], [ 2.409521184985184, 39.603778105374168 ], [ 2.409372423733969, 39.603876046590365 ], [ 2.409336987639769, 39.60391162573962 ] ], [ [ 2.409381654675506, 39.603660104208757 ], [ 2.40928484875281, 39.603736853115223 ], [ 2.409195219975559, 39.603839385450996 ], [ 2.409131708448429, 39.603914873584358 ], [ 2.409106697832055, 39.604029177565977 ], [ 2.409078475332393, 39.60408624961714 ], [ 2.409053891247617, 39.604150492565488 ], [ 2.409051713354643, 39.604189102459564 ] ], [ [ 2.409329324132349, 39.603943056254977 ], [ 2.409237117451433, 39.60413139889463 ], [ 2.409134825652691, 39.604418387500083 ], [ 2.409094803579932, 39.604558362138867 ] ], [ [ 2.409015670169794, 39.604296197902151 ], [ 2.40900629207559, 39.604529304154653 ], [ 2.409018055480386, 39.604668112227543 ] ], [ [ 2.409488190868172, 39.603338449848529 ], [ 2.409459977641611, 39.603322095066908 ], [ 2.409425502268053, 39.603317151567225 ], [ 2.409400849404336, 39.603317026254224 ], [ 2.409362522073162, 39.603330182028031 ], [ 2.409342702333786, 39.60334152439097 ], [ 2.409332702764207, 39.603357684941223 ], [ 2.409326190611848, 39.603398656043773 ], [ 2.409326085290548, 39.60341105282113 ] ], [ [ 2.409107470769135, 39.603460481051528 ], [ 2.408989116846067, 39.603461786561056 ], [ 2.408990486944547, 39.603445582145291 ], [ 2.408896787118285, 39.603447012967266 ], [ 2.408898935532502, 39.603484214032854 ], [ 2.408776899733351, 39.603483593107569 ] ], [ [ 2.409152755014917, 39.603353909204621 ], [ 2.408924675926912, 39.60335656319269 ], [ 2.40889014498549, 39.603358295004838 ], [ 2.408848305970045, 39.603349499797837 ] ], [ [ 2.409230439341364, 39.603269762106386 ], [ 2.40947798774542, 39.60307934739442 ], [ 2.409584196087419, 39.602984051476483 ] ], [ [ 2.409680235531988, 39.60299741253187 ], [ 2.409609402117778, 39.60306428139932 ], [ 2.40953285086533, 39.603151146623311 ], [ 2.409428649741057, 39.603227858075208 ] ], [ [ 2.40430737636426, 39.600011450361087 ], [ 2.404348671333456, 39.600047422282046 ], [ 2.404360823593259, 39.600067748820926 ], [ 2.404372946399775, 39.600091650507764 ], [ 2.404374242230391, 39.600120264959159 ] ], [ [ 2.405155937872502, 39.599082009068475 ], [ 2.405134265536613, 39.599237811148647 ], [ 2.405128070844825, 39.599313590588601 ], [ 2.405129576557575, 39.599353649235802 ], [ 2.405145654524113, 39.59941952952061 ] ], [ [ 2.405223819907697, 39.598927874378468 ], [ 2.405246755206046, 39.599056726948781 ], [ 2.40525384499148, 39.599092523458403 ] ], [ [ 2.40541240821197, 39.598928839611624 ], [ 2.405425927513019, 39.599077669431828 ] ], [ [ 2.405538287855538, 39.598659139406841 ], [ 2.405526636953601, 39.598760399221675 ] ], [ [ 2.405641625818259, 39.598286573470183 ], [ 2.405574936352108, 39.598337488508243 ], [ 2.405515796974721, 39.59840632134793 ], [ 2.405486267420694, 39.598435970141992 ], [ 2.405475258507285, 39.598462137494401 ], [ 2.405477973322222, 39.598505063111872 ] ], [ [ 2.405560343117629, 39.598242053853021 ], [ 2.405456573964441, 39.598304698888477 ], [ 2.40539128133618, 39.598372308111138 ], [ 2.405377078594612, 39.598411571852267 ], [ 2.405376864554909, 39.598436602372097 ] ], [ [ 2.405970294646697, 39.597942218593964 ], [ 2.405859276369754, 39.597951663240423 ], [ 2.405777803462641, 39.59796555050935 ], [ 2.405731373090355, 39.597989630142905 ], [ 2.405712554248667, 39.598028153996793 ], [ 2.405702613648261, 39.598109635889145 ], [ 2.405702503627333, 39.598122509295713 ] ], [ [ 2.4060479475631, 39.597942615572912 ], [ 2.405992249054231, 39.597969507814064 ] ], [ [ 2.40594563663492, 39.598015042017408 ], [ 2.405879015818029, 39.598021853786904 ], [ 2.405821504378027, 39.598044445952901 ], [ 2.405782446216317, 39.598071424088509 ] ], [ [ 2.406161040181813, 39.598123422902873 ], [ 2.406042783756876, 39.598114236097587 ] ], [ [ 2.40642377704235, 39.598101879176788 ], [ 2.406260684507298, 39.598146818390326 ], [ 2.406197675868043, 39.598163661086971 ], [ 2.40613658879296, 39.598171931224812 ], [ 2.406082861756802, 39.598184530575722 ], [ 2.406047695704285, 39.598188641538165 ] ], [ [ 2.406696089502319, 39.597403569530591 ], [ 2.406791458272485, 39.597386176356828 ], [ 2.406844315910466, 39.597367135250742 ], [ 2.40689344528497, 39.597351652193623 ] ], [ [ 2.406724939172657, 39.597489540313141 ], [ 2.406676709981022, 39.597507888677427 ], [ 2.406617540112773, 39.597508301934553 ], [ 2.406558376349246, 39.597507999771878 ], [ 2.406505707746614, 39.597504869973768 ], [ 2.406466844326518, 39.597508962178516 ] ], [ [ 2.406682516202322, 39.597369169930708 ], [ 2.406527082295478, 39.597383395450805 ], [ 2.406463296187416, 39.597383069630119 ], [ 2.40643370214703, 39.597384349293009 ], [ 2.406413365222464, 39.597384245399063 ], [ 2.40638656250646, 39.59738339304743 ], [ 2.406369071848064, 39.59737472134001 ] ], [ [ 2.406687318351145, 39.597239743821518 ], [ 2.406600110085425, 39.597275774124014 ], [ 2.406494455838278, 39.597306703094539 ], [ 2.406438843468447, 39.597323583706441 ], [ 2.406403685135204, 39.597326980297957 ], [ 2.406349045127661, 39.597338144269528 ] ], [ [ 2.406713739327427, 39.59717694151874 ], [ 2.406637096240154, 39.597166537855514 ], [ 2.406602849349821, 39.597171369102874 ], [ 2.406559297708982, 39.597183305223609 ], [ 2.406507383172353, 39.597200204755417 ], [ 2.40648326806621, 39.59720937934344 ], [ 2.40645920905706, 39.597212117227208 ], [ 2.406431499996854, 39.597209114894589 ], [ 2.406358586337169, 39.597195152995305 ], [ 2.406318891099393, 39.597188514093283 ], [ 2.406267171895537, 39.597182528255999 ], [ 2.406224629242458, 39.597184456217882 ], [ 2.406194086142877, 39.59718859085136 ], [ 2.406175567016197, 39.597192072409278 ] ], [ [ 2.407554320176891, 39.597149189829324 ], [ 2.407367219217557, 39.597191147409028 ], [ 2.407294942444043, 39.597210804216211 ], [ 2.407252388766384, 39.597214163339999 ], [ 2.407195931185469, 39.597221742234844 ], [ 2.407109843039724, 39.597234892375482 ] ], [ [ 2.407436492947075, 39.597089943387893 ], [ 2.407336757135254, 39.597077276150266 ] ], [ [ 2.407261046040862, 39.597066162231485 ], [ 2.407185346003627, 39.597053617478011 ] ], [ [ 2.407182784424616, 39.597137282524756 ], [ 2.407086660946393, 39.59713464579135 ] ], [ [ 2.407069413520476, 39.596880663545086 ], [ 2.40721914549444, 39.596884288322578 ], [ 2.407261566033222, 39.596896662385461 ], [ 2.40728452457905, 39.596914659621198 ] ], [ [ 2.407304951024955, 39.597012745850677 ], [ 2.407256394985441, 39.5969610040666 ], [ 2.407174230467819, 39.596947710906562 ] ], [ [ 2.407123889322864, 39.596780098709573 ], [ 2.407173827108886, 39.596778207247937 ], [ 2.407194121178244, 39.596783317835317 ], [ 2.407260295695727, 39.596828712540727 ], [ 2.407287803490029, 39.596855315331631 ], [ 2.407306869277854, 39.596896178967029 ] ], [ [ 2.407039236484655, 39.596841888529035 ], [ 2.406984756689587, 39.596834458081247 ], [ 2.406959790242686, 39.596835046076052 ], [ 2.406932009284383, 39.596840625844038 ], [ 2.406911677445945, 39.596839807543752 ] ], [ [ 2.406804974894538, 39.596777040141049 ], [ 2.40676051102545, 39.596787540839571 ], [ 2.406739200749905, 39.596793153598796 ], [ 2.406693690105898, 39.5968179537414 ] ], [ [ 2.407239435357915, 39.596564698683572 ], [ 2.40722007098691, 39.596558878327237 ], [ 2.407165499944565, 39.596562175209229 ], [ 2.407064591384834, 39.596578825004507 ], [ 2.407009004127485, 39.596592845238469 ], [ 2.4069636522821, 39.596599050759856 ], [ 2.406911823665775, 39.596605938624592 ], [ 2.406821101634836, 39.596620494841872 ], [ 2.406798878906897, 39.596624672112206 ] ], [ [ 2.407506770138744, 39.596545321306287 ], [ 2.407448403926225, 39.596560043001091 ], [ 2.407419648486091, 39.596571339482388 ], [ 2.407395601924913, 39.596572646782512 ], [ 2.407345585064376, 39.596583834805081 ], [ 2.407333481958623, 39.596593786260961 ] ], [ [ 2.407304543021521, 39.596735247846198 ], [ 2.407359041064983, 39.596740531974277 ], [ 2.407395963163316, 39.596747157278422 ], [ 2.407427296651357, 39.59675876021381 ], [ 2.407468032246795, 39.596751815549744 ], [ 2.407526422988767, 39.596734233188201 ], [ 2.407570923270781, 39.596719440757006 ], [ 2.407599770130088, 39.596697416994402 ] ], [ [ 2.407869443874967, 39.596882954841433 ], [ 2.407944734747463, 39.596943414950353 ] ], [ [ 2.40784367965649, 39.596977229370033 ], [ 2.407788664721966, 39.596924024949033 ] ], [ [ 2.407909103380514, 39.596785174910515 ], [ 2.407943702365679, 39.596847573917671 ], [ 2.407968393663001, 39.596879168341012 ], [ 2.408035609165752, 39.596910979416784 ], [ 2.408082711997105, 39.596916225528737 ], [ 2.408108620278645, 39.596913496728696 ] ], [ [ 2.408464653530562, 39.596791580775161 ], [ 2.408455919742713, 39.596840169619256 ], [ 2.408434414905803, 39.596868667961779 ], [ 2.408401791438526, 39.596899970471945 ], [ 2.408371978596876, 39.596926996560377 ], [ 2.408350644066545, 39.596935470274552 ] ], [ [ 2.408307117620252, 39.59672712600134 ], [ 2.408302179953739, 39.596764291034034 ], [ 2.408273211572307, 39.596800619167674 ], [ 2.408231405258332, 39.596824722456859 ], [ 2.408190572313838, 39.596843110024018 ], [ 2.408152592633051, 39.596852213440101 ], [ 2.408109125501619, 39.596854138284748 ] ], [ [ 2.408382410039601, 39.596570166335113 ], [ 2.408373452268801, 39.596645216501713 ], [ 2.408372265932523, 39.596675963652231 ], [ 2.408377428583051, 39.596721047045001 ] ], [ [ 2.408470973188474, 39.596592072664414 ], [ 2.40846514015262, 39.596625657843902 ], [ 2.408482363230307, 39.596665796487152 ], [ 2.408570140754055, 39.59677995921534 ], [ 2.408641772080085, 39.596836109523352 ], [ 2.408696008830777, 39.596872144885232 ] ], [ [ 2.408749577645966, 39.596660719552609 ], [ 2.408795105091218, 39.596742483978694 ], [ 2.40882878622715, 39.596804161732344 ] ], [ [ 2.408796352608285, 39.59681329447799 ], [ 2.408828360648946, 39.596854223718033 ] ], [ [ 2.408857638301335, 39.596890132012028 ], [ 2.408893356273306, 39.596929650167745 ], [ 2.408909686514566, 39.59696620800036 ], [ 2.408914029312652, 39.596999129545985 ], [ 2.408913925978904, 39.597011286671481 ] ], [ [ 2.409263962891864, 39.596470471377629 ], [ 2.409331541900898, 39.596495846567215 ], [ 2.409408322931004, 39.596526036763166 ], [ 2.409521637912539, 39.596608859966892 ] ], [ [ 2.409431992689632, 39.596641780462754 ], [ 2.40950703186853, 39.596695801297997 ], [ 2.409611122646705, 39.596776194299572 ] ], [ [ 2.409223744134324, 39.596670521705668 ], [ 2.409306558066053, 39.596716238625454 ], [ 2.409386118401742, 39.596782203202537 ], [ 2.409462769358223, 39.596827887782325 ], [ 2.409510176600537, 39.596869849295203 ] ], [ [ 2.40942982649437, 39.596896856685198 ], [ 2.409532386800372, 39.59697604900704 ], [ 2.409647262535311, 39.597056496780631 ], [ 2.409766618173938, 39.597153655247496 ] ], [ [ 2.409571430935445, 39.596914264388637 ], [ 2.409621980645956, 39.596949088515252 ] ], [ [ 2.409683670198174, 39.596942250442424 ], [ 2.409714362625744, 39.596956710287706 ], [ 2.409777309727687, 39.596983253753805 ] ], [ [ 2.409689749620875, 39.596770633450745 ], [ 2.409723432522183, 39.596795837098938 ], [ 2.409760298233221, 39.596809136225758 ] ], [ [ 2.409516679087476, 39.596466987679605 ], [ 2.409564258170055, 39.59648868488889 ], [ 2.409610348239894, 39.596504415073504 ] ], [ [ 2.410125099252992, 39.59667033288698 ], [ 2.41009674920516, 39.596742900602095 ], [ 2.410082266340825, 39.596815539616543 ] ], [ [ 2.410623066667586, 39.596817092001395 ], [ 2.41055830595612, 39.597186282037605 ], [ 2.410525956233065, 39.597367300533996 ] ], [ [ 2.410293973802406, 39.597287452303917 ], [ 2.410287254606641, 39.597352977431768 ] ], [ [ 2.41021083082942, 39.597098694375333 ], [ 2.410200899684077, 39.597179700079408 ] ], [ [ 2.410863960118155, 39.597299879411032 ], [ 2.411003150439922, 39.597238601150778 ], [ 2.411137667606244, 39.597183259378696 ] ], [ [ 2.410875794190031, 39.596812413339478 ], [ 2.410812049019369, 39.596880033487757 ], [ 2.410745211998574, 39.596948830889005 ] ], [ [ 2.411263017281623, 39.597300710042845 ], [ 2.411037123074784, 39.597411613300842 ], [ 2.410941264921165, 39.597450462901492 ] ], [ [ 2.411345016038874, 39.597442973476298 ], [ 2.411241332807535, 39.597496087594301 ], [ 2.411179521794144, 39.597517229791158 ], [ 2.411038791406191, 39.597578500452379 ] ], [ [ 2.411413268792667, 39.597570862402044 ], [ 2.41134793215995, 39.597644435112748 ], [ 2.411301468746783, 39.597672807534934 ], [ 2.411242668598424, 39.597702309494551 ] ], [ [ 2.411511129188642, 39.597659565710437 ], [ 2.411481461265869, 39.597705903387471 ], [ 2.411428652970542, 39.597755699142205 ], [ 2.411396126418187, 39.597775798624902 ], [ 2.411335896384218, 39.59779218154204 ] ], [ [ 2.411613530469574, 39.597757827572707 ], [ 2.411566885532879, 39.597807655501946 ], [ 2.411521901244405, 39.597843187008415 ], [ 2.411444551720587, 39.597879747526498 ] ], [ [ 2.411683598282214, 39.597853542396976 ], [ 2.411596741630142, 39.597921045938868 ], [ 2.411564184787242, 39.597944721518111 ], [ 2.411526833954667, 39.597988636158938 ] ], [ [ 2.411807409249443, 39.597970984674262 ], [ 2.411759334392041, 39.598007692694075 ], [ 2.411692749306487, 39.598046692008843 ], [ 2.411671017457409, 39.598065653254899 ], [ 2.411632055190801, 39.598117904243814 ] ], [ [ 2.412004260021008, 39.598197268332349 ], [ 2.41199619299552, 39.598240139245583 ], [ 2.411930817187251, 39.598318479447492 ], [ 2.411898188543122, 39.5983504983285 ], [ 2.411890304048685, 39.598371914739268 ], [ 2.411874483487005, 39.598420705834606 ] ], [ [ 2.411669756893604, 39.598214646337141 ], [ 2.411674066782517, 39.598251620459472 ], [ 2.411671951129662, 39.598319553104858 ] ], [ [ 2.411960122380878, 39.598132676902125 ], [ 2.411891967377993, 39.598175243687251 ], [ 2.411853287495195, 39.598194120082702 ], [ 2.411806923571446, 39.598210573430713 ], [ 2.411779069841685, 39.598224736335112 ], [ 2.41175732787603, 39.59824488961322 ], [ 2.411743087253612, 39.598288921320346 ] ], [ [ 2.411595801370733, 39.598214271839154 ], [ 2.411597090062929, 39.59824407825775 ], [ 2.41159376632728, 39.598272669250413 ], [ 2.41158424005069, 39.598305997102898 ] ], [ [ 2.412070621156819, 39.598366866956404 ], [ 2.412057781620138, 39.598427593838792 ], [ 2.412055988828012, 39.598457384658822 ], [ 2.412055757034738, 39.598484799242101 ] ], [ [ 2.412234394316136, 39.598314056097351 ], [ 2.41216007593836, 39.598356591859869 ], [ 2.412119693960084, 39.598394531014236 ] ], [ [ 2.412370755363771, 39.598405337566064 ], [ 2.412270183370743, 39.598454892123691 ], [ 2.412186599648954, 39.598499765169635 ], [ 2.412170990851961, 39.598523526656528 ], [ 2.412162863435406, 39.598573548778937 ], [ 2.412151343105325, 39.598660506031592 ] ], [ [ 2.412705187637177, 39.598396299859658 ], [ 2.412569078145538, 39.598457595721037 ], [ 2.412518112987907, 39.598471641953637 ], [ 2.412399142676645, 39.598510376787281 ], [ 2.412337149780822, 39.598552974993673 ], [ 2.412313705846171, 39.598592191949535 ], [ 2.41230888300225, 39.598616007108213 ], [ 2.412300765740025, 39.598664838124364 ], [ 2.41232346426859, 39.59871382500674 ] ], [ [ 2.41232322250451, 39.598742431606908 ], [ 2.412279174373244, 39.59884948859272 ], [ 2.412266234179844, 39.598922134759874 ] ], [ [ 2.412205761370597, 39.597545312201497 ], [ 2.412175030816745, 39.597681044370312 ], [ 2.412155792420919, 39.597769631304857 ], [ 2.41214623423609, 39.597806774023319 ] ], [ [ 2.412384546408537, 39.597612015421717 ], [ 2.412407602203468, 39.597727993274162 ], [ 2.412395469521082, 39.597850946476697 ], [ 2.412383554360213, 39.59794815283022 ], [ 2.412371808381137, 39.598025334557967 ] ], [ [ 2.411496062878685, 39.597291400808651 ], [ 2.411568883216358, 39.59720737697247 ], [ 2.411719803167442, 39.597070822699187 ], [ 2.411900388852349, 39.59692440699218 ] ], [ [ 2.411774491718388, 39.597381495881365 ], [ 2.411804472821528, 39.59733444429056 ], [ 2.411888325531026, 39.597257627609764 ], [ 2.411996369891096, 39.597162337755158 ], [ 2.412145670364003, 39.596998597740622 ] ], [ [ 2.412393766662049, 39.597177222140878 ], [ 2.412280333964986, 39.597253889570709 ], [ 2.412194778490101, 39.59731353322347 ], [ 2.412141015747083, 39.59733042592525 ], [ 2.412079736591311, 39.597361584484354 ], [ 2.412023895714288, 39.59740564450464 ], [ 2.411994023581286, 39.597439822729704 ], [ 2.411980670870458, 39.597488388463979 ] ], [ [ 2.412384546408537, 39.597612015421717 ], [ 2.412390467123442, 39.597567702779749 ], [ 2.412431747726494, 39.597496391967837 ], [ 2.412528855603184, 39.597382451676751 ], [ 2.412599656212163, 39.597318441561242 ], [ 2.412683168621424, 39.59728167354676 ], [ 2.412748278036445, 39.597234799269721 ], [ 2.412848804977786, 39.597153775441036 ], [ 2.412912173402483, 39.597094018298087 ], [ 2.413005474715477, 39.596992932338829 ], [ 2.413070787699352, 39.596921742698932 ] ], [ [ 2.411026742784684, 39.596805788314207 ], [ 2.411176788245895, 39.596736221286776 ], [ 2.411368562755583, 39.596651368587729 ] ], [ [ 2.410876100592056, 39.596582121398981 ], [ 2.410971553747645, 39.596590948910148 ], [ 2.411082475500514, 39.596592703239182 ], [ 2.411236485737385, 39.596600636148118 ], [ 2.411445981548042, 39.596606465785612 ] ], [ [ 2.410876100592056, 39.596582121398981 ], [ 2.410831752562095, 39.596579035750139 ], [ 2.410777407458043, 39.596592110793388 ], [ 2.410657460172607, 39.596637274993213 ], [ 2.410610476886886, 39.596654201375422 ], [ 2.410526298407812, 39.596696686090226 ] ], [ [ 2.410157093917445, 39.596955144573897 ], [ 2.4101467719498, 39.597009447049942 ], [ 2.410139093443498, 39.597042783269167 ], [ 2.410115375700501, 39.597077946449957 ], [ 2.410083021065127, 39.597114019069288 ], [ 2.410063089980572, 39.597138710725631 ], [ 2.410050546225591, 39.597164394082149 ], [ 2.410040466831884, 39.597190089949983 ] ], [ [ 2.409615941822611, 39.597330734913982 ], [ 2.409621230307819, 39.59714338006399 ], [ 2.409567113139821, 39.597093041827591 ], [ 2.409544130814616, 39.597077905703919 ] ], [ [ 2.410721361283298, 39.599199196037091 ], [ 2.410528467437419, 39.599415161250484 ], [ 2.410456713177072, 39.599518500756155 ], [ 2.410437819714244, 39.599566083983909 ], [ 2.410422021716148, 39.599622500430293 ], [ 2.410442026252165, 39.599807361577184 ], [ 2.410508785218957, 39.600111658563335 ], [ 2.410544814152933, 39.600223889376068 ], [ 2.410560934135061, 39.600321714369144 ] ], [ [ 2.410721361283298, 39.599199196037091 ], [ 2.410746286570796, 39.599167139327271 ], [ 2.410765058514724, 39.599133858437824 ] ], [ [ 2.410834226525455, 39.59933565599168 ], [ 2.410627769100016, 39.59951579236435 ], [ 2.410590305685582, 39.599572817959 ], [ 2.410574684838861, 39.599597770330476 ] ], [ [ 2.410691915104195, 39.599582869002113 ], [ 2.410663737319883, 39.5996351743471 ], [ 2.410655740005024, 39.599669701936833 ], [ 2.410656987908765, 39.599704275519422 ] ], [ [ 2.410811944259944, 39.599601357835539 ], [ 2.410756163394499, 39.599638027250187 ], [ 2.410734360077488, 39.599665332423847 ], [ 2.410724882535512, 39.599692700106409 ], [ 2.410726049658895, 39.599736809818033 ], [ 2.410736239790225, 39.599807188972086 ], [ 2.410781745331251, 39.599892052030526 ], [ 2.410806054755051, 39.599932702894883 ] ], [ [ 2.410854061928494, 39.599904338513618 ], [ 2.410820456751705, 39.599869599957898 ], [ 2.410805412778109, 39.599826611946781 ] ], [ [ 2.411068283702287, 39.599717088703059 ], [ 2.411032674381087, 39.599737172449053 ], [ 2.41101853510939, 39.599769284794668 ], [ 2.411014988937693, 39.599824098316574 ], [ 2.411036196534941, 39.599867117544548 ] ], [ [ 2.410925442385448, 39.599845100665547 ], [ 2.410991210624771, 39.599902649722047 ], [ 2.411026276011556, 39.599946931268633 ], [ 2.411081168603256, 39.600015152848862 ] ], [ [ 2.411792874996575, 39.599488320457311 ], [ 2.411791586203998, 39.599458514046468 ], [ 2.411817929813338, 39.599440767295924 ], [ 2.411865946319271, 39.599411210472056 ], [ 2.411915381514088, 39.599395964718354 ], [ 2.412004716692474, 39.599399993050795 ] ], [ [ 2.411787808745091, 39.599540743077512 ], [ 2.411787929740729, 39.599526439780803 ], [ 2.411797304850523, 39.599510991265397 ], [ 2.411826670884215, 39.599500411318125 ], [ 2.411900910041379, 39.59946741191991 ], [ 2.411987454725072, 39.599436857984649 ], [ 2.412074020655319, 39.599403919956941 ], [ 2.412191723861651, 39.599332995934333 ], [ 2.412267553906556, 39.599294044010499 ], [ 2.412345065762552, 39.599238411596367 ], [ 2.412386918468892, 39.599208823380309 ], [ 2.412420935909532, 39.599194691503698 ], [ 2.41246558711269, 39.599198493502492 ], [ 2.412479323921429, 39.599214058942515 ], [ 2.412482284788969, 39.599228377824666 ], [ 2.412482083372233, 39.599252216356376 ], [ 2.412474137363914, 39.599280783997209 ] ], [ [ 2.412269920330867, 39.599378687373061 ], [ 2.412251421062925, 39.599379785862808 ], [ 2.412200393548656, 39.599400983141031 ], [ 2.412067423836621, 39.599455142778268 ], [ 2.411993225082977, 39.599483375118488 ], [ 2.411935994792302, 39.599509309159011 ], [ 2.411897294018827, 39.599530568691378 ], [ 2.411841665009333, 39.599549359285966 ], [ 2.411821544166608, 39.599559985137702 ], [ 2.411813799499025, 39.599564714202124 ], [ 2.411805975336229, 39.599578978502656 ], [ 2.411804303393012, 39.59959446601529 ] ], [ [ 2.412255599787421, 39.599249879743184 ], [ 2.412181703616287, 39.599242353510263 ], [ 2.412127817319887, 39.599237312609247 ], [ 2.412092379871328, 39.599237133304513 ], [ 2.412067676884129, 39.599242968645086 ], [ 2.41204441513422, 39.599260731048432 ] ], [ [ 2.412193385635049, 39.599318700431347 ], [ 2.41209170466338, 39.59931699391133 ], [ 2.411980699058694, 39.599324775751541 ], [ 2.411954465249935, 39.599329411252988 ], [ 2.411923448732264, 39.599353093820618 ] ], [ [ 2.412354430962759, 39.599041780418581 ], [ 2.412303455258697, 39.599057018568786 ], [ 2.412163909730968, 39.599160016228488 ], [ 2.412108150091, 39.599194301368684 ] ], [ [ 2.412523481697392, 39.599276266132904 ], [ 2.412542685827858, 39.599191731836619 ], [ 2.412544629484248, 39.599144061661697 ], [ 2.412526361895837, 39.599117745613235 ], [ 2.412509504269169, 39.599106931768297 ], [ 2.412494237853721, 39.599090166529606 ], [ 2.412488285911659, 39.59906510481531 ], [ 2.412489997974033, 39.599044849223297 ], [ 2.412508769045519, 39.599011568945976 ], [ 2.412525938835278, 39.598985431172999 ], [ 2.412578667909422, 39.59894517017019 ], [ 2.412714838749761, 39.598876723109854 ], [ 2.412751977932562, 39.598857838643085 ], [ 2.412796699394201, 39.598853297296586 ], [ 2.412818219830979, 39.598859365492707 ], [ 2.412854976526957, 39.59888577492957 ], [ 2.412937553985102, 39.598960095883314 ] ], [ [ 2.413064066892836, 39.598940471687499 ], [ 2.413105053938739, 39.599013390351622 ], [ 2.41321954492021, 39.599140319674227 ], [ 2.413295939515934, 39.599216993282049 ], [ 2.413326533141065, 39.599243371448097 ], [ 2.413366462455683, 39.599259069034012 ], [ 2.413414236865187, 39.599258118166645 ] ], [ [ 2.413693678005913, 39.599192777313057 ], [ 2.413334868748069, 39.598985943138004 ], [ 2.413272069322528, 39.598941522232181 ], [ 2.41325991463886, 39.598921196603548 ], [ 2.413210982989694, 39.598876845693773 ], [ 2.413149754773042, 39.598828856453281 ], [ 2.413028386672365, 39.598786523717841 ], [ 2.41294363567339, 39.59878728760669 ], [ 2.412818773405627, 39.598793809071388 ], [ 2.412751010853064, 39.598789890401051 ], [ 2.412706429195912, 39.598777745290846 ] ], [ [ 2.413091930269495, 39.598742740909096 ], [ 2.413219420334515, 39.598789872766567 ], [ 2.413280779309028, 39.59882236665154 ] ], [ [ 2.412929575630574, 39.598627489400911 ], [ 2.413029644350771, 39.598637530613999 ], [ 2.413144989627182, 39.598663145781977 ], [ 2.413224907879948, 39.598687388960769 ], [ 2.41329573194419, 39.598693706949355 ], [ 2.41336040385703, 39.598698800864078 ], [ 2.413426645621637, 39.598700327365847 ], [ 2.413475930331903, 39.598702960300002 ], [ 2.413509716084444, 39.598716242689207 ], [ 2.41357247525076, 39.598765431535966 ], [ 2.413644357843888, 39.598828969401502 ], [ 2.413720360636374, 39.598952128695579 ] ], [ [ 2.41375591853835, 39.59893800419951 ], [ 2.413829141371191, 39.599025389165192 ], [ 2.413864176832202, 39.599073245917225 ], [ 2.413880693069177, 39.599124585442574 ] ], [ [ 2.413407937837923, 39.598908832159694 ], [ 2.41350919601922, 39.598960599533385 ], [ 2.413576596917842, 39.599007426769937 ], [ 2.413619366632785, 39.599051746427889 ] ], [ [ 2.411357347201299, 39.602346961695353 ], [ 2.411789220069451, 39.602005854336902 ], [ 2.412189071567568, 39.601660769272435 ], [ 2.412375130045536, 39.601524392938437 ], [ 2.412441967170037, 39.601492308166314 ], [ 2.41256560356728, 39.601449068318168 ], [ 2.41271858176771, 39.601434583561307 ], [ 2.412797712531936, 39.601406375697472 ], [ 2.4128347725217, 39.601397027352796 ], [ 2.412896405346853, 39.601397338803274 ], [ 2.412960228968188, 39.601430083174954 ], [ 2.413033882033188, 39.601466692144456 ], [ 2.413126904223347, 39.601545357325548 ], [ 2.413180883748403, 39.601576144364351 ], [ 2.413249703425832, 39.601601285661147 ], [ 2.413338229125311, 39.601628433006319 ], [ 2.413429348134033, 39.601640336178171 ], [ 2.413572239782846, 39.601652500599464 ], [ 2.413789106778589, 39.601663131515807 ], [ 2.413914935072079, 39.601652323175294 ], [ 2.4141124163734, 39.601622803863705 ], [ 2.414457764461715, 39.601563752977917 ], [ 2.414670181604263, 39.601517143299731 ], [ 2.414981468794422, 39.60144051669689 ], [ 2.415312589560826, 39.60135063845366 ], [ 2.415665993298007, 39.601249427304658 ], [ 2.415880954479759, 39.601193292562762 ], [ 2.416056455441387, 39.601138866595427 ], [ 2.416177479218788, 39.601112773551456 ], [ 2.416251469904998, 39.601109331241702 ], [ 2.416372061338893, 39.601134730790982 ], [ 2.416490043140964, 39.601177281798378 ], [ 2.416588063110767, 39.601248339367679 ], [ 2.416661349915729, 39.601328810119924 ], [ 2.416707566986606, 39.601403422467619 ], [ 2.416815738151927, 39.601733909512866 ], [ 2.416846586774223, 39.601877103409826 ], [ 2.41684389829353, 39.601903791141261 ], [ 2.416798994694124, 39.601966502942737 ], [ 2.416786283391374, 39.602012211636037 ], [ 2.41675369106109, 39.60207689270328 ], [ 2.416760239147921, 39.60217800620434 ], [ 2.416769587749595, 39.602239083728236 ] ], [ [ 2.413086042334578, 39.6017129837048 ], [ 2.413231126162053, 39.601757581502667 ], [ 2.413383830210289, 39.601775517271797 ], [ 2.413425612565621, 39.60179098541596 ], [ 2.413457340235646, 39.60182928993526 ], [ 2.413474451860332, 39.601846541002971 ] ], [ [ 2.412923511042107, 39.601982983460744 ], [ 2.412997551093304, 39.601973821914271 ], [ 2.41308873605346, 39.601978096637602 ], [ 2.4131749896125, 39.601982346382556 ], [ 2.413268608111111, 39.601990448230829 ], [ 2.413332625552902, 39.602000307128726 ], [ 2.413352235075903, 39.602013756752569 ] ], [ [ 2.412777041746542, 39.602102396072517 ], [ 2.41288786852706, 39.602116306760337 ], [ 2.412966518111209, 39.602145311969089 ], [ 2.413037883323801, 39.602160929714991 ], [ 2.413096986719483, 39.602168857331115 ], [ 2.413175781317641, 39.602180698446681 ], [ 2.413269286268004, 39.602202149430461 ] ], [ [ 2.41270707800436, 39.602212659599743 ], [ 2.412901517104284, 39.602251785712355 ], [ 2.413066420765902, 39.602285041641444 ], [ 2.413135321591584, 39.602300646878348 ], [ 2.413177263997176, 39.602297044649241 ], [ 2.413224330973053, 39.602270582040383 ] ], [ [ 2.41270707800436, 39.602212659599743 ], [ 2.412645653900918, 39.602187555369817 ], [ 2.41262103364374, 39.602183616832043 ] ], [ [ 2.412079628147016, 39.602066447296295 ], [ 2.411955588272666, 39.602157364554351 ], [ 2.411720300597404, 39.602283955313808 ], [ 2.411596468519264, 39.602350079504205 ], [ 2.411418157481649, 39.602444536298869 ], [ 2.411353687824005, 39.602488074688424 ] ], [ [ 2.411296080041449, 39.602594585878244 ], [ 2.411179143506589, 39.602719867648894 ], [ 2.411092112632508, 39.602807157447508 ], [ 2.411015185664532, 39.602865890597862 ], [ 2.410973048928886, 39.602892377300861 ], [ 2.410911172418893, 39.602920671392667 ], [ 2.410844268580298, 39.602960383079285 ], [ 2.410764989790787, 39.603005754429724 ], [ 2.410727896345622, 39.60301891601226 ], [ 2.410673334857482, 39.603056783610299 ] ], [ [ 2.411575616444817, 39.602483477288416 ], [ 2.41144142282503, 39.602608672828879 ], [ 2.411369410525484, 39.602669337698927 ], [ 2.411307374058536, 39.602716703361992 ] ], [ [ 2.411571714220656, 39.602653197760354 ], [ 2.411462545415165, 39.602734654158617 ], [ 2.411380882282981, 39.602770477320092 ] ], [ [ 2.411662238306726, 39.602735665519795 ], [ 2.411570552103109, 39.602790509327939 ], [ 2.411520955010555, 39.602824587494879 ], [ 2.411503600335299, 39.602835942714009 ], [ 2.411421807941547, 39.602887023343648 ], [ 2.411369777265746, 39.602917274142882 ], [ 2.411337549695805, 39.602938090520695 ] ], [ [ 2.41206997446808, 39.602333405235079 ], [ 2.412150427404027, 39.602440614486632 ], [ 2.412196253377724, 39.602560999113187 ], [ 2.412239517036173, 39.602692814779935 ], [ 2.412285794714867, 39.602759800118989 ] ], [ [ 2.412025870848215, 39.602592559780824 ], [ 2.412123726930405, 39.602682692433518 ], [ 2.412182443689047, 39.602736391044083 ], [ 2.412255936493482, 39.602792071859177 ] ], [ [ 2.411947848052034, 39.602780976414934 ], [ 2.412008627274709, 39.602882365522156 ], [ 2.412035439301553, 39.602918738057873 ], [ 2.412077286544341, 39.602926577965611 ], [ 2.412148781346048, 39.602926939718536 ], [ 2.412360608920735, 39.602950897517843 ] ], [ [ 2.411535431824341, 39.603052235654971 ], [ 2.411663230905001, 39.603201025320388 ], [ 2.411719531569422, 39.603248989464802 ], [ 2.411780956265397, 39.603274094184229 ], [ 2.41188414662346, 39.60331657496959 ], [ 2.411911265251394, 39.603316712236371 ] ], [ [ 2.41183821044526, 39.602917739810472 ], [ 2.41211010784923, 39.603126999555315 ] ], [ [ 2.412501842938125, 39.602575895334908 ], [ 2.412550973242798, 39.6025971234087 ], [ 2.412605193837108, 39.602599304125384 ], [ 2.412657015473849, 39.60259384454254 ], [ 2.412832344121538, 39.602560401358346 ], [ 2.412948473463743, 39.602530472884595 ], [ 2.413054805365999, 39.602492866653428 ], [ 2.413116711663553, 39.60246075749162 ], [ 2.413208283561537, 39.602419261587677 ], [ 2.413373911869825, 39.602366696421363 ], [ 2.413705376799582, 39.60223677359614 ] ], [ [ 2.413372154146771, 39.602282771614803 ], [ 2.413411969870615, 39.602239106732782 ], [ 2.413456635360534, 39.602205002856053 ], [ 2.413600042877608, 39.602156140160332 ], [ 2.413627419569202, 39.602125763032888 ], [ 2.413706422112225, 39.602112811104483 ], [ 2.413740920166042, 39.602114892667792 ] ], [ [ 2.413491987260202, 39.60210600728373 ], [ 2.413507712247986, 39.601995469504146 ], [ 2.413530141414341, 39.601966974911981 ], [ 2.413584522397403, 39.601950084708761 ], [ 2.413624032201819, 39.601942655064732 ], [ 2.413737372855492, 39.601950856067631 ], [ 2.413971530577942, 39.601957758914857 ], [ 2.414245164798416, 39.601961046242153 ], [ 2.414363467943458, 39.601965456677348 ], [ 2.414454620862812, 39.601973545142542 ], [ 2.414602509035723, 39.601978104429215 ], [ 2.414797414081543, 39.601961921587666 ], [ 2.415068678939548, 39.601953751917698 ], [ 2.41515256431679, 39.601946545148344 ], [ 2.415204464315198, 39.601931549185061 ] ], [ [ 2.414480150170868, 39.602162485336578 ], [ 2.414406206469219, 39.602160206090971 ], [ 2.41431484446471, 39.602176910267573 ], [ 2.414198748427611, 39.602203025304554 ], [ 2.414107434530879, 39.602214007998704 ], [ 2.414008804988504, 39.602215418089187 ], [ 2.413932380628929, 39.602215032617146 ], [ 2.41386086929931, 39.602216578466582 ] ], [ [ 2.414548809152671, 39.602206697226428 ], [ 2.414425543196725, 39.602206076041156 ], [ 2.414316939523734, 39.60222078583368 ], [ 2.414277398667259, 39.602232029630279 ], [ 2.414008531743524, 39.602247838592533 ], [ 2.413917283230514, 39.602251192417725 ], [ 2.413863013461935, 39.602254733627191 ], [ 2.413786362785982, 39.602281047236929 ] ], [ [ 2.413810373309461, 39.60235745616307 ], [ 2.413862257825389, 39.602344367310167 ], [ 2.414214881358495, 39.602336610045668 ], [ 2.414340677520783, 39.602329615159952 ] ], [ [ 2.414288592657969, 39.602073788921743 ], [ 2.413859707020975, 39.602062090441017 ], [ 2.413751216017501, 39.602063450563939 ] ], [ [ 2.414306284059175, 39.602022384048801 ], [ 2.414505814408012, 39.602042461871243 ], [ 2.414665932618416, 39.602058525830323 ], [ 2.414870522998553, 39.602063371320448 ], [ 2.414976611307435, 39.602054369004755 ], [ 2.415048202682736, 39.602043286333888 ], [ 2.415114878655154, 39.60203027228826 ], [ 2.415152131186406, 39.601998037025879 ], [ 2.415216518999988, 39.601964031742547 ], [ 2.415305911978999, 39.601888193838064 ], [ 2.415380336487152, 39.601833260209567 ], [ 2.415447236674518, 39.601793545876042 ], [ 2.415533810793935, 39.601759652034552 ], [ 2.415600551698827, 39.60173900808423 ], [ 2.415667115091045, 39.601739342865166 ], [ 2.415703950514404, 39.601756692799647 ], [ 2.415718469932476, 39.601789188602396 ] ], [ [ 2.413824929928422, 39.601800629738563 ], [ 2.413921061027503, 39.601803022175261 ], [ 2.414088894732599, 39.601780982401415 ], [ 2.41427893336546, 39.601757146837997 ], [ 2.414357935372885, 39.601744194461787 ], [ 2.414434472810381, 39.601731230511767 ], [ 2.414503341289308, 39.601750648849567 ], [ 2.414567471093651, 39.601747157922723 ], [ 2.414619308010025, 39.601739790051184 ], [ 2.414698197555301, 39.601740187488701 ], [ 2.414762247081895, 39.601746231686441 ], [ 2.414853447914223, 39.601748598517638 ], [ 2.414919995256104, 39.601750841133544 ], [ 2.414991586326862, 39.601739758494716 ], [ 2.415038475750595, 39.601734273012895 ], [ 2.415115140238057, 39.601706051153862 ] ], [ [ 2.414096756722856, 39.601725713014424 ], [ 2.414358481526806, 39.601679353445135 ], [ 2.414511524129767, 39.60165723760305 ], [ 2.414713968698571, 39.601623928204518 ], [ 2.414844951712102, 39.601586444498878 ], [ 2.415042544758034, 39.601543574455832 ], [ 2.415328873577125, 39.601503057225784 ], [ 2.41547949789886, 39.601475207275648 ], [ 2.41556349487381, 39.601454650155986 ], [ 2.415662315644927, 39.60143035435528 ] ], [ [ 2.415237460165407, 39.601819190600295 ], [ 2.415069802028865, 39.601820254157111 ], [ 2.414722048365409, 39.601835667604661 ], [ 2.414581460081814, 39.601842588375938 ], [ 2.414517362305886, 39.601842265397323 ], [ 2.414418701173667, 39.601847489752238 ], [ 2.41431017954706, 39.601852664317967 ], [ 2.414238652526378, 39.601856117809483 ] ], [ [ 2.416249673874618, 39.602497757985589 ], [ 2.416213078126006, 39.602451800719855 ], [ 2.416162363014432, 39.602325671529776 ], [ 2.416145923222719, 39.602228322367303 ], [ 2.416166622328682, 39.602112087653623 ], [ 2.416187577581295, 39.601965338922327 ], [ 2.416188442306325, 39.60186235514719 ] ], [ [ 2.416141794814166, 39.601545527325207 ], [ 2.416090183588214, 39.601526195785183 ], [ 2.416050754364101, 39.601524090136287 ], [ 2.415875460700427, 39.601553724294469 ], [ 2.415776544835688, 39.601589463823558 ], [ 2.415632915584808, 39.601665029326917 ] ], [ [ 2.416150167090619, 39.601722937834055 ], [ 2.416135935740999, 39.60165611505834 ], [ 2.416116388672474, 39.601635037166027 ], [ 2.416094297001477, 39.60162348302061 ], [ 2.416052467254593, 39.601613737158942 ], [ 2.416035225740452, 39.601611743015731 ], [ 2.415978363887417, 39.601630529386767 ], [ 2.415825097470899, 39.60167934546039 ] ], [ [ 2.415909704901566, 39.601292611154044 ], [ 2.415862607551921, 39.6013228896824 ], [ 2.415810756218138, 39.601332164624608 ], [ 2.415731803015159, 39.601339396674128 ], [ 2.415665143840385, 39.601350504574803 ], [ 2.415568724747219, 39.601382441509649 ], [ 2.415494668445963, 39.601393512104075 ], [ 2.415425512587442, 39.601408422282603 ], [ 2.415326707799052, 39.601430811375479 ] ], [ [ 2.415909704901566, 39.601292611154044 ], [ 2.415986465829473, 39.601252946075057 ], [ 2.416087718657055, 39.601232476210136 ], [ 2.41618876442664, 39.601236798054899 ], [ 2.416260257543434, 39.601237157265238 ], [ 2.416343917814503, 39.601256649729152 ], [ 2.416402844764101, 39.601285553541025 ] ], [ [ 2.416393752085513, 39.601487670054759 ], [ 2.416433902282922, 39.601697662949562 ], [ 2.416481255437399, 39.601930578247668 ] ], [ [ 2.416249673874618, 39.602497757985589 ], [ 2.416343121481499, 39.602581427966918 ], [ 2.416453806286619, 39.602704164049264 ], [ 2.416534076282958, 39.602779066411664 ], [ 2.416579950908732, 39.602821016419107 ], [ 2.416633780325008, 39.602833206474983 ], [ 2.416679981215089, 39.602836419055571 ], [ 2.416741790344599, 39.602815869532265 ], [ 2.416865707246311, 39.602739011675212 ] ], [ [ 2.415903643863341, 39.602126410549801 ], [ 2.415959154878072, 39.602121922233643 ], [ 2.415994513729642, 39.602131635603527 ], [ 2.416014394417942, 39.602149615636833 ], [ 2.416028061361096, 39.602173523870555 ], [ 2.416027831103378, 39.602200938455745 ], [ 2.416014904159105, 39.602272393907086 ], [ 2.415994602942741, 39.602304474975973 ] ], [ [ 2.415687038527363, 39.60204784247113 ], [ 2.415709740532447, 39.60209682778828 ], [ 2.415728020110098, 39.602121952221644 ], [ 2.415754113345111, 39.60213400320449 ], [ 2.415784870594144, 39.602141309364626 ], [ 2.415801769528892, 39.602147354670713 ], [ 2.415805891552303, 39.602206975149748 ], [ 2.4158100324487, 39.602264211588697 ] ], [ [ 2.416933630842587, 39.602842966884921 ], [ 2.416882413396348, 39.602886813624195 ], [ 2.4168144954627, 39.602900776641569 ], [ 2.416762046926298, 39.602907664871744 ], [ 2.416697221999958, 39.602920451279715 ], [ 2.416649385092752, 39.602928555579084 ], [ 2.41659237369777, 39.602928269322099 ], [ 2.416573923558335, 39.602923408408969 ] ], [ [ 2.41696097842857, 39.603073158642943 ], [ 2.416859071859464, 39.603097678823339 ], [ 2.416758866146214, 39.603103136182249 ], [ 2.41670644744582, 39.603106449236527 ], [ 2.416617048350411, 39.603109575690205 ], [ 2.416590843414291, 39.603110636176964 ] ], [ [ 2.416591384167366, 39.603229838381765 ], [ 2.416632797450037, 39.603252694694703 ], [ 2.416725228635312, 39.603255542884867 ], [ 2.416833178150344, 39.603245356155909 ], [ 2.41687170956966, 39.603244357480662 ] ], [ [ 2.417261674101729, 39.603047251443002 ], [ 2.417136145021984, 39.603132445198447 ], [ 2.417023053170023, 39.60320458938611 ], [ 2.416931833109426, 39.603241083919237 ], [ 2.41687170956966, 39.603244357480662 ] ], [ [ 2.417042054935465, 39.603327460418051 ], [ 2.416855131527829, 39.603383738000865 ], [ 2.416759328281882, 39.60341544112562 ], [ 2.4167021964852, 39.603429458219374 ], [ 2.416675951432287, 39.603435285890257 ], [ 2.416611266014745, 39.603431385813458 ] ], [ [ 2.41730812383238, 39.603388394841403 ], [ 2.417106793408347, 39.603508968584869 ], [ 2.416944312632536, 39.603590400534806 ], [ 2.416884118807191, 39.603602018217337 ], [ 2.416770034910952, 39.603608597997898 ], [ 2.416586582535084, 39.603618404662171 ] ], [ [ 2.417381688121915, 39.603620010324057 ], [ 2.417174543027488, 39.603698835382886 ], [ 2.417052455536954, 39.603741134594991 ], [ 2.416918060197594, 39.603780987777917 ], [ 2.41682387737545, 39.603803163450813 ], [ 2.416715805834614, 39.603827652555651 ], [ 2.416630938681614, 39.603841530370488 ], [ 2.416530541822222, 39.603869634037281 ] ], [ [ 2.416500774491719, 39.603927892216532 ], [ 2.416646877985434, 39.603962001942193 ], [ 2.416794741404748, 39.603969895749337 ] ], [ [ 2.416689291496027, 39.604049230357738 ], [ 2.416792870474048, 39.604009222761007 ], [ 2.417100223812046, 39.603924940839349 ], [ 2.417302387128776, 39.603889003538328 ] ], [ [ 2.417449282848161, 39.604012515836544 ], [ 2.417236032729306, 39.604084157985774 ], [ 2.417053709187894, 39.604142843081938 ], [ 2.416991945107104, 39.604158029140002 ], [ 2.416865422578202, 39.604177657527657 ], [ 2.41671129482522, 39.6041816521277 ], [ 2.416620363370845, 39.604183579721429 ] ], [ [ 2.417502371307166, 39.603929341833073 ], [ 2.417694760705503, 39.603956529885799 ], [ 2.417883978498591, 39.603994430331561 ], [ 2.418050152994026, 39.60402387058479 ], [ 2.418170122029502, 39.60405069509055 ] ], [ [ 2.417695033141597, 39.603556022000816 ], [ 2.417879646942101, 39.603591514344274 ], [ 2.417928865450726, 39.603602489532662 ], [ 2.418016684277441, 39.603604120621206 ], [ 2.418052123989226, 39.603604298135316 ], [ 2.418135540566302, 39.603579684314319 ] ], [ [ 2.417674369407464, 39.603447446650428 ], [ 2.417976058609978, 39.603487101764323 ], [ 2.418143784033241, 39.603515357585664 ], [ 2.418253174974847, 39.603517097426547 ], [ 2.418313438310908, 39.60349713581396 ], [ 2.418373791361593, 39.603466446016185 ], [ 2.418507122842275, 39.603369370207027 ], [ 2.418591115947225, 39.603275622658707 ] ], [ [ 2.41812475033461, 39.603396063675298 ], [ 2.418183153467376, 39.603414235353327 ], [ 2.418291013270632, 39.603414775423865 ], [ 2.418328123481508, 39.603399465247264 ], [ 2.418377699732585, 39.603367530327624 ], [ 2.418439733179953, 39.603320160869288 ], [ 2.418473881040649, 39.603290531914595 ], [ 2.418507970226112, 39.603268054157155 ] ], [ [ 2.418503626504901, 39.603234657243576 ], [ 2.418544386680404, 39.603151421046682 ], [ 2.418567709068844, 39.603126506154958 ], [ 2.418595603284456, 39.603107573570497 ], [ 2.418624959855406, 39.603098184833208 ], [ 2.418654255458356, 39.6030959472848 ], [ 2.418680420496329, 39.60309965440122 ], [ 2.41870031212499, 39.603116441961838 ], [ 2.418712499022925, 39.60313319097213 ] ], [ [ 2.418394389259401, 39.602661952509358 ], [ 2.418431634176419, 39.602814714526573 ], [ 2.418436919398005, 39.602919636580189 ], [ 2.418414869934172, 39.602976741827824 ], [ 2.418394689254276, 39.60299452091477 ] ], [ [ 2.418236275457439, 39.602774400990427 ], [ 2.418165212170264, 39.602980260138878 ] ], [ [ 2.418286699289239, 39.603009476261278 ], [ 2.418213750895954, 39.603072286957271 ], [ 2.418130344933007, 39.603095708824185 ], [ 2.418020894798226, 39.603101120073845 ], [ 2.417937779283452, 39.603089976015795 ], [ 2.417846868076758, 39.603089520540671 ] ], [ [ 2.418125628768584, 39.602922846292159 ], [ 2.417771103042678, 39.602936566223214 ], [ 2.41772797010358, 39.602935158002587 ] ], [ [ 2.41807626645228, 39.602744991884066 ], [ 2.417712826583352, 39.602719330580221 ] ], [ [ 2.418389857029801, 39.603019528332261 ], [ 2.418341953483421, 39.603109403570087 ], [ 2.418284983631455, 39.60317777708854 ], [ 2.4182532803863, 39.603209802362528 ], [ 2.41822250790129, 39.603241116867785 ] ], [ [ 2.417685442071094, 39.603229367402861 ], [ 2.417863771436427, 39.603279132177427 ], [ 2.417940694585475, 39.603293821467844 ], [ 2.418063834013781, 39.603309934264317 ], [ 2.418120895611, 39.603304260617321 ], [ 2.418171205181192, 39.603295214801967 ], [ 2.418200038338977, 39.603274618301789 ], [ 2.41822250790129, 39.603241116867785 ] ], [ [ 2.41752797116869, 39.603632663539791 ], [ 2.41791702093178, 39.603728781178525 ], [ 2.418066225438865, 39.603760520522961 ], [ 2.418104747154283, 39.603760713457802 ], [ 2.418191176004372, 39.603744458251668 ], [ 2.4182761536109, 39.603717468013613 ], [ 2.418335064466148, 39.603674851248364 ], [ 2.418474630027882, 39.603569462221834 ], [ 2.418577730122165, 39.603469791415932 ], [ 2.418625007181219, 39.603418056392798 ], [ 2.41868026053803, 39.603370653780686 ], [ 2.418736169838244, 39.60331848525415 ] ], [ [ 2.419252942432079, 39.603228856793201 ], [ 2.419231024964455, 39.603196325357054 ], [ 2.419213862614718, 39.603184796445099 ], [ 2.419183125622427, 39.60317510625822 ], [ 2.419131209592845, 39.603192011402946 ], [ 2.419013825528613, 39.603224800563737 ], [ 2.418870323877064, 39.603285112588999 ] ], [ [ 2.419125675168106, 39.603116650139889 ], [ 2.419000879210141, 39.603151308818838 ], [ 2.418929216731373, 39.603170975908881 ], [ 2.418845274441357, 39.603184859971179 ] ], [ [ 2.418781596706574, 39.603134000683028 ], [ 2.418857006216669, 39.603108630864348 ], [ 2.418949656474398, 39.60308525470645 ], [ 2.419031101006511, 39.603075172152721 ], [ 2.419063151070773, 39.60307533240848 ] ], [ [ 2.418896446282246, 39.60296197501377 ], [ 2.418956864212249, 39.602960369688518 ], [ 2.419017352688968, 39.602950182341921 ], [ 2.419132358171721, 39.602906892354113 ], [ 2.419171891849635, 39.602896600162879 ] ], [ [ 2.419167899067781, 39.602931863767822 ], [ 2.419128229940586, 39.602958365771421 ], [ 2.419052774049325, 39.602989457097244 ] ], [ [ 2.418903419948523, 39.603012550654164 ], [ 2.4188467011807, 39.603014173553362 ], [ 2.41880109129182, 39.603013945408627 ], [ 2.418724586261859, 39.603023099220216 ] ], [ [ 2.418591236203256, 39.602901325011459 ], [ 2.418799639050547, 39.602892832054764 ], [ 2.418909483140847, 39.602877170083119 ], [ 2.419003245834127, 39.602868103349081 ], [ 2.419047638114339, 39.602866417838378 ], [ 2.419137775611905, 39.602848750526242 ], [ 2.41918354355082, 39.602829907155268 ], [ 2.419212142411694, 39.602800488113097 ], [ 2.419228485406652, 39.602762426360243 ] ], [ [ 2.419404188815046, 39.602536348599614 ], [ 2.419367915409412, 39.602599104517132 ], [ 2.419309429939004, 39.602664610192036 ], [ 2.419262293289912, 39.602699658165086 ], [ 2.419194281576659, 39.602725065230999 ], [ 2.419089176883515, 39.602763637417048 ], [ 2.418994117140389, 39.602780326784483 ], [ 2.418883096729873, 39.602789307197114 ], [ 2.418753594138123, 39.602797241751198 ], [ 2.418617879913639, 39.602810866640709 ], [ 2.418538981126251, 39.60281142510906 ] ], [ [ 2.419193084789696, 39.602425630528202 ], [ 2.419156341246625, 39.602544646359163 ], [ 2.41913893211238, 39.602562677305762 ], [ 2.419124004627779, 39.602578814070007 ], [ 2.419088090633868, 39.602598659980195 ], [ 2.419022607271471, 39.602616450537568 ], [ 2.418854708092804, 39.602646126156891 ], [ 2.418606566219885, 39.602689703935319 ] ], [ [ 2.419098638990492, 39.602368896035657 ], [ 2.419004636771437, 39.60240656946285 ], [ 2.418914389405606, 39.602437586737047 ], [ 2.418845240024925, 39.602451544785843 ], [ 2.41877863605405, 39.602455979890067 ], [ 2.418720724148597, 39.60245282939254 ], [ 2.41864938123708, 39.602434354465068 ], [ 2.418592821244541, 39.60241690676272 ], [ 2.418516691678009, 39.602381242213369 ], [ 2.41844943655234, 39.602316060928906 ], [ 2.418408973927979, 39.602290111364489 ], [ 2.418392099095009, 39.602244254395487 ] ], [ [ 2.418428373188656, 39.602181498783914 ], [ 2.418499509590847, 39.60222476655094 ], [ 2.418590598412748, 39.602240480501983 ], [ 2.418691494354296, 39.602262917403799 ], [ 2.418817234191974, 39.602262593144445 ], [ 2.41891842510527, 39.602249748656988 ], [ 2.419034653795408, 39.60220741816908 ], [ 2.419159503804221, 39.602166083957457 ] ], [ [ 2.418972194307609, 39.60215847255806 ], [ 2.41884775068964, 39.602151175319769 ], [ 2.418771333146438, 39.602149838870709 ], [ 2.418686311261674, 39.602145599441855 ] ], [ [ 2.417029613039691, 39.602608533813111 ], [ 2.416921944433227, 39.602585346060863 ], [ 2.416774292751181, 39.602552420975222 ], [ 2.416708147216323, 39.602538977087441 ] ], [ [ 2.416716671689371, 39.602624843307602 ], [ 2.416742766450874, 39.602636894075872 ], [ 2.416788962220461, 39.602640702170248 ], [ 2.416850575031007, 39.602643395559298 ], [ 2.416941315715111, 39.602664114295564 ] ], [ [ 2.41703689612214, 39.602475066947335 ], [ 2.417089254369607, 39.602478905841998 ], [ 2.417172478919862, 39.602476939215663 ], [ 2.417206358299878, 39.602479493293657 ], [ 2.417246410241763, 39.602480886254199 ], [ 2.417267891068379, 39.602491721695785 ], [ 2.417280058695443, 39.602510854894696 ] ], [ [ 2.417094746565084, 39.602375229861458 ], [ 2.41722581744032, 39.602363967593142 ], [ 2.417329312518825, 39.602333494715566 ], [ 2.417394267792136, 39.602305212633283 ], [ 2.417453079272858, 39.602274515576077 ], [ 2.417502744992162, 39.602231852866495 ], [ 2.417575993840197, 39.602133283898809 ], [ 2.417621605687583, 39.60202265748778 ], [ 2.417637612768773, 39.60195121819018 ], [ 2.417689708685489, 39.601802479896705 ], [ 2.417749228300399, 39.601687154861324 ], [ 2.417816291436524, 39.601590938866927 ] ], [ [ 2.417511647934321, 39.602088857543322 ], [ 2.417279923837213, 39.602159216026344 ], [ 2.417199580536682, 39.602185036725196 ], [ 2.417128642620589, 39.602191832378075 ], [ 2.417097906355442, 39.602182142544251 ], [ 2.417070360720702, 39.602159355971004 ], [ 2.417053701510131, 39.602124705142124 ], [ 2.417040284076489, 39.602070997500554 ] ], [ [ 2.417525332198398, 39.601926814911636 ], [ 2.417285865255749, 39.602001901960776 ], [ 2.417225692838843, 39.602011136700739 ], [ 2.417196416470706, 39.602010989852268 ], [ 2.4171550048996, 39.60198813374528 ], [ 2.417133613008667, 39.601966571024285 ], [ 2.417123266225663, 39.601914070862229 ], [ 2.417113190414616, 39.601829388945077 ] ], [ [ 2.41757969812095, 39.601691072540035 ], [ 2.417463936692632, 39.601714332643901 ], [ 2.417361932412227, 39.601750772558177 ], [ 2.417267792447257, 39.601768180551176 ], [ 2.417198324774406, 39.601783328092999 ] ], [ [ 2.418366896902278, 39.60134576178875 ], [ 2.418267153726112, 39.601296390373605 ], [ 2.418205790219898, 39.601263899102612 ], [ 2.418153492661787, 39.601252909512716 ], [ 2.418104185991855, 39.601252662584223 ], [ 2.418070178650378, 39.601265604103453 ], [ 2.418011388252233, 39.601293917451741 ], [ 2.417879690814681, 39.601380274116423 ], [ 2.417795777763585, 39.601464485046002 ], [ 2.417724401428583, 39.60152372712939 ], [ 2.417667011822956, 39.601568735363244 ], [ 2.417628351553566, 39.601585229633351 ], [ 2.417606749983699, 39.601588696658084 ] ], [ [ 2.418192905594855, 39.601330586755623 ], [ 2.41813277377665, 39.601335053901742 ], [ 2.418043176313098, 39.601362020912937 ], [ 2.417970379115307, 39.601406952124783 ], [ 2.417881794671849, 39.601497100052256 ], [ 2.417816291436524, 39.601590938866927 ] ], [ [ 2.418411123333275, 39.601769140966098 ], [ 2.418245592333705, 39.601663416647312 ], [ 2.418197975889225, 39.601645299012738 ], [ 2.418151771885754, 39.601642683505467 ], [ 2.418110039833568, 39.601657970485455 ], [ 2.418027956967115, 39.60170762259402 ], [ 2.417883653164486, 39.601827291292089 ] ], [ [ 2.417805834581287, 39.602398105226257 ], [ 2.417829695177409, 39.602345777432987 ], [ 2.417847470701248, 39.602283882607736 ], [ 2.41786410290577, 39.60221149221946 ], [ 2.417869192844402, 39.602192446448022 ] ], [ [ 2.417881133082674, 39.602091424736102 ], [ 2.417896483858935, 39.602024750383933 ], [ 2.417910602340973, 39.601958068954183 ], [ 2.417925737520308, 39.601917140547975 ], [ 2.417949325288164, 39.601897233246177 ], [ 2.417977772613058, 39.601885932626651 ], [ 2.417997566598311, 39.601877449435761 ] ], [ [ 2.418183028529333, 39.601958480173565 ], [ 2.418231289321604, 39.602083642914884 ], [ 2.418271049679814, 39.602193504973755 ] ], [ [ 2.418477774121389, 39.601795937027447 ], [ 2.418631282573944, 39.601865363993582 ], [ 2.418716136692183, 39.601889628993426 ], [ 2.418780194708945, 39.601894716824994 ], [ 2.418819648148973, 39.601893960887864 ], [ 2.418910976867072, 39.601881067072853 ], [ 2.418982908938774, 39.601828979445713 ], [ 2.41909563925259, 39.601762790951526 ], [ 2.419155077610035, 39.601730666221016 ], [ 2.419213434988562, 39.601680417172702 ], [ 2.419265493225228, 39.601646348005765 ], [ 2.419310266982957, 39.601598891794275 ] ], [ [ 2.419244126906069, 39.601400213992086 ], [ 2.419156734528809, 39.601532326383548 ], [ 2.41912926487856, 39.601574147484818 ], [ 2.419064545858584, 39.601648204229669 ], [ 2.419033411173371, 39.601686192907074 ], [ 2.419015834899783, 39.601724248472962 ], [ 2.418993439918465, 39.601748930226819 ], [ 2.41896493703433, 39.601766905674353 ], [ 2.418939027338272, 39.601769636882835 ] ], [ [ 2.41928481233179, 39.601399463153207 ], [ 2.419274362549946, 39.601469977171639 ], [ 2.419256714775745, 39.601516615664295 ], [ 2.419240555289079, 39.601532745388013 ] ], [ [ 2.419348080693496, 39.601646760768666 ], [ 2.419310280776852, 39.60174479262249 ], [ 2.419290072854733, 39.60180286054748 ] ], [ [ 2.41915029625448, 39.601860331678111 ], [ 2.41901759677742, 39.601919029194327 ], [ 2.418962890529574, 39.601938065678148 ], [ 2.418911959927695, 39.60194782415558 ], [ 2.418841668427413, 39.601951048787654 ], [ 2.418756559930514, 39.601957059134421 ], [ 2.41869739225291, 39.601956763125123 ], [ 2.418645650428898, 39.601952928940975 ] ], [ [ 2.418986294487879, 39.602013993872035 ], [ 2.418892854377912, 39.602021393495768 ], [ 2.418795823869717, 39.602015902018699 ], [ 2.418708211148898, 39.601989716688898 ] ], [ [ 2.419062507858522, 39.601504856719757 ], [ 2.418973071629066, 39.601586418877289 ], [ 2.418901226297195, 39.601628018003339 ], [ 2.41885664353183, 39.601652587858538 ], [ 2.418757943090274, 39.601662583972903 ], [ 2.418728391261348, 39.601658622057833 ], [ 2.41868294287833, 39.601639322499821 ], [ 2.418615361395661, 39.601613237319214 ], [ 2.41858721047466, 39.60158925690768 ] ], [ [ 2.418366896902278, 39.60134576178875 ], [ 2.418531652609633, 39.601396769498777 ], [ 2.418652277298937, 39.60141835187337 ], [ 2.418736113852546, 39.60141686473343 ], [ 2.418812666099209, 39.601401989580573 ], [ 2.418887039521837, 39.601352775001153 ], [ 2.419041322952629, 39.601181898742546 ], [ 2.419143626316016, 39.601035557065423 ] ], [ [ 2.418942200858861, 39.601242433684959 ], [ 2.418870355866714, 39.601284032796833 ], [ 2.418820843106984, 39.601308577982138 ], [ 2.418756601126506, 39.60132542131209 ], [ 2.418685091940089, 39.601326971045403 ], [ 2.418598759074207, 39.601332260633541 ] ], [ [ 2.419044934762042, 39.601044599276584 ], [ 2.418955722227174, 39.601099462217476 ], [ 2.418861770640468, 39.60113141423075 ], [ 2.418748063966888, 39.601167082317275 ], [ 2.418666502054506, 39.601191467101216 ], [ 2.418582617922312, 39.60119867641793 ], [ 2.41849878162239, 39.601200164350068 ], [ 2.418444544789197, 39.601199892891387 ], [ 2.418395319086441, 39.601190109952178 ], [ 2.418338823978552, 39.601165034299292 ] ], [ [ 2.418381213298479, 39.601108030866989 ], [ 2.418533630258154, 39.601160287812441 ] ], [ [ 2.418278724211905, 39.600981642480484 ], [ 2.418451119098468, 39.601003485151729 ], [ 2.418584101018581, 39.601021315371703 ], [ 2.418788656832159, 39.601029966957647 ], [ 2.418840395975407, 39.601034040738675 ] ], [ [ 2.418847632442294, 39.601053148212358 ], [ 2.418971868576845, 39.600937431692309 ], [ 2.419150675411519, 39.60078193601079 ], [ 2.419227561389561, 39.600727011301807 ], [ 2.419319095544683, 39.600689325343112 ], [ 2.419412951952529, 39.600668814707227 ], [ 2.4195289945983, 39.600648415739634 ], [ 2.419620432977674, 39.600622172192232 ], [ 2.419751267128409, 39.600601845986013 ] ], [ [ 2.419567119946773, 39.600511288664997 ], [ 2.419700578717645, 39.600471904346236 ], [ 2.419932807483095, 39.600413940839054 ], [ 2.420068715615948, 39.600376474911613 ], [ 2.420147811601931, 39.600352076830049 ], [ 2.420204464570253, 39.600358081113434 ], [ 2.420236354378654, 39.600377311524049 ] ], [ [ 2.420209793432704, 39.600310427700059 ], [ 2.420323830683135, 39.600234708869401 ], [ 2.420400746924834, 39.600175969450127 ], [ 2.420477551770771, 39.600130580041657 ], [ 2.420497480057197, 39.600105885689608 ], [ 2.420527126686418, 39.600098405398597 ] ], [ [ 2.4203347427617, 39.600404503660293 ], [ 2.420129425154071, 39.600487395127345 ], [ 2.420017963126863, 39.600549776000271 ], [ 2.41988677794195, 39.600612058291787 ], [ 2.41980755541441, 39.600651714567945 ], [ 2.419636798864432, 39.60072905617082 ], [ 2.419483505102469, 39.600781691929008 ], [ 2.419431622783718, 39.600794783312047 ], [ 2.419377179233537, 39.600819304099531 ], [ 2.419255599626392, 39.600912148981465 ], [ 2.419143626316016, 39.601035557065423 ] ], [ [ 2.419536655733529, 39.601207260682905 ], [ 2.419654545291088, 39.601261251147193 ], [ 2.419701289631882, 39.601272927747338 ], [ 2.419745569468534, 39.601284592020733 ], [ 2.419807202269938, 39.60128489980471 ], [ 2.41993331424383, 39.601239756976369 ], [ 2.420200314715017, 39.601151452133571 ] ], [ [ 2.41947352740206, 39.601386222139901 ], [ 2.419577261052569, 39.601363853238318 ], [ 2.419665916312469, 39.601375740114221 ], [ 2.419771797273287, 39.601391526121063 ], [ 2.419845708544856, 39.601397616764793 ], [ 2.419902457803637, 39.601392178550199 ], [ 2.41998157092549, 39.601365872285243 ], [ 2.42028575681686, 39.601252959132282 ], [ 2.42034257068173, 39.601239892873693 ] ], [ [ 2.419514354426214, 39.601516114590979 ], [ 2.41958117237595, 39.601485933096193 ], [ 2.419689710174707, 39.601478847097908 ], [ 2.419785761520298, 39.601490769921632 ], [ 2.419879379036147, 39.601498865537764 ] ], [ [ 2.42048353949148, 39.601482809235065 ], [ 2.420429318318101, 39.601480631292382 ], [ 2.420310808840861, 39.601501018846122 ], [ 2.42014781246178, 39.601534535784864 ], [ 2.420058901232987, 39.601553163303564 ], [ 2.419970007026525, 39.601569884251923 ], [ 2.419841778859798, 39.601573059019692 ], [ 2.419757927378587, 39.60157645437063 ], [ 2.419723412306193, 39.601576281997133 ], [ 2.419646875975565, 39.601589250341078 ] ], [ [ 2.42056683573975, 39.601546161864469 ], [ 2.420423640933791, 39.60157024139987 ], [ 2.420221167332423, 39.601607374685159 ], [ 2.420043250391121, 39.601656073321656 ], [ 2.419976575658741, 39.601669091106807 ], [ 2.419882687400992, 39.601693416107842 ], [ 2.419778985187064, 39.601711970460862 ], [ 2.419685222983565, 39.601721037829066 ], [ 2.419650677170389, 39.601724679355328 ] ], [ [ 2.419500687349139, 39.601971865664908 ], [ 2.419412665678697, 39.602179309599968 ], [ 2.419374937229639, 39.6022687585778 ], [ 2.41933984843712, 39.602337241971988 ] ], [ [ 2.420645282778456, 39.601895569317286 ], [ 2.420519582163207, 39.601891127482787 ], [ 2.420334603787728, 39.601899741302965 ], [ 2.420248254423536, 39.601906938619642 ], [ 2.420216157182299, 39.601912500019637 ], [ 2.420065486011895, 39.601946077440125 ], [ 2.419964312818051, 39.601957015529351 ], [ 2.419895267543672, 39.601958578306331 ], [ 2.419766895419811, 39.601978916959403 ], [ 2.419690310908075, 39.601997605751244 ], [ 2.419665561793721, 39.602008925262354 ] ], [ [ 2.420651230052433, 39.601773538657916 ], [ 2.420491031539581, 39.601767018183224 ], [ 2.420330484435194, 39.601802453277699 ], [ 2.420135294711507, 39.601852974264972 ], [ 2.419950109569701, 39.60188637928016 ], [ 2.419811907765138, 39.601902853933858 ], [ 2.419750178921619, 39.601913988797328 ], [ 2.419695830104095, 39.601927067075017 ], [ 2.419634197899406, 39.601926759233649 ] ], [ [ 2.41970187310738, 39.602089208503678 ], [ 2.419790657800615, 39.602085837830231 ], [ 2.419987962956108, 39.602077287315183 ], [ 2.420229613270351, 39.602072771828759 ], [ 2.420357842346502, 39.602069596639829 ], [ 2.420449155126103, 39.602058609024354 ], [ 2.420547832056594, 39.602051473039843 ], [ 2.420680991342957, 39.602048322082069 ], [ 2.420757416775768, 39.602048703119692 ] ], [ [ 2.420780972991443, 39.602180417402941 ], [ 2.420571387883085, 39.602183186461637 ], [ 2.420305052888408, 39.602191393575872 ], [ 2.420176775873303, 39.602200290029401 ], [ 2.420110180176935, 39.602203771744769 ], [ 2.41995478488784, 39.602212531701824 ], [ 2.419880807923982, 39.602214069848841 ], [ 2.419829195144062, 39.602194739960709 ], [ 2.41976274267035, 39.602181058405144 ], [ 2.419666578954631, 39.602182484712451 ], [ 2.419585223121253, 39.602182078327161 ], [ 2.419548131745104, 39.60219524364404 ], [ 2.419511056279978, 39.602206501540635 ], [ 2.41949612099971, 39.602223591608542 ], [ 2.419481153868015, 39.602244495589972 ] ], [ [ 2.419408034118963, 39.602438664254692 ], [ 2.419480341770813, 39.60234175899582 ], [ 2.419520072937386, 39.602307628127676 ], [ 2.419535071919944, 39.60228290932487 ], [ 2.41968563265125, 39.602262681756876 ], [ 2.419809011382786, 39.602249948212567 ], [ 2.419848472979162, 39.602248237772798 ], [ 2.419890303655531, 39.602257982273457 ], [ 2.419922146499821, 39.602282934995024 ] ], [ [ 2.420791806999735, 39.602359747346036 ], [ 2.42038978096766, 39.602378721261317 ], [ 2.420268820117547, 39.60239718994977 ], [ 2.420081390560992, 39.602403882743445 ] ], [ [ 2.419404188815046, 39.602536348599614 ], [ 2.419466772271466, 39.602490451817793 ], [ 2.419538602242441, 39.602450759760487 ], [ 2.419637439007597, 39.602424553174778 ], [ 2.419699135325718, 39.60241723228544 ], [ 2.419854452702188, 39.602418007919844 ], [ 2.419950584930777, 39.602420394474223 ] ], [ [ 2.420090361515147, 39.60251073061908 ], [ 2.420159089233037, 39.602547310492746 ], [ 2.420256796855301, 39.602656507753935 ], [ 2.42026156813412, 39.602675603735896 ] ], [ [ 2.423231341572201, 39.601631574983379 ], [ 2.423234266055557, 39.601576280449216 ], [ 2.423242168209996, 39.601515289960808 ], [ 2.423254779101461, 39.601481023176781 ] ], [ [ 2.423327474678996, 39.601336437416961 ], [ 2.423215223095299, 39.601494176533244 ], [ 2.423187456448592, 39.60157223399753 ], [ 2.423186918522634, 39.601637076017937 ] ], [ [ 2.423388917778158, 39.601359628616066 ], [ 2.423432470839141, 39.60145901882882 ], [ 2.423441826391939, 39.601520094970219 ], [ 2.423443469744802, 39.601619277200619 ] ], [ [ 2.423504471445349, 39.601398345482366 ], [ 2.423568157830486, 39.601448248950526 ], [ 2.423572725573068, 39.601492136636217 ], [ 2.423572156389024, 39.601560792580678 ] ], [ [ 2.42325580736135, 39.601357060458739 ], [ 2.423194838936913, 39.601276655904101 ], [ 2.423072413129512, 39.601174966499052 ], [ 2.423006198364535, 39.601132679254974 ] ], [ [ 2.423017638195867, 39.601239539198325 ], [ 2.423041310386703, 39.601357903010189 ], [ 2.423048907835549, 39.601630669219496 ] ], [ [ 2.422859364286551, 39.601595398469883 ], [ 2.422799282706031, 39.601408194989155 ], [ 2.422797117823424, 39.601371947361962 ], [ 2.422793042534614, 39.60126893896313 ], [ 2.422761151612072, 39.601249708348071 ], [ 2.42266050240053, 39.60119771418757 ], [ 2.42253320951125, 39.601088371878774 ], [ 2.422418132178741, 39.600992439870716 ] ], [ [ 2.422739961442365, 39.601129450222253 ], [ 2.422906968948608, 39.601206567672698 ], [ 2.422938890388358, 39.601221983422668 ] ], [ [ 2.422190191718213, 39.600831102733288 ], [ 2.422221987206359, 39.60086177615991 ], [ 2.422305600058444, 39.600886984762447 ], [ 2.422440858374506, 39.60092770814591 ] ], [ [ 2.422394541542417, 39.600864540692299 ], [ 2.422524741805878, 39.600920496938954 ], [ 2.422581127385397, 39.600958920633353 ] ], [ [ 2.422560286049235, 39.600796705763088 ], [ 2.422673118116738, 39.60086592524187 ], [ 2.422778413228713, 39.600952271860834 ] ], [ [ 2.422138864598098, 39.600777445901358 ], [ 2.422011303798829, 39.600700523582901 ], [ 2.421994379396194, 39.600660388438037 ], [ 2.421972318748067, 39.600645021485157 ], [ 2.421930488745894, 39.600635276835391 ], [ 2.421891202524587, 39.60061601008784 ], [ 2.421839479349467, 39.60061003115743 ], [ 2.421817529762197, 39.600581314110038 ], [ 2.421803134596261, 39.600533562469685 ], [ 2.421828342725061, 39.600466935722963 ], [ 2.42182869159369, 39.600424979918181 ], [ 2.421819068009737, 39.600396324205576 ], [ 2.42181687194961, 39.600363890476174 ], [ 2.421834287770587, 39.600344904957062 ] ], [ [ 2.422206289493293, 39.600377270788854 ], [ 2.422274223963717, 39.60050920459085 ], [ 2.42230815109777, 39.600579939547629 ], [ 2.422332519017794, 39.600614390091003 ], [ 2.422356997861396, 39.600635491463791 ], [ 2.42242077778138, 39.600673951998616 ] ], [ [ 2.422300651689298, 39.600295730605417 ], [ 2.422371478512958, 39.600376184649512 ], [ 2.422385937404169, 39.600416308385888 ], [ 2.422417653585685, 39.600456517007707 ], [ 2.422437169413288, 39.600481406867644 ], [ 2.422483756475045, 39.600512153750941 ] ], [ [ 2.422493206107166, 39.600561788215494 ], [ 2.422554488700952, 39.60060405034077 ], [ 2.422610874035109, 39.600642474922068 ], [ 2.422694392927919, 39.600679125907938 ], [ 2.422728573900691, 39.600719347591578 ] ], [ [ 2.422560449484691, 39.600480113028247 ], [ 2.422633948325149, 39.600535786442592 ], [ 2.422683190021062, 39.600543660178111 ], [ 2.422744426374362, 39.600591644439611 ] ], [ [ 2.422788484662506, 39.600630006789288 ], [ 2.42282770781909, 39.600656901974006 ], [ 2.422869522139437, 39.60066855281066 ], [ 2.422933525126842, 39.600680313837543 ], [ 2.423014087970088, 39.600776073948587 ] ], [ [ 2.422508079673754, 39.601442507304263 ], [ 2.422251457745944, 39.601617170062525 ], [ 2.422030084756758, 39.601777703686551 ], [ 2.421966862490863, 39.601820300899128 ], [ 2.42195016272585, 39.60182737022145 ] ], [ [ 2.42234996956415, 39.601333011623161 ], [ 2.422172950593462, 39.601496626817649 ], [ 2.422027492546026, 39.601644663988651 ] ], [ [ 2.422261206899555, 39.601334001130844 ], [ 2.42200470483664, 39.60149435913241 ], [ 2.421906137547905, 39.601562528417261 ], [ 2.421837226316987, 39.601622261946304 ] ], [ [ 2.422230666332055, 39.601226569489768 ], [ 2.422180565221562, 39.601247775755425 ], [ 2.421838808180141, 39.601432027374486 ], [ 2.421703237459033, 39.601502872230284 ] ], [ [ 2.422533212157709, 39.601755889185384 ], [ 2.422478796154605, 39.601851454457424 ], [ 2.422346816279663, 39.601935191875512 ], [ 2.422172214741422, 39.602030160308495 ], [ 2.42212950900555, 39.602051403326591 ] ], [ [ 2.422138115641292, 39.601015841292437 ], [ 2.422351407412751, 39.60115994100817 ], [ 2.422467310949026, 39.601230606795212 ], [ 2.422561015161489, 39.601302592081275 ], [ 2.42263245943102, 39.601383049024136 ], [ 2.422662918718001, 39.601500492440756 ], [ 2.422699245118009, 39.601579344894184 ], [ 2.422718978834667, 39.601652393331797 ] ], [ [ 2.421946874847152, 39.601110726649829 ], [ 2.42163059897913, 39.601343736822514 ], [ 2.421546870959619, 39.601406257206285 ] ], [ [ 2.421742495249332, 39.601006720596239 ], [ 2.421372288928926, 39.601276652716038 ] ], [ [ 2.421493337697985, 39.600951125436801 ], [ 2.421240305858372, 39.601138677819129 ], [ 2.421223522845948, 39.601155758909748 ] ], [ [ 2.421333250987193, 39.600857353279771 ], [ 2.421091038963319, 39.601077857769106 ] ], [ [ 2.421226404120163, 39.600809617732786 ], [ 2.421140588690524, 39.600900735252935 ], [ 2.421034197967261, 39.601020358003154 ] ], [ [ 2.421161975704792, 39.600774967389533 ], [ 2.421054247774313, 39.600833077134844 ], [ 2.42097425352434, 39.600891324092643 ], [ 2.42091840346027, 39.600936818262767 ] ], [ [ 2.420956559882429, 39.600573688195063 ], [ 2.420824675952771, 39.600645981253066 ], [ 2.420759461468545, 39.600705732579598 ], [ 2.420722065248231, 39.600755610277979 ] ], [ [ 2.421046264818842, 39.600681415002093 ], [ 2.421014297170135, 39.600745623755856 ], [ 2.421001210951771, 39.600762723237253 ], [ 2.420947365407756, 39.600789631877348 ], [ 2.420921432324367, 39.600795224194975 ], [ 2.420890070903565, 39.60078648554024 ], [ 2.420773693107328, 39.600773032359072 ] ], [ [ 2.420806386150826, 39.600399862808246 ], [ 2.420755607190305, 39.600502597828807 ], [ 2.420670126381012, 39.600553665723055 ], [ 2.420631202435896, 39.600564914765989 ], [ 2.420571928653142, 39.600577492254303 ] ], [ [ 2.419992657214451, 39.600972800338639 ], [ 2.41982430093057, 39.601057783245558 ], [ 2.419710515280871, 39.601102987520754 ], [ 2.419591926643766, 39.601132910488296 ], [ 2.419545053886308, 39.601136490405281 ], [ 2.419498166364239, 39.601141977717809 ] ], [ [ 2.419925013033134, 39.60080653728717 ], [ 2.419821407642158, 39.600813648138327 ], [ 2.419665855089032, 39.600841479113058 ], [ 2.419584309788648, 39.600863958040016 ], [ 2.419542304866199, 39.600875191325741 ], [ 2.419470587990814, 39.600901534249957 ] ], [ [ 2.419919525998361, 39.600873261172438 ], [ 2.419751440423831, 39.600925823432213 ], [ 2.419709467327723, 39.600933241960597 ] ], [ [ 2.417526576330603, 39.602553286253645 ], [ 2.417641899851585, 39.60258247215031 ], [ 2.417735861150282, 39.602586519271149 ], [ 2.417823849517953, 39.602567888012935 ], [ 2.417927314707261, 39.602540990655527 ], [ 2.417976871738484, 39.60251143903826 ] ], [ [ 2.417954531491577, 39.602603110890612 ], [ 2.417877239853229, 39.602632523544408 ], [ 2.417787780353226, 39.602642803000926 ], [ 2.417741555739457, 39.602642571360413 ] ], [ [ 2.418106566085963, 39.60266466423775 ], [ 2.418110805145015, 39.602526413787174 ], [ 2.418094772654847, 39.602416669618592 ], [ 2.418049296439727, 39.602327042215386 ] ], [ [ 2.414532670330829, 39.602430199210502 ], [ 2.414423602776488, 39.602426788786516 ], [ 2.414264239251028, 39.602467466363031 ], [ 2.414119739875651, 39.602499637233727 ], [ 2.414049357225204, 39.602513586206562 ], [ 2.413990140901492, 39.602519009114758 ], [ 2.413868129636144, 39.602515532884439 ], [ 2.413760995999272, 39.602502118411699 ], [ 2.413744355556587, 39.602502034448648 ] ], [ [ 2.414470726359009, 39.602540027564253 ], [ 2.41423929902271, 39.602574620352854 ], [ 2.414119004645372, 39.602586887785321 ], [ 2.413989501952799, 39.602594817028198 ], [ 2.41382676420469, 39.602596856896533 ], [ 2.41374175820324, 39.602590706441596 ] ], [ [ 2.414302411068631, 39.60276518087538 ], [ 2.414236087722234, 39.602736238715352 ], [ 2.414178805179784, 39.602731658286025 ], [ 2.414086220970634, 39.602746926177126 ], [ 2.413960415995592, 39.602754874033685 ], [ 2.413816132951485, 39.602761298590387 ], [ 2.413708830087112, 39.602767908678707 ], [ 2.413560835751224, 39.602775744130305 ], [ 2.413403598080619, 39.602783532726491 ], [ 2.413298252200519, 39.602777279254333 ], [ 2.413242806044432, 39.602774138477407 ] ], [ [ 2.413311799332429, 39.60270582815091 ], [ 2.413258491354179, 39.602668368812857 ], [ 2.413177171265965, 39.60266366649828 ], [ 2.413008766150686, 39.602679980498259 ], [ 2.412895746638384, 39.602706587318345 ], [ 2.412799356624356, 39.602734708013429 ], [ 2.412743825962572, 39.602741578852211 ], [ 2.412688331533584, 39.602744159127496 ], [ 2.412655049374097, 39.602743990885024 ], [ 2.412625561902225, 39.602732398695402 ], [ 2.412588666319135, 39.602722199885669 ] ], [ [ 2.413410260070197, 39.603089670759061 ], [ 2.413380796460763, 39.60307521810136 ], [ 2.413340142205438, 39.603072152052981 ], [ 2.413169923920788, 39.603084165507092 ], [ 2.413068166968326, 39.60309080391395 ], [ 2.413021917944249, 39.60309343105186 ] ], [ [ 2.412417625737484, 39.603050325654266 ], [ 2.412251986509216, 39.603176792126277 ], [ 2.412185143639674, 39.603209353393275 ], [ 2.41214803018351, 39.603224900362534 ], [ 2.41209420237014, 39.603248944185225 ], [ 2.412064557535579, 39.603255946578578 ], [ 2.412025680265352, 39.603261471402405 ] ], [ [ 2.412345029789511, 39.603326024229197 ], [ 2.412239223702505, 39.60337412228855 ], [ 2.412189191764625, 39.603386742236857 ], [ 2.41211499976977, 39.603413544720802 ], [ 2.41208540325491, 39.603414824902629 ], [ 2.412046586372997, 39.603413198539236 ], [ 2.411961591649401, 39.603405615997204 ], [ 2.411906157155822, 39.603401044701208 ], [ 2.411861816833127, 39.603396528637248 ], [ 2.411815554296684, 39.603400586066293 ], [ 2.41176555740156, 39.603408915289833 ], [ 2.41164307191931, 39.603434741319951 ], [ 2.411487495369692, 39.603464468675973 ], [ 2.411364000036447, 39.603490543387288 ] ], [ [ 2.411741847405262, 39.603370174267077 ], [ 2.411647691787806, 39.603352532833675 ], [ 2.41159407065419, 39.603352261290887 ], [ 2.411475671369963, 39.603358814017859 ], [ 2.41137398770254, 39.603356868069525 ], [ 2.411324075559804, 39.603355185253193 ], [ 2.411272266537915, 39.60335921346261 ], [ 2.411188914480094, 39.60337595575897 ] ], [ [ 2.411768133107526, 39.603323104930901 ], [ 2.411616985232836, 39.60326655393591 ], [ 2.411513668840229, 39.603238853722715 ], [ 2.411450971618315, 39.603218510683085 ], [ 2.41139574317835, 39.603189622205889 ], [ 2.411360636595286, 39.603186583569475 ], [ 2.411349542474148, 39.603186527362411 ], [ 2.411321709695637, 39.603197830367378 ] ], [ [ 2.411524315030284, 39.603291831624936 ], [ 2.411432154482811, 39.603257035441864 ], [ 2.411375004915935, 39.603236720464089 ], [ 2.411356526806874, 39.60323519690909 ] ], [ [ 2.411535431824341, 39.603052235654971 ], [ 2.411514730692909, 39.603040606592103 ], [ 2.411483889927257, 39.603043311159531 ], [ 2.411428371001059, 39.603048751488195 ], [ 2.411369097523799, 39.603060847622025 ], [ 2.411290978587119, 39.603114806646417 ], [ 2.411039079231396, 39.603309970542341 ], [ 2.410815604512048, 39.603496695688598 ], [ 2.41074731420401, 39.603554519155885 ], [ 2.410676646932133, 39.603601840699589 ], [ 2.410603626975272, 39.603635799659116 ], [ 2.410369345787149, 39.603788139755473 ], [ 2.410255371667038, 39.603854312517655 ], [ 2.410153943459189, 39.603894802744882 ], [ 2.410116873695965, 39.6039051034696 ], [ 2.410073664335575, 39.60391251313068 ], [ 2.410056149226507, 39.603911417743738 ] ], [ [ 2.409778496970114, 39.603818832987805 ], [ 2.409700467034042, 39.6038620636849 ], [ 2.409613192389987, 39.60390524735336 ], [ 2.40954083026886, 39.603934202845032 ], [ 2.409486192781934, 39.603944652860996 ], [ 2.409459296373038, 39.60395452843467 ] ], [ [ 2.411287445116475, 39.603505413604019 ], [ 2.411139263222624, 39.603535177059861 ], [ 2.411047785564082, 39.603565228677155 ], [ 2.410938873242234, 39.603616170581397 ], [ 2.410896752174041, 39.603640750745818 ], [ 2.410871871783594, 39.603667324901693 ], [ 2.410777572485792, 39.603739320400287 ], [ 2.41072310861286, 39.603765744491056 ], [ 2.410681131703218, 39.603773160629395 ] ], [ [ 2.411415212635973, 39.603532761240317 ], [ 2.411305579696538, 39.603559621533478 ], [ 2.411260732819776, 39.603578466459631 ], [ 2.41120663125088, 39.603598456535622 ] ], [ [ 2.411371321452181, 39.603620746413199 ], [ 2.411430015587777, 39.603604355725459 ], [ 2.411490139668029, 39.603601084083458 ], [ 2.411545741758305, 39.603585869741806 ], [ 2.411587456210117, 39.603572969175183 ], [ 2.411661588899941, 39.603553081256912 ], [ 2.411733988974843, 39.603555831984067 ], [ 2.411788061271471, 39.603539417713861 ], [ 2.411862082963496, 39.603532640037173 ], [ 2.411908247622629, 39.603540026115162 ] ], [ [ 2.411991504953457, 39.603534487169746 ], [ 2.412074751026898, 39.603530140174385 ], [ 2.412117895438603, 39.603530358485692 ], [ 2.412162621112673, 39.603525817415395 ], [ 2.412213610213182, 39.603509387347437 ], [ 2.412317271516746, 39.603459847624009 ], [ 2.412400859993242, 39.603414974559996 ] ], [ [ 2.412403337469509, 39.603486506589476 ], [ 2.412310402416466, 39.603543253045629 ], [ 2.412253219266829, 39.603563227121654 ], [ 2.412193054937945, 39.603571267221994 ], [ 2.412140655850251, 39.60357219418038 ], [ 2.412072858446483, 39.603571851130624 ] ], [ [ 2.412078527212488, 39.603630287480222 ], [ 2.412206399530074, 39.603633317697863 ], [ 2.412284982532361, 39.603633715228128 ], [ 2.412346768451215, 39.603616148550515 ], [ 2.412408655083346, 39.603586661682009 ], [ 2.41244586738864, 39.603559434138127 ] ], [ [ 2.411951854263247, 39.603667789855621 ], [ 2.411845221390876, 39.603704202374914 ], [ 2.411766406364611, 39.603731219103679 ], [ 2.411681506968468, 39.603748668436822 ], [ 2.411638271635551, 39.603759178102656 ], [ 2.411567139928285, 39.603788617736747 ] ], [ [ 2.412290269762391, 39.603737445468553 ], [ 2.41237995190234, 39.603700947713136 ], [ 2.412452645451812, 39.60366913134466 ], [ 2.412500784335538, 39.603625271005292 ], [ 2.412538036914758, 39.603593275368773 ], [ 2.412556738722903, 39.603568338328316 ] ], [ [ 2.412530363492633, 39.603772035764145 ], [ 2.412433016820206, 39.603803727509209 ], [ 2.412343373704488, 39.603835458136416 ], [ 2.412314077606207, 39.6038376940894 ], [ 2.412272554578836, 39.603827947518987 ], [ 2.412226438904127, 39.603814602401059 ], [ 2.41218794743411, 39.603810831470085 ], [ 2.412089222021803, 39.603823444686483 ], [ 2.411960925947998, 39.60387047448873 ], [ 2.411830908383295, 39.603938952633172 ], [ 2.411761226772701, 39.60397912742431 ], [ 2.411640968308759, 39.604041455656301 ], [ 2.411594499541511, 39.604069828127756 ], [ 2.411538846625723, 39.604091002566122 ], [ 2.41152213316746, 39.604099500252872 ] ], [ [ 2.412091105685954, 39.60378292575335 ], [ 2.412021937315562, 39.603762312404861 ], [ 2.411941741477008, 39.60377025009884 ], [ 2.411882906156944, 39.60380332836219 ], [ 2.411808601827202, 39.603843479783443 ], [ 2.41176067414044, 39.603862309304887 ] ], [ [ 2.4118345834035, 39.604051018291031 ], [ 2.411930419965012, 39.604015744108011 ], [ 2.411995337493694, 39.603992232235761 ], [ 2.412029308124479, 39.603984060587344 ], [ 2.412083248488602, 39.603983141479056 ], [ 2.412155578486457, 39.603994235155163 ], [ 2.412201724500272, 39.604004004254648 ], [ 2.412227908507921, 39.604005328786414 ] ], [ [ 2.412812835801943, 39.603897431408825 ], [ 2.412701539854093, 39.603938588511902 ], [ 2.412638022601041, 39.6039787949897 ], [ 2.412587132795481, 39.603983305978602 ], [ 2.412514691944342, 39.603985323842586 ] ], [ [ 2.412787143960261, 39.603837701833086 ], [ 2.41289833787814, 39.603808463897188 ], [ 2.412953949900149, 39.603792056865238 ], [ 2.412992531984739, 39.603785099399978 ] ], [ [ 2.412699324597662, 39.60365369049407 ], [ 2.412661790111432, 39.603719060822812 ] ], [ [ 2.411514017257706, 39.603747582343978 ], [ 2.411415896722622, 39.603761389217588 ], [ 2.411356424826835, 39.603796848122258 ], [ 2.411315515918401, 39.603823817811296 ] ], [ [ 2.411241239505049, 39.603860631584027 ], [ 2.411172461091713, 39.603903194732034 ], [ 2.411120373000187, 39.60394012087442 ], [ 2.411012728794484, 39.603986778551835 ], [ 2.410975711616759, 39.603990881611594 ], [ 2.410951637135674, 39.603995051179218 ] ], [ [ 2.411357038032736, 39.603942750993241 ], [ 2.411247497077164, 39.603995119937046 ], [ 2.411195554312114, 39.604014883072338 ], [ 2.411152916732988, 39.604027540044207 ], [ 2.411097372764512, 39.604035840864526 ], [ 2.411054759380593, 39.60404563804434 ] ], [ [ 2.411459002213822, 39.603911798962436 ], [ 2.411408568976255, 39.603971619854228 ], [ 2.411330497481303, 39.604019857575544 ], [ 2.411261756461161, 39.604058130245605 ], [ 2.411198646715516, 39.604086418233642 ], [ 2.411137494419212, 39.604101842149525 ], [ 2.41107271669626, 39.604108666218885 ] ], [ [ 2.410881664439922, 39.603960367049766 ], [ 2.410803871399992, 39.603975706412676 ], [ 2.41070907265367, 39.604033872066623 ] ], [ [ 2.411646619236585, 39.603810714409995 ], [ 2.411617042713911, 39.603809611340992 ], [ 2.411558976708902, 39.603824574463225 ], [ 2.411526700351476, 39.603851111300756 ] ], [ [ 2.410851501234633, 39.604392192708239 ], [ 2.41080182066581, 39.604435805762918 ], [ 2.410734624336096, 39.604509845241147 ] ], [ [ 2.411043151957309, 39.604324505658212 ], [ 2.410996131233644, 39.604345246044524 ], [ 2.410940110306677, 39.604409806665842 ], [ 2.410897859477336, 39.604449643357924 ], [ 2.410841838374377, 39.604514203929376 ], [ 2.410827085728701, 39.604536235060188 ] ], [ [ 2.411485663074731, 39.604221018045322 ], [ 2.411431810042739, 39.604247922206397 ], [ 2.411392652476914, 39.604286344810866 ] ], [ [ 2.411717664883791, 39.6041192049058 ], [ 2.411634192133543, 39.604150250804395 ], [ 2.411591457704203, 39.604174350564719 ] ], [ [ 2.412017634760201, 39.604070659259342 ], [ 2.412060163353032, 39.604070874476349 ], [ 2.412106352588424, 39.604075398919512 ], [ 2.412193197773746, 39.604082990718616 ], [ 2.412235543829872, 39.604104660344952 ] ], [ [ 2.411985813313013, 39.604116270690213 ], [ 2.411915392309234, 39.604134509787357 ], [ 2.411872731749399, 39.604150027686572 ] ], [ [ 2.400122746792235, 39.598274753212515 ], [ 2.40010681399409, 39.59826418112015 ], [ 2.400069893867971, 39.598257315638293 ], [ 2.400029267754356, 39.598251384301598 ], [ 2.399959075947118, 39.598243392780283 ], [ 2.399922098248802, 39.598243201810249 ], [ 2.399886377440153, 39.598240156538871 ], [ 2.399855563081591, 39.598239997380738 ], [ 2.399813753012296, 39.598228338290731 ], [ 2.399747505948346, 39.598191760106253 ], [ 2.399693642085083, 39.598148569205328 ], [ 2.399644594149777, 39.598118754677657 ], [ 2.399612678206383, 39.59810333256312 ], [ 2.399590680999973, 39.59808128593783 ], [ 2.399583400746941, 39.598067897703721 ], [ 2.399568963743854, 39.598026818866401 ] ], [ [ 2.399743728341737, 39.598058237160288 ], [ 2.399764442849203, 39.598085997792133 ], [ 2.399863954387633, 39.598124656176104 ], [ 2.399942584543127, 39.598154623390883 ], [ 2.399997960513577, 39.598165399195864 ], [ 2.400028750158204, 39.598168418969919 ] ], [ [ 2.399754724136155, 39.597926697119242 ], [ 2.399829278850132, 39.598000509273106 ], [ 2.399870857193952, 39.598038868388024 ], [ 2.399922378959536, 39.59806774230362 ], [ 2.399963021415262, 39.598071766274046 ], [ 2.40001599052222, 39.598075853883394 ] ], [ [ 2.40007892005031, 39.597925510699092 ], [ 2.400011423321762, 39.597890832798207 ], [ 2.399969960173244, 39.597839124614474 ] ], [ [ 2.399931690813812, 39.597988641809032 ], [ 2.400038859936429, 39.597996823387916 ], [ 2.400125066508267, 39.598005850837509 ] ], [ [ 2.400080367905561, 39.597757685358069 ], [ 2.400110688492251, 39.597815057537915 ], [ 2.400158570020256, 39.597837237698592 ], [ 2.400206468030948, 39.597857510436569 ] ], [ [ 2.400163263024655, 39.597721877370283 ], [ 2.400239247541954, 39.597772809491914 ], [ 2.400316571256095, 39.597811352956853 ], [ 2.400339883038454, 39.597823869691403 ] ], [ [ 2.400217390368325, 39.597591514130194 ], [ 2.400289627705365, 39.597648148439809 ], [ 2.400391488197446, 39.597700168211617 ], [ 2.400468803698506, 39.597739664826868 ] ], [ [ 2.400287558222285, 39.597459326166749 ], [ 2.400384299405565, 39.597533252482819 ], [ 2.400486069371046, 39.597595761538507 ], [ 2.400582908432363, 39.597658244165785 ] ], [ [ 2.400358809988155, 39.597344308442032 ], [ 2.400476340840084, 39.59743741415177 ], [ 2.400619500184029, 39.597560213062607 ] ], [ [ 2.400407694335155, 39.597250154915507 ], [ 2.400618505834443, 39.597389514321051 ], [ 2.400785134376879, 39.597506712531633 ], [ 2.400836557544111, 39.597547028662923 ] ], [ [ 2.400543664032582, 39.597206037279115 ], [ 2.400748550714549, 39.597317711357519 ], [ 2.400888465571232, 39.597388045840255 ], [ 2.400974252591403, 39.597445703786775 ] ], [ [ 2.40072533732737, 39.597007672990131 ], [ 2.400941548042185, 39.597235743902189 ], [ 2.401156649991404, 39.597449504782759 ], [ 2.401185936217513, 39.597483985101292 ] ], [ [ 2.401104444328113, 39.59707065829717 ], [ 2.401257325438902, 39.597209717037273 ] ], [ [ 2.40095616386937, 39.596683687421795 ], [ 2.400855159702957, 39.596818577588856 ], [ 2.400848677246663, 39.596855734328834 ], [ 2.40087530038618, 39.59691308725224 ], [ 2.401127887798322, 39.597210957448773 ], [ 2.401299735937592, 39.597437845734554 ] ], [ [ 2.401041285765711, 39.59667554390456 ], [ 2.401045673578706, 39.596738503731309 ], [ 2.401175019359902, 39.596890791877584 ], [ 2.401225086968644, 39.596945404764732 ] ], [ [ 2.401064605224917, 39.596544068130122 ], [ 2.401099913094059, 39.59645175089944 ], [ 2.401163471521825, 39.596371023290146 ], [ 2.401226857393686, 39.596310319331117 ] ], [ [ 2.401334608932704, 39.596393837249266 ], [ 2.40127484686594, 39.596463142286488 ], [ 2.401258289181901, 39.596525040881808 ], [ 2.401267427591035, 39.596609003951819 ], [ 2.401292695669234, 39.596680653711047 ], [ 2.4013664286909, 39.596849820667053 ] ], [ [ 2.401437626696158, 39.596454444422221 ], [ 2.401446897694536, 39.596666190972073 ], [ 2.401431220529104, 39.596769098370537 ] ], [ [ 2.401308696691098, 39.596969676057462 ], [ 2.401447814142374, 39.597132504080442 ], [ 2.401508885006963, 39.597197663360532 ], [ 2.401624288052068, 39.597251658399358 ], [ 2.401812395936282, 39.597307936043542 ] ], [ [ 2.401523226676117, 39.596677073986932 ], [ 2.401563812284765, 39.596830811973263 ], [ 2.401614759519222, 39.596926433467758 ], [ 2.401652731936226, 39.596954283547461 ], [ 2.401768272975136, 39.596992068657507 ], [ 2.401865425192908, 39.597018315862741 ] ], [ [ 2.401724803391021, 39.596313837637283 ], [ 2.401587900769306, 39.596466661594263 ] ], [ [ 2.401936204021538, 39.596384538929307 ], [ 2.401782130442911, 39.596670778204398 ], [ 2.401733182736577, 39.596772561050699 ], [ 2.40170179474838, 39.596839150714352 ], [ 2.401722599919627, 39.596856422536753 ], [ 2.401918029577141, 39.596921320057994 ] ], [ [ 2.399977814604141, 39.596385933035407 ], [ 2.399888993249321, 39.596608615329679 ], [ 2.399835695006527, 39.596785709428815 ] ], [ [ 2.400005816381556, 39.596569167695513 ], [ 2.399980893476235, 39.596672027150916 ], [ 2.399976554036047, 39.59674638597658 ] ], [ [ 2.400135099492336, 39.596585569974174 ], [ 2.400112308821778, 39.596655541021356 ], [ 2.400095052870186, 39.596726972382079 ] ], [ [ 2.400358859164542, 39.596581003406229 ], [ 2.400304700645029, 39.596643661099165 ], [ 2.40027806440746, 39.596730777924066 ] ], [ [ 2.400493948438022, 39.596567396586657 ], [ 2.40042847385727, 39.596655742989654 ], [ 2.400416838182927, 39.596718620153325 ], [ 2.400419820605801, 39.596801598224147 ] ], [ [ 2.399658255173673, 39.596779071196018 ], [ 2.399683797131896, 39.596604694558422 ], [ 2.39969712119074, 39.59656042172589 ] ], [ [ 2.399511763491947, 39.596828377437866 ], [ 2.399531425261819, 39.596692591454733 ], [ 2.399535431703506, 39.596656852834634 ] ], [ [ 2.399299825027041, 39.596748610870073 ], [ 2.399310250926327, 39.59682590588389 ], [ 2.399315353272039, 39.596877426336945 ] ], [ [ 2.400005092785503, 39.596224439250101 ], [ 2.399931754601761, 39.596295580077346 ], [ 2.399872024152298, 39.596361069577263 ], [ 2.399816131161675, 39.596410368369376 ], [ 2.39975160235173, 39.59646057491409 ], [ 2.399606395726737, 39.596575210161227 ], [ 2.3995195158256, 39.596644374160022 ], [ 2.39947853662835, 39.596679445049062 ] ], [ [ 2.400792437946833, 39.595905678099115 ], [ 2.400585106078027, 39.596078163130088 ], [ 2.400572730469519, 39.59608382085046 ] ], [ [ 2.400857196567077, 39.595971810043103 ], [ 2.400809759518493, 39.596041178399119 ], [ 2.400736282656778, 39.596128530424551 ] ], [ [ 2.400909004712463, 39.596110348934587 ], [ 2.400689429521665, 39.596273235376081 ] ], [ [ 2.399739366246064, 39.597204583526185 ], [ 2.399769067826441, 39.597404991688776 ] ], [ [ 2.399614624895181, 39.597518625014089 ], [ 2.399255294128915, 39.597378019347836 ], [ 2.399107903128804, 39.59731718077844 ] ], [ [ 2.39938302559972, 39.597360085061553 ], [ 2.399504630500448, 39.597409346890977 ] ], [ [ 2.399711538373583, 39.5975153116743 ], [ 2.399733617757925, 39.597527822163521 ], [ 2.399740897984771, 39.597541210389252 ], [ 2.399744406402773, 39.597563161473815 ] ], [ [ 2.399656722753146, 39.597439693943429 ], [ 2.39972903238086, 39.597487747531169 ] ], [ [ 2.3993794723994, 39.597571764535751 ], [ 2.399149671644307, 39.597490474521379 ], [ 2.399079546627016, 39.597474854664867 ], [ 2.399024154868816, 39.597465985828961 ], [ 2.398977300108947, 39.597467650959473 ], [ 2.398943954627673, 39.597475106617736 ] ], [ [ 2.399014114056167, 39.59777203841908 ], [ 2.39918590140849, 39.59786256436751 ] ], [ [ 2.399067510209425, 39.597726541189722 ], [ 2.399255543112251, 39.597791404923917 ], [ 2.399351496216924, 39.597813833953396 ] ], [ [ 2.399336748547731, 39.597665950369311 ], [ 2.39945722881425, 39.597702809112349 ] ], [ [ 2.398892995016862, 39.597951641105233 ], [ 2.399043131739182, 39.59798007225659 ], [ 2.399194303064739, 39.598031393913693 ] ], [ [ 2.398893238083693, 39.598066073615911 ], [ 2.399034673163547, 39.598103042104071 ] ], [ [ 2.398837375998751, 39.598111557102001 ], [ 2.399003273737287, 39.598170585151159 ], [ 2.39903269928574, 39.598188855332928 ] ], [ [ 2.399317628335392, 39.598024403398995 ], [ 2.39953078908147, 39.598177126617479 ] ], [ [ 2.399629174281984, 39.598203382061392 ], [ 2.399740764485388, 39.598270710774884 ] ], [ [ 2.399367947359734, 39.598192496333255 ], [ 2.399506588014356, 39.598267593251812 ], [ 2.39954694237285, 39.598304991960624 ], [ 2.399551510057915, 39.598346973990864 ], [ 2.399590607582247, 39.598387226970281 ], [ 2.399623451233729, 39.598437937452921 ], [ 2.399691348994255, 39.598497569967854 ], [ 2.399746457689125, 39.598539335556787 ], [ 2.399812696838058, 39.598576868795043 ], [ 2.399860632290221, 39.598592850245197 ], [ 2.39989017756173, 39.598597294469883 ], [ 2.399942045345273, 39.598586119226205 ] ], [ [ 2.398645176976835, 39.598243271226224 ], [ 2.398909135307441, 39.598294701194668 ] ], [ [ 2.399156763606655, 39.598310285903416 ], [ 2.399348541245307, 39.59836992393371 ] ], [ [ 2.39936845954294, 39.598418660181146 ], [ 2.399462727615183, 39.598422008233044 ] ], [ [ 2.398739847245203, 39.598413978093923 ], [ 2.398926449621973, 39.598430678321897 ], [ 2.399031688572692, 39.598448387383208 ], [ 2.399114740891421, 39.598465981611433 ] ], [ [ 2.399105001457086, 39.59852314686502 ], [ 2.399282371536638, 39.598538367934133 ] ], [ [ 2.399069366295975, 39.598581609029068 ], [ 2.399200476511639, 39.598600881680355 ] ], [ [ 2.4001208457306, 39.598649979682179 ], [ 2.400201962737682, 39.598677575425384 ], [ 2.40024590447005, 39.59872786637461 ], [ 2.40032832835391, 39.598818406860502 ], [ 2.400421684377411, 39.598927598327407 ], [ 2.400473157700448, 39.59896219330858 ], [ 2.400565061549341, 39.599025604669698 ], [ 2.400629353493373, 39.599074569618431 ], [ 2.400724609131891, 39.599178049076521 ], [ 2.400755733022645, 39.599213969813754 ] ], [ [ 2.401230947892909, 39.597858546980135 ], [ 2.401294623540412, 39.597871749073207 ], [ 2.401376818763397, 39.59788146944409 ], [ 2.401492361478161, 39.597883495514559 ], [ 2.401526564808504, 39.59788367169417 ] ], [ [ 2.401697529579216, 39.597719341354654 ], [ 2.401951759293707, 39.597611940479574 ] ], [ [ 2.401716732038278, 39.597636477561423 ], [ 2.401921067206416, 39.597525959043921 ], [ 2.401980440046275, 39.597501947547713 ], [ 2.40203968984584, 39.597492240198278 ] ], [ [ 2.401471804401857, 39.597522214800982 ], [ 2.401575279366312, 39.597529900186579 ], [ 2.401675265839055, 39.597513250419929 ], [ 2.401723373278746, 39.597509206516392 ] ], [ [ 2.401955552293348, 39.597385958233922 ], [ 2.402109647979117, 39.597312370044307 ], [ 2.402180285872574, 39.597268391838199 ], [ 2.402282526980427, 39.597204549793069 ] ], [ [ 2.40214327551227, 39.597487051678712 ], [ 2.402306788231905, 39.597393487111006 ] ], [ [ 2.402028588736105, 39.597063064866688 ], [ 2.402187405768721, 39.597085337517932 ], [ 2.402261470611141, 39.597072845495397 ], [ 2.402346777237724, 39.597043245656771 ], [ 2.40250082142174, 39.596975379141703 ], [ 2.402619677458951, 39.596914483917359 ], [ 2.402793973032992, 39.596856733416139 ], [ 2.402877417455464, 39.59682855445579 ], [ 2.403003311048641, 39.596809175896105 ], [ 2.403130954626837, 39.596801249318773 ] ], [ [ 2.403334157227121, 39.596822318460454 ], [ 2.403184191259482, 39.596845864456483 ], [ 2.403062056731923, 39.596858111019209 ], [ 2.402904658353105, 39.59688591009315 ] ], [ [ 2.402887454338259, 39.596951619673959 ], [ 2.402987353717777, 39.596944981514561 ], [ 2.403113075616896, 39.596945627430458 ], [ 2.403175961119129, 39.59694308968124 ], [ 2.40324990290729, 39.596944899405791 ], [ 2.403290626733684, 39.596939386989114 ], [ 2.403307328338962, 39.596932321255245 ] ], [ [ 2.403395070470486, 39.596834074376083 ], [ 2.403430002851763, 39.596857139996359 ], [ 2.403449800899511, 39.596920178856671 ] ], [ [ 2.40320136631586, 39.596999004977718 ], [ 2.403021842817386, 39.59701953905946 ], [ 2.402901569679099, 39.597030364174323 ], [ 2.402810938422563, 39.597034189113295 ] ], [ [ 2.402798327511435, 39.596995504186872 ], [ 2.402742825080951, 39.596999509623558 ], [ 2.40267616809384, 39.597010610096056 ], [ 2.402627999619349, 39.597021805586543 ], [ 2.402607576799891, 39.597031713773212 ] ], [ [ 2.40266274103486, 39.596851767204186 ], [ 2.402538462052752, 39.596898331578458 ], [ 2.402486460743109, 39.596925242054631 ], [ 2.402412383801692, 39.596939165000776 ], [ 2.402341494986576, 39.59694070697509 ] ], [ [ 2.402549886944434, 39.596859769314577 ], [ 2.402437156901406, 39.596853468042063 ], [ 2.402343098587687, 39.596825807287885 ], [ 2.402208390308351, 39.59679507564158 ], [ 2.402149362458053, 39.596779038082524 ] ], [ [ 2.402382736239734, 39.596731605351749 ], [ 2.402511971097178, 39.596753725402458 ], [ 2.402561865950509, 39.596756842747475 ], [ 2.40262858414115, 39.596738591148942 ], [ 2.402776884887629, 39.596693580992181 ] ], [ [ 2.402840176171736, 39.597074390334022 ], [ 2.402795852790137, 39.597068440962602 ], [ 2.402666420677115, 39.597069206470501 ] ], [ [ 2.402586587581245, 39.597107416132445 ], [ 2.402480944137762, 39.597136911565343 ], [ 2.402436448676657, 39.597150986646639 ] ], [ [ 2.402359380004788, 39.597297920987465 ], [ 2.402459513449531, 39.597264106607668 ], [ 2.402639136029383, 39.597232130778721 ], [ 2.402787192152115, 39.597215727178558 ], [ 2.402842756169642, 39.597204569631934 ], [ 2.402929714492009, 39.59719786501261 ], [ 2.403013145831993, 39.597171115830598 ] ], [ [ 2.403215494300291, 39.597076318663504 ], [ 2.403075104100154, 39.59706129359018 ], [ 2.403036167062073, 39.59707396751714 ], [ 2.402876576019799, 39.597141806235562 ] ], [ [ 2.403034349833159, 39.597285656059285 ], [ 2.402751129639352, 39.597324251532946 ], [ 2.4025826134924, 39.597354854700008 ], [ 2.402464051635749, 39.597381422009093 ] ], [ [ 2.402369305392228, 39.59743385963435 ], [ 2.402515340507006, 39.597437471461014 ], [ 2.402655941374969, 39.597428181197024 ], [ 2.402702236110168, 39.597419836846136 ], [ 2.402781786978978, 39.597414524199444 ] ], [ [ 2.402765502860596, 39.597372959609558 ], [ 2.402948823311395, 39.597341002310174 ], [ 2.402991458238402, 39.597328347413921 ] ], [ [ 2.403304714193898, 39.597236981587095 ], [ 2.403374320455061, 39.597313149303467 ], [ 2.403379682379665, 39.597334633152506 ] ], [ [ 2.403433030007796, 39.597366375674547 ], [ 2.403531678554492, 39.597505630512188 ] ], [ [ 2.403232567257614, 39.597456891276217 ], [ 2.403296835115465, 39.597508715421235 ] ], [ [ 2.403255988213735, 39.597528531116659 ], [ 2.403338574180849, 39.59760047569165 ] ], [ [ 2.404628243002249, 39.596859828776196 ], [ 2.404536498669755, 39.596993816310082 ], [ 2.404437577892045, 39.597102019041515 ], [ 2.404374153238976, 39.597167491920047 ] ], [ [ 2.404025684230306, 39.597268693211859 ], [ 2.404000436004703, 39.597410172871648 ] ], [ [ 2.404513223564007, 39.596689023243947 ], [ 2.404466842621467, 39.596707380165654 ], [ 2.404395777962695, 39.59680142172725 ], [ 2.404352359523476, 39.596905618162538 ], [ 2.404320317039958, 39.596976973453714 ], [ 2.404277413000054, 39.597021096065582 ], [ 2.404227273955935, 39.597046586028064 ], [ 2.404178970896965, 39.59707351532419 ], [ 2.404147233380189, 39.597109112800865 ], [ 2.404120748834787, 39.597179066595388 ] ], [ [ 2.404768400933188, 39.596686039137502 ], [ 2.404731448517445, 39.596682989047075 ], [ 2.404692487498403, 39.596698524190856 ], [ 2.404551436370479, 39.596760738643312 ] ], [ [ 2.404003002471048, 39.596679254805572 ], [ 2.403968570903821, 39.596813534960653 ], [ 2.403921539934407, 39.596907700413986 ], [ 2.403913923844452, 39.596933408383222 ], [ 2.403876640290699, 39.596968976433054 ], [ 2.403817060093571, 39.597017304038289 ] ], [ [ 2.403887897883437, 39.596518460505017 ], [ 2.403873914397415, 39.596639971569473 ], [ 2.403824494457401, 39.596797061942816 ], [ 2.403754787728015, 39.59694832572297 ] ], [ [ 2.404110983098717, 39.596592554318995 ], [ 2.404133718351427, 39.596744293288509 ], [ 2.404127461550312, 39.596827223892348 ], [ 2.404099054123719, 39.596905750171359 ], [ 2.404080659672086, 39.596935725132219 ] ], [ [ 2.404275150819999, 39.59663773871943 ], [ 2.404258963206761, 39.596800720324687 ], [ 2.404226686684109, 39.596899252274596 ], [ 2.404151850263677, 39.597001856689801 ], [ 2.404035922010005, 39.597152884494037 ], [ 2.404009805099728, 39.597179927513629 ], [ 2.403989283191086, 39.597201278563908 ] ], [ [ 2.403767168592505, 39.596546607456176 ], [ 2.403703204183721, 39.596675014418977 ], [ 2.403678184573899, 39.596717798652691 ], [ 2.403673140236553, 39.596731122481124 ] ], [ [ 2.404150405512251, 39.596559063230032 ], [ 2.404302476107963, 39.596505488105826 ] ], [ [ 2.404376577791733, 39.596344709968342 ], [ 2.404442067043155, 39.596325973477207 ], [ 2.404466930877505, 39.59630130806854 ], [ 2.404472946763661, 39.596174510266685 ], [ 2.404400650338373, 39.596124553095969 ], [ 2.404372269623303, 39.595984228353281 ] ], [ [ 2.404344833109533, 39.596309264547621 ], [ 2.404366072815979, 39.596275997332249 ], [ 2.404385059345632, 39.596217924811889 ], [ 2.40438391701003, 39.59620743002003 ] ], [ [ 2.404141943315875, 39.596251961897593 ], [ 2.404189965686039, 39.595969943956376 ], [ 2.404195231615171, 39.595930873292872 ], [ 2.404197909510434, 39.595906093272518 ], [ 2.404133025196101, 39.595854266452356 ], [ 2.404082898868589, 39.595806329363228 ] ], [ [ 2.403784101240074, 39.596296852064263 ], [ 2.403854097517305, 39.596183733202835 ], [ 2.403904208479172, 39.59608958446649 ], [ 2.403927121841294, 39.596004831826491 ], [ 2.403936394976689, 39.595929545750607 ], [ 2.403936509401184, 39.595916195717315 ] ], [ [ 2.403830788841903, 39.595883231418199 ], [ 2.403620246695187, 39.596143436383507 ], [ 2.403567841552977, 39.596217547740437 ] ], [ [ 2.404444173904327, 39.596079956958832 ], [ 2.404448451351748, 39.596012273389199 ], [ 2.404430436727756, 39.595956871982764 ], [ 2.404400325680966, 39.595874709128374 ], [ 2.404376041826223, 39.595831672902918 ] ], [ [ 2.404358133475673, 39.595763875602771 ], [ 2.404324242128244, 39.59569122808908 ], [ 2.404324331966788, 39.595680739612668 ], [ 2.404375070899177, 39.595657159263062 ] ], [ [ 2.404551536834052, 39.595777263322809 ], [ 2.404551185754245, 39.595818266680212 ], [ 2.404572669498137, 39.595900385286242 ], [ 2.4046265428651, 39.595942619798528 ], [ 2.404649153935387, 39.596037141491905 ], [ 2.404651202610647, 39.596229778632576 ], [ 2.404649994333998, 39.59629881326596 ], [ 2.404638742141234, 39.596317350247908 ] ], [ [ 2.404760543001485, 39.595947979107585 ], [ 2.404754992238673, 39.596056422548259 ], [ 2.404766196307176, 39.596187599308941 ], [ 2.404771645327294, 39.596271066570971 ], [ 2.404757380306218, 39.596317481437893 ], [ 2.40472319950196, 39.59635068242541 ], [ 2.404650358276845, 39.596400372466405 ], [ 2.404528264830454, 39.596443850619664 ] ], [ [ 2.40498434308362, 39.596442611785427 ], [ 2.404841905510602, 39.596522937484863 ], [ 2.404773920059704, 39.596545237616589 ], [ 2.404719944605542, 39.596550920536423 ] ], [ [ 2.404702568444194, 39.596600895658419 ], [ 2.404813356195477, 39.596618151266739 ], [ 2.404893493531295, 39.596616177604496 ], [ 2.404969120649915, 39.596601068944445 ], [ 2.405057236124157, 39.596566951996081 ], [ 2.405103814634205, 39.59652547081388 ] ], [ [ 2.405204543167899, 39.596638033667261 ], [ 2.405057757193283, 39.596686154240075 ], [ 2.404943479695361, 39.596716561002303 ], [ 2.404909553777888, 39.596719963454198 ] ], [ [ 2.404954304617655, 39.596351866201779 ], [ 2.404955293913922, 39.596236247889642 ], [ 2.40496404718026, 39.596113516928305 ], [ 2.404993932892033, 39.596042150401949 ], [ 2.405037480501842, 39.595994693381087 ], [ 2.405097812378891, 39.595966394466636 ], [ 2.405173428550681, 39.59595247768204 ] ], [ [ 2.405198049594939, 39.596136170476498 ], [ 2.405313938162057, 39.59609742812934 ], [ 2.40552840062606, 39.596062765343994 ] ], [ [ 2.404937120333525, 39.595839219614234 ], [ 2.404878472080973, 39.5958508399195 ], [ 2.404872115149254, 39.595873454849595 ], [ 2.404841455292577, 39.596035409140192 ], [ 2.404836078065751, 39.596123589218472 ], [ 2.404830435595838, 39.596242759900164 ], [ 2.404825314529795, 39.596301141391578 ], [ 2.404812427107144, 39.596366635506762 ], [ 2.404785940084723, 39.596401067090234 ], [ 2.40473793290397, 39.596429428980869 ], [ 2.404649684795766, 39.596479040989387 ] ], [ [ 2.404822454259536, 39.59701814337339 ], [ 2.404857636110971, 39.597012125372025 ], [ 2.404888444849249, 39.597012879657839 ], [ 2.404909223625125, 39.597015369315955 ] ], [ [ 2.404983148350269, 39.597019324112857 ], [ 2.405037715509956, 39.597034503936136 ], [ 2.405090855221466, 39.597036563679794 ], [ 2.405129388413662, 39.5970349733159 ], [ 2.405203322204857, 39.597037735951439 ], [ 2.405275873201455, 39.597022014862212 ], [ 2.405312100851794, 39.597019816152311 ] ], [ [ 2.405491263701543, 39.596698894517168 ], [ 2.405413545453558, 39.596778360874758 ], [ 2.40536085586616, 39.596813850565404 ], [ 2.405329867665328, 39.596833956222774 ] ], [ [ 2.405215518679911, 39.596872706459202 ], [ 2.40512596404699, 39.59689489638005 ], [ 2.405061244653332, 39.596895757080198 ], [ 2.404998064899949, 39.596896625628659 ], [ 2.404922539468558, 39.596899814149054 ] ], [ [ 2.404838483263881, 39.596819520486044 ], [ 2.404992452397983, 39.596832228830948 ], [ 2.405074130781663, 39.596830262936372 ], [ 2.405152849900901, 39.59681397792162 ], [ 2.405224109631891, 39.596769046843953 ], [ 2.405245802042869, 39.59675485397122 ] ], [ [ 2.405373097776436, 39.596643458328096 ], [ 2.405405206924646, 39.596492239038191 ], [ 2.405410286753014, 39.596438625582564 ], [ 2.405416551854191, 39.59642673696402 ] ], [ [ 2.405313233785141, 39.596436936822485 ], [ 2.405301408518595, 39.596558460013583 ], [ 2.405310337332954, 39.596595457113928 ] ], [ [ 2.405296011445976, 39.59664902323965 ], [ 2.405241832062878, 39.596678545813774 ], [ 2.405190805599822, 39.596699740929118 ] ], [ [ 2.405108402289399, 39.596606343173718 ], [ 2.405028081405201, 39.59662977236448 ], [ 2.40494931264025, 39.596652016479503 ], [ 2.404926150794486, 39.596657858197574 ] ], [ [ 2.405100045756629, 39.596502596792092 ], [ 2.405098810851222, 39.596466831136297 ], [ 2.405099239108307, 39.596416769181062 ], [ 2.405096595965073, 39.596365500332936 ], [ 2.405093697918473, 39.596344029173679 ] ], [ [ 2.40529314344697, 39.596443985501466 ], [ 2.405277929157882, 39.596421260140801 ], [ 2.405273460840184, 39.596403357152404 ], [ 2.405273705484056, 39.596374750577112 ], [ 2.405312579767521, 39.596333229874922 ], [ 2.405387002022636, 39.596278778335062 ], [ 2.405433283444147, 39.59627186366545 ] ], [ [ 2.405427755245419, 39.596377923114389 ], [ 2.405460517218772, 39.596330410745004 ], [ 2.405483750237443, 39.596316225709444 ], [ 2.405551672940474, 39.596301077246963 ], [ 2.405565518534934, 39.596303532217512 ] ], [ [ 2.405624780789986, 39.596400386581593 ], [ 2.4057437511557, 39.596361659572743 ], [ 2.405797807866172, 39.596346440048663 ], [ 2.405868883399943, 39.596322963949653 ], [ 2.405922931035225, 39.596308936388652 ], [ 2.405998425249469, 39.596309322359176 ] ], [ [ 2.406241997941451, 39.59629387926028 ], [ 2.406129445609496, 39.59630283968766 ], [ 2.406021403635862, 39.596324935810614 ], [ 2.405934920208534, 39.596348333226452 ], [ 2.405826715165472, 39.596389499618851 ], [ 2.405707714236941, 39.596431802759881 ], [ 2.405652024963038, 39.596457741600744 ] ], [ [ 2.406503804570507, 39.596308328686284 ], [ 2.40644684957693, 39.596302077411558 ], [ 2.406357448687492, 39.596306388953543 ], [ 2.406267935847798, 39.59632381170114 ], [ 2.406111846583385, 39.596379037578608 ], [ 2.405958818300493, 39.596436663030694 ], [ 2.405802840569779, 39.596478777215111 ], [ 2.405643638434488, 39.596537562744892 ] ], [ [ 2.406059673217559, 39.596173747820238 ], [ 2.405939386558432, 39.59618624473196 ], [ 2.405840404986879, 39.596229842431832 ], [ 2.405750810641855, 39.596256800006891 ], [ 2.40567038850845, 39.596292148905079 ], [ 2.405577702242812, 39.596320282598491 ] ], [ [ 2.405596315262825, 39.596486065347044 ], [ 2.405571571979408, 39.596496666474522 ], [ 2.405557115025518, 39.596565727944707 ] ], [ [ 2.405542585550129, 39.596643133516181 ], [ 2.405537719775443, 39.596671716448313 ], [ 2.405537679016592, 39.596676484511185 ] ], [ [ 2.405758433053074, 39.596987532445283 ], [ 2.405818785877869, 39.596956849134138 ], [ 2.40587922012123, 39.596916629665117 ], [ 2.405983180256613, 39.596831337721063 ] ], [ [ 2.406393554877907, 39.596589076401081 ], [ 2.406343793735417, 39.596642461618572 ], [ 2.406283239054738, 39.596696983729387 ], [ 2.406218152299737, 39.596740754937628 ], [ 2.40613297509949, 39.596791575833102 ] ], [ [ 2.406295783966435, 39.596490832698841 ], [ 2.406360585537767, 39.596480436087468 ], [ 2.406423896000775, 39.59646407148275 ], [ 2.406508736894002, 39.596452585091853 ], [ 2.406567304017342, 39.596450500094562 ], [ 2.406602689153676, 39.5964566411538 ] ], [ [ 2.406674827365391, 39.596489193578101 ], [ 2.406743936058028, 39.596515770149708 ], [ 2.406811640928882, 39.596537482940285 ], [ 2.406854182007727, 39.596535554754226 ], [ 2.406929899715107, 39.59654595445145 ], [ 2.406974259733379, 39.596547610808486 ], [ 2.407007538893171, 39.596547780656167 ], [ 2.407050117729417, 39.59654156096628 ], [ 2.407103873803564, 39.596525386006448 ], [ 2.407188149386094, 39.596507935895026 ], [ 2.407235379885754, 39.59649816456708 ], [ 2.407267740409338, 39.596497614232632 ], [ 2.407289889924914, 39.596502018847609 ], [ 2.40731846250801, 39.596512176886741 ], [ 2.407333125243287, 39.596527271014445 ], [ 2.407345901995317, 39.596546646244349 ] ], [ [ 2.406579644345816, 39.596629362496401 ], [ 2.406623028524097, 39.596600976235166 ], [ 2.406687757804899, 39.596598922646827 ], [ 2.406757100477935, 39.596598084645187 ], [ 2.406881907289766, 39.596597529741246 ] ], [ [ 2.406731090553523, 39.596215321455624 ], [ 2.406814288634653, 39.596215746231081 ], [ 2.406819073675071, 39.596196699373792 ], [ 2.406973356923988, 39.596172454389823 ] ], [ [ 2.406975070502377, 39.596152199781486 ], [ 2.406932062853685, 39.596136484285829 ], [ 2.406890463859424, 39.596136271948048 ], [ 2.406836519385538, 39.596138379806874 ], [ 2.406768453597368, 39.596170216342536 ] ], [ [ 2.406564665045333, 39.596218047780056 ], [ 2.406421451971117, 39.596208972672976 ], [ 2.40631212267596, 39.5962012616924 ], [ 2.406222742264767, 39.596203189099768 ], [ 2.406167277281315, 39.596202905642429 ], [ 2.406108588207715, 39.596219293729909 ] ], [ [ 2.406527383217139, 39.59625361759889 ], [ 2.406581327795735, 39.596251508983372 ], [ 2.406653709868555, 39.596255453936394 ], [ 2.406727684737663, 39.596253448439242 ] ], [ [ 2.406329196625285, 39.596367036467022 ], [ 2.406455595848777, 39.596360529816558 ], [ 2.406566505729745, 39.596363480463374 ], [ 2.406682017665859, 39.596368838640174 ], [ 2.406749828318808, 39.596366800751277 ], [ 2.406839250764601, 39.596360104881612 ], [ 2.406873156077841, 39.596359086797179 ] ], [ [ 2.406796695896098, 39.596471935710817 ], [ 2.40688004561235, 39.596454481095869 ], [ 2.407014544147138, 39.596401528135274 ], [ 2.407101250861644, 39.596351906460171 ] ], [ [ 2.407078847566517, 39.596449536306579 ], [ 2.407165330753583, 39.596426137136739 ], [ 2.407200837858373, 39.596417974721604 ], [ 2.407243976654946, 39.596418194804002 ] ], [ [ 2.407299747752619, 39.596382719071904 ], [ 2.407381211088056, 39.596405782983467 ], [ 2.407427432634854, 39.596406018720849 ], [ 2.407476866634585, 39.596390774839094 ], [ 2.407591315135852, 39.596340102196237 ], [ 2.407608293172653, 39.59633661255436 ] ], [ [ 2.407434560688278, 39.596292814921078 ], [ 2.40749004606838, 39.596290713741602 ], [ 2.407536317143899, 39.596284990248989 ], [ 2.40755486642802, 39.59627793242263 ], [ 2.407555110132372, 39.596249325834876 ] ], [ [ 2.407489662993968, 39.596154825043769 ], [ 2.40746162525922, 39.596190441402101 ], [ 2.407436831575987, 39.596207003011401 ], [ 2.40741207967527, 39.596218796556357 ], [ 2.4073781744287, 39.596219815699641 ], [ 2.40736885857115, 39.596228112660995 ] ], [ [ 2.407298677600013, 39.596146698564056 ], [ 2.407328234714545, 39.596113473230041 ], [ 2.407342466339812, 39.596070634075467 ], [ 2.407327283098871, 39.596044332934525 ], [ 2.407268018758984, 39.59594747941739 ], [ 2.407252927012993, 39.595910450120371 ] ], [ [ 2.407222001886779, 39.595923404201116 ], [ 2.407193953941793, 39.595960213413171 ], [ 2.407164467960658, 39.595985094600444 ], [ 2.407125716911789, 39.596012312641079 ], [ 2.407096280525674, 39.59603123462454 ], [ 2.407014977940016, 39.596053987112576 ], [ 2.406987836610074, 39.596056709376683 ] ], [ [ 2.407801022933354, 39.596320906957516 ], [ 2.407833561133686, 39.596299617369574 ], [ 2.407858455082416, 39.596271136407445 ], [ 2.407861770096865, 39.59624373753887 ], [ 2.407873093537643, 39.596180619242979 ], [ 2.407865704205735, 39.596143629278295 ] ], [ [ 2.40763785137905, 39.596303388049101 ], [ 2.407615522447265, 39.596211490379261 ], [ 2.407564032595284, 39.596106332174955 ], [ 2.407484606790601, 39.596024871050716 ], [ 2.407441883471025, 39.595975781990454 ] ], [ [ 2.407403251354468, 39.596169880345855 ], [ 2.407420727033122, 39.596107985539518 ], [ 2.407413603189495, 39.59604000493286 ], [ 2.407401774575503, 39.595981536874525 ], [ 2.407371540144475, 39.595913439294762 ] ], [ [ 2.407722477542487, 39.596316931302162 ], [ 2.407722782090951, 39.596281172616109 ], [ 2.407716894177261, 39.596248958568204 ], [ 2.407698781452152, 39.596204762423731 ], [ 2.407654669371984, 39.596137786243588 ] ], [ [ 2.407661843002523, 39.596380989373685 ], [ 2.407718991061791, 39.596364592646268 ], [ 2.407797697732402, 39.596349498741056 ], [ 2.407846950092367, 39.596355709197802 ], [ 2.407915997051974, 39.596389437167005 ], [ 2.407937556877987, 39.596390739096663 ], [ 2.407959309511101, 39.596369393613571 ], [ 2.407979592362591, 39.596339697062348 ], [ 2.407999936073235, 39.596302849310362 ] ], [ [ 2.408029027626425, 39.596143270322365 ], [ 2.408102140034807, 39.596242578132035 ], [ 2.408134949687806, 39.596370288434912 ], [ 2.408164809726962, 39.596482488619984 ], [ 2.408166188226594, 39.596501566927422 ], [ 2.40815837381584, 39.596514638970504 ], [ 2.40812433538706, 39.596531153635617 ] ], [ [ 2.407793397208092, 39.59667369948928 ], [ 2.407868668564478, 39.596700306802305 ], [ 2.407911685760675, 39.596714829931791 ] ], [ [ 2.407539596389445, 39.596623533552062 ], [ 2.40760127569678, 39.59661788769904 ], [ 2.407667383328476, 39.596634912778505 ] ], [ [ 2.407699467186173, 39.596486076849438 ], [ 2.407727270273236, 39.596477875000964 ], [ 2.407779623442859, 39.596481718057369 ], [ 2.407815030180246, 39.596485473820699 ], [ 2.407848834051261, 39.596496374713432 ] ], [ [ 2.40800512366052, 39.5965984905841 ], [ 2.408060457081794, 39.596614268477111 ], [ 2.408098883464957, 39.596625191945442 ], [ 2.408131227809916, 39.596626548777188 ], [ 2.408169796227727, 39.596620784895094 ], [ 2.408192988221578, 39.596611367380341 ] ], [ [ 2.408320431130449, 39.596482089123882 ], [ 2.408325621436841, 39.59641536334972 ], [ 2.408324577560256, 39.59635695030498 ], [ 2.408309738692518, 39.596290123436091 ], [ 2.408299328377319, 39.596245966607839 ], [ 2.408290247056864, 39.596226848173458 ] ], [ [ 2.408064900900652, 39.596092196859281 ], [ 2.408130724104477, 39.596142596330573 ], [ 2.408187212530642, 39.596203675930326 ], [ 2.408193051110993, 39.59624184914307 ], [ 2.40818637061948, 39.59630260698269 ] ], [ [ 2.408763210756384, 39.596232831997156 ], [ 2.40889483014129, 39.596518387905824 ], [ 2.408909770921686, 39.596573296339287 ], [ 2.408932709537104, 39.59659367638465 ], [ 2.408951151091619, 39.596606138689602 ], [ 2.40903684667555, 39.596675233370924 ], [ 2.409077318728439, 39.596699278767396 ] ], [ [ 2.408520642104316, 39.596492644124652 ], [ 2.408501991477989, 39.596511621368165 ], [ 2.408487708619124, 39.596560419841204 ] ], [ [ 2.406295783966435, 39.596490832698841 ], [ 2.406237435926107, 39.59648962449856 ], [ 2.40620021485434, 39.59651804211304 ], [ 2.406177499506756, 39.596579909049183 ] ], [ [ 2.406095675603127, 39.596490806575147 ], [ 2.406001983955393, 39.596492235128089 ], [ 2.405968582648786, 39.596506368281801 ], [ 2.405804002574494, 39.5967258070132 ], [ 2.405758758392346, 39.596827610508143 ], [ 2.405676447391343, 39.596939714226885 ] ], [ [ 2.405730209950812, 39.596562365005916 ], [ 2.405727133292213, 39.596633868837436 ], [ 2.405699576088459, 39.596685221977843 ], [ 2.405646119851117, 39.596738350121335 ], [ 2.405593737679223, 39.596787626408172 ], [ 2.405531803340442, 39.596823069783198 ], [ 2.40542969823638, 39.596871418514922 ], [ 2.405347664242381, 39.596915102509271 ], [ 2.405264343020569, 39.596928979963778 ] ], [ [ 2.406526636680821, 39.596634379027144 ], [ 2.406484639242365, 39.596644654345319 ], [ 2.406409038178912, 39.596692901450353 ], [ 2.406278438502577, 39.596830505940432 ], [ 2.406256146472447, 39.596842788453351 ] ], [ [ 2.40598282412082, 39.59610783807809 ], [ 2.406130966686255, 39.596080940809927 ], [ 2.406293981174669, 39.59604458370157 ], [ 2.40647298689461, 39.596012122127846 ], [ 2.406587801365695, 39.595990775591808 ], [ 2.406626011239214, 39.595990970730064 ], [ 2.406712143029489, 39.596008575258509 ], [ 2.40678956604285, 39.596035671805609 ], [ 2.406839751351875, 39.596076932269845 ] ], [ [ 2.407127931878945, 39.595817117615361 ], [ 2.407112490939872, 39.595893326678748 ], [ 2.407098599185249, 39.595932353463319 ], [ 2.407062627188791, 39.595958870242995 ] ], [ [ 2.406975115139947, 39.595669484525189 ], [ 2.406940966302455, 39.595771345132896 ], [ 2.406862250392609, 39.595895864495915 ], [ 2.406841117729287, 39.595916735391796 ] ], [ [ 2.406965418669266, 39.595939302851825 ], [ 2.406986949734633, 39.595871707241059 ], [ 2.406998294746079, 39.595842203115559 ] ], [ [ 2.406190692606348, 39.595726508057616 ], [ 2.406238600264111, 39.595745825072001 ], [ 2.406275584815418, 39.595745060769538 ], [ 2.406311498860357, 39.595725217896309 ], [ 2.406387189622285, 39.595666482364891 ], [ 2.406408542104967, 39.59561986472373 ], [ 2.406406369632356, 39.595585524226223 ], [ 2.406400621617127, 39.595536861545533 ], [ 2.406359065531964, 39.595495644977476 ], [ 2.406010643779809, 39.59530409843029 ], [ 2.405953007274819, 39.595269474370944 ], [ 2.405930919325799, 39.595257918308207 ] ], [ [ 2.406532572777619, 39.595511478573556 ], [ 2.40648493583002, 39.595677160680644 ], [ 2.406460498916037, 39.595724239226492 ] ], [ [ 2.406144902914131, 39.595224849458084 ], [ 2.406365526593528, 39.595370446859725 ], [ 2.406519874617313, 39.595482805882192 ], [ 2.406615524764792, 39.595540510065497 ], [ 2.406681753799799, 39.595579469298137 ], [ 2.406698160720283, 39.595606730067161 ], [ 2.406708997369969, 39.595636824075704 ], [ 2.40668805081613, 39.595708236699188 ], [ 2.406654587839077, 39.595729522146875 ], [ 2.406608148232633, 39.595755032038255 ], [ 2.406513650274696, 39.595778865605929 ], [ 2.406417133087337, 39.595822715164019 ], [ 2.406339201705835, 39.595855215569998 ], [ 2.406311395506163, 39.595863655845498 ] ], [ [ 2.405600700323329, 39.595947276671488 ], [ 2.405732224216142, 39.595917910757713 ], [ 2.405835929505993, 39.595898415634728 ], [ 2.405895140769236, 39.595892996838863 ], [ 2.406033949782947, 39.59587654180666 ] ], [ [ 2.405666705541677, 39.59579599281242 ], [ 2.40573866234109, 39.595813525554661 ], [ 2.405784993477171, 39.595800888530611 ], [ 2.406037263973817, 39.595704911761416 ], [ 2.406102229754373, 39.595675205168298 ], [ 2.406159873482101, 39.595636879668326 ], [ 2.406167427532087, 39.595618322734296 ], [ 2.406193946045255, 39.595544077897429 ], [ 2.405802164288053, 39.595306059945607 ], [ 2.405763399825455, 39.595298710193163 ] ], [ [ 2.405429969151317, 39.596221146425634 ], [ 2.405540998110839, 39.596210271392877 ], [ 2.405594735933862, 39.596196242399174 ], [ 2.405759637048165, 39.596155604069146 ], [ 2.405789255010876, 39.596151464816927 ] ], [ [ 2.405623618149945, 39.596061932451278 ], [ 2.405815945237464, 39.596057194570953 ] ], [ [ 2.405702726065089, 39.59610810962613 ], [ 2.405869317458652, 39.596086075324344 ] ], [ [ 2.406619675084892, 39.595615782024993 ], [ 2.406606649135272, 39.595697724922061 ], [ 2.406562268884501, 39.59571474585789 ], [ 2.406369222422458, 39.595803874854923 ], [ 2.406294939834826, 39.5958421163404 ], [ 2.406161311589589, 39.595901509909368 ], [ 2.405957231067234, 39.595983429414552 ], [ 2.405918271875384, 39.595998964982201 ], [ 2.405864557543836, 39.596010133463686 ], [ 2.405764684195884, 39.596013913452197 ], [ 2.405664835278419, 39.596014833597835 ], [ 2.405616765761101, 39.596014587706513 ], [ 2.405570495585925, 39.596020072566539 ], [ 2.405498355209902, 39.596023994202746 ], [ 2.405471522459982, 39.596026717691373 ] ], [ [ 2.406887605809517, 39.595706788484833 ], [ 2.406873575717273, 39.595762025041601 ], [ 2.406858516761793, 39.595793416784318 ] ], [ [ 2.406843632659476, 39.595659837284693 ], [ 2.406825677164135, 39.595741755041061 ], [ 2.406803198504441, 39.595775969681149 ], [ 2.406783291045884, 39.595797801017085 ] ], [ [ 2.406111894060184, 39.59516241478164 ], [ 2.405947061573231, 39.59515918802925 ], [ 2.405877782588393, 39.595152874368665 ], [ 2.405709981809138, 39.595136520253483 ], [ 2.405560720093354, 39.595114300402287 ], [ 2.405452984335056, 39.595100637328848 ], [ 2.405417549037092, 39.59510045600409 ] ], [ [ 2.405383206097562, 39.595152727653598 ], [ 2.40543076258552, 39.595176811477025 ], [ 2.405436528235467, 39.595223328934999 ], [ 2.405456251374925, 39.595259189198899 ], [ 2.40548693198097, 39.595274842168905 ], [ 2.405545263802746, 39.595300172245196 ], [ 2.405599075219289, 39.595313560288183 ], [ 2.405636072937846, 39.595311365413878 ], [ 2.405685404680416, 39.595308041547881 ], [ 2.405722350298784, 39.595311806720289 ], [ 2.405816874274461, 39.595429105602726 ], [ 2.405841281088375, 39.595457838244236 ], [ 2.405943284185255, 39.595601398962643 ], [ 2.405944682417668, 39.595618094163562 ], [ 2.405929184166336, 39.595628742636336 ], [ 2.405862740712618, 39.595651051295498 ], [ 2.405796481702004, 39.595651904535515 ] ], [ [ 2.405612392049115, 39.595377995585437 ], [ 2.405676661827969, 39.595429580568883 ], [ 2.405708690972703, 39.595467887869887 ], [ 2.405775349907947, 39.595600540241989 ] ], [ [ 2.405377762043079, 39.595609234848055 ], [ 2.405431920155919, 39.595582095329277 ], [ 2.405470783706086, 39.595541766580411 ], [ 2.405513075188583, 39.595460927744824 ], [ 2.405505666805926, 39.595426321667404 ], [ 2.405485821328293, 39.595404763802044 ], [ 2.405458344490729, 39.595374823308987 ], [ 2.405338670635586, 39.595315803157526 ] ], [ [ 2.405652902025758, 39.595685737454517 ], [ 2.405523362441039, 39.595699378675413 ], [ 2.405405995015662, 39.595730962160978 ], [ 2.405341154401721, 39.595746126314879 ], [ 2.405239550249762, 39.595736070627602 ] ], [ [ 2.404784966059487, 39.595563287008659 ], [ 2.405046586044471, 39.595599195080737 ], [ 2.405140465686466, 39.59561159552625 ], [ 2.405192696876329, 39.595629743038138 ], [ 2.405246437124556, 39.595651474455124 ], [ 2.405303422058516, 39.595654149365558 ], [ 2.405368099526164, 39.595658056585179 ] ], [ [ 2.405145353101272, 39.595580628580493 ], [ 2.405153699288656, 39.595505575526118 ], [ 2.405217783884688, 39.595398624670111 ], [ 2.405230650346313, 39.59533551452671 ], [ 2.405215488454029, 39.595306829081814 ], [ 2.40518027617004, 39.595280425129502 ], [ 2.404988283020801, 39.595210305759892 ] ], [ [ 2.404951766612209, 39.595336470768366 ], [ 2.40491553565115, 39.595429261120216 ] ], [ [ 2.405087378066382, 39.595513580451986 ], [ 2.404938023955714, 39.595502087940318 ], [ 2.404884120720453, 39.595499427733863 ], [ 2.404833359083195, 39.595489631186155 ], [ 2.404776547736796, 39.595466692678635 ], [ 2.404693780280866, 39.595416204496566 ], [ 2.404640244466604, 39.595370634311926 ], [ 2.404540870236276, 39.595271742073983 ], [ 2.404478038982882, 39.59523208451715 ], [ 2.404447358626012, 39.595216431282473 ], [ 2.404411943692484, 39.595213865619051 ] ], [ [ 2.404778731215994, 39.595391608080504 ], [ 2.404813249312718, 39.595319073253805 ], [ 2.404832879875912, 39.59518567028897 ] ], [ [ 2.404598534209471, 39.594663567420703 ], [ 2.4046181547123, 39.594711347985104 ], [ 2.404858978263924, 39.595016540203467 ], [ 2.404913758938921, 39.595096684839696 ] ], [ [ 2.404784138709454, 39.595119860471058 ], [ 2.40467220030196, 39.595057303955421 ], [ 2.404615603656732, 39.595009333938414 ], [ 2.404466047049459, 39.594841687864893 ], [ 2.404377525848478, 39.594743490840543 ] ], [ [ 2.404509298629028, 39.594648806203118 ], [ 2.40435083465704, 39.594621770265185 ], [ 2.404300146365012, 39.594603630284226 ], [ 2.404237611959542, 39.594529405939866 ], [ 2.404111146940775, 39.594364261933258 ], [ 2.403839942283693, 39.594188839605387 ], [ 2.403769154383254, 39.594178940742388 ], [ 2.4034857053595, 39.594173909708502 ] ], [ [ 2.40361038780553, 39.594007670087748 ], [ 2.403816589162642, 39.59403733611952 ] ], [ [ 2.403834709083717, 39.594080340846958 ], [ 2.403851790074828, 39.594064933398982 ], [ 2.40390420249416, 39.59406162609254 ], [ 2.404173428177466, 39.594108302857812 ], [ 2.404236430664243, 39.594127697201785 ], [ 2.404401311024245, 39.594304957781226 ], [ 2.404679046810138, 39.594617492001838 ], [ 2.404689728898916, 39.594629467414009 ] ], [ [ 2.404702156977887, 39.594617610405841 ], [ 2.404696116388907, 39.594603275539782 ], [ 2.404696249025189, 39.594587780233219 ], [ 2.404719542821334, 39.594566444148185 ], [ 2.40474582513144, 39.594555851081751 ], [ 2.404775098295592, 39.594556001043962 ], [ 2.404801208346778, 39.594565670440751 ], [ 2.404808829350219, 39.594575245124091 ] ], [ [ 2.404702156977887, 39.594617610405841 ], [ 2.404715849168509, 39.594637944814018 ], [ 2.404755753466199, 39.59465602936902 ] ], [ [ 2.404801598494849, 39.594532058457183 ], [ 2.404293685386864, 39.593966833565801 ], [ 2.403755473989258, 39.593756795458468 ], [ 2.403745340137512, 39.593749644207158 ], [ 2.403741728438018, 39.593739613380336 ], [ 2.403740976604055, 39.593719584034908 ], [ 2.403784067807654, 39.593653291702331 ] ], [ [ 2.403708535460569, 39.593855198917538 ], [ 2.40416203470585, 39.594016254240913 ] ], [ [ 2.40381388083938, 39.593651147939539 ], [ 2.404448616109596, 39.593943342192496 ], [ 2.404657359980772, 39.594179950394874 ], [ 2.404886870878362, 39.594438597556824 ] ], [ [ 2.404989766530148, 39.594513504893605 ], [ 2.405046820836948, 39.594327846108008 ], [ 2.405026341889564, 39.594272432159649 ], [ 2.404955842092065, 39.594156686494422 ], [ 2.404903554038395, 39.594073455075147 ], [ 2.40479848748786, 39.593964207131187 ], [ 2.404633208086334, 39.593833671798457 ], [ 2.404525334018766, 39.59376445929388 ], [ 2.404437123937033, 39.59370202414479 ], [ 2.404350235978503, 39.593629104963362 ], [ 2.404240053455638, 39.593541763261442 ], [ 2.404227908475855, 39.593520721306163 ], [ 2.40422559826898, 39.593502591462098 ], [ 2.404132596882167, 39.593423919202124 ] ], [ [ 2.404136490144007, 39.593545046293393 ], [ 2.403908994334279, 39.593311761266222 ], [ 2.403905319941447, 39.593302930299878 ], [ 2.403919046364878, 39.593211455625266 ], [ 2.40395579842024, 39.593057876332288 ] ], [ [ 2.403966212974467, 39.592991086517642 ], [ 2.403979509345739, 39.593021670055109 ], [ 2.404263308578215, 39.593416961290238 ], [ 2.404276711343711, 39.59343514800571 ], [ 2.404277804609547, 39.593451365021053 ] ], [ [ 2.404341038090328, 39.593407823243226 ], [ 2.404309458093478, 39.59335330644798 ], [ 2.4042595877882, 39.59327580959517 ], [ 2.404129425202612, 39.593074887267967 ], [ 2.404077151919904, 39.593003596950645 ], [ 2.404073047799897, 39.592992588688112 ], [ 2.404074271987182, 39.592984548729198 ], [ 2.404079344834028, 39.592976826751233 ], [ 2.404086711468984, 39.592971202431677 ], [ 2.404099870822501, 39.592963820167355 ] ], [ [ 2.404047924869786, 39.593036742074453 ], [ 2.404016297406818, 39.592987946522165 ], [ 2.404018982243152, 39.592962213234543 ], [ 2.404025292194189, 39.592945080893436 ] ], [ [ 2.404105196199239, 39.592957887135626 ], [ 2.404182895146762, 39.593060201587832 ], [ 2.404276652763672, 39.593176305756693 ], [ 2.404380318810162, 39.593304976908847 ], [ 2.404404692504007, 39.593337285895046 ], [ 2.404519086840748, 39.593472567838468 ], [ 2.404558082877909, 39.59350673938112 ], [ 2.404654551322794, 39.593576369164772 ] ], [ [ 2.403948403270974, 39.59362806340102 ], [ 2.404310099132977, 39.593815154707663 ], [ 2.404436072545313, 39.593893757054886 ] ], [ [ 2.404338950761055, 39.593792416346552 ], [ 2.404477970244648, 39.593858926971208 ], [ 2.404505566498867, 39.593874802266988 ], [ 2.404536787986529, 39.593899279387429 ] ], [ [ 2.404465874495265, 39.593533306857864 ], [ 2.404609792816302, 39.593711413912864 ], [ 2.4046318229175, 39.593729644794024 ], [ 2.404863886261794, 39.593833821863242 ], [ 2.404888210529245, 39.593872090834907 ], [ 2.405003096805353, 39.593986157257717 ], [ 2.405059172203726, 39.594058917283625 ], [ 2.405090638908665, 39.594126783915584 ], [ 2.405121934393227, 39.594214675148407 ], [ 2.405123485160639, 39.594321485381741 ], [ 2.405117976359947, 39.594389162693346 ], [ 2.4050518446946, 39.594483229956971 ] ], [ [ 2.404923945521227, 39.593729233754395 ], [ 2.405058762364996, 39.593818608434226 ] ], [ [ 2.40499576553277, 39.5938344972663 ], [ 2.405162401241465, 39.593950736009731 ], [ 2.405287261616968, 39.594051502587014 ], [ 2.405292078304069, 39.594064877865364 ], [ 2.405324051717161, 39.594217616347883 ], [ 2.405318927279581, 39.5943844697752 ], [ 2.405308960713356, 39.594396815194628 ], [ 2.405257953920783, 39.594451863209805 ] ], [ [ 2.405041086789721, 39.594588070572541 ], [ 2.405064848165637, 39.594548141268149 ], [ 2.405160438114497, 39.59446852872945 ], [ 2.405186655498275, 39.594429565266601 ], [ 2.405217500088409, 39.594281915701409 ], [ 2.405219637416878, 39.594176077641521 ], [ 2.405208242289393, 39.594067309524156 ], [ 2.405192585775905, 39.594024317619322 ] ], [ [ 2.405403849064654, 39.594399208296252 ], [ 2.405454919747413, 39.594336532387032 ], [ 2.405465375380655, 39.594266972880455 ], [ 2.405448012515492, 39.594135287980691 ], [ 2.405414040435348, 39.594072176897775 ], [ 2.405239233445364, 39.5939024959901 ], [ 2.405124134862192, 39.593813221572269 ], [ 2.405081363584085, 39.593770090828215 ] ], [ [ 2.404498239235047, 39.593352289139602 ], [ 2.404646416845301, 39.593464619948797 ], [ 2.404798260992177, 39.593580782527276 ], [ 2.40491588828956, 39.593662441162571 ], [ 2.404998295915131, 39.593682888671374 ], [ 2.405043694480156, 39.593706960705241 ] ], [ [ 2.404203018181706, 39.592976092293306 ], [ 2.404309755448827, 39.593033855236534 ], [ 2.404357675899709, 39.593051265605432 ], [ 2.40438717421668, 39.593060952465365 ], [ 2.404419186914267, 39.593064931538393 ], [ 2.404434001400463, 39.593062146688396 ] ], [ [ 2.404396389263628, 39.592992340878133 ], [ 2.404316187776333, 39.592858426172718 ] ], [ [ 2.404312785396084, 39.592680086801117 ], [ 2.404377257453084, 39.592779590568917 ], [ 2.404417228688072, 39.592861804911799 ], [ 2.404456104386187, 39.592927802213225 ], [ 2.404468348476657, 39.592937401517247 ] ], [ [ 2.404544648842195, 39.592807149767815 ], [ 2.404518978724135, 39.592782224449053 ], [ 2.404442286912198, 39.592670260793916 ], [ 2.404363080979972, 39.592564005767819 ], [ 2.404362077536139, 39.592537299367564 ], [ 2.40437217349595, 39.592509696570211 ], [ 2.404394620766394, 39.592479297200953 ], [ 2.404577600153258, 39.592413482755738 ], [ 2.404719745078477, 39.592366531025711 ] ], [ [ 2.404511053981203, 39.592412188435752 ], [ 2.404816882758749, 39.592105743928855 ], [ 2.4050865576549, 39.591846792642507 ], [ 2.40519998677201, 39.591842605064194 ], [ 2.405324589700882, 39.591828938912606 ], [ 2.405455461317085, 39.5918029082682 ], [ 2.405519704585075, 39.591785118964424 ] ], [ [ 2.404347039406392, 39.592539149590699 ], [ 2.404297806558774, 39.592531149199971 ], [ 2.404279375363366, 39.592524498778985 ], [ 2.404265550986933, 39.59251965962698 ], [ 2.404256393516133, 39.592509480542859 ], [ 2.404253480555745, 39.592489797826559 ], [ 2.404262449021406, 39.592432032533658 ], [ 2.404271785152011, 39.592421351782299 ], [ 2.40428951684301, 39.592419655038675 ], [ 2.404387927415331, 39.592442211450809 ], [ 2.404404053220802, 39.592448254453764 ], [ 2.404408608997741, 39.592456025801717 ], [ 2.404408527345132, 39.592465561031453 ] ], [ [ 2.404261127819043, 39.592406397634981 ], [ 2.404210003222927, 39.592349515395476 ], [ 2.404196356404743, 39.592323817295288 ], [ 2.404204708282006, 39.592248168714207 ], [ 2.404223818361255, 39.592175555014826 ], [ 2.404242025906376, 39.592118432676223 ], [ 2.404309006358775, 39.592032952538609 ], [ 2.404352516162694, 39.591989667333408 ], [ 2.40437968586626, 39.591965370551719 ], [ 2.40440765083116, 39.591938098118483 ], [ 2.404424154160922, 39.591900039212476 ], [ 2.404440284591726, 39.591815489511752 ], [ 2.404445207749407, 39.591780350968392 ] ], [ [ 2.404059956592852, 39.592504063557222 ], [ 2.404083789767716, 39.592599544974028 ], [ 2.404101827788196, 39.592652085798719 ], [ 2.404150759461928, 39.592695248499417 ], [ 2.404230422628529, 39.592748104402467 ], [ 2.404240834355386, 39.592769167207244 ] ], [ [ 2.404090221318149, 39.592725482208941 ], [ 2.404196263218007, 39.592846417722285 ], [ 2.404208347832784, 39.592874491947313 ], [ 2.404216020740596, 39.592897010297591 ], [ 2.404289415132813, 39.592962231348615 ], [ 2.404309004032035, 39.592977588992497 ], [ 2.404326210385943, 39.59298339877148 ], [ 2.404350844392956, 39.592985432545987 ] ], [ [ 2.40381388083938, 39.593651147939539 ], [ 2.403803116728325, 39.593614946816068 ], [ 2.403838103752727, 39.593487583120051 ], [ 2.403884160629829, 39.593326900088393 ] ], [ [ 2.403708535460569, 39.593855198917538 ], [ 2.40370200970194, 39.593843827713556 ], [ 2.403699431890009, 39.593820928213596 ], [ 2.403721171855662, 39.593765254945396 ] ], [ [ 2.403832492076914, 39.594402828542073 ], [ 2.403592395465161, 39.594372988561631 ], [ 2.403427687703451, 39.594355454961629 ], [ 2.403415383323913, 39.594353007649872 ], [ 2.403413903926281, 39.59434584764459 ] ], [ [ 2.403672228562068, 39.594442057115245 ], [ 2.403621522999648, 39.594461822356905 ], [ 2.403573421865959, 39.594465389538101 ], [ 2.403349265766624, 39.594445166522618 ] ], [ [ 2.403994254770531, 39.594620124662647 ], [ 2.403633936404381, 39.594595389600251 ], [ 2.403462010704289, 39.594593076213037 ], [ 2.403249473023588, 39.594583402492908 ], [ 2.403121894905656, 39.594584178041508 ] ], [ [ 2.403832492076914, 39.594402828542073 ], [ 2.403884231549847, 39.594442190772241 ], [ 2.404011166030836, 39.594552505896914 ], [ 2.404047957941491, 39.594574150934932 ], [ 2.404070996601258, 39.594582612674174 ], [ 2.40418164822831, 39.594615364170394 ], [ 2.404218552553137, 39.594623896980458 ] ], [ [ 2.40410905356153, 39.594636447319623 ], [ 2.404245324157184, 39.594916073835435 ], [ 2.404293971627568, 39.594992610210959 ], [ 2.404307510625422, 39.595030824001476 ], [ 2.404322590411013, 39.595069044788261 ], [ 2.404323916783118, 39.595094083216679 ] ], [ [ 2.403847205172443, 39.595025070815971 ], [ 2.403827418216342, 39.595288315424945 ], [ 2.403826181839844, 39.595432541205874 ] ], [ [ 2.403847205172443, 39.595025070815971 ], [ 2.403872876725436, 39.595017966322104 ], [ 2.404017433660585, 39.595049699852211 ] ], [ [ 2.404048553052913, 39.595014099226049 ], [ 2.403633257208825, 39.594932104373157 ], [ 2.403446274297116, 39.594996704661916 ], [ 2.403426194409253, 39.595002561906909 ] ], [ [ 2.403071531913943, 39.594677708862555 ], [ 2.40318226503631, 39.594700926083732 ], [ 2.403360613072222, 39.59474475377224 ], [ 2.403498434824596, 39.594843204674007 ], [ 2.403527493417126, 39.594868386379176 ], [ 2.403605842683912, 39.594895012253986 ], [ 2.403747307494238, 39.594927922316792 ], [ 2.403885743166329, 39.594954856326162 ], [ 2.404053348984854, 39.59499385956709 ] ], [ [ 2.404052250114216, 39.595158111546695 ], [ 2.40402108265137, 39.595235192832192 ], [ 2.403892679796331, 39.595439796017168 ], [ 2.403811398447942, 39.59553950639323 ], [ 2.403782471177399, 39.59557082657529 ], [ 2.403642334461713, 39.595717946362043 ], [ 2.403563813096815, 39.595819101566143 ] ], [ [ 2.404414662794569, 39.595761688436134 ], [ 2.404413708772811, 39.595657265417017 ], [ 2.40442687040141, 39.595631585833864 ], [ 2.404486424490992, 39.595586117648864 ], [ 2.404536490064444, 39.595569209538134 ], [ 2.404577176245213, 39.595567988099255 ], [ 2.404673192203035, 39.595582784005643 ], [ 2.404824391140295, 39.595630761967882 ] ], [ [ 2.404670559677808, 39.595890305141673 ], [ 2.404664756163697, 39.595704324512496 ] ], [ [ 2.405383632153545, 39.595961185355371 ], [ 2.40547222907128, 39.595978803417644 ], [ 2.40558865682757, 39.59598512066016 ] ], [ [ 2.405371131233132, 39.595909627287064 ], [ 2.405258352345452, 39.595909050070013 ], [ 2.405182708997085, 39.595890067316233 ], [ 2.405084917675831, 39.595866680391424 ], [ 2.405036799318637, 39.595872155576281 ], [ 2.405003459302561, 39.595879137261171 ] ], [ [ 2.406099700971773, 39.595140224862412 ], [ 2.405966089962218, 39.595089478593437 ], [ 2.40591847108522, 39.595072547078658 ], [ 2.405800074495072, 39.595044525901358 ] ], [ [ 2.405706387859011, 39.595009478581659 ], [ 2.40560206092593, 39.594957688701335 ], [ 2.405540871986583, 39.594906120336773 ], [ 2.405441614810786, 39.594801908851927 ], [ 2.405383731853003, 39.594724132720252 ], [ 2.405370110784868, 39.594695455177863 ], [ 2.405356540688282, 39.594660817553361 ], [ 2.405355305671756, 39.594625051888229 ], [ 2.405395974439753, 39.594553740422157 ], [ 2.405431735547886, 39.594515779037046 ], [ 2.405470557734245, 39.594480218341012 ], [ 2.405506145550716, 39.594462520305754 ] ], [ [ 2.40542269684715, 39.594671884718103 ], [ 2.405481007762183, 39.594699598857538 ], [ 2.405519239085879, 39.594733170576802 ], [ 2.405577448215362, 39.594772803928379 ], [ 2.405632677757545, 39.594800502227706 ], [ 2.405704947376637, 39.594817559944424 ], [ 2.405758819564125, 39.594823795815117 ], [ 2.40581733441931, 39.594827670364943 ] ], [ [ 2.405568572161228, 39.5940086895815 ], [ 2.405608007728526, 39.594081602989149 ], [ 2.405631609255831, 39.594204498654335 ], [ 2.40562814066928, 39.594249776805604 ] ], [ [ 2.405701210440201, 39.593992680010977 ], [ 2.405775245818782, 39.594163513626462 ], [ 2.405776521777311, 39.594194512127402 ], [ 2.405742026789839, 39.594264663239457 ] ], [ [ 2.405701210440201, 39.593992680010977 ], [ 2.405679865301117, 39.593966347131314 ], [ 2.40559692577001, 39.593936122964259 ], [ 2.405528034034079, 39.593884514280113 ], [ 2.405459163937374, 39.593830522429798 ], [ 2.4054180248932, 39.593776671545214 ], [ 2.405377059150746, 39.593702558171053 ], [ 2.405355765181543, 39.593670265150614 ], [ 2.405268304216717, 39.593448106297657 ], [ 2.405220687788901, 39.59343117540881 ], [ 2.405206811030513, 39.593432296443346 ] ], [ [ 2.405250091825025, 39.593415829930663 ], [ 2.405198444486189, 39.593329741129374 ], [ 2.405159101513439, 39.593246100333666 ], [ 2.405088762980865, 39.593183756262839 ], [ 2.405000058269009, 39.593107014180333 ], [ 2.40494665657639, 39.593045949720207 ] ], [ [ 2.404858770529606, 39.593233834721183 ], [ 2.405030383160757, 39.593344376683959 ], [ 2.405111587297067, 39.593397240771914 ], [ 2.405160735365461, 39.593415372516034 ], [ 2.405199200297268, 39.593421528867445 ] ], [ [ 2.405150745484756, 39.593538573866773 ], [ 2.405231320394184, 39.593629100588217 ], [ 2.405262345166074, 39.59367646278077 ], [ 2.405318776906005, 39.593779739839299 ] ], [ [ 2.404561124443408, 39.593303829412172 ], [ 2.404728419105198, 39.593414827239499 ] ], [ [ 2.404732545096192, 39.593364784203878 ], [ 2.404953098749377, 39.593517535463739 ], [ 2.405026449619377, 39.593588000743615 ] ], [ [ 2.404755733682574, 39.593463600501813 ], [ 2.404956135439394, 39.593594793086929 ], [ 2.405000163127342, 39.593635069527636 ] ], [ [ 2.40464817460825, 39.592853700590808 ], [ 2.404734478511304, 39.592922802486513 ], [ 2.404774636783377, 39.592983084683397 ], [ 2.404790566127848, 39.593066129029317 ] ], [ [ 2.404870661466321, 39.592996449626696 ], [ 2.40478280294426, 39.592893011356971 ], [ 2.404729826517797, 39.592818359572419 ], [ 2.404720680160042, 39.592806869576947 ] ], [ [ 2.40467188989943, 39.592675023521572 ], [ 2.404672147005154, 39.592644986150958 ], [ 2.404677816228681, 39.592630711274737 ], [ 2.404705866168786, 39.592593664786271 ], [ 2.404763555889116, 39.59254961772006 ], [ 2.404991599426705, 39.592474975367168 ] ], [ [ 2.405389227283814, 39.592675835840133 ], [ 2.405405007654732, 39.59256005436611 ] ], [ [ 2.405558659959903, 39.592536523420357 ], [ 2.405529071263063, 39.592753792574293 ] ], [ [ 2.405095250833228, 39.592461202175457 ], [ 2.405068793544604, 39.592528294702049 ], [ 2.404977519711515, 39.592607929300435 ] ], [ [ 2.405884669256688, 39.592897220619285 ], [ 2.4058761714336, 39.592809922789641 ], [ 2.40589006504866, 39.592698423230651 ] ], [ [ 2.404566760427967, 39.593062459462232 ], [ 2.404580006932757, 39.593098764244303 ], [ 2.404599458324274, 39.593130332545748 ] ], [ [ 2.404700221298088, 39.593022138126095 ], [ 2.404728151760426, 39.593070914553145 ], [ 2.40474977479513, 39.593136824267795 ], [ 2.404762001481779, 39.593148330040393 ] ], [ [ 2.405673642143833, 39.593323817423602 ], [ 2.405722648598609, 39.593358397490469 ], [ 2.405809749488149, 39.59340652297653 ] ], [ [ 2.405990687458151, 39.593002645772749 ], [ 2.406058236681587, 39.593103118535318 ], [ 2.406100268798492, 39.59316054997015 ], [ 2.406107578314332, 39.5931705996258 ] ], [ [ 2.406115946043964, 39.5932011577287 ], [ 2.406179539132433, 39.593259651726846 ], [ 2.406222408477428, 39.593291339434955 ] ], [ [ 2.406210523446396, 39.59323978458044 ], [ 2.406276663444539, 39.593288755893312 ], [ 2.406330592826414, 39.593324315054993 ], [ 2.406370874799551, 39.593370293410224 ], [ 2.406416870976558, 39.593468748354638 ], [ 2.406431376222578, 39.593502198571677 ], [ 2.40644082976914, 39.593549926902256 ], [ 2.406454062238661, 39.593588137987297 ], [ 2.406509085738992, 39.593639913163997 ], [ 2.406569979350614, 39.593726048605944 ], [ 2.406646984889522, 39.593801775549998 ], [ 2.406684801930493, 39.593847741206368 ], [ 2.406689398073199, 39.593886862358765 ] ], [ [ 2.406033698112054, 39.593174175723931 ], [ 2.406066787590714, 39.593268511978003 ], [ 2.406130862406928, 39.59334274322886 ], [ 2.406175205334971, 39.593382306318155 ], [ 2.406230413668159, 39.593412388366552 ], [ 2.40626707340645, 39.593449527119802 ], [ 2.406298927839522, 39.593508097640878 ], [ 2.406297032151248, 39.593549807649907 ], [ 2.406294962317928, 39.593611781032386 ], [ 2.406297513520737, 39.593673778025909 ], [ 2.406327970951892, 39.593715653341192 ], [ 2.40638304735839, 39.593761230631308 ], [ 2.406413605443318, 39.593791186654244 ], [ 2.406425677023668, 39.593821048232243 ], [ 2.406442400186199, 39.593847357365519 ] ], [ [ 2.406058818589979, 39.593505201819838 ], [ 2.406110284660321, 39.593540509716888 ], [ 2.406160900551287, 39.593567230893328 ], [ 2.406197613250071, 39.593598171722668 ], [ 2.406240649824651, 39.593646310462226 ] ], [ [ 2.405968593730688, 39.593678533902398 ], [ 2.406060280800242, 39.593766971496542 ], [ 2.406072917389006, 39.593802796341357 ] ], [ [ 2.406148991129648, 39.593771001123507 ], [ 2.40611547376217, 39.593690727859773 ], [ 2.40603733455964, 39.593639549757647 ] ], [ [ 2.406263648339245, 39.593960279878843 ], [ 2.406288468487061, 39.594030734236668 ] ], [ [ 2.406099783031415, 39.593934410793302 ], [ 2.406183305461171, 39.593986689495217 ], [ 2.406200089627314, 39.594005847464764 ], [ 2.406194351599476, 39.59404634576385 ] ], [ [ 2.405766426556791, 39.593910058028698 ], [ 2.405800560749742, 39.593972216545581 ], [ 2.405874312407084, 39.59417642476069 ], [ 2.405876429474434, 39.594199083983796 ], [ 2.405858461999241, 39.594228195532814 ] ], [ [ 2.40588982236786, 39.593983997184303 ], [ 2.405938603366827, 39.594045038481745 ], [ 2.40598276338202, 39.594106056134407 ] ], [ [ 2.407742333089089, 39.595708068635162 ], [ 2.407853879512815, 39.595817109052106 ], [ 2.407934907193813, 39.595891425681103 ], [ 2.407976139592849, 39.595934547525417 ], [ 2.408048015299936, 39.595998088830115 ], [ 2.408098512843429, 39.596038874597333 ] ], [ [ 2.407592645571007, 39.595554729834483 ], [ 2.407679743245073, 39.595639806204517 ] ], [ [ 2.406860004970522, 39.594924003019266 ], [ 2.406893371996002, 39.594986157291615 ], [ 2.406954469376383, 39.59504845219157 ], [ 2.40708276888388, 39.595180226356234 ], [ 2.407192986020374, 39.595264228999618 ], [ 2.407275826249524, 39.595306371300289 ], [ 2.407334057176021, 39.595343620647242 ], [ 2.407384494060862, 39.595391557024875 ], [ 2.407409032384695, 39.595404794024113 ] ], [ [ 2.406498281624493, 39.594471438784353 ], [ 2.406495295389985, 39.59453245328487 ], [ 2.40651473177066, 39.594565928673788 ], [ 2.406529351207531, 39.594586028831721 ], [ 2.406588178896055, 39.594625426965308 ], [ 2.406617621247275, 39.594641787834568 ], [ 2.406671649467591, 39.594665904202486 ] ], [ [ 2.406309835615843, 39.594455217954746 ], [ 2.406323026312763, 39.594498197108905 ], [ 2.406341351393069, 39.594517362929921 ], [ 2.406369390570901, 39.594553743080333 ], [ 2.406383839042955, 39.59459386786925 ], [ 2.406393455477108, 39.594622524835401 ], [ 2.406414189084618, 39.594648377810955 ], [ 2.406441125265835, 39.594669494194889 ], [ 2.406489153169924, 39.594674507803624 ], [ 2.406596366846769, 39.594676962889061 ], [ 2.406649284985648, 39.594686768778395 ] ], [ [ 2.40670218570314, 39.594698482044222 ], [ 2.406751242439219, 39.59472734036197 ], [ 2.406781788034607, 39.594758964936169 ], [ 2.406825597924501, 39.594824986622498 ] ], [ [ 2.406840103642448, 39.594858436784314 ], [ 2.406864348030873, 39.594906240576307 ], [ 2.40686554764743, 39.594910060777877 ] ], [ [ 2.405187715496407, 39.594570347379275 ], [ 2.405186480030655, 39.594606815820619 ], [ 2.405188126388957, 39.594630425938654 ], [ 2.405199041752861, 39.594651222722156 ], [ 2.405226560137934, 39.594676395218976 ] ], [ [ 2.404101179492581, 39.596058589188502 ], [ 2.404025656574027, 39.595881786596856 ], [ 2.404024473312822, 39.595840059951264 ], [ 2.404038512831053, 39.595819868609077 ], [ 2.404091171691449, 39.595787954657219 ] ], [ [ 2.404112955938974, 39.595763034753702 ], [ 2.404131791385612, 39.595722602839778 ], [ 2.404155198073906, 39.595688155605423 ], [ 2.404192439949489, 39.595657354613678 ], [ 2.404214346663666, 39.595618130502245 ], [ 2.404216071241421, 39.595596683922956 ] ], [ [ 2.404178126020383, 39.595529737144624 ], [ 2.404154453866819, 39.595595175890814 ], [ 2.404120293563543, 39.595625992674329 ], [ 2.404041289555243, 39.595675651636029 ], [ 2.403985487910961, 39.595714700951824 ] ], [ [ 2.404267913010484, 39.595660125734575 ], [ 2.404274300758595, 39.595633933890049 ], [ 2.404354896371787, 39.5955783234891 ], [ 2.404422961499792, 39.595546488362118 ] ], [ [ 2.404291962852069, 39.595550585088326 ], [ 2.404444929281471, 39.595500113912884 ], [ 2.404546849344456, 39.595473219605807 ], [ 2.404628555582387, 39.595467678859833 ], [ 2.404699397096356, 39.595471618035873 ], [ 2.404727077698525, 39.595477719290983 ] ], [ [ 2.40427064841213, 39.595520675910187 ], [ 2.404281607416071, 39.595500467842029 ], [ 2.404334296544572, 39.595464978629437 ], [ 2.404447153951948, 39.595420261261182 ], [ 2.404529004183176, 39.595398033271138 ], [ 2.404632259584482, 39.595394986192176 ] ], [ [ 2.404357762581759, 39.595215665665286 ], [ 2.404185790260359, 39.595354553255284 ], [ 2.404008916774288, 39.595497878267643 ], [ 2.403979112023968, 39.595559708416594 ], [ 2.403961408688243, 39.595647825230131 ] ], [ [ 2.399108338325693, 39.595719840351919 ], [ 2.399170839753671, 39.595761645360199 ], [ 2.399236742350096, 39.595837797309485 ] ], [ [ 2.399464641952787, 39.595781758877401 ], [ 2.399512044323928, 39.595859245893301 ] ], [ [ 2.399282609024309, 39.59566495666143 ], [ 2.399317527093022, 39.595689453384857 ], [ 2.399368799830498, 39.595746934090236 ] ], [ [ 2.398991546778396, 39.595541867785677 ], [ 2.399043239376666, 39.595550717503954 ], [ 2.399164680233132, 39.595618574384673 ] ], [ [ 2.399329880113335, 39.595543617336546 ], [ 2.399384875089981, 39.595598256496011 ] ], [ [ 2.39942638894954, 39.595501204472512 ], [ 2.399539348063115, 39.595694891554487 ] ], [ [ 2.399314698028823, 39.595374752675404 ], [ 2.399382721587704, 39.595419446001273 ] ], [ [ 2.399619070045771, 39.595669556474149 ], [ 2.399673559123081, 39.595782838473454 ] ], [ [ 2.399518537439257, 39.595321450524324 ], [ 2.399650145161, 39.595496639242484 ], [ 2.399679417482176, 39.595532549817442 ], [ 2.399767666693057, 39.595590221386431 ], [ 2.399835554962953, 39.595650649403559 ] ], [ [ 2.399708000980344, 39.595434000943357 ], [ 2.399753962569249, 39.595464276156392 ] ], [ [ 2.399291619247859, 39.595049933169534 ], [ 2.399570328736302, 39.595318857387426 ] ], [ [ 2.39909482285767, 39.594930193540108 ], [ 2.399230572365675, 39.595053909169344 ] ], [ [ 2.39909667901217, 39.595143331908631 ], [ 2.399210909348258, 39.595189695132795 ] ], [ [ 2.399451912926594, 39.594900570217142 ], [ 2.399627731558664, 39.595094582107372 ], [ 2.399658740785574, 39.59514337653841 ], [ 2.399772033296147, 39.595298444111378 ], [ 2.399885722436462, 39.595407741096508 ] ], [ [ 2.399939004106419, 39.595446637292561 ], [ 2.400025466899726, 39.595497147033861 ], [ 2.400097336717285, 39.595524696007487 ], [ 2.400156363020123, 39.595540734600867 ], [ 2.400226494563797, 39.595555400548271 ] ], [ [ 2.399851505775038, 39.595516274109237 ], [ 2.400024985645262, 39.595552930261128 ] ], [ [ 2.399266553469788, 39.593670903397644 ], [ 2.399368919536952, 39.594020449073604 ] ], [ [ 2.399384006171435, 39.593986197659071 ], [ 2.39941264778747, 39.594095055473367 ] ], [ [ 2.399469201097066, 39.593754913652873 ], [ 2.399419008733299, 39.594000682502653 ] ], [ [ 2.399475592568699, 39.594085368518606 ], [ 2.399491119442831, 39.594214184012834 ] ], [ [ 2.399391236414213, 39.593577142099363 ], [ 2.399384207296618, 39.593748752775397 ] ], [ [ 2.399611708725408, 39.593523926631427 ], [ 2.39954908140187, 39.593710984782966 ] ], [ [ 2.399564411926017, 39.593862685528499 ], [ 2.399555201586362, 39.594072905961312 ] ], [ [ 2.399931655758514, 39.593512705423969 ], [ 2.399817023912936, 39.594155791445345 ] ], [ [ 2.399787245988801, 39.594178523893291 ], [ 2.399769705267501, 39.594282852322351 ] ], [ [ 2.399838048983085, 39.594290356859922 ], [ 2.399820521819515, 39.594393254522714 ], [ 2.399859183169919, 39.594626608492341 ], [ 2.399889908489392, 39.594708299953602 ] ], [ [ 2.3995026782741, 39.594374447609987 ], [ 2.39959011088762, 39.594526521845133 ] ], [ [ 2.399349784683136, 39.594309290168795 ], [ 2.399517700076894, 39.594561906988154 ], [ 2.399556792709927, 39.59474520002675 ], [ 2.39955479514671, 39.594762354401936 ] ], [ [ 2.399601628929882, 39.594905635561453 ], [ 2.399709831912817, 39.595007752868554 ], [ 2.399847986342419, 39.595067112137855 ], [ 2.39995427884356, 39.595176371755578 ], [ 2.400077210360182, 39.595285716285389 ], [ 2.400145431723563, 39.59530752392547 ], [ 2.400228492924687, 39.595323687463562 ], [ 2.400307991061165, 39.595324097796883 ], [ 2.40033389903195, 39.59532137072754 ] ], [ [ 2.399848550858874, 39.595215876661584 ], [ 2.399955226171223, 39.595280794769202 ] ], [ [ 2.400122296035054, 39.595417545068948 ], [ 2.400185007533456, 39.595435033515628 ], [ 2.400251564706258, 39.595435377082424 ] ], [ [ 2.400028783551693, 39.595326947138034 ], [ 2.400130073734614, 39.595373243541665 ] ], [ [ 2.400237205956786, 39.59538523971878 ], [ 2.400318553555118, 39.595385659591606 ], [ 2.400429606579449, 39.595371928782164 ], [ 2.40050940069527, 39.595338010210611 ], [ 2.400646742532332, 39.595277212360507 ], [ 2.400674536844595, 39.595270203320617 ], [ 2.400717183222116, 39.595256119370568 ] ], [ [ 2.399923123158377, 39.594930182627557 ], [ 2.400049344602135, 39.595086747549153 ] ], [ [ 2.400171132246038, 39.595114553313181 ], [ 2.400309915139611, 39.595100965765198 ], [ 2.40040254135365, 39.595079988367601 ], [ 2.400495338974201, 39.595038985398745 ] ], [ [ 2.399919114456027, 39.594109115362627 ], [ 2.399918213533384, 39.594213529751158 ], [ 2.399951010241657, 39.594269484850209 ] ], [ [ 2.400027996841315, 39.593918005148488 ], [ 2.399972247076133, 39.594165175479851 ], [ 2.399971975590363, 39.594196642694243 ], [ 2.39998077581589, 39.594248182237955 ] ], [ [ 2.40018462477042, 39.593978890253894 ], [ 2.40012192453569, 39.594174530676 ] ], [ [ 2.399982807456368, 39.594441296047627 ], [ 2.399994502023799, 39.594585826436848 ], [ 2.400013568287531, 39.594733255670093 ], [ 2.400082859987166, 39.59484518399001 ], [ 2.400135764882704, 39.594906391359608 ], [ 2.400227717445921, 39.594963367183489 ], [ 2.400276698549039, 39.594965049948847 ], [ 2.40034779122507, 39.59497543006006 ] ], [ [ 2.400107821513666, 39.594523474320546 ], [ 2.400149357233509, 39.594638120083012 ], [ 2.400158403210797, 39.594661053047702 ] ], [ [ 2.400181304185188, 39.594578208560762 ], [ 2.400202601464911, 39.594681306693055 ], [ 2.400240797556781, 39.594754454277222 ], [ 2.400253615173115, 39.594768824353281 ], [ 2.400362817848304, 39.594755084053006 ], [ 2.40043884087307, 39.59472972931345 ], [ 2.400570548324592, 39.594678913859866 ], [ 2.400672651464867, 39.59463080724376 ], [ 2.400828553569696, 39.594561522551203 ], [ 2.400900841682581, 39.594540438972018 ], [ 2.40104902794577, 39.594508304380206 ], [ 2.401204510702363, 39.594487649433383 ], [ 2.401315574442864, 39.594472486984188 ], [ 2.40141003425501, 39.594452948167081 ] ], [ [ 2.400469949162413, 39.594767080009895 ], [ 2.400605392388606, 39.594711993068842 ], [ 2.40072425733195, 39.594649668958567 ], [ 2.400857826115626, 39.59459743283665 ], [ 2.400920783485851, 39.594586314323166 ] ], [ [ 2.40099409556179, 39.594661072653075 ], [ 2.401136673512476, 39.594636060545625 ], [ 2.401266151504164, 39.594629576301799 ], [ 2.401356741598327, 39.594630043071234 ], [ 2.401408409212739, 39.594641752392164 ], [ 2.401452632444746, 39.594659144908341 ] ], [ [ 2.401007566230195, 39.594599635709272 ], [ 2.401225957251127, 39.594573583453119 ], [ 2.401421929926614, 39.594574593189499 ], [ 2.401477319706685, 39.59458346087159 ] ], [ [ 2.400185087066443, 39.594782774529911 ], [ 2.40023605352881, 39.594846336161169 ], [ 2.40028446665803, 39.594847425814031 ], [ 2.400397489213241, 39.594808187012809 ], [ 2.400421633927473, 39.594795438533879 ] ], [ [ 2.400197126146459, 39.594865942649776 ], [ 2.400236536903138, 39.594905481627862 ], [ 2.400289067541921, 39.59492434830878 ], [ 2.400370346775686, 39.594932634719164 ], [ 2.400413817878407, 39.594929998267375 ] ], [ [ 2.400526961731957, 39.595209746725089 ], [ 2.400666218427834, 39.595141329674583 ], [ 2.400746672528947, 39.595102409098267 ], [ 2.400865539469572, 39.595075606322787 ] ], [ [ 2.401099927011084, 39.595052974222675 ], [ 2.40129254166368, 39.595050391568897 ], [ 2.40142801816891, 39.595063009341629 ], [ 2.401547985674862, 39.59508746685713 ] ], [ [ 2.401347325065314, 39.594771746137155 ], [ 2.401239540565088, 39.594764039248211 ], [ 2.401161038426437, 39.594755290210607 ], [ 2.401140978949806, 39.594758763029667 ] ], [ [ 2.400821096619874, 39.594869161999036 ], [ 2.400717604477723, 39.594899620233925 ], [ 2.400586082951032, 39.594964501050583 ] ], [ [ 2.400365513430499, 39.594456764686115 ], [ 2.40048853928512, 39.594483624115036 ] ], [ [ 2.400285676560244, 39.594424169510837 ], [ 2.4002951964348, 39.594570834009431 ], [ 2.400300948330311, 39.594618542814729 ], [ 2.400388335046377, 39.5946690579609 ], [ 2.400436228556673, 39.594653809121382 ] ], [ [ 2.400483435275782, 39.594539621376001 ], [ 2.400712284645178, 39.594444249827596 ], [ 2.400797256300403, 39.594417272289817 ], [ 2.400852771143756, 39.594411599124975 ] ], [ [ 2.400107821513666, 39.594523474320546 ], [ 2.400056540369865, 39.594374114540628 ] ], [ [ 2.40046804075062, 39.594001951653787 ], [ 2.400410635411804, 39.594226942807666 ], [ 2.400364979817948, 39.594339946466562 ] ], [ [ 2.400511999136749, 39.594264417238257 ], [ 2.400511125808096, 39.594365733116831 ], [ 2.400507756631393, 39.594399090937799 ], [ 2.400561567526013, 39.594412480408302 ], [ 2.400693221551673, 39.594332104309601 ], [ 2.400827648702643, 39.59428750170138 ], [ 2.400944984901884, 39.594259498875729 ], [ 2.401042106540763, 39.59425284715482 ] ], [ [ 2.400167905356156, 39.593609428586333 ], [ 2.400101203565663, 39.593840331048881 ] ], [ [ 2.40044232313181, 39.593589388575644 ], [ 2.400365136297987, 39.593785669814054 ], [ 2.400313185530922, 39.593914136959761 ] ], [ [ 2.400671015364957, 39.593690695827419 ], [ 2.400617606673947, 39.593809619948004 ], [ 2.400562595415015, 39.593935688182846 ], [ 2.400532603365126, 39.594018972818461 ] ], [ [ 2.400838349293083, 39.593760695174275 ], [ 2.400816246182112, 39.593822564239119 ], [ 2.400723920923843, 39.593987775672353 ], [ 2.400664462103838, 39.59409355675502 ], [ 2.400646693335475, 39.594188825147782 ], [ 2.400649415307527, 39.594230558870599 ], [ 2.400681624838824, 39.594247413063307 ] ], [ [ 2.400921965965777, 39.593891053649848 ], [ 2.400886460006977, 39.594078013575498 ], [ 2.400929330356349, 39.594109226585793 ], [ 2.400989651966072, 39.594082121810906 ] ], [ [ 2.401316721068624, 39.594031360091144 ], [ 2.401107912653706, 39.594125643171296 ] ], [ [ 2.400015832683922, 39.593127792096254 ], [ 2.399940647515336, 39.593270443031557 ], [ 2.399888059660784, 39.593365531498392 ], [ 2.399832892232749, 39.593473956338414 ], [ 2.399830114144949, 39.593510178881878 ] ], [ [ 2.400091542771992, 39.592924113160649 ], [ 2.400065987695478, 39.59302887692747 ], [ 2.40006056457558, 39.593086064603902 ], [ 2.400084621571763, 39.593154847625939 ], [ 2.400101186067896, 39.593235035995562 ], [ 2.400097898194931, 39.593330378178749 ], [ 2.400064422678527, 39.593496131696746 ] ], [ [ 2.400385944212103, 39.593087744167335 ], [ 2.400322871863938, 39.593255251619979 ], [ 2.400272371704539, 39.593394216087084 ], [ 2.400256200229048, 39.593554337404846 ] ], [ [ 2.400529045948784, 39.593073225335878 ], [ 2.400503162704179, 39.59321613098875 ], [ 2.400475406937018, 39.593290368159884 ] ], [ [ 2.400342150804612, 39.592734687542283 ], [ 2.400378369255586, 39.592822605464271 ], [ 2.400365058175903, 39.592936968130715 ], [ 2.400347260235299, 39.5929998135273 ], [ 2.400314788548065, 39.593049233464981 ] ], [ [ 2.400643191997152, 39.592700003873695 ], [ 2.400619166400596, 39.59291348635147 ], [ 2.400595962458548, 39.59303161208949 ] ], [ [ 2.400834426667343, 39.593107222380013 ], [ 2.40094776912273, 39.593399607640549 ], [ 2.400947506296351, 39.593430121612791 ] ], [ [ 2.400672821720204, 39.593266593733091 ], [ 2.400578542548281, 39.5936227520749 ] ], [ [ 2.400870909895019, 39.593450705464953 ], [ 2.400805127673628, 39.593646807034631 ] ], [ [ 2.401202385388283, 39.593030924751133 ], [ 2.401127468823659, 39.59342914180516 ] ], [ [ 2.401040617869898, 39.593495445456128 ], [ 2.400932453592176, 39.593746637701017 ] ], [ [ 2.401112121339326, 39.593779985802833 ], [ 2.401095536809145, 39.593916742186948 ] ], [ [ 2.401053579914982, 39.593958245602394 ], [ 2.401087372385217, 39.593970339570099 ], [ 2.401206360406233, 39.593929233142113 ] ], [ [ 2.401202394762748, 39.593674125415689 ], [ 2.401257457485019, 39.593720897125529 ], [ 2.401319196240875, 39.593708103397532 ], [ 2.401359333923659, 39.593698773651575 ] ], [ [ 2.400464163082251, 39.592449953269146 ], [ 2.400505081758058, 39.592636116263961 ], [ 2.400496650028879, 39.592756225692348 ] ], [ [ 2.400713779338048, 39.592446950235868 ], [ 2.40073483031833, 39.592578654879837 ], [ 2.400733881373389, 39.592688790625509 ] ], [ [ 2.400910915259601, 39.592312079115914 ], [ 2.400904260832889, 39.592440780098677 ], [ 2.400885724269803, 39.592660965807035 ], [ 2.400877158823308, 39.592796809337578 ] ], [ [ 2.401118010869319, 39.592308855071281 ], [ 2.401113131070788, 39.592446148467509 ], [ 2.40110896559539, 39.592500481898639 ] ], [ [ 2.400987923111487, 39.592815975055792 ], [ 2.400979086823159, 39.592983285818413 ] ], [ [ 2.40132360326824, 39.592480131656544 ], [ 2.40140518417612, 39.59266793378044 ], [ 2.401422822169466, 39.59276672214844 ] ], [ [ 2.401537616344875, 39.592747287967406 ], [ 2.401519906324123, 39.592871641310133 ] ], [ [ 2.401589119249482, 39.592563032191286 ], [ 2.401619256215403, 39.592713379017503 ], [ 2.401619108546372, 39.592730542962116 ] ], [ [ 2.399837456987947, 39.592552090289168 ], [ 2.399932378627345, 39.592621716902009 ], [ 2.399994834744058, 39.592704286746375 ], [ 2.400005268960034, 39.592744868249675 ] ], [ [ 2.399591104959794, 39.593069335795256 ], [ 2.399661675042196, 39.59310426861029 ], [ 2.399721255564085, 39.593162984173404 ] ], [ [ 2.399752358029447, 39.592950969298371 ], [ 2.399818193942711, 39.592998989413559 ] ], [ [ 2.39979022781498, 39.592847461281849 ], [ 2.399834762221021, 39.59286437937569 ], [ 2.399869836375303, 39.592906280225748 ] ], [ [ 2.399786029885855, 39.593702855379846 ], [ 2.399687499411927, 39.593872802205951 ], [ 2.39965604791408, 39.593946543429212 ] ], [ [ 2.399360960280852, 39.594111897131519 ], [ 2.399363805486649, 39.594210609312064 ], [ 2.399416715401368, 39.594292415579055 ] ], [ [ 2.399623706019995, 39.594801752293598 ], [ 2.399764425952597, 39.594920724714044 ] ], [ [ 2.39988001521579, 39.594809751240007 ], [ 2.399934993597237, 39.594866297548862 ] ], [ [ 2.400040243000817, 39.594953617833788 ], [ 2.400113191431213, 39.595070333285328 ] ], [ [ 2.402768240835459, 39.593399768689096 ], [ 2.402703052641307, 39.593455457216329 ], [ 2.402623640601027, 39.593552793170211 ], [ 2.40254130047009, 39.593632232986508 ], [ 2.40249474404241, 39.593671330040735 ], [ 2.402438728100107, 39.593735409159571 ], [ 2.402411830089073, 39.593817519033507 ], [ 2.402361782293698, 39.593904277203912 ] ], [ [ 2.402838105735371, 39.59315815319701 ], [ 2.402695333522666, 39.593277810155293 ], [ 2.402553979834744, 39.593411779049035 ], [ 2.402485750956078, 39.593462684446656 ], [ 2.402428419750781, 39.593500533097533 ] ], [ [ 2.402489308993454, 39.593227879684342 ], [ 2.40237199562754, 39.593253500060868 ], [ 2.402246785070224, 39.593301728090893 ], [ 2.402221980960056, 39.59331947970869 ], [ 2.402221827287839, 39.593337359043026 ], [ 2.402227549671381, 39.593388644720299 ] ], [ [ 2.402177993745797, 39.593418189670871 ], [ 2.402165917687024, 39.593568319141532 ], [ 2.402164544752168, 39.593728039322301 ], [ 2.402162522462574, 39.593784052523581 ], [ 2.402181874660273, 39.593862824094963 ], [ 2.402193963757581, 39.593890302061517 ] ], [ [ 2.402203483166539, 39.593320576610729 ], [ 2.402154039983475, 39.593337010280301 ], [ 2.402138439203149, 39.593359578407714 ], [ 2.402142035608882, 39.593478796541774 ] ], [ [ 2.403663642971873, 39.593879179316716 ], [ 2.403653989722314, 39.593926809803648 ], [ 2.40366160654824, 39.593936981025983 ], [ 2.403839229130601, 39.593975440401302 ] ], [ [ 2.406299049005754, 39.593164286043937 ], [ 2.406332789984579, 39.593182338568731 ], [ 2.40638047889418, 39.593190925793941 ], [ 2.406510638961458, 39.593284566635361 ], [ 2.406548829332417, 39.59332290608841 ], [ 2.406554919887386, 39.593331280774279 ] ], [ [ 2.406657359817585, 39.593423587801333 ], [ 2.406759871192677, 39.59350755062222 ], [ 2.406862493467703, 39.59357840206529 ], [ 2.406962035639604, 39.593649238597969 ], [ 2.406981921747026, 39.593666027249796 ] ], [ [ 2.407029447297442, 39.593693686471489 ], [ 2.407104787441289, 39.593711950156013 ], [ 2.407127814862616, 39.593721604202749 ] ], [ [ 2.40718915635566, 39.593755292393958 ], [ 2.407255089636496, 39.593792581083733 ] ], [ [ 2.407317991136982, 39.593823893928992 ], [ 2.407409891364482, 39.59388753868555 ] ], [ [ 2.407443512291555, 39.593919893294633 ], [ 2.40752736381486, 39.594024024536296 ] ], [ [ 2.408145827436072, 39.59361124995128 ], [ 2.40825016965443, 39.593661368020022 ] ], [ [ 2.408389338291311, 39.593674474026351 ], [ 2.408478006083946, 39.593683507805942 ], [ 2.40853093880135, 39.593691405423051 ] ], [ [ 2.40814058276896, 39.593358520009204 ], [ 2.408186866602024, 39.593423600506071 ], [ 2.408245572574575, 39.593477300209543 ] ], [ [ 2.40837469382787, 39.593512288044202 ], [ 2.408455683670658, 39.593554657964418 ] ], [ [ 2.408317748312708, 39.593396612505138 ], [ 2.408397285695536, 39.59346472303173 ], [ 2.408500394594951, 39.593514834597428 ] ], [ [ 2.408185408553009, 39.593160400000087 ], [ 2.408202193364557, 39.593215794592467 ], [ 2.408235105839919, 39.59325887398596 ], [ 2.408260696346963, 39.593293333727992 ] ], [ [ 2.408344409672102, 39.593305203161847 ], [ 2.408393133563164, 39.593373156786711 ] ], [ [ 2.408401210690992, 39.59314814832269 ], [ 2.408415562727037, 39.593199715518146 ], [ 2.408417476584796, 39.593264570013574 ], [ 2.408446691703841, 39.593307630522595 ], [ 2.408498059507595, 39.59335461877771 ], [ 2.408539753456952, 39.593379624785833 ], [ 2.408586435001963, 39.593397980400702 ] ], [ [ 2.408295970599269, 39.592913981398013 ], [ 2.408325023256185, 39.592976113310847 ], [ 2.408393540672638, 39.59303558537411 ], [ 2.408425422669681, 39.593054819896373 ], [ 2.4085053895803, 39.593072391709434 ] ], [ [ 2.40863285678444, 39.593012009846099 ], [ 2.408679659539712, 39.593161008842458 ], [ 2.408700400513009, 39.593185908160379 ] ], [ [ 2.408486293842251, 39.593143814116353 ], [ 2.408547108409097, 39.593239482879085 ], [ 2.408590051807225, 39.593262587739375 ] ], [ [ 2.408115670068321, 39.592665128118874 ], [ 2.40820952577368, 39.592788619921521 ] ], [ [ 2.408239577295534, 39.592588518033843 ], [ 2.408277630011597, 39.59260682982822 ], [ 2.408288568298785, 39.592625004436137 ], [ 2.40828588389099, 39.592650737829878 ], [ 2.408260975210158, 39.592681125418864 ] ], [ [ 2.408375483156726, 39.592550112407608 ], [ 2.40844244368981, 39.592647720016629 ], [ 2.408519887994257, 39.592671954742407 ] ], [ [ 2.408532991941342, 39.59229058194736 ], [ 2.40851087966091, 39.592426833774049 ], [ 2.408558233159609, 39.592510991777999 ], [ 2.408715578876597, 39.592560425921427 ] ], [ [ 2.408855272208182, 39.592511550062142 ], [ 2.40874576662145, 39.592489059910804 ], [ 2.408686299186421, 39.592380047465731 ], [ 2.40869053169829, 39.59231713173353 ], [ 2.408731698249115, 39.59225917132337 ], [ 2.408721092256344, 39.592201901650817 ], [ 2.408631898410748, 39.592109902612137 ] ], [ [ 2.407801827227209, 39.591723536309573 ], [ 2.407892131578835, 39.591684899719823 ], [ 2.408012005956707, 39.591647366109484 ], [ 2.408111975527885, 39.591631664872402 ], [ 2.408219127802695, 39.5916407930033 ], [ 2.408316338804291, 39.591659406064238 ], [ 2.408472434116672, 39.591710741662482 ], [ 2.408528941131247, 39.591732961402329 ], [ 2.408563216104779, 39.591760790426711 ], [ 2.408678664231911, 39.591954004814902 ], [ 2.408713781196559, 39.592027610642852 ] ], [ [ 2.408810442893161, 39.59211106526044 ], [ 2.408880889205186, 39.592233484131434 ], [ 2.408886954771896, 39.592244958129243 ] ], [ [ 2.408906463452871, 39.592269851144827 ], [ 2.408892688074522, 39.592295528133363 ], [ 2.408870008956354, 39.592353581754075 ], [ 2.408868467724657, 39.592389810824393 ], [ 2.408888001915807, 39.592411843187257 ], [ 2.408985035920113, 39.59245143357878 ], [ 2.409053845060929, 39.592476577321634 ], [ 2.409072178480144, 39.592494788565745 ], [ 2.409148820884523, 39.59261342469982 ] ], [ [ 2.408332803218989, 39.592766615535034 ], [ 2.408429222147496, 39.592878677973289 ] ], [ [ 2.408510137141598, 39.592929629831659 ], [ 2.408571486717979, 39.592962364945123 ] ], [ [ 2.408626251264383, 39.592754759687651 ], [ 2.408644487352772, 39.592784413642313 ], [ 2.408747157690791, 39.592886017788587 ] ], [ [ 2.408748462780229, 39.592732495342702 ], [ 2.408829053636671, 39.592821589729738 ] ], [ [ 2.408880120987679, 39.592613965534937 ], [ 2.408889341088852, 39.592689346143175 ], [ 2.408896395679391, 39.592729433020125 ], [ 2.408949976379722, 39.592805993480532 ] ], [ [ 2.408692473737555, 39.592649246767678 ], [ 2.408729091839032, 39.592691391588559 ] ], [ [ 2.408778200545952, 39.593257839885531 ], [ 2.408803882508156, 39.593281572256863 ], [ 2.408833432215814, 39.593285297907357 ], [ 2.408867749983941, 39.593271884001069 ], [ 2.408901106605192, 39.593262755921486 ], [ 2.408949192480113, 39.59326085516954 ] ], [ [ 2.408705017400945, 39.593384772854307 ], [ 2.408739042247197, 39.593405686910501 ], [ 2.408799978935625, 39.593414579329 ], [ 2.408921467463385, 39.593368709430571 ] ], [ [ 2.408661905547699, 39.593453927706101 ], [ 2.408687593623747, 39.593476944712151 ], [ 2.408730954104841, 39.593487177661636 ], [ 2.408785456960994, 39.593491746621893 ], [ 2.408832715594562, 39.593478397670339 ] ], [ [ 2.408988470984575, 39.593570258470777 ], [ 2.408857191428478, 39.593607735045666 ], [ 2.408841744722348, 39.593612424732974 ], [ 2.408778589404564, 39.593610911332107 ] ], [ [ 2.408910597213284, 39.593487615015725 ], [ 2.409040091541449, 39.593478738046038 ], [ 2.409100318353052, 39.593462356283034 ], [ 2.409200733435333, 39.593430682845437 ] ], [ [ 2.409102607013487, 39.593192976619086 ], [ 2.409299786781028, 39.593196363334599 ] ], [ [ 2.409330114226667, 39.593253733201401 ], [ 2.409459608071264, 39.593244855760155 ], [ 2.409612221740136, 39.593234902680074 ] ], [ [ 2.408831063180588, 39.592947713259747 ], [ 2.408882396546937, 39.592998753125066 ], [ 2.408919243879836, 39.593013959918906 ], [ 2.408967324675186, 39.593012773653527 ] ], [ [ 2.408833666499385, 39.593076461818562 ], [ 2.408949213701692, 39.593077049636214 ], [ 2.4089695687709, 39.593075007812359 ], [ 2.409035436121996, 39.593047449506102 ] ], [ [ 2.408833666499385, 39.593076461818562 ], [ 2.408796636774225, 39.593082710405596 ] ], [ [ 2.409183567032429, 39.592652222427112 ], [ 2.409224728612448, 39.592703687069985 ], [ 2.409267653689411, 39.592728936951978 ], [ 2.409347563756049, 39.592753183662538 ], [ 2.409387356864739, 39.592784377923458 ], [ 2.409490324864554, 39.592814701179393 ], [ 2.409556541839409, 39.59281861388741 ], [ 2.409613484171823, 39.592826054738737 ], [ 2.409662641988932, 39.592842992562787 ] ], [ [ 2.40980574862271, 39.592863983811661 ], [ 2.409871752119863, 39.5928929268986 ], [ 2.40990844388695, 39.592926488466446 ], [ 2.40999084938769, 39.593019882892165 ], [ 2.410055232672458, 39.593058353296676 ], [ 2.410125706988789, 39.59310519906883 ], [ 2.410168592206739, 39.593135216690307 ], [ 2.410257746244093, 39.593159509699454 ], [ 2.410279305118804, 39.593160811188156 ], [ 2.410307035835746, 39.593160951926805 ] ], [ [ 2.410359488890371, 39.593152873636527 ], [ 2.410445521158708, 39.59318191803392 ], [ 2.410511334437671, 39.593233508197514 ], [ 2.41054800648832, 39.593269453600037 ], [ 2.41056937346806, 39.593293402466671 ] ], [ [ 2.410260020462836, 39.593545489306791 ], [ 2.410431372894099, 39.59361501770865 ], [ 2.410505129536267, 39.593638278204459 ] ], [ [ 2.410402811189116, 39.593494719827802 ], [ 2.410533770823875, 39.593531143634678 ] ], [ [ 2.410453552810071, 39.59339771061304 ], [ 2.410520083911322, 39.593400908945334 ], [ 2.410556840905744, 39.593426842479246 ] ], [ [ 2.409817277000613, 39.592213450284412 ], [ 2.409911008173652, 39.592170299130615 ] ], [ [ 2.409962390299987, 39.592215618104227 ], [ 2.409904940760972, 39.592231775650852 ], [ 2.409847344394884, 39.592265097134536 ], [ 2.409844425955106, 39.592282247023029 ] ], [ [ 2.409828700858782, 39.592065462895867 ], [ 2.40974906064994, 39.592082223075742 ], [ 2.409733243028661, 39.59209430038544 ] ], [ [ 2.409823183352319, 39.591953148821737 ], [ 2.409754672018012, 39.59196567390272 ], [ 2.409712917686424, 39.591984057347474 ] ], [ [ 2.409851638304954, 39.591650049188651 ], [ 2.409809811375535, 39.591677013756467 ], [ 2.409737645358254, 39.591684515017057 ], [ 2.409700658946022, 39.591685757065314 ] ], [ [ 2.409559129338581, 39.591370351564606 ], [ 2.4096205053294, 39.591545171348073 ], [ 2.409628684037243, 39.591561662194799 ] ], [ [ 2.40972963231037, 39.591430578917901 ], [ 2.409732643905405, 39.591511411634919 ], [ 2.409803545256069, 39.591543955852153 ], [ 2.409847045432159, 39.59153773980384 ], [ 2.409879518919722, 39.591523600803455 ] ], [ [ 2.409613644926495, 39.59115535332112 ], [ 2.409742376321387, 39.591344820087549 ], [ 2.409766806725636, 39.591407166050679 ], [ 2.409883823102495, 39.591452103023045 ], [ 2.409955686680092, 39.59148036040569 ], [ 2.410030071781778, 39.591429243970971 ], [ 2.410167949566683, 39.591303353957493 ] ], [ [ 2.409368679776514, 39.591155539245378 ], [ 2.409438472227067, 39.591427668621755 ], [ 2.409470971744946, 39.591519379834715 ] ], [ [ 2.408984394099963, 39.59134239710658 ], [ 2.409073996899105, 39.591458715092848 ], [ 2.409101253024903, 39.591514639472308 ], [ 2.409115495903036, 39.591579079125182 ], [ 2.409115070610075, 39.591629141158627 ], [ 2.409133302569695, 39.591659271668462 ], [ 2.409188375163299, 39.591705325174281 ] ], [ [ 2.410282618957017, 39.591080079273624 ], [ 2.41033855183331, 39.591460847635858 ], [ 2.410370955553909, 39.591564001255719 ] ], [ [ 2.410429508519104, 39.591199546837359 ], [ 2.410454456828778, 39.59130981412374 ], [ 2.410461548558703, 39.591345610377282 ] ], [ [ 2.410091675468409, 39.59092319675856 ], [ 2.410095730053688, 39.591099156123398 ] ], [ [ 2.410167310341156, 39.59072475564674 ], [ 2.410206186494712, 39.59093665114338 ], [ 2.410216344784061, 39.591046843411647 ] ], [ [ 2.409912542072844, 39.590681980267597 ], [ 2.409976276059932, 39.590796736255633 ], [ 2.410009006531976, 39.590861269684027 ], [ 2.410003059495591, 39.590908442905388 ], [ 2.409983880987133, 39.590989877469589 ] ], [ [ 2.409761592999185, 39.590605403213893 ], [ 2.409843618221086, 39.590743137574371 ], [ 2.409859395381823, 39.590844776056358 ], [ 2.409862425319758, 39.590923462606391 ], [ 2.409836058168036, 39.590980544406413 ], [ 2.40967597438478, 39.591007195667324 ] ], [ [ 2.409182214670267, 39.59066043670763 ], [ 2.409333134867688, 39.590740352699747 ], [ 2.409400369158761, 39.590805539237927 ], [ 2.40948849220666, 39.590878460958763 ], [ 2.409575478174085, 39.5909399327901 ] ], [ [ 2.408472365021234, 39.591375837494688 ], [ 2.408313498049753, 39.591360724698362 ], [ 2.408293785865225, 39.591359671024115 ] ], [ [ 2.408082960497028, 39.591367179595288 ], [ 2.407918969336505, 39.591374926439947 ], [ 2.407841257614149, 39.591382159490443 ], [ 2.407775888760191, 39.591387547907999 ], [ 2.407709220530804, 39.591400557825814 ] ], [ [ 2.407892917605318, 39.591249872422082 ], [ 2.40766984828283, 39.591247782199957 ], [ 2.407647671990073, 39.591246714953812 ] ], [ [ 2.408277084458326, 39.591004847659505 ], [ 2.408454324029496, 39.591033404673446 ], [ 2.408634045283804, 39.591060066556729 ], [ 2.408754616457562, 39.591085473905345 ] ], [ [ 2.408209672481119, 39.590815692489208 ], [ 2.408426212809088, 39.590860660218262 ], [ 2.408656181175842, 39.590920954007586 ], [ 2.408752134904376, 39.590942421091306 ] ], [ [ 2.408820837115951, 39.590979960868644 ], [ 2.409160479740792, 39.591042719099107 ], [ 2.40923672168086, 39.591063132254504 ] ], [ [ 2.40892171195173, 39.590857460266115 ], [ 2.409059472920857, 39.59089058380296 ], [ 2.40917514574151, 39.590912150821985 ] ], [ [ 2.408957274984813, 39.590733674080553 ], [ 2.40882192294375, 39.590707238446335 ], [ 2.408602666201471, 39.590691817881144 ] ], [ [ 2.407880736128845, 39.590653811832254 ], [ 2.407777764862673, 39.590660439473524 ], [ 2.407583267649865, 39.59070474393075 ] ], [ [ 2.408562537964665, 39.590772669834699 ], [ 2.408320375754209, 39.590697056544307 ], [ 2.408199886543944, 39.590662113510369 ] ], [ [ 2.407880736128845, 39.590653811832254 ], [ 2.407962111933831, 39.590650412403477 ] ], [ [ 2.408024785702063, 39.590454767437187 ], [ 2.40775256629224, 39.590507735194812 ] ], [ [ 2.40781074990755, 39.590622464075132 ], [ 2.407596509551574, 39.590597054878089 ], [ 2.407419206466467, 39.590576125295499 ] ], [ [ 2.407350999581962, 39.590552891144938 ], [ 2.407238485317513, 39.590522278518421 ], [ 2.407203397505495, 39.590517808788199 ] ], [ [ 2.407997560462588, 39.591264232892605 ], [ 2.408117518607419, 39.591289160230012 ] ], [ [ 2.408065014507998, 39.591158727478039 ], [ 2.407806268513784, 39.591148826703524 ], [ 2.407647402216318, 39.591133713000829 ], [ 2.40752012166755, 39.59110016458412 ], [ 2.407385679159743, 39.591039402488889 ] ], [ [ 2.407399655274519, 39.590917889929571 ], [ 2.407580181492292, 39.590994621746169 ], [ 2.407670670676278, 39.591006526209561 ], [ 2.40780179466335, 39.591022928435308 ] ], [ [ 2.407516887255339, 39.591045793166032 ], [ 2.407745968424052, 39.591065555684146 ], [ 2.407851294849873, 39.591071814060939 ] ], [ [ 2.407895870564214, 39.591047724989131 ], [ 2.407969807411503, 39.591049531671736 ], [ 2.408068115695328, 39.591083885302332 ], [ 2.408174968081076, 39.591128295568353 ], [ 2.408476225168536, 39.591211839074404 ], [ 2.408561046487281, 39.591238017919018 ], [ 2.408686644711683, 39.591252006882399 ] ], [ [ 2.407607446048922, 39.591266535377635 ], [ 2.407548579980663, 39.591231905823427 ], [ 2.407419268392768, 39.591219803282421 ] ], [ [ 2.407345402474211, 39.591426833947288 ], [ 2.407617003345998, 39.591446814486424 ] ], [ [ 2.407239367399644, 39.591503534271176 ], [ 2.40752174517439, 39.591560760219778 ], [ 2.407735891029565, 39.591597612217178 ], [ 2.407798564530832, 39.591619387095854 ] ], [ [ 2.407084762773793, 39.591422166828735 ], [ 2.406996511506452, 39.591364500764215 ], [ 2.406905423367893, 39.591350685227816 ], [ 2.40686596769488, 39.591352391318637 ], [ 2.406818987091778, 39.591369316202851 ], [ 2.406764400187969, 39.591410996007497 ], [ 2.406764026075893, 39.591454859172018 ], [ 2.406743265869249, 39.591576813650917 ] ], [ [ 2.407154031283244, 39.591754610134515 ], [ 2.40705981097204, 39.591782738122021 ], [ 2.406971946465337, 39.591788249162121 ], [ 2.406893253789266, 39.591802151435168 ], [ 2.406870002243789, 39.591818720811013 ], [ 2.406730402410354, 39.591928863322188 ], [ 2.406626491256334, 39.592009388901779 ], [ 2.406396976336846, 39.592184631981851 ], [ 2.406297807455019, 39.592250877564481 ], [ 2.406155307624752, 39.592339548217979 ] ], [ [ 2.407108237034898, 39.591885496847091 ], [ 2.407062120113464, 39.591873340834709 ], [ 2.407031298373036, 39.591874375617543 ], [ 2.406984927401099, 39.591892019099234 ], [ 2.406560351465239, 39.592177122919388 ], [ 2.40636059639035, 39.592295302212321 ] ], [ [ 2.406864887930833, 39.592057094061886 ], [ 2.407049186020945, 39.591944795360774 ], [ 2.407120348072803, 39.591910590288336 ], [ 2.407145059010267, 39.591903563958866 ], [ 2.407199040828356, 39.591896687862345 ], [ 2.407316126732614, 39.591897285149656 ], [ 2.407356091095054, 39.591908216710848 ] ], [ [ 2.407551959917009, 39.591884183915354 ], [ 2.407385087788538, 39.59194054866083 ], [ 2.4072553117139, 39.591982798483876 ], [ 2.407161060659408, 39.592014501700511 ], [ 2.407071491423315, 39.592039076318002 ], [ 2.407022121409911, 39.592047168860205 ], [ 2.406943397965663, 39.592064646314412 ], [ 2.406864623648225, 39.592088084700663 ], [ 2.406810560320273, 39.592104496775711 ], [ 2.406761088575734, 39.592124507573601 ], [ 2.406551927045417, 39.592261711371798 ], [ 2.406486854815295, 39.592304290779438 ] ], [ [ 2.406465789898252, 39.592064591766537 ], [ 2.40642101022264, 39.592076282806296 ], [ 2.406315659529827, 39.592144880963609 ], [ 2.40608319429004, 39.592304612349551 ] ], [ [ 2.406588398117097, 39.591779139489944 ], [ 2.406590991378994, 39.591836368436155 ], [ 2.406559680333816, 39.591894616296756 ], [ 2.406468062942256, 39.591978779827372 ], [ 2.406286784183272, 39.592098245444149 ], [ 2.406045208302801, 39.592242434210085 ], [ 2.40598166630785, 39.592286213225123 ] ], [ [ 2.408527566360113, 39.590298454639395 ], [ 2.408547091757859, 39.59032144031606 ], [ 2.408689553933093, 39.590381288590471 ], [ 2.408728910585125, 39.59039102451888 ], [ 2.408832356735056, 39.590401087418932 ], [ 2.408884119759809, 39.590401350760622 ] ], [ [ 2.408321908758666, 39.590495756029007 ], [ 2.408404794730242, 39.59053193743398 ], [ 2.408502459256146, 39.590569624854623 ], [ 2.408554210237183, 39.59057131912575 ] ], [ [ 2.408617260063996, 39.590548753749253 ], [ 2.408715009846939, 39.590576428224139 ], [ 2.40873529732, 39.590582253030817 ] ], [ [ 2.408346902191203, 39.590382881798639 ], [ 2.408507141836092, 39.590453787311226 ], [ 2.408580906645822, 39.590475618229718 ] ], [ [ 2.408540734312693, 39.590416768090158 ], [ 2.408675335893674, 39.590458934104966 ], [ 2.408773194989744, 39.590473736000966 ], [ 2.408952407113256, 39.590487521714174 ], [ 2.409074299762359, 39.590502445604308 ] ], [ [ 2.408763634896194, 39.590510877574744 ], [ 2.408876198454238, 39.590535767404774 ] ], [ [ 2.409040620328569, 39.590332057099765 ], [ 2.408764072468936, 39.590241965914281 ] ], [ [ 2.408604137064324, 39.590135302926448 ], [ 2.408683033586015, 39.590205793262939 ], [ 2.408764072468936, 39.590241965914281 ] ], [ [ 2.409271743200836, 39.590473887496927 ], [ 2.409366708667683, 39.590611688881687 ], [ 2.409412562043203, 39.590654833738469 ], [ 2.409430563137718, 39.590712140949911 ] ], [ [ 2.409533402875625, 39.590176503624647 ], [ 2.409612659753592, 39.590095850141097 ], [ 2.409673763571629, 39.589975768791788 ], [ 2.409726830124337, 39.589894983067097 ], [ 2.409810789310803, 39.589804817676274 ], [ 2.40988383228279, 39.589730092786063 ], [ 2.409929135667839, 39.589656419054052 ], [ 2.409990208213613, 39.589539913576743 ], [ 2.4100215444792, 39.589478088678405 ], [ 2.410080520092817, 39.589427132721816 ], [ 2.410103689211792, 39.589420097929604 ] ], [ [ 2.410259183673697, 39.589432807017808 ], [ 2.410178256269792, 39.589528948477863 ], [ 2.410072123480651, 39.589690521230501 ], [ 2.410047182271818, 39.58972496281401 ] ], [ [ 2.409846002960751, 39.590012403991174 ], [ 2.409791466591218, 39.590084838718475 ], [ 2.409774024942433, 39.590143157918504 ], [ 2.409747531483396, 39.59017878361886 ], [ 2.409725751015617, 39.590203704630831 ], [ 2.40969321741988, 39.590224995703473 ] ], [ [ 2.409946861357603, 39.590109468413921 ], [ 2.409934000202559, 39.590172578274384 ], [ 2.409904355879405, 39.59021653159418 ], [ 2.409862467133774, 39.590250887066013 ], [ 2.409805193130295, 39.590282780238567 ] ], [ [ 2.409331555670884, 39.590253235256199 ], [ 2.409132751286367, 39.590260568975211 ], [ 2.409094449757776, 39.590235341648153 ] ], [ [ 2.4089068746474, 39.590009100914934 ], [ 2.40903387108987, 39.590112258534575 ], [ 2.409114953063749, 39.590179422260398 ] ], [ [ 2.408562913798988, 39.589693855350241 ], [ 2.408727977271618, 39.58984965450945 ], [ 2.408840975587103, 39.589968237110909 ] ], [ [ 2.408802440527791, 39.589789241461347 ], [ 2.408911586701166, 39.589817213430642 ], [ 2.40905156508052, 39.589842957067084 ], [ 2.409142234919564, 39.58986964188167 ] ], [ [ 2.408830544130885, 39.589382913999962 ], [ 2.40895394034992, 39.58954684533601 ], [ 2.408996721610856, 39.589588782666404 ], [ 2.409094729807146, 39.589658416639082 ], [ 2.409179287449822, 39.589679110895922 ] ], [ [ 2.408999183834501, 39.589480323177369 ], [ 2.409069744968059, 39.589516442325909 ], [ 2.409131144476961, 39.58954297828879 ], [ 2.409288107639381, 39.589564040631181 ] ], [ [ 2.408835396986013, 39.589174339142829 ], [ 2.408897668235311, 39.589279551746777 ], [ 2.408984678739257, 39.589374162426203 ] ], [ [ 2.408964043855168, 39.589264393382862 ], [ 2.409029557523312, 39.589350550197004 ], [ 2.409083111906932, 39.589393734357238 ], [ 2.40920729954569, 39.589464694339455 ], [ 2.409314864261459, 39.589497424365625 ], [ 2.409388618191838, 39.589520447688251 ] ], [ [ 2.409194048439507, 39.590117840450702 ], [ 2.409227505252102, 39.590169266836853 ], [ 2.409307543970693, 39.590178017331333 ], [ 2.409321479582151, 39.590169744588934 ] ], [ [ 2.409661723768703, 39.589652955054575 ], [ 2.409503059189591, 39.589832140520464 ], [ 2.40945796774501, 39.589880783504761 ], [ 2.409437798764266, 39.589897368168259 ] ], [ [ 2.408863380883664, 39.588963339234816 ], [ 2.408917299489948, 39.588963613525422 ], [ 2.408974228471253, 39.588972246688925 ], [ 2.409067765765769, 39.589023978707438 ], [ 2.409076553909224, 39.589077662925639 ], [ 2.409071405463973, 39.589139620754736 ] ], [ [ 2.408590107531528, 39.589032276272427 ], [ 2.408737898824108, 39.589044948187571 ], [ 2.408831831104923, 39.589050194396343 ], [ 2.408934995908443, 39.58905667956261 ], [ 2.408974979161842, 39.589065226525982 ], [ 2.408993313693192, 39.589083199923344 ], [ 2.409009975949944, 39.589116660815343 ], [ 2.40902182507705, 39.589172744744218 ], [ 2.409048987133094, 39.589239634274939 ], [ 2.409062608683148, 39.589268311416269 ], [ 2.409111572641487, 39.589307896911023 ] ], [ [ 2.409091410743282, 39.588960922871316 ], [ 2.409132620723386, 39.589006428373295 ], [ 2.409132185356202, 39.589057682447184 ], [ 2.409139563374775, 39.589095863486847 ], [ 2.409163918756109, 39.589130555545573 ], [ 2.409203841335979, 39.589146254538974 ], [ 2.409280827972839, 39.589151413323854 ], [ 2.40934249038706, 39.589146959407834 ], [ 2.409413577605118, 39.589121097011393 ] ], [ [ 2.409159144984201, 39.589148411413895 ], [ 2.409129348751776, 39.589210243011834 ], [ 2.409124129463168, 39.58928054496824 ], [ 2.409129978150073, 39.589317526160777 ], [ 2.409145261883721, 39.589331907811584 ], [ 2.409152924581562, 39.589336715053676 ] ], [ [ 2.409447459135214, 39.589122460382107 ], [ 2.409440144133828, 39.58925831102227 ], [ 2.409430353837748, 39.58932262941326 ], [ 2.409413286527401, 39.589336846600659 ], [ 2.40936849897347, 39.589349730816714 ], [ 2.409283769590873, 39.58934930010458 ], [ 2.40920843474063, 39.589331036955201 ] ], [ [ 2.409620654403627, 39.588864677608456 ], [ 2.409545646504645, 39.588989455679453 ], [ 2.409517310360168, 39.5890608322565 ], [ 2.409519845254487, 39.589125212389078 ], [ 2.409542274560637, 39.589205190520453 ], [ 2.409541404430338, 39.589307697770835 ], [ 2.409533216737044, 39.589364871896827 ], [ 2.409522067999807, 39.589407727041646 ], [ 2.409498707742295, 39.589437408264651 ], [ 2.4094586128976, 39.58944197277755 ], [ 2.409395490546311, 39.589436883679006 ], [ 2.409283293845815, 39.58940532134794 ] ], [ [ 2.408327217024586, 39.58877410236466 ], [ 2.408623860490105, 39.588855476640326 ], [ 2.40871294888343, 39.588886922020599 ], [ 2.408768357408678, 39.588893163408649 ] ], [ [ 2.409202783021471, 39.588932325383276 ], [ 2.409287164579032, 39.589009995627798 ], [ 2.40932506177858, 39.589046425212416 ], [ 2.409347269792397, 39.589043677315438 ], [ 2.40937568082235, 39.589036192665738 ] ], [ [ 2.408738867515795, 39.589096487823277 ], [ 2.408840469461464, 39.589105587133389 ], [ 2.408901183622993, 39.589140225444183 ] ], [ [ 2.408069435900011, 39.589119064490369 ], [ 2.408151337253702, 39.58908968174746 ], [ 2.408270080761501, 39.589075982572339 ] ], [ [ 2.407950379190991, 39.588988530465009 ], [ 2.408020533530667, 39.589072327354693 ] ], [ [ 2.408635898550683, 39.589175589205006 ], [ 2.408562104698987, 39.589157333479505 ], [ 2.408508419060678, 39.589129644413042 ], [ 2.408477607525381, 39.589129487565408 ], [ 2.408415793019617, 39.589151820389525 ], [ 2.408390922158351, 39.589177917490836 ], [ 2.408387688821441, 39.589195781169863 ], [ 2.408295155069477, 39.589207229795164 ] ], [ [ 2.40832991246077, 39.588647378278644 ], [ 2.408443699753946, 39.588663840168508 ], [ 2.408672823434828, 39.588713877651209 ], [ 2.408918538686076, 39.588805719716675 ], [ 2.409092183772663, 39.588857859187286 ], [ 2.40911659980182, 39.588885399147998 ] ], [ [ 2.40832991246077, 39.588647378278644 ], [ 2.408022139838164, 39.588758094115562 ], [ 2.407851610813929, 39.588810625966566 ], [ 2.407819453736754, 39.588823812726055 ], [ 2.407748718403245, 39.588880667947073 ], [ 2.407670628987204, 39.588932718259059 ], [ 2.407712137428573, 39.588979577337014 ], [ 2.407729138951392, 39.589009225158264 ] ], [ [ 2.408233865026893, 39.588933680565802 ], [ 2.408178495063467, 39.58892290871448 ], [ 2.408145414263091, 39.588899853927536 ], [ 2.408137128429455, 39.588859760709248 ], [ 2.408137331260902, 39.588835922153429 ], [ 2.408158646798606, 39.588793118923284 ], [ 2.408194614648974, 39.588766600839826 ], [ 2.408237830989553, 39.588757285281609 ] ], [ [ 2.40811495163688, 39.589003641277316 ], [ 2.408245645404357, 39.588997632062977 ], [ 2.408298551365578, 39.589008390434103 ], [ 2.40831334861206, 39.589007512488756 ], [ 2.408339310707225, 39.588998109032026 ] ], [ [ 2.409620654403627, 39.588864677608456 ], [ 2.409729886805522, 39.588748138514013 ], [ 2.409897461230001, 39.588607857795992 ], [ 2.410039853628929, 39.588530385394087 ], [ 2.410284592276831, 39.588446757409493 ], [ 2.410342678005216, 39.588427979971669 ], [ 2.410372433860108, 39.588407152161693 ], [ 2.410377524796859, 39.588388105780062 ] ], [ [ 2.409838628442287, 39.588133620735078 ], [ 2.409971154797832, 39.588201999350218 ], [ 2.410143022078405, 39.588282019775527 ], [ 2.410328543723969, 39.588350666991722 ] ], [ [ 2.410217739379152, 39.588336754897881 ], [ 2.410097531107056, 39.588414339245332 ], [ 2.410020587030886, 39.58847688591284 ], [ 2.409998290255554, 39.588490123341558 ] ], [ [ 2.4099965825916, 39.588255529224995 ], [ 2.409996331867538, 39.58828509002015 ], [ 2.409962636060076, 39.588334505599107 ], [ 2.40983190555737, 39.58849023168748 ], [ 2.409803510982229, 39.588495809041973 ], [ 2.409682717305857, 39.588497102929772 ] ], [ [ 2.409878804627962, 39.588191993820161 ], [ 2.409888788135214, 39.588322687436637 ], [ 2.409887345784698, 39.588347473900512 ], [ 2.409729142926752, 39.588400072015737 ], [ 2.409636387894792, 39.588437744321077 ], [ 2.409523953748825, 39.588470549173415 ] ], [ [ 2.409460549914253, 39.588535071765818 ], [ 2.40940274867092, 39.588665420898785 ], [ 2.409376090553887, 39.588756830581389 ], [ 2.409371794144632, 39.588827375119266 ], [ 2.409298871306667, 39.588851797316636 ], [ 2.409174954773191, 39.588785369210854 ], [ 2.409103813585327, 39.588744956443826 ], [ 2.409068122678502, 39.58873905336641 ], [ 2.409058262901809, 39.58873900322326 ] ], [ [ 2.408911879601638, 39.588705836723101 ], [ 2.408817379748576, 39.588658629184451 ], [ 2.408704353168126, 39.588616096472656 ], [ 2.408539751553762, 39.588551367237969 ], [ 2.408413120834226, 39.588514485668121 ] ], [ [ 2.408449177006953, 39.588332532162489 ], [ 2.408644296241207, 39.588431746285181 ], [ 2.408771900790803, 39.58849914701868 ], [ 2.408879924996798, 39.588550237479133 ], [ 2.409035931614197, 39.588611107536799 ], [ 2.409183458883797, 39.588654769549862 ], [ 2.409325195134191, 39.588654536838888 ], [ 2.409357813356646, 39.588586997053369 ], [ 2.40937282100928, 39.588561326254869 ] ], [ [ 2.409305896577119, 39.58845990522137 ], [ 2.409250275782358, 39.588478693770782 ], [ 2.409150351488063, 39.588489628859747 ], [ 2.40910843342231, 39.588491323195953 ] ], [ [ 2.408618399427677, 39.588288575137497 ], [ 2.408774301036585, 39.588361841456233 ], [ 2.408860342936613, 39.588388979592843 ], [ 2.408900915475241, 39.588400629141013 ], [ 2.40901183305497, 39.588401193327336 ], [ 2.409212677405294, 39.588406982938686 ] ], [ [ 2.408809140586355, 39.588322920995111 ], [ 2.409053492282793, 39.588285066227293 ], [ 2.40912009131988, 39.588279683336523 ] ], [ [ 2.408655526012587, 39.588125698320532 ], [ 2.408714746662743, 39.588118370620208 ], [ 2.408802151090453, 39.588130258502623 ], [ 2.408926446909103, 39.58815187054158 ], [ 2.40898052648221, 39.588169310342991 ], [ 2.409032231143925, 39.588176248187629 ], [ 2.409114657835715, 39.588193832093133 ] ], [ [ 2.409838628442287, 39.588133620735078 ], [ 2.409715474315853, 39.588050032348107 ], [ 2.409640312815526, 39.587975269133935 ], [ 2.409565587353466, 39.587849014815212 ], [ 2.409468933848018, 39.587692610289643 ], [ 2.409386718592539, 39.58757776093703 ], [ 2.409311568929179, 39.587501567623114 ], [ 2.409258469022101, 39.587441221142825 ], [ 2.409220195603355, 39.587376659289291 ], [ 2.409196952829723, 39.58728356506905 ], [ 2.409179037819422, 39.587216245020961 ], [ 2.409187051730111, 39.587143336133899 ], [ 2.409212043653185, 39.587030461638911 ], [ 2.409225578401397, 39.586960440702832 ], [ 2.409257260048383, 39.586930563952521 ], [ 2.40934447097515, 39.586892386205662 ], [ 2.409545561881979, 39.586801663866595 ], [ 2.409764958042824, 39.586726490524249 ], [ 2.40993795782678, 39.586672537532834 ], [ 2.410024630050206, 39.586625297524769 ], [ 2.41013304984907, 39.58655671239201 ], [ 2.410284663889451, 39.586481193956637 ], [ 2.410386679624428, 39.586441183063513 ], [ 2.41048227031672, 39.586432132406692 ], [ 2.410583941334441, 39.586432648173634 ], [ 2.410811508598039, 39.586483866520382 ], [ 2.41096529458596, 39.5865156382131 ], [ 2.411066886176222, 39.586525688815236 ], [ 2.411165537887358, 39.586519036349877 ], [ 2.411288836488987, 39.586512509575336 ], [ 2.411535696949291, 39.586468464043328 ], [ 2.411773254336651, 39.586431523313017 ] ], [ [ 2.408905358866938, 39.58700744560155 ], [ 2.409082157589671, 39.58730443680038 ], [ 2.409175197523022, 39.587450810975426 ], [ 2.409253763657631, 39.58755992035222 ], [ 2.40926109733824, 39.587567110055197 ], [ 2.409286461188099, 39.587605862783505 ], [ 2.409321280474013, 39.587641800081393 ], [ 2.409391053903242, 39.587697940549752 ], [ 2.409438716997895, 39.587745385342082 ], [ 2.409502921093108, 39.587804358224581 ], [ 2.409533995975066, 39.587845997103265 ] ], [ [ 2.409129251717235, 39.587636528533629 ], [ 2.409180563205132, 39.587689714459792 ], [ 2.409332600371777, 39.587854983129589 ], [ 2.409499221949292, 39.588044641955342 ], [ 2.409576256860081, 39.588116553090657 ], [ 2.40962022311713, 39.588163979922768 ] ], [ [ 2.408900156988893, 39.587501780351587 ], [ 2.409037780045932, 39.587622872203802 ], [ 2.409065367957185, 39.587639700584077 ], [ 2.409086964435335, 39.587636234203025 ], [ 2.409176648771224, 39.587597354646206 ] ], [ [ 2.408797147289357, 39.58765859960365 ], [ 2.408855636043262, 39.587664857521936 ], [ 2.408874081593511, 39.587669719639251 ], [ 2.408916890886801, 39.587708080942775 ], [ 2.408932286794792, 39.587709351328307 ] ], [ [ 2.408932286794792, 39.587709351328307 ], [ 2.409048280737532, 39.58765630176115 ] ], [ [ 2.408962618003705, 39.587403162581481 ], [ 2.409138784012949, 39.587520874146826 ] ], [ [ 2.40886984154427, 39.587080851589171 ], [ 2.408926344821195, 39.587320729757131 ], [ 2.408967817035803, 39.587335244646574 ] ], [ [ 2.408739071797161, 39.587059921970962 ], [ 2.40882965686033, 39.587096143161361 ], [ 2.408844352570252, 39.587179657414872 ], [ 2.408863264945142, 39.58731087320978 ], [ 2.408876897344178, 39.587338358366523 ] ], [ [ 2.408700985528351, 39.587190847750463 ], [ 2.408702364015137, 39.587209926982695 ], [ 2.408845636547921, 39.587246177483657 ] ], [ [ 2.408700985528351, 39.587190847750463 ], [ 2.408729891674364, 39.587088721909637 ] ], [ [ 2.40867600637652, 39.587048395776954 ], [ 2.408611573723773, 39.587089073090908 ], [ 2.408627456653849, 39.587105365355555 ], [ 2.408697216831305, 39.587162936118929 ] ], [ [ 2.408678520735033, 39.587223870812778 ], [ 2.408664261410542, 39.587270286270758 ], [ 2.408673453146324, 39.587276293396727 ], [ 2.408841104058023, 39.587308138455406 ] ], [ [ 2.408540949755704, 39.587096819346662 ], [ 2.408297095460365, 39.587149217397553 ], [ 2.408250738107912, 39.587165669406396 ], [ 2.408227530171256, 39.587177471014002 ], [ 2.408234613458847, 39.587250218845348 ], [ 2.408276744004539, 39.587368441105241 ], [ 2.408279744081472, 39.587377992941519 ] ], [ [ 2.408932286794792, 39.587709351328307 ], [ 2.409027089916476, 39.58786574688618 ], [ 2.409028225477661, 39.587913432749751 ], [ 2.408985497176224, 39.588046719134105 ], [ 2.408958973751145, 39.588085919824096 ], [ 2.408928022048539, 39.588102450459317 ], [ 2.408903343028451, 39.588105901129396 ], [ 2.408843232255206, 39.588109170639527 ], [ 2.40876785833817, 39.588095675284265 ], [ 2.408709369223298, 39.588089418220626 ], [ 2.40866311383203, 39.588093950211707 ] ], [ [ 2.40867236544652, 39.587730438541151 ], [ 2.408658247864543, 39.587760166639377 ], [ 2.408670125724214, 39.587812674552751 ], [ 2.408698180256002, 39.587955857581484 ], [ 2.408722210822617, 39.588028691613935 ], [ 2.408718987759843, 39.588045363288565 ], [ 2.408706612217725, 39.58805125976177 ], [ 2.408675802323443, 39.588051102976159 ], [ 2.408625056844627, 39.588040116997824 ], [ 2.408561935830812, 39.588035027455184 ], [ 2.408492663676872, 39.588028715397257 ], [ 2.408430992069027, 39.588034360888251 ], [ 2.408298294783529, 39.58805871780762 ], [ 2.4082194037922, 39.588096459580704 ], [ 2.408138627288026, 39.588174720263282 ], [ 2.408087405118949, 39.588219755293224 ], [ 2.408071858146235, 39.588236363269154 ], [ 2.408014706726089, 39.58825395226156 ], [ 2.407999270138006, 39.58825744982574 ], [ 2.407878097254248, 39.588194848396128 ], [ 2.407724552589123, 39.588134465980716 ] ], [ [ 2.408987940405453, 39.588121827449534 ], [ 2.40907115805384, 39.588118674476739 ], [ 2.409140299902589, 39.588140481532967 ], [ 2.40919709662948, 39.588164610820975 ], [ 2.409215542343998, 39.588169471983861 ], [ 2.409228196441407, 39.58816697377592 ], [ 2.409230302960182, 39.588154647510159 ] ], [ [ 2.409132299808344, 39.587812642389814 ], [ 2.409186796413134, 39.587926158914534 ], [ 2.409226639280198, 39.588132576944695 ], [ 2.409230302960182, 39.588154647510159 ] ], [ [ 2.408093803871448, 39.588119481035818 ], [ 2.408126388826427, 39.588092231216329 ], [ 2.408183682055642, 39.588057954815426 ], [ 2.408226937353747, 39.58804387117862 ], [ 2.408305696479755, 39.588021624733898 ], [ 2.408345820990675, 39.588013484557834 ], [ 2.408399840223416, 39.588001839802942 ], [ 2.408421478551309, 39.587993606381303 ], [ 2.408429272833608, 39.587982917435063 ], [ 2.40842354626065, 39.587931632885741 ], [ 2.408382844233766, 39.587826529828732 ], [ 2.408372385554239, 39.58778833214771 ] ], [ [ 2.408009209095785, 39.587922370293903 ], [ 2.40797493256718, 39.587967491607763 ], [ 2.407940350482241, 39.588048371643396 ], [ 2.407913756621396, 39.58809591532134 ], [ 2.407898240058728, 39.588108949022306 ], [ 2.407871989943501, 39.588115966775476 ], [ 2.407838108947692, 39.588114602048037 ], [ 2.407776528541471, 39.588109519929908 ], [ 2.407704215764442, 39.5880984236261 ], [ 2.407592042305843, 39.588064475640714 ], [ 2.407452362495925, 39.588004164452443 ], [ 2.407305001372362, 39.587941428875695 ] ], [ [ 2.407655974074228, 39.587974210574401 ], [ 2.407702636574117, 39.587922000072666 ], [ 2.407729038859775, 39.587897102988137 ], [ 2.40777851746494, 39.587875898820023 ] ], [ [ 2.408009209095785, 39.587922370293903 ], [ 2.408076774796482, 39.587875749834851 ], [ 2.408175165560525, 39.58782761762199 ], [ 2.408310382388694, 39.58779683757556 ] ], [ [ 2.407566491159845, 39.591709380682808 ], [ 2.407392023521871, 39.591789308417425 ] ], [ [ 2.407218872458872, 39.591642286377635 ], [ 2.407302591736145, 39.591653203295941 ], [ 2.407398732893996, 39.591652740365816 ] ], [ [ 2.406433365607302, 39.591831856476283 ], [ 2.406403273447022, 39.591891779237187 ], [ 2.406334877070913, 39.591962950332402 ], [ 2.406196057003931, 39.592053786106923 ], [ 2.40604232463068, 39.592158849410893 ], [ 2.405990259008462, 39.592193865966358 ], [ 2.405927043954013, 39.592235501259893 ] ], [ [ 2.406133379563562, 39.59203248609186 ], [ 2.406101391655319, 39.592025647734125 ], [ 2.406079133712476, 39.592034116321429 ], [ 2.405949945377899, 39.592151702290828 ], [ 2.405886771066672, 39.592188569495967 ] ], [ [ 2.406299188703104, 39.591812099674229 ], [ 2.406306135907424, 39.591864582596941 ], [ 2.406294628488307, 39.591913157145491 ], [ 2.406242643412325, 39.591938638578121 ], [ 2.406176008096465, 39.591947834602543 ], [ 2.406162402747362, 39.591953486640449 ] ], [ [ 2.406101901989776, 39.591821580410873 ], [ 2.406025995340883, 39.591906062667029 ], [ 2.406006039902175, 39.591933615211026 ], [ 2.40596020236829, 39.591961035433577 ] ], [ [ 2.405790847155558, 39.592019291779643 ], [ 2.4057166131352, 39.592052288254848 ], [ 2.405700541212918, 39.592057927623017 ], [ 2.40564746340246, 39.592067192685199 ] ], [ [ 2.406210473588752, 39.591808785563607 ], [ 2.406193930759411, 39.59186973080493 ], [ 2.406159128664014, 39.591903882366559 ], [ 2.406135531664681, 39.591924741457156 ] ], [ [ 2.406090665729858, 39.591982681136372 ], [ 2.406057266618213, 39.591996814342892 ], [ 2.405986982651226, 39.592000269137117 ] ], [ [ 2.406021133414812, 39.592042402197841 ], [ 2.405917539816893, 39.592049501649527 ], [ 2.405795344930341, 39.592069855614753 ], [ 2.405575644563347, 39.59210592209245 ], [ 2.405507817663454, 39.59211034336181 ] ], [ [ 2.405650722006932, 39.591959929468118 ], [ 2.405605860778792, 39.591981155426069 ], [ 2.405533299848763, 39.591998664349525 ] ], [ [ 2.405642893621063, 39.591794201768451 ], [ 2.405334867216159, 39.591961889614389 ] ], [ [ 2.406211560711141, 39.591414478510941 ], [ 2.406123074631907, 39.591492698335074 ], [ 2.40608263234764, 39.591537787542542 ], [ 2.406043588205925, 39.591599571045002 ], [ 2.406038609878821, 39.591641266206572 ], [ 2.406024032404032, 39.591702936893114 ], [ 2.406020090681571, 39.591731524594493 ], [ 2.40599150834493, 39.591759033036595 ], [ 2.405707249895302, 39.591994071372618 ], [ 2.405681245586033, 39.592008242292195 ], [ 2.405655444978732, 39.591998573772734 ], [ 2.405609638693809, 39.592022179936549 ] ], [ [ 2.406047432972791, 39.59151019093585 ], [ 2.406000939848867, 39.591542137327458 ], [ 2.405937073858532, 39.591624059071236 ], [ 2.405932329624137, 39.591638338741326 ] ], [ [ 2.405950731817054, 39.591467976881304 ], [ 2.405921186232147, 39.591500009884406 ], [ 2.405880713267628, 39.59154867507106 ], [ 2.405852483140797, 39.591606938495893 ] ], [ [ 2.40606508165667, 39.591428033798699 ], [ 2.406076466950735, 39.591357764431507 ], [ 2.406117133029971, 39.591286452653129 ], [ 2.406163950413359, 39.591216363464802 ], [ 2.406236846147566, 39.59115952027981 ], [ 2.406303386905502, 39.591125292988181 ], [ 2.406351307220733, 39.59110646562204 ] ], [ [ 2.406350743161485, 39.590992031321598 ], [ 2.406217632511685, 39.591064062882147 ], [ 2.406115333997942, 39.591136251776014 ], [ 2.406062434164914, 39.591196773303295 ], [ 2.405986253301449, 39.591277439161253 ] ], [ [ 2.4059394255248, 39.591348719391483 ], [ 2.405913051814394, 39.59137004089029 ], [ 2.405890964166118, 39.591430719869621 ] ], [ [ 2.406313042502414, 39.590896478583147 ], [ 2.405821288639219, 39.591290899639027 ], [ 2.40573741415088, 39.591370334821164 ], [ 2.405706266724084, 39.591409511090205 ] ], [ [ 2.405772107411343, 39.591479778026127 ], [ 2.405707485566216, 39.591559907224728 ], [ 2.405648872383993, 39.591657947253225 ], [ 2.405637143592358, 39.59171438843974 ] ], [ [ 2.405654952212603, 39.591361171214636 ], [ 2.405622753621257, 39.591451121697723 ], [ 2.405576145384168, 39.591496655834781 ], [ 2.405529584820676, 39.591536468626252 ], [ 2.405477613138559, 39.591560519844663 ], [ 2.405409015846352, 39.591583055121646 ], [ 2.405273778168836, 39.591615261586242 ], [ 2.405160773826037, 39.591641861045389 ], [ 2.405095959409218, 39.591654403205311 ], [ 2.404821908332246, 39.59170449390615 ], [ 2.404681173565653, 39.591730949951653 ], [ 2.404633058044222, 39.591736424994465 ] ], [ [ 2.405024973092468, 39.591739863293419 ], [ 2.40478564387221, 39.591837334195638 ], [ 2.40475395921526, 39.591867210577284 ], [ 2.404714511242813, 39.591939958950817 ] ], [ [ 2.405530828253213, 39.591979897569892 ], [ 2.405435219144529, 39.591990136099248 ], [ 2.405314990577983, 39.591996673244793 ] ], [ [ 2.404686269258603, 39.591507596052992 ], [ 2.40491755407889, 39.591485894504771 ] ], [ [ 2.404685632665496, 39.591581973203056 ], [ 2.405015045551342, 39.591543609458888 ], [ 2.405077963973152, 39.59153678010739 ] ], [ [ 2.404695194335544, 39.591328842258655 ], [ 2.404984154823037, 39.591264524273413 ], [ 2.405147269831496, 39.59121529524905 ], [ 2.405236325423721, 39.591178560918706 ], [ 2.405321597920206, 39.59115182035729 ] ], [ [ 2.404532630696781, 39.591097715621451 ], [ 2.404817539199164, 39.591074859118415 ], [ 2.404906301083336, 39.591072452959558 ], [ 2.404928436487125, 39.591078287894163 ], [ 2.404941315598065, 39.591085505363907 ] ], [ [ 2.405045283038823, 39.591034543617688 ], [ 2.405152789863361, 39.591002194551464 ], [ 2.405212278313965, 39.590963878926814 ], [ 2.405391061200226, 39.590811741479328 ] ], [ [ 2.404551742977826, 39.590808874245695 ], [ 2.404840849525747, 39.590943381490796 ] ], [ [ 2.405163806400739, 39.590794844455907 ], [ 2.405033982215497, 39.590842813132546 ], [ 2.404996788178775, 39.59086836974793 ], [ 2.404976195049806, 39.590898302091212 ], [ 2.404962985596085, 39.590929703085834 ], [ 2.404946028633401, 39.59096680645807 ] ], [ [ 2.404612700795448, 39.590598918427574 ], [ 2.405000740779569, 39.590622361535502 ], [ 2.405083870972748, 39.590629939601236 ], [ 2.405109630221946, 39.590644375411927 ], [ 2.40516222740716, 39.590763366831311 ] ], [ [ 2.404882180045504, 39.590434372460543 ], [ 2.404977405912148, 39.590540709204383 ], [ 2.405006776820751, 39.590565176732703 ] ], [ [ 2.404766581733031, 39.590332222006104 ], [ 2.404695511854157, 39.590427694686568 ], [ 2.404644605294742, 39.590543296133269 ] ], [ [ 2.404739879211105, 39.590211932216185 ], [ 2.404648817359018, 39.590267251452474 ], [ 2.404522238097224, 39.590368161173672 ], [ 2.404516642503005, 39.590373854068652 ] ], [ [ 2.404609138222369, 39.590151185871235 ], [ 2.404536904761812, 39.590166550495752 ], [ 2.404429436863447, 39.590194607569593 ], [ 2.40437738008382, 39.590228670166042 ], [ 2.404306750768695, 39.590272649825309 ] ], [ [ 2.405273958500675, 39.589871879096052 ], [ 2.405415587150334, 39.589884523695957 ], [ 2.405566420178103, 39.589901983488012 ] ], [ [ 2.404823840608254, 39.590081749194901 ], [ 2.404940259687908, 39.589979833811491 ], [ 2.405040906059742, 39.589920749337686 ], [ 2.405105824004464, 39.589896050066635 ], [ 2.405190676299751, 39.589882180526637 ] ], [ [ 2.404882921720048, 39.589838885005236 ], [ 2.404842796935442, 39.589847023076935 ], [ 2.404789856196687, 39.589912312105106 ], [ 2.404671569913571, 39.59005236128241 ], [ 2.404643473192018, 39.590095129112953 ] ], [ [ 2.405198192897861, 39.589543692059188 ], [ 2.405136723564528, 39.589525497248033 ], [ 2.405088956936019, 39.589526444768701 ], [ 2.405017815582305, 39.589558264581719 ], [ 2.404954174621719, 39.589613962344075 ], [ 2.404888481863848, 39.589729249420465 ] ], [ [ 2.404690138823521, 39.589682937491204 ], [ 2.4046357288402, 39.589739874438941 ], [ 2.404602428725523, 39.58985055994178 ], [ 2.404566067606011, 39.589958845608663 ] ], [ [ 2.404719000389803, 39.589550773776018 ], [ 2.404670876693663, 39.589593439016532 ], [ 2.404653532905116, 39.589639838152785 ] ], [ [ 2.404890980374745, 39.589509219566423 ], [ 2.404798082573084, 39.589563098682312 ], [ 2.404745818362835, 39.589621477518151 ] ], [ [ 2.404990697012369, 39.589306614413161 ], [ 2.404864854268684, 39.589321703815742 ], [ 2.404798180500765, 39.58933566623891 ], [ 2.404696430736072, 39.589343727354269 ], [ 2.404674246936641, 39.589343613699405 ], [ 2.404655833888232, 39.589334937001702 ] ], [ [ 2.404434326824706, 39.589277062806104 ], [ 2.404601047551039, 39.589327981419252 ] ], [ [ 2.403980649338562, 39.589255307585482 ], [ 2.404066602446748, 39.589472691534013 ] ], [ [ 2.404133875481111, 39.589532636393415 ], [ 2.404266739498671, 39.589669205438767 ], [ 2.404327871886855, 39.589726734563364 ] ], [ [ 2.40273826758663, 39.591144456841079 ], [ 2.402706005828159, 39.591313077322546 ] ], [ [ 2.402817791717832, 39.591069530971453 ], [ 2.402875795711047, 39.591204286865946 ], [ 2.402892584022672, 39.591258728054946 ], [ 2.402904621805321, 39.591292165138825 ], [ 2.402790374733914, 39.591391706374111 ], [ 2.402732318451579, 39.59140666518671 ] ], [ [ 2.403081285995861, 39.591100446937702 ], [ 2.403127961034302, 39.591262798162035 ], [ 2.403153536627031, 39.591442205696332 ] ], [ [ 2.403012359490626, 39.591376635683183 ], [ 2.402882024052457, 39.591483722506389 ] ], [ [ 2.40318859954463, 39.591521534478346 ], [ 2.403162316710269, 39.591568125332486 ], [ 2.403064336840659, 39.591639141638332 ] ], [ [ 2.403224392855557, 39.591372003303633 ], [ 2.403174887426822, 39.591108555908157 ], [ 2.403143760565762, 39.591001593679252 ] ], [ [ 2.403342437901882, 39.591117045452116 ], [ 2.403316322046711, 39.591000572448756 ] ], [ [ 2.403101098616237, 39.590946065417661 ], [ 2.403033610782896, 39.590767396732772 ], [ 2.403026396086538, 39.590746379973631 ] ], [ [ 2.402966407095861, 39.590699345896134 ], [ 2.402909512611116, 39.590578900565085 ], [ 2.402865758205439, 39.590507155182856 ], [ 2.402829120245862, 39.590467870093939 ] ], [ [ 2.402715816088057, 39.590457751177972 ], [ 2.402737648152308, 39.590498868590878 ] ], [ [ 2.402753333969244, 39.590538046016327 ], [ 2.40282576666665, 39.590714834593911 ], [ 2.402863228673693, 39.590801803971978 ] ], [ [ 2.402842788137893, 39.590598583169417 ], [ 2.402944374507872, 39.5908251072388 ], [ 2.402993890845192, 39.590943608050686 ], [ 2.403048451389472, 39.591048784123068 ] ], [ [ 2.403328212130016, 39.590835661256968 ], [ 2.403348673553671, 39.590892982030972 ], [ 2.403340861626006, 39.590941575266349 ], [ 2.403359160415431, 39.590963602215346 ] ], [ [ 2.403214526084877, 39.590726367575996 ], [ 2.403222115042189, 39.590847512829619 ], [ 2.403226659970831, 39.590892355441348 ] ], [ [ 2.402636082536824, 39.591113098143857 ], [ 2.402566437289841, 39.591239687748711 ] ], [ [ 2.402570513769675, 39.591034089895523 ], [ 2.402496475670011, 39.591133836676057 ] ], [ [ 2.40244961415895, 39.591029295525281 ], [ 2.402386779349255, 39.591080228630489 ], [ 2.40237774811375, 39.591086857045767 ], [ 2.40234863437873, 39.591086349592231 ] ], [ [ 2.40244961415895, 39.591029295525281 ], [ 2.402484290102123, 39.591005515333457 ] ], [ [ 2.402322713485865, 39.591316700927187 ], [ 2.402452253669054, 39.591302109955073 ], [ 2.402536706554455, 39.591299206800585 ], [ 2.402582920573203, 39.591299921065932 ] ], [ [ 2.402509226666386, 39.591371498771686 ], [ 2.402449883726148, 39.591374769814138 ], [ 2.402418959748829, 39.591387722635048 ], [ 2.402356997937532, 39.591426739522056 ] ], [ [ 2.40175865378022, 39.591718536613293 ], [ 2.401733347736333, 39.591794694211337 ], [ 2.401710449565281, 39.591877539064676 ], [ 2.401712348948597, 39.591943346890112 ], [ 2.401715808515802, 39.591971019254551 ], [ 2.401727895055189, 39.591998736038207 ] ], [ [ 2.401427850717517, 39.59193234601149 ], [ 2.401447805620845, 39.591976790516355 ], [ 2.401590590495115, 39.592142021512984 ], [ 2.401690534139503, 39.592236942072333 ] ], [ [ 2.401558831705977, 39.591857924859347 ], [ 2.401589546707876, 39.591941045800247 ], [ 2.401653636018428, 39.592012895460066 ] ], [ [ 2.402591762248329, 39.59185012833715 ], [ 2.402535231846831, 39.591974281358816 ], [ 2.402502477169581, 39.592128596201505 ], [ 2.402498521691279, 39.592158613648806 ], [ 2.402503821534728, 39.592187248747152 ], [ 2.40254575302897, 39.592256124089133 ], [ 2.402589680186969, 39.592307844068131 ], [ 2.402632004958146, 39.592330947947531 ], [ 2.402685384121571, 39.592358399364869 ], [ 2.402745277735155, 39.592380878996444 ], [ 2.402783035754606, 39.592397522356706 ], [ 2.402790283298147, 39.592414724314153 ], [ 2.402803915141264, 39.592441972280206 ], [ 2.402812044369738, 39.592464184915201 ], [ 2.402835905378175, 39.592484333038684 ] ], [ [ 2.401929730988749, 39.59214360902898 ], [ 2.401954957168428, 39.592255786110456 ], [ 2.401949465062232, 39.592357077366096 ], [ 2.401948757873897, 39.592439321952703 ], [ 2.401939226654639, 39.592472649012947 ], [ 2.401937450215291, 39.592500055644209 ], [ 2.401940418890255, 39.592513182777225 ], [ 2.401992502275495, 39.592548018126656 ] ], [ [ 2.402984552091867, 39.592086970293259 ], [ 2.403013665129968, 39.592141474781776 ], [ 2.403015499107217, 39.592214911309107 ], [ 2.403019504967788, 39.592322688408416 ], [ 2.403024017114805, 39.592371344927258 ], [ 2.403049441019111, 39.592424877156233 ], [ 2.403087353134036, 39.592459401337507 ], [ 2.403191428098731, 39.592540037907789 ], [ 2.403244097505979, 39.592578451913305 ], [ 2.403288295357633, 39.592598704388898 ] ], [ [ 2.402957982810161, 39.592453968391695 ], [ 2.403032690665022, 39.592509660437777 ], [ 2.403120742479892, 39.592590215649146 ], [ 2.40316421204597, 39.592695334667326 ], [ 2.403213402772614, 39.592851977169516 ], [ 2.403258731434635, 39.593027671106753 ], [ 2.40328652296744, 39.59309265857501 ], [ 2.403341036518745, 39.593203555803427 ], [ 2.403355417524102, 39.593251309684852 ], [ 2.403352298874623, 39.593327581546532 ], [ 2.403339703108287, 39.593358985491946 ], [ 2.403313092434858, 39.593443718167102 ], [ 2.403262982619798, 39.593537867600581 ], [ 2.403243057183976, 39.593561604833418 ], [ 2.403211897984563, 39.593586808013931 ], [ 2.403084778389239, 39.593677937996162 ], [ 2.40301497936519, 39.593732411841373 ], [ 2.402981796310776, 39.593828792575017 ], [ 2.402959848556912, 39.59387278362707 ], [ 2.402911731000619, 39.59391425606097 ], [ 2.402815709478902, 39.593972170333423 ] ], [ [ 2.403419156709594, 39.593292641233667 ], [ 2.40340083792832, 39.593416515086517 ], [ 2.403383116215716, 39.59347077898876 ] ], [ [ 2.402954513669249, 39.593145307967596 ], [ 2.402831517661356, 39.59340214736968 ] ], [ [ 2.403120039765731, 39.59295925321468 ], [ 2.403129450048695, 39.593011749865255 ], [ 2.40317684650063, 39.593090187790764 ], [ 2.403209207576873, 39.593197157215201 ], [ 2.403211206584912, 39.593251522380207 ], [ 2.403203345181952, 39.593305836899894 ], [ 2.403173339600237, 39.593355270304905 ], [ 2.403142322811567, 39.593378950550253 ], [ 2.403082776784672, 39.593423463911918 ] ], [ [ 2.403432058596126, 39.592937969337846 ], [ 2.403456046434326, 39.593015334570069 ] ], [ [ 2.402834819667654, 39.594119367793077 ], [ 2.403072162791271, 39.594039055471619 ] ], [ [ 2.403065918519024, 39.594120412011733 ], [ 2.402991898764939, 39.594127899547907 ] ], [ [ 2.399853599518468, 39.592182964014157 ], [ 2.399978029354471, 39.592225326324289 ], [ 2.400047006677887, 39.592266210125359 ], [ 2.400123615631289, 39.592315477764977 ] ], [ [ 2.399843922445727, 39.592411777669682 ], [ 2.399968289824696, 39.592461291176818 ], [ 2.400038910898544, 39.592490263686223 ], [ 2.40005871272733, 39.592516590535212 ] ], [ [ 2.40031339738845, 39.592461880742 ], [ 2.400337585072202, 39.592515645952531 ], [ 2.400350761757152, 39.592595577136471 ] ], [ [ 2.400414853318516, 39.592131029989787 ], [ 2.400510278387423, 39.59214225007689 ] ], [ [ 2.399982336085912, 39.591904701943641 ], [ 2.400193275022168, 39.591920094940107 ] ], [ [ 2.400599561441131, 39.591793456208691 ], [ 2.400703336725301, 39.591908422875612 ] ], [ [ 2.400571153516239, 39.5916931813003 ], [ 2.400622927442147, 39.591763776827513 ] ], [ [ 2.400517735642895, 39.591992096920137 ], [ 2.400647104883145, 39.591997532575498 ], [ 2.40080282911989, 39.591984031801395 ] ], [ [ 2.400172294218324, 39.591816044197806 ], [ 2.400344183576084, 39.591893219293546 ] ], [ [ 2.400039833685318, 39.591811785022628 ], [ 2.399963153365721, 39.591770860535789 ] ], [ [ 2.400653964520868, 39.591177554451264 ], [ 2.400704404234173, 39.59140310118967 ], [ 2.40071621504398, 39.591462761937109 ] ], [ [ 2.400303276592027, 39.591399184496552 ], [ 2.400337846453826, 39.591463730115244 ], [ 2.400344895985846, 39.591503818382641 ] ], [ [ 2.400519968883828, 39.591569088963631 ], [ 2.400541684934493, 39.591623555908079 ] ], [ [ 2.400596123940525, 39.591528000914913 ], [ 2.400630447625797, 39.591621153022288 ] ], [ [ 2.400883658451381, 39.591200492683683 ], [ 2.400947439542294, 39.591308101410227 ], [ 2.400992707998224, 39.591418474549499 ] ], [ [ 2.401054319326835, 39.59134870337401 ], [ 2.401090591357307, 39.591430422253552 ], [ 2.40109964955405, 39.591451925278385 ], [ 2.401150946488939, 39.591506544574891 ], [ 2.401183915343156, 39.591542474745303 ], [ 2.401218473777659, 39.59160845088649 ] ], [ [ 2.400269928400344, 39.590978476111822 ], [ 2.400371334600077, 39.591010468097913 ], [ 2.400476414788882, 39.591045339736837 ] ], [ [ 2.400566791536786, 39.590855563361238 ], [ 2.400710299137792, 39.590936405582845 ], [ 2.400868425296849, 39.591037348499064 ], [ 2.401008211590816, 39.591121032849877 ], [ 2.401044397229346, 39.591212764498785 ] ], [ [ 2.401090860426421, 39.591184396145863 ], [ 2.401103383158738, 39.59123309403423 ], [ 2.401106538667955, 39.59129604756491 ] ], [ [ 2.40056239127073, 39.590722513706957 ], [ 2.400849407408693, 39.590884198891636 ], [ 2.400963360969543, 39.590962027620115 ] ], [ [ 2.401190974489112, 39.591152012646404 ], [ 2.401184344174375, 39.591277853912679 ], [ 2.401183198966527, 39.591410874054027 ], [ 2.401206998733718, 39.591438174610495 ] ], [ [ 2.401376755119812, 39.591047120868403 ], [ 2.401374487301417, 39.591095742529305 ], [ 2.401365504489449, 39.59128021732753 ], [ 2.401346081869251, 39.591388827084863 ] ], [ [ 2.400808094491408, 39.59074380649092 ], [ 2.400944504211065, 39.590790282402111 ], [ 2.401043939174178, 39.590836568465669 ], [ 2.401275839711186, 39.590957916587818 ], [ 2.40132924307101, 39.590982507970509 ] ], [ [ 2.401590044644642, 39.590968117530167 ], [ 2.401572950517614, 39.591020953566137 ], [ 2.401516332834489, 39.591155119756195 ], [ 2.40147975583444, 39.591323717663272 ], [ 2.401507055009921, 39.591373922462907 ] ], [ [ 2.401814142911172, 39.590922068021015 ], [ 2.401805997774245, 39.591009280483611 ], [ 2.401814933137506, 39.591045085846339 ], [ 2.401830883121939, 39.59112527083829 ], [ 2.401835764395648, 39.591202537160804 ], [ 2.40182600485051, 39.591262563402616 ], [ 2.401814482108017, 39.591312568269231 ], [ 2.401821434077823, 39.591364098186276 ], [ 2.40179854846508, 39.591445512285382 ], [ 2.401772248327567, 39.591494010224629 ], [ 2.401749497929354, 39.591559692043568 ], [ 2.401725205784434, 39.591589604758163 ], [ 2.401671260434761, 39.591627948031878 ] ], [ [ 2.400971100288118, 39.590707456749712 ], [ 2.401225443097132, 39.590798882876491 ], [ 2.401446548254796, 39.590885845607708 ] ], [ [ 2.401602933377811, 39.590759345694266 ], [ 2.401287804653821, 39.590641861036552 ], [ 2.401203036117296, 39.590609955589379 ] ], [ [ 2.401306584384885, 39.590393068583879 ], [ 2.401453888897523, 39.590462486315424 ], [ 2.401659648986896, 39.590613737716197 ] ], [ [ 2.401173999021218, 39.590546867772581 ], [ 2.401048398413004, 39.590533347327927 ], [ 2.400954276442826, 39.590514266567894 ], [ 2.400884396207652, 39.590470994502816 ], [ 2.400823795824093, 39.590423479521107 ], [ 2.400770614879686, 39.590373141084051 ], [ 2.400741430392566, 39.590327218010323 ], [ 2.400706983948368, 39.5902483683087 ], [ 2.400694473982483, 39.590198240494217 ], [ 2.400694720455608, 39.590169633912154 ], [ 2.40070614521485, 39.590131071784377 ], [ 2.400730560514573, 39.590086855082447 ], [ 2.400765955718629, 39.590055568984617 ], [ 2.400870320025601, 39.589958840448546 ], [ 2.400998899670035, 39.589840780308847 ], [ 2.401237758098592, 39.589583109847212 ], [ 2.401349711441643, 39.589463533689596 ], [ 2.401379646846101, 39.589422206070097 ] ], [ [ 2.401159438307854, 39.589875937212653 ], [ 2.401086687149064, 39.589951373519099 ], [ 2.400980303783067, 39.590068117339634 ], [ 2.400875829743248, 39.590177719391484 ] ], [ [ 2.401175499132413, 39.590157808703367 ], [ 2.401175055836617, 39.5902093005556 ], [ 2.40126277019067, 39.590328474705714 ] ], [ [ 2.400940076848148, 39.590230975620337 ], [ 2.400945426350872, 39.590253889482717 ], [ 2.40105703708835, 39.590388921752485 ] ], [ [ 2.401257160752757, 39.590121038411631 ], [ 2.401279073923023, 39.590152620865602 ], [ 2.401446232696655, 39.590277925773513 ], [ 2.401585796682495, 39.590387355361003 ], [ 2.401657378888431, 39.59044780048167 ], [ 2.401785925275795, 39.590548589835542 ] ], [ [ 2.401950011176738, 39.590386369723802 ], [ 2.402033059479381, 39.590618520745686 ], [ 2.40205105447037, 39.590675829054838 ], [ 2.402044226609863, 39.590717275754287 ], [ 2.402029068231707, 39.590760109524552 ], [ 2.401997333715931, 39.590795705570969 ], [ 2.401961962111388, 39.590824131376735 ], [ 2.40193950727964, 39.590855485341152 ], [ 2.401918840217472, 39.590893999114243 ], [ 2.401915180972402, 39.590930718166192 ], [ 2.401910637975303, 39.590957395142667 ], [ 2.401908699590171, 39.591039394637122 ], [ 2.401914304736629, 39.591104268248991 ], [ 2.401927255495727, 39.591174900337855 ], [ 2.401930608528116, 39.591214968585696 ], [ 2.401920240055655, 39.591274038406645 ], [ 2.401906059365602, 39.591346439233234 ], [ 2.401890621972389, 39.591421693472093 ], [ 2.401862909417811, 39.591491163851181 ], [ 2.40180791763504, 39.591579565085603 ], [ 2.401751931477802, 39.591640306620064 ], [ 2.401727084773976, 39.591663064968117 ], [ 2.40168980706224, 39.591698156636134 ], [ 2.401677220216595, 39.591728607160341 ], [ 2.401674402161161, 39.591769596929112 ] ], [ [ 2.400663305724414, 39.58981044195815 ], [ 2.400621007565222, 39.589855996346166 ], [ 2.400397080274839, 39.590097055405998 ], [ 2.400310491135679, 39.590181080558509 ] ], [ [ 2.40082186520996, 39.589836848180916 ], [ 2.400677062833792, 39.590013708875766 ], [ 2.400554095981936, 39.590159690041517 ], [ 2.400524588420887, 39.590186953595079 ] ], [ [ 2.400396814583342, 39.590175566598745 ], [ 2.400449264430906, 39.590525091813575 ], [ 2.400458137388068, 39.590568049373118 ] ], [ [ 2.400538073082485, 39.590231127012402 ], [ 2.400550490608337, 39.590399262883686 ] ], [ [ 2.401070240376127, 39.589404241662038 ], [ 2.400848863509724, 39.589635778211751 ] ], [ [ 2.401153697675623, 39.589516719999892 ], [ 2.401105222912901, 39.589599909596046 ], [ 2.401019907145965, 39.589667413268018 ] ], [ [ 2.401511672880282, 39.58891541428072 ], [ 2.401208847538408, 39.589195164461877 ] ], [ [ 2.401503716637186, 39.588407582406937 ], [ 2.401577273111237, 39.588453257182302 ], [ 2.401721282276182, 39.588546974750862 ], [ 2.401768197450209, 39.588644959677495 ], [ 2.401785721375956, 39.5887570972044 ], [ 2.401780340955716, 39.58884527722644 ], [ 2.401768941510764, 39.58891673909082 ], [ 2.401710844806498, 39.589043983272028 ], [ 2.401665493315423, 39.58912242181659 ], [ 2.401612611698261, 39.589180557288422 ], [ 2.40147142846774, 39.589295453645732 ] ], [ [ 2.401070240376127, 39.589404241662038 ], [ 2.401170591278261, 39.589283175926298 ] ], [ [ 2.401233354130165, 39.589671136279186 ], [ 2.40115861974145, 39.589762296284547 ] ], [ [ 2.400910282502194, 39.589357898578044 ], [ 2.400636404321997, 39.589674749718931 ], [ 2.400383358365055, 39.589951536861783 ], [ 2.400222366102539, 39.590132029303398 ], [ 2.400230858060448, 39.590219421246005 ], [ 2.400301362813305, 39.59049693621732 ], [ 2.400309205787785, 39.590508873056422 ] ], [ [ 2.401415821632588, 39.588562701462592 ], [ 2.401544450359786, 39.588653478328943 ], [ 2.401557243692893, 39.588670708935148 ] ], [ [ 2.401649841225083, 39.588222041450642 ], [ 2.401800136483063, 39.588373007020579 ], [ 2.401968697322994, 39.588549813478672 ] ], [ [ 2.401758180522671, 39.588092433051294 ], [ 2.401902512332716, 39.588292001157726 ], [ 2.402019336309686, 39.588465680444614 ], [ 2.402098016382989, 39.588560492173215 ], [ 2.402116281378792, 39.588586333231895 ] ], [ [ 2.401813193129242, 39.58792965143887 ], [ 2.401914472652725, 39.587975945366296 ], [ 2.401984203495203, 39.588036380775982 ], [ 2.402124826306399, 39.588237360364587 ], [ 2.402207191226657, 39.588333620925034 ], [ 2.402234932273707, 39.588332332795218 ], [ 2.402251459834835, 39.588345291807407 ], [ 2.402260567172263, 39.588361072531953 ], [ 2.402260493428282, 39.58836965451173 ], [ 2.402245495491798, 39.588393894493521 ], [ 2.402243377047434, 39.588425352245437 ], [ 2.402265228701916, 39.588464084820153 ], [ 2.402333173732961, 39.588517359315567 ] ], [ [ 2.402100654482516, 39.588038410880017 ], [ 2.402232181456855, 39.588222177916485 ], [ 2.402279508146204, 39.588308244967131 ], [ 2.402290502720274, 39.588319744668311 ] ], [ [ 2.402147816976258, 39.587928512813797 ], [ 2.402363311128321, 39.588237156358623 ], [ 2.402456596101934, 39.588353498412275 ], [ 2.402538653334487, 39.588485516533872 ] ], [ [ 2.402251744816366, 39.587881844059076 ], [ 2.402374226010703, 39.588042679014713 ], [ 2.40252770373298, 39.58825373653476 ], [ 2.402633081262159, 39.588468837304461 ] ], [ [ 2.402383439232183, 39.587615752866135 ], [ 2.402416572389749, 39.587704131009033 ], [ 2.402440586039654, 39.587778158310414 ], [ 2.402484554768621, 39.587860632707752 ] ], [ [ 2.402297554280737, 39.588586708974759 ], [ 2.402290891112124, 39.588645082494665 ], [ 2.402244285545363, 39.588690138682431 ], [ 2.402112367429166, 39.588802700257858 ] ], [ [ 2.402166394501426, 39.588611066789611 ], [ 2.402097648764332, 39.588722760383391 ], [ 2.402015139629571, 39.588822463312184 ] ], [ [ 2.402100325339888, 39.589009937613305 ], [ 2.402110352695858, 39.5893489936972 ], [ 2.402098351011869, 39.589454781018539 ], [ 2.402081417485521, 39.589489023313973 ] ], [ [ 2.402211145418527, 39.589021950936512 ], [ 2.402241667672168, 39.589342516887612 ], [ 2.402239315648577, 39.589401151348973 ], [ 2.402233424947376, 39.589441172046776 ], [ 2.402223936433268, 39.589469731091725 ] ], [ [ 2.401917346270999, 39.589004705210101 ], [ 2.401902475530904, 39.589229200816604 ], [ 2.401889030176838, 39.589287778170366 ], [ 2.401851626748582, 39.589337648936436 ], [ 2.401832968061899, 39.589357578386263 ] ], [ [ 2.402009349069326, 39.589055242930804 ], [ 2.401992481824651, 39.58929689298823 ], [ 2.401975400722399, 39.589348299224824 ], [ 2.401943505795024, 39.589402489999515 ] ], [ [ 2.401890129190194, 39.589375037345775 ], [ 2.401821248854826, 39.589430468545757 ], [ 2.401715371922456, 39.589488569103196 ], [ 2.401624282876081, 39.589546746618005 ], [ 2.40153323059996, 39.58960063262078 ] ], [ [ 2.401818483330626, 39.589107184602454 ], [ 2.401817425520809, 39.589230192952137 ], [ 2.401789203211765, 39.589287264278909 ], [ 2.401753648943669, 39.589337144533204 ], [ 2.401701505393759, 39.589381218688288 ], [ 2.401613929217971, 39.589460869726906 ] ], [ [ 2.401397354243323, 39.589671572194206 ], [ 2.401332971224704, 39.589705569926011 ], [ 2.401293148202713, 39.589750184018264 ] ], [ [ 2.402497612847337, 39.589569955200503 ], [ 2.402234009843952, 39.589695904828076 ], [ 2.402020663477866, 39.589782060597926 ] ], [ [ 2.402302498499952, 39.589793523857402 ], [ 2.402106861452684, 39.589862607063679 ] ], [ [ 2.402101623414683, 39.589826819840077 ], [ 2.401991234823976, 39.58987202434416 ] ], [ [ 2.40256034751213, 39.589691861621887 ], [ 2.402436655745908, 39.589779194514662 ] ], [ [ 2.403645481880771, 39.58960368503049 ], [ 2.403580430840452, 39.589643878801674 ], [ 2.403529368181799, 39.589669841314972 ] ], [ [ 2.403714182924918, 39.589676749320141 ], [ 2.403675515831064, 39.589694431022849 ], [ 2.403626034696579, 39.589715633418045 ] ], [ [ 2.403521085096539, 39.589557750597066 ], [ 2.403490080349334, 39.589580239848587 ], [ 2.403451382592416, 39.589601496626152 ] ], [ [ 2.403479858045695, 39.589514627167823 ], [ 2.403438161978958, 39.589526332896092 ], [ 2.403408829596979, 39.589533334713273 ], [ 2.40335796121449, 39.589536649735209 ] ], [ [ 2.403281263615673, 39.588929132211788 ], [ 2.403192695656823, 39.589016885070052 ] ], [ [ 2.40317459125614, 39.588792696561754 ], [ 2.402923787028889, 39.588935639461589 ] ], [ [ 2.403243619391489, 39.588827619300581 ], [ 2.403147523403052, 39.588895069186336 ], [ 2.403096367930693, 39.588931757858717 ] ], [ [ 2.404285551487706, 39.588410998346035 ], [ 2.40414997505568, 39.588411495271743 ], [ 2.404068317919758, 39.58841226858258 ], [ 2.404022122138355, 39.588409647514474 ], [ 2.403980619699948, 39.588398706916678 ], [ 2.403940576187102, 39.588397309442662 ], [ 2.403888116973687, 39.588406575985246 ], [ 2.403795389470263, 39.588440668453835 ], [ 2.403708710797514, 39.588487903751833 ], [ 2.403668443606605, 39.588512728761685 ] ], [ [ 2.404274053786047, 39.58849437885673 ], [ 2.404189324358981, 39.588493944431733 ], [ 2.404110706356431, 39.588499501633308 ], [ 2.403975048052659, 39.588509533589153 ], [ 2.403884055153126, 39.588520986606817 ], [ 2.403808508122443, 39.588527751427819 ] ], [ [ 2.4042666561418, 39.588638573224124 ], [ 2.404087690042595, 39.588668647546719 ], [ 2.403879257858548, 39.588721217945292 ] ], [ [ 2.404194915121459, 39.588560725383971 ], [ 2.404048330559378, 39.588587389471002 ], [ 2.403901775367119, 39.588610477315086 ], [ 2.403835400470697, 39.588625632791256 ] ], [ [ 2.404229937864894, 39.588788575802511 ], [ 2.404148371010236, 39.588778621907835 ], [ 2.40408210832699, 39.588780666237348 ], [ 2.403998857908533, 39.588787390773064 ], [ 2.403961834140603, 39.588793161211186 ] ], [ [ 2.404194915121459, 39.588560725383971 ], [ 2.404276767539751, 39.588537305468201 ] ], [ [ 2.404306374519268, 39.588318129084122 ], [ 2.40413552978935, 39.588299373873333 ] ], [ [ 2.40432063440295, 39.588991680871239 ], [ 2.404502877361637, 39.589118966231389 ], [ 2.404539574745221, 39.589151338365916 ] ], [ [ 2.404645381851992, 39.58920909625845 ], [ 2.404677610459001, 39.589223565313624 ], [ 2.404790090301759, 39.589221757398576 ], [ 2.404881085143688, 39.58921030368451 ], [ 2.405016887433406, 39.589183583342276 ] ], [ [ 2.404732926971901, 39.588700562684068 ], [ 2.404782080679275, 39.588717501653136 ], [ 2.404828276697415, 39.588720122420725 ], [ 2.404905476630109, 39.588700254440489 ], [ 2.404976524227181, 39.588679161933555 ], [ 2.405049326488601, 39.588633046710491 ], [ 2.405186034692639, 39.588500242926102 ], [ 2.405294676144419, 39.588406631825293 ], [ 2.405331821876244, 39.588386557652179 ], [ 2.405401319383945, 39.588366649019896 ], [ 2.405432180334599, 39.58836084748868 ], [ 2.40545848172209, 39.588347870202476 ], [ 2.405475539400515, 39.58833484561525 ], [ 2.405494219188324, 39.588312292768336 ], [ 2.405516051496744, 39.588281412461193 ], [ 2.405524079367105, 39.588243310009702 ], [ 2.405535036835203, 39.588223101786731 ], [ 2.405553838794441, 39.588186246521815 ], [ 2.405606664289831, 39.588134068396435 ], [ 2.405656144856879, 39.588112866045996 ], [ 2.405676202197046, 39.588109392427356 ] ], [ [ 2.405599298494218, 39.588094695123928 ], [ 2.405525189666159, 39.588113388215078 ], [ 2.405481913415092, 39.588129854876449 ], [ 2.405424557687853, 39.588171281137953 ], [ 2.405367069435512, 39.588228202695838 ], [ 2.405318731910574, 39.588295898781737 ], [ 2.405262916565551, 39.588337332845157 ], [ 2.405180809893775, 39.588390552993417 ], [ 2.405134268683327, 39.588428458259678 ], [ 2.40508445133086, 39.588488995153057 ], [ 2.405031625173849, 39.58854117303288 ], [ 2.404989724874373, 39.588576717863702 ], [ 2.40494636664171, 39.588602719558267 ], [ 2.404901507372457, 39.588623946172135 ], [ 2.404872165324308, 39.588632139480026 ], [ 2.404810483868641, 39.588638975966781 ], [ 2.404770501396983, 39.588630426674413 ] ], [ [ 2.405082418535593, 39.58800622631238 ], [ 2.405048547853103, 39.588003668754922 ], [ 2.405002097422481, 39.588030846710716 ], [ 2.404782915883503, 39.588259779180419 ], [ 2.404745606867293, 39.588298924553179 ], [ 2.404722396799765, 39.588310725445112 ], [ 2.404689964594996, 39.588320094946376 ], [ 2.404626700809872, 39.588331691507925 ] ], [ [ 2.404924265131647, 39.587944624535332 ], [ 2.404784200944073, 39.588109594911259 ], [ 2.404703338989755, 39.588197388413661 ], [ 2.404677008081059, 39.588213941586439 ] ], [ [ 2.404720030326634, 39.588047282170315 ], [ 2.404673314518499, 39.588105450641152 ], [ 2.404631404100651, 39.588142187363317 ], [ 2.404598931151936, 39.588156324909029 ], [ 2.404560377358849, 39.588160895629969 ], [ 2.40451888518539, 39.588148763207187 ], [ 2.404408284468375, 39.588111244003052 ], [ 2.404027512657659, 39.587960291985098 ], [ 2.403935327131285, 39.58793121126682 ], [ 2.403910658152141, 39.587933468858012 ] ], [ [ 2.404011167359914, 39.588159818077379 ], [ 2.403890349224162, 39.588146086463809 ], [ 2.403804116533147, 39.588141472254144 ], [ 2.40376639372499, 39.588138894558128 ] ], [ [ 2.403398787580517, 39.588213414596567 ], [ 2.403411329273981, 39.588331725433513 ], [ 2.403443377846799, 39.588474929298329 ] ], [ [ 2.403313941274972, 39.588478079683107 ], [ 2.403279559795712, 39.588319605674286 ], [ 2.403261857691394, 39.588227969597135 ], [ 2.403238044604694, 39.588130579657488 ], [ 2.403225019416364, 39.588068529653818 ], [ 2.403240544571112, 39.587982784887558 ], [ 2.403264712496448, 39.587895178813781 ], [ 2.40327120211767, 39.587857067717586 ], [ 2.403282383755907, 39.587846635288102 ], [ 2.403302184826602, 39.587837201316439 ] ], [ [ 2.403360686043071, 39.587913789662281 ], [ 2.403420070586159, 39.587887394192094 ], [ 2.403521193004596, 39.587880284262624 ], [ 2.403628477826679, 39.587873205872981 ], [ 2.403730759819661, 39.587874684973677 ], [ 2.403814457651198, 39.587887510880726 ] ], [ [ 2.403705679247043, 39.587925096235303 ], [ 2.403598360488659, 39.587935988603732 ], [ 2.403462541712147, 39.587964853479313 ] ], [ [ 2.403862569820054, 39.588026029682801 ], [ 2.403802230000576, 39.58801999852848 ], [ 2.403622420432331, 39.588004771874012 ] ], [ [ 2.402949661200826, 39.587698072745809 ], [ 2.402943033457173, 39.587752393639178 ], [ 2.402942955987513, 39.587904969132659 ], [ 2.402969160145643, 39.588010952879642 ], [ 2.4030016250283, 39.588105525639101 ], [ 2.403037852695163, 39.588192489555993 ], [ 2.403044567987766, 39.588271671881643 ], [ 2.403058964172577, 39.588317519324725 ] ], [ [ 2.403028339425048, 39.587721363278597 ], [ 2.403016707694249, 39.587784240828036 ], [ 2.40300584968625, 39.58790052400262 ], [ 2.403005424150233, 39.587950108484783 ], [ 2.403018383644931, 39.588019788142027 ] ], [ [ 2.403035122580163, 39.587648924261231 ], [ 2.40312532603419, 39.587621733972206 ], [ 2.403191990300456, 39.587608725748233 ], [ 2.403268505961645, 39.587596722274142 ], [ 2.403325245141222, 39.587591292068517 ], [ 2.403389289934279, 39.587596388296632 ] ], [ [ 2.403639435243984, 39.58760148736247 ], [ 2.403555631506977, 39.587601057228802 ], [ 2.403405114504104, 39.587619355840467 ], [ 2.403284158721334, 39.58763971445984 ], [ 2.403215061974771, 39.587648895260457 ], [ 2.40315334442827, 39.587660021414642 ] ], [ [ 2.40323643538818, 39.587743410995031 ], [ 2.403196778336046, 39.587768954400673 ], [ 2.403163135243786, 39.587811693403125 ], [ 2.403141463975482, 39.587895499100192 ], [ 2.403132428425375, 39.587943132766434 ] ], [ [ 2.40307337566693, 39.588074425603232 ], [ 2.403075487865568, 39.5881154407613 ] ], [ [ 2.40255157673254, 39.587920455561992 ], [ 2.402623111699198, 39.588022142947864 ], [ 2.402665784665146, 39.588076002747023 ], [ 2.40275008374676, 39.588126499384018 ], [ 2.402831158464175, 39.588193668361498 ], [ 2.402898163187781, 39.58828460456882 ], [ 2.402955598181982, 39.588413635084535 ], [ 2.402968848769291, 39.588485222827771 ], [ 2.402965256019915, 39.588544804234147 ], [ 2.402938699496485, 39.58858757957605 ], [ 2.402881270263329, 39.588637348682248 ] ], [ [ 2.404099771563538, 39.587427290259633 ], [ 2.404009504539568, 39.587462110047213 ], [ 2.403958877716458, 39.587473293515032 ], [ 2.403869973316658, 39.587492862953162 ], [ 2.403788594030301, 39.587497213704509 ], [ 2.403667802054909, 39.587498501351767 ], [ 2.403583949389227, 39.587503792561563 ], [ 2.403490294360973, 39.587502357620124 ], [ 2.40339538394816, 39.587503777845555 ], [ 2.403301688026882, 39.587507110820646 ], [ 2.403241268067754, 39.58751061552114 ], [ 2.40312779684208, 39.587520521663393 ], [ 2.403069750887075, 39.587534527420218 ], [ 2.402985750833139, 39.587556982161942 ], [ 2.4029004859679, 39.587583245326471 ], [ 2.402815196488826, 39.587612368187408 ] ], [ [ 2.402885750522322, 39.587720487371172 ], [ 2.402869058460702, 39.587798597031423 ], [ 2.402862134805314, 39.587887245838523 ] ], [ [ 2.402793262911412, 39.587726686931333 ], [ 2.402778105660469, 39.587769521730706 ], [ 2.402776431570727, 39.587821007287054 ], [ 2.402826956555579, 39.58796525958779 ], [ 2.402861029774055, 39.588015975558356 ], [ 2.402869551009307, 39.588028415790141 ] ], [ [ 2.403664612017668, 39.587798629727615 ], [ 2.403792821491237, 39.587830756290373 ] ], [ [ 2.403057658461814, 39.587399770441529 ], [ 2.403087375125179, 39.587383711674022 ], [ 2.403272202146666, 39.587388475068366 ], [ 2.403518665856749, 39.587391647994259 ], [ 2.403676347863121, 39.58740008548137 ] ], [ [ 2.403283623999616, 39.587206396651411 ], [ 2.403485459189603, 39.587239854917222 ], [ 2.403582564627401, 39.587269915442349 ], [ 2.403637925531518, 39.587281642730936 ], [ 2.403672440418045, 39.587280866570275 ], [ 2.403708343780572, 39.587261978605902 ], [ 2.403746694790389, 39.587245010681769 ], [ 2.403844201936247, 39.58722834626024 ], [ 2.403898491938885, 39.587220995716244 ], [ 2.403973783224625, 39.587208031298076 ], [ 2.404177720573003, 39.587139941652048 ], [ 2.404216774315381, 39.587112964870705 ], [ 2.40427629668008, 39.587070357334632 ], [ 2.404307930330003, 39.587046203268017 ] ], [ [ 2.403252291073179, 39.587662293834562 ], [ 2.403337277821508, 39.587668451835448 ], [ 2.403409940939342, 39.587674546502285 ], [ 2.40346286030582, 39.587683400551882 ], [ 2.403529385572965, 39.587686602846617 ], [ 2.403624272873731, 39.58768804318057 ], [ 2.403715487481251, 39.58768660470443 ], [ 2.40372999484647, 39.587687320686875 ], [ 2.40381626027584, 39.587684379938104 ], [ 2.403855779297468, 39.58767504703777 ], [ 2.403911302827926, 39.587667702817697 ], [ 2.403981541657017, 39.587669016412228 ], [ 2.404017232729149, 39.587674921051736 ] ], [ [ 2.404099771563538, 39.587427290259633 ], [ 2.404235385590123, 39.587386146076703 ], [ 2.404326926406772, 39.58734656436377 ], [ 2.404362764308419, 39.587335304927372 ], [ 2.40440101723238, 39.587329779432736 ], [ 2.404421976540384, 39.587328933566774 ], [ 2.404453994774725, 39.587331958459764 ] ], [ [ 2.404522240822012, 39.58778192932423 ], [ 2.404415033778813, 39.587779949930216 ], [ 2.40439095346672, 39.587785548075381 ], [ 2.404361241016107, 39.587801129648469 ] ], [ [ 2.404521739258855, 39.587408593603378 ], [ 2.40458211922639, 39.587481852634433 ], [ 2.40459288028232, 39.58752052885059 ], [ 2.404579278387751, 39.587597700401744 ], [ 2.404561833498713, 39.587692016979119 ], [ 2.404561490692867, 39.587732066239326 ] ], [ [ 2.404644151472119, 39.587578007296187 ], [ 2.404622874801591, 39.58768803902926 ], [ 2.404615174332724, 39.587723758959378 ], [ 2.404618724643686, 39.587740941872148 ] ], [ [ 2.404756292646384, 39.587651532329794 ], [ 2.404734586729795, 39.587595635339099 ], [ 2.404729260649201, 39.587569860971286 ], [ 2.404735027349787, 39.587544143430186 ], [ 2.404783299063135, 39.587520073568136 ], [ 2.40486666909716, 39.587499045142451 ], [ 2.404989081660906, 39.587452468601697 ], [ 2.405096801956415, 39.587394374464331 ], [ 2.405178494962828, 39.587353310816837 ], [ 2.405215687037793, 39.587327754113218 ] ], [ [ 2.404465535336953, 39.587279569243108 ], [ 2.404458385856809, 39.587250924729439 ], [ 2.404458581776521, 39.587228039436461 ], [ 2.404471692775737, 39.587208081122249 ], [ 2.404519780684812, 39.587205466780198 ], [ 2.404615835240004, 39.587214541350896 ], [ 2.404719368704685, 39.587213641852045 ], [ 2.404799016735174, 39.587195454291397 ], [ 2.404930573293224, 39.587160368696338 ], [ 2.405052837259208, 39.5871309560467 ], [ 2.405249266025694, 39.587076175811092 ], [ 2.405451214048573, 39.587024285170777 ], [ 2.4055049214868, 39.587013116811548 ] ], [ [ 2.405696417068759, 39.587102780790403 ], [ 2.405145929604322, 39.58727018128166 ], [ 2.404856727758811, 39.587364537232382 ], [ 2.404719992754562, 39.587356684406238 ] ], [ [ 2.405758621585983, 39.587178910236283 ], [ 2.405552902812317, 39.587239364480467 ], [ 2.405346986884938, 39.587322704548548 ], [ 2.405209567035935, 39.587394951735298 ], [ 2.40506661275614, 39.58746573957783 ], [ 2.405005351461793, 39.587495463718689 ], [ 2.40489774104657, 39.587540686142347 ] ], [ [ 2.405976011669372, 39.587267275331641 ], [ 2.405839020160629, 39.587289461227897 ], [ 2.40570934846368, 39.587320267662101 ], [ 2.405592557484321, 39.587358290458951 ], [ 2.405496100371777, 39.587396418074526 ], [ 2.405438548739087, 39.587424731481299 ], [ 2.405421788511406, 39.587438949657404 ], [ 2.405369563122368, 39.587493037367558 ] ], [ [ 2.405946727291545, 39.587232796174462 ], [ 2.406040785194692, 39.58725902408365 ], [ 2.406090514667083, 39.58728073462494 ] ], [ [ 2.405332896784064, 39.587457089436896 ], [ 2.405195562266923, 39.58751932383619 ], [ 2.40501558670414, 39.587595644575565 ] ], [ [ 2.404791293176261, 39.587666015555165 ], [ 2.404982116089315, 39.587618359483031 ], [ 2.405106058781777, 39.587608980887047 ], [ 2.405254081616965, 39.587594004739366 ] ], [ [ 2.405471163415452, 39.587502139611388 ], [ 2.405417308888783, 39.587530471923117 ], [ 2.40538195373269, 39.587557468934392 ], [ 2.405353942899216, 39.587590224192702 ], [ 2.405331588475718, 39.587610135300835 ], [ 2.405301900756116, 39.58762285735618 ], [ 2.405274098901726, 39.587631297425098 ] ], [ [ 2.404834998884701, 39.58774348067093 ], [ 2.404777521294506, 39.587763211765783 ], [ 2.404768008417669, 39.587794631691864 ], [ 2.404712930542996, 39.587965996750043 ] ], [ [ 2.404352511607525, 39.587956998232706 ], [ 2.404439101940063, 39.5879917715164 ], [ 2.404461273058341, 39.587993315994076 ], [ 2.404490948847162, 39.587982024036805 ], [ 2.40464913435496, 39.587859820789149 ] ], [ [ 2.404534924143257, 39.587596043171118 ], [ 2.404443890079461, 39.587648500733742 ], [ 2.40433449112205, 39.587686561048407 ], [ 2.404286341634439, 39.587696326513786 ], [ 2.404254988245806, 39.587687583409249 ] ], [ [ 2.404834435960639, 39.587809275886691 ], [ 2.404869058405866, 39.587868099799181 ], [ 2.404868825910107, 39.587895275633137 ], [ 2.404831462076483, 39.587940856850331 ], [ 2.404786703737996, 39.587986400177606 ] ], [ [ 2.404618308410692, 39.587789574017769 ], [ 2.404519780597519, 39.58785343638796 ], [ 2.404460331183381, 39.587887461154189 ] ], [ [ 2.405245293098689, 39.587757024615414 ], [ 2.405465375832299, 39.587746707742532 ], [ 2.405646612723163, 39.587739052549601 ], [ 2.40569839817664, 39.587736456633657 ] ], [ [ 2.405830977006142, 39.588014631876277 ], [ 2.406410278793965, 39.587937489710747 ], [ 2.406419521277552, 39.587937536924997 ] ], [ [ 2.40597489291155, 39.588264256145962 ], [ 2.406269129556118, 39.588230000582911 ], [ 2.406378345251207, 39.588213392964398 ], [ 2.406419173564367, 39.588195006873491 ], [ 2.406436176704085, 39.588152181927306 ], [ 2.406463704929072, 39.587959218975307 ], [ 2.406467536404266, 39.587943503767356 ] ], [ [ 2.405655435187897, 39.588221141619854 ], [ 2.405714725461847, 39.588205710093085 ], [ 2.405746175858544, 39.588203010152853 ], [ 2.405796040309388, 39.588208986730479 ], [ 2.405849504275316, 39.58822642483927 ], [ 2.405921160146818, 39.588278285375232 ], [ 2.406055108706513, 39.588396262388059 ], [ 2.406095583072667, 39.588419355559829 ], [ 2.406121378351833, 39.588429500604796 ], [ 2.406150870899116, 39.588439663638617 ], [ 2.406256462942305, 39.58841445615753 ], [ 2.406332464696946, 39.58839052824753 ], [ 2.406386257336641, 39.58836934671676 ], [ 2.406414219184481, 39.588342312536874 ], [ 2.406420826321302, 39.588217901611245 ] ], [ [ 2.405658228092984, 39.588327005015245 ], [ 2.405997422109283, 39.588440310152947 ], [ 2.406026816928829, 39.588461916766477 ], [ 2.406046957002113, 39.588484906009327 ], [ 2.406141986654606, 39.588614127122085 ] ], [ [ 2.406517607894912, 39.588358574520093 ], [ 2.406564127973037, 39.588323052728605 ], [ 2.406588465705518, 39.58828741673598 ], [ 2.40670904658669, 39.588021979286282 ], [ 2.406741046960469, 39.58795491372647 ] ], [ [ 2.406517607894912, 39.588358574520093 ], [ 2.406504699253863, 39.588369189459556 ], [ 2.40649828457963, 39.588398717858638 ], [ 2.406491862923378, 39.588429200417814 ], [ 2.406469492275463, 39.58845101915081 ], [ 2.40642985110141, 39.588474656248351 ], [ 2.406403921495218, 39.588480245363144 ], [ 2.406263165352557, 39.588510041582644 ], [ 2.406210105452202, 39.588517398613142 ], [ 2.406187864925158, 39.588523960727628 ], [ 2.406177981928206, 39.588526771008141 ] ], [ [ 2.40614680434795, 39.588569523472408 ], [ 2.406231621558993, 39.588595703998642 ], [ 2.406255046467132, 39.588594869501186 ], [ 2.406615735555377, 39.588500399435638 ], [ 2.406642880920852, 39.588496723072282 ] ], [ [ 2.40632498517821, 39.588631463783699 ], [ 2.406416217270158, 39.588628115788254 ], [ 2.406608629500826, 39.588610980533481 ] ], [ [ 2.406191549965625, 39.588669879678534 ], [ 2.406321933998481, 39.588700107073649 ], [ 2.406394671712613, 39.58869761789726 ], [ 2.406619046161655, 39.588690181558661 ] ], [ [ 2.406384511904681, 39.591108506710867 ], [ 2.406443946893401, 39.591076387499058 ], [ 2.406481002189924, 39.591067041129627 ], [ 2.40652173860169, 39.591059620139639 ] ], [ [ 2.406350352070626, 39.591067326999287 ], [ 2.406465729140921, 39.590979232059574 ], [ 2.406475685707007, 39.590967839775814 ], [ 2.406485700388046, 39.590949772922123 ], [ 2.406504260547648, 39.590941285367236 ], [ 2.40651412063196, 39.590941335729433 ], [ 2.406596573173555, 39.590956060765869 ] ], [ [ 2.406560372187095, 39.590865284041364 ], [ 2.406329128087885, 39.59095469463422 ] ], [ [ 2.406833894349708, 39.591021163083333 ], [ 2.40699063749607, 39.59099621606444 ], [ 2.407047338537097, 39.590995552131901 ], [ 2.407067008786628, 39.591001374079681 ] ], [ [ 2.40728715995659, 39.590911905432655 ], [ 2.407097473885294, 39.590897587058507 ], [ 2.406917436572752, 39.590908111399621 ], [ 2.406863054540502, 39.590925952721207 ] ], [ [ 2.407138625800671, 39.590841535517043 ], [ 2.406799140564563, 39.590760654175384 ], [ 2.406667421630685, 39.590741862741858 ], [ 2.406594803811228, 39.590730048767128 ], [ 2.406469052381044, 39.590734174770532 ] ], [ [ 2.407347438568882, 39.590382966630784 ], [ 2.40748268380496, 39.59042179987523 ], [ 2.407578087440208, 39.590435398186877 ], [ 2.407689028531451, 39.590433580525975 ], [ 2.407790818148187, 39.590420986593791 ], [ 2.407832483595776, 39.590412855356419 ] ], [ [ 2.407877799744674, 39.59033799043489 ], [ 2.407961193715411, 39.590314575788177 ], [ 2.408010653689831, 39.590295755577429 ], [ 2.40805243178942, 39.590274512072888 ], [ 2.408119060930979, 39.590229556459938 ] ], [ [ 2.407401594699073, 39.590174643338003 ], [ 2.40755700908504, 39.590196892189439 ], [ 2.407721757711414, 39.590208459788919 ], [ 2.407845003419877, 39.590209087934376 ], [ 2.407936008064112, 39.59019643981221 ], [ 2.408044100766058, 39.590167190605321 ], [ 2.408082716313162, 39.590155467531986 ] ], [ [ 2.40748099085874, 39.590050722523088 ], [ 2.407547391846764, 39.590068941240155 ], [ 2.407662793946751, 39.590085979781371 ], [ 2.40774227402959, 39.590087814864404 ], [ 2.407823682515285, 39.590080362841888 ] ], [ [ 2.407176330376559, 39.590005684623726 ], [ 2.407119983435243, 39.590001106404472 ], [ 2.407084931309623, 39.589992345191227 ], [ 2.407009360926037, 39.589965497057655 ], [ 2.40681390840531, 39.589905138346033 ] ], [ [ 2.406655908001322, 39.589969493590637 ], [ 2.406729580201763, 39.59000205383412 ], [ 2.406797181337185, 39.590023855314968 ] ], [ [ 2.406676560933175, 39.590076878976163 ], [ 2.40673184820769, 39.590097425547739 ], [ 2.406793317315579, 39.590115618613233 ], [ 2.406827098773304, 39.590128903831385 ], [ 2.406863980730361, 39.590139819827101 ] ], [ [ 2.406737328538336, 39.590177316761086 ], [ 2.406508582761056, 39.590263164275662 ], [ 2.406360027536987, 39.590339885401967 ], [ 2.406282714260661, 39.59037286652147 ], [ 2.406248699932488, 39.590386996645307 ], [ 2.406174630694365, 39.59040092206363 ] ], [ [ 2.406228193846749, 39.589973666431518 ], [ 2.406331360919357, 39.589980153021834 ], [ 2.406454462633274, 39.589997469974143 ], [ 2.406483632184887, 39.590009538763596 ] ], [ [ 2.406418250885948, 39.589438715377646 ], [ 2.406117151887416, 39.589409999829883 ], [ 2.405997049989567, 39.589402233510143 ] ], [ [ 2.406418250885948, 39.589438715377646 ], [ 2.406456974379374, 39.589450356331938 ] ], [ [ 2.405985246781717, 39.589557609821782 ], [ 2.406352432537573, 39.589569022002635 ], [ 2.406398033507864, 39.589569254968431 ], [ 2.406500178612229, 39.589586941458606 ], [ 2.406621947111959, 39.589616171215681 ] ], [ [ 2.405742268884222, 39.589251279672133 ], [ 2.405861856282698, 39.58924712293026 ], [ 2.405918555901555, 39.58924645953774 ], [ 2.405996142111999, 39.589253531055334 ], [ 2.406030626557361, 39.58925656812248 ], [ 2.406055274422295, 39.589256694113509 ], [ 2.406105975493272, 39.589236927758421 ] ], [ [ 2.406129197088505, 39.5892599327345 ], [ 2.40617478854432, 39.589261119934953 ], [ 2.406216682712989, 39.58926228732286 ], [ 2.406228934554622, 39.589270932289885 ] ], [ [ 2.406181724422245, 39.589170563512639 ], [ 2.406204952993735, 39.589192615214401 ], [ 2.406219701471745, 39.589197457958363 ], [ 2.406240628769517, 39.589200425683778 ], [ 2.406288701719409, 39.589199718028439 ], [ 2.406419518042629, 39.589179407564018 ], [ 2.406471362668231, 39.589170135839986 ], [ 2.40650340508832, 39.589170299506655 ], [ 2.406544059026389, 39.589172414637872 ], [ 2.406578510920818, 39.589179265457702 ] ], [ [ 2.406462360597275, 39.589213955849431 ], [ 2.406509225927213, 39.589210380246904 ], [ 2.406540036322869, 39.589210537610768 ], [ 2.406579360624625, 39.589224089084304 ], [ 2.406605152206708, 39.589234710650004 ], [ 2.406638257051022, 39.589254905209756 ], [ 2.406753211879655, 39.589360387971645 ], [ 2.406775200520478, 39.589383386523856 ], [ 2.406782424353478, 39.589403448908001 ] ], [ [ 2.406461042590754, 39.589079491254886 ], [ 2.406420282924205, 39.589089772896514 ], [ 2.406382078007625, 39.589089577724749 ], [ 2.406304426834096, 39.589090134296178 ], [ 2.406274848534081, 39.589089983165515 ] ], [ [ 2.406286303768052, 39.588826023091592 ], [ 2.406359041614905, 39.588823533938537 ], [ 2.406424311679033, 39.588829588951882 ], [ 2.406504272058073, 39.588847162108799 ], [ 2.406563209975449, 39.588873210207446 ], [ 2.406614735954189, 39.588901127016172 ] ], [ [ 2.406444131139347, 39.588962239670209 ], [ 2.406487258329413, 39.588963414159721 ], [ 2.406553776848395, 39.588967567986018 ] ], [ [ 2.406686649588571, 39.588634010236866 ], [ 2.406742333089459, 39.588391127674676 ], [ 2.40675381518647, 39.588345413707962 ], [ 2.406763205266185, 39.58832829692755 ], [ 2.406869088461383, 39.588268760932323 ], [ 2.406947012227433, 39.588236259168028 ], [ 2.40699878582069, 39.588235092555884 ], [ 2.407131874359953, 39.588237202524894 ], [ 2.407146541429457, 39.588251581293349 ], [ 2.407359044010896, 39.588480098317262 ] ], [ [ 2.406864923734964, 39.587944158840273 ], [ 2.407084600656204, 39.588198460077528 ] ], [ [ 2.406503879012344, 39.587921812261087 ], [ 2.406621161555735, 39.587898571645958 ], [ 2.406707551728051, 39.587884708840235 ], [ 2.406808715658224, 39.587872828882894 ], [ 2.406868973163853, 39.587888393712667 ] ], [ [ 2.406937669313808, 39.587926173356905 ], [ 2.406967031158149, 39.587915594585738 ], [ 2.407005513537177, 39.587919367188718 ], [ 2.407030089805838, 39.587927837094327 ], [ 2.407118739453794, 39.588010536850796 ], [ 2.407215050574609, 39.588098043902953 ], [ 2.407267031782938, 39.588144797087935 ], [ 2.407331346963606, 39.588190421090054 ], [ 2.407440145984536, 39.588258919435063 ], [ 2.407556596380001, 39.588333417037489 ] ], [ [ 2.406937203642334, 39.587727822474037 ], [ 2.40691277871943, 39.587701474077271 ], [ 2.406863645531925, 39.587682151071377 ], [ 2.406826764873193, 39.587671235080755 ], [ 2.406768235647748, 39.587669744213891 ], [ 2.406698760717402, 39.587687269644604 ], [ 2.406643068681762, 39.587714401072482 ], [ 2.406499505837467, 39.587748235209688 ], [ 2.406230978896986, 39.587802887927538 ], [ 2.406051943362961, 39.58784130851906 ] ], [ [ 2.406692825810751, 39.587624381314797 ], [ 2.406657526479913, 39.58760870506574 ], [ 2.406632960537532, 39.587599043064245 ], [ 2.406540427477143, 39.587610490303099 ], [ 2.406293641305277, 39.587644989918914 ], [ 2.406108394083999, 39.587689339209675 ], [ 2.406035766529265, 39.587715191717123 ] ], [ [ 2.405859931107737, 39.587559333624668 ], [ 2.405719367949478, 39.587602718694185 ], [ 2.405694659577299, 39.587609743841 ], [ 2.405609880279836, 39.587615270547879 ], [ 2.405481977829778, 39.587619384495312 ], [ 2.405460359653312, 39.587625233333206 ] ], [ [ 2.405185958390503, 39.588042577932576 ], [ 2.40518548140913, 39.588098360383107 ], [ 2.405136695709021, 39.588182504299972 ], [ 2.40505445004533, 39.588287932330495 ], [ 2.404851115216063, 39.588501450952023 ], [ 2.404804654175105, 39.588529820840762 ], [ 2.40475257435424, 39.588566744286908 ] ], [ [ 2.404698241885515, 39.58908283833793 ], [ 2.404751718474685, 39.589098847072279 ], [ 2.40479604919777, 39.589103365788844 ], [ 2.404858829655419, 39.589112269715194 ] ], [ [ 2.404547938768547, 39.588931877377178 ], [ 2.404636220487034, 39.588985253839326 ], [ 2.404700654187352, 39.589017052612192 ] ], [ [ 2.404270251414987, 39.588760236799978 ], [ 2.404344074308029, 39.588774919189589 ], [ 2.404393620618471, 39.588818084961176 ] ], [ [ 2.404381977790499, 39.588666403602389 ], [ 2.404541621691669, 39.588805969504605 ] ], [ [ 2.404653532123753, 39.588906671364875 ], [ 2.404751191142109, 39.588944361910748 ], [ 2.404784369903086, 39.588955975017754 ], [ 2.404847113517012, 39.588969169490596 ] ], [ [ 2.405107072976938, 39.588836043731561 ], [ 2.405045761543263, 39.588871490101042 ], [ 2.404956806704998, 39.588896781677086 ] ], [ [ 2.405171247570011, 39.588681889797947 ], [ 2.405059681261098, 39.588757129013835 ], [ 2.405020626903254, 39.588784106967388 ], [ 2.404994684841324, 39.588791125645749 ] ], [ [ 2.404932137133127, 39.588755045964234 ], [ 2.404883827901243, 39.588783406418131 ], [ 2.40483564100917, 39.588797463546229 ], [ 2.404761671111519, 39.588799945434147 ], [ 2.404691618815884, 39.588776700268234 ] ], [ [ 2.406104192748331, 39.588650662856224 ], [ 2.405881456476442, 39.588574429244296 ], [ 2.405654100008601, 39.588498170672501 ], [ 2.405586490530629, 39.588477560552171 ], [ 2.405544906313498, 39.588476155749376 ] ], [ [ 2.405991193582245, 39.588713261331321 ], [ 2.405819152945872, 39.58865397391979 ], [ 2.405610089070311, 39.588600457220444 ], [ 2.405508547402811, 39.58858444175317 ], [ 2.405479337874529, 39.588577139890234 ] ], [ [ 2.405767878016677, 39.588704967996691 ], [ 2.405684821323239, 39.588689047213776 ], [ 2.405580249190962, 39.588667055961672 ], [ 2.40554483754301, 39.588664490665415 ] ], [ [ 2.406930323727133, 39.588498731150473 ], [ 2.406891075104823, 39.588548595038446 ], [ 2.406797253114646, 39.58871118094487 ], [ 2.406752373566971, 39.588771028339593 ] ], [ [ 2.407403764639111, 39.588695680117631 ], [ 2.407499150416455, 39.588783420982338 ], [ 2.407533885245428, 39.588829370680052 ], [ 2.40757996659418, 39.588845340407367 ], [ 2.407613229895584, 39.588846939934967 ] ], [ [ 2.407522056532005, 39.588481724326584 ], [ 2.407557689092089, 39.588639249281421 ], [ 2.4076347469911, 39.588708301023964 ], [ 2.407728649213009, 39.58875312233706 ] ], [ [ 2.407608795297588, 39.588499331286123 ], [ 2.407650961114681, 39.588541028105169 ], [ 2.407704473361213, 39.588552744033578 ], [ 2.407926297955005, 39.588555304474816 ], [ 2.408063376522886, 39.588523104266685 ], [ 2.408154373712863, 39.588474933513162 ], [ 2.408321626196289, 39.588372796953607 ] ], [ [ 2.407822995437556, 39.588311611174994 ], [ 2.407850506210817, 39.588337498457044 ], [ 2.407893084865143, 39.588330563014416 ], [ 2.408211584792749, 39.588269248239492 ], [ 2.408291415647526, 39.588229603767651 ] ], [ [ 2.407597499914148, 39.588306170135155 ], [ 2.407786593586903, 39.588461616517108 ], [ 2.40787671308904, 39.588516431637281 ] ], [ [ 2.408177955036422, 39.588527978628839 ], [ 2.40804626358169, 39.588578801981342 ], [ 2.407916664639777, 39.588601027977987 ] ], [ [ 2.408226016674553, 39.588166333406136 ], [ 2.408250851896938, 39.588144526883482 ], [ 2.408270636172148, 39.588136998569325 ], [ 2.408290443604109, 39.588126610483634 ], [ 2.408343534279618, 39.588115437674595 ], [ 2.408357099318986, 39.588114552547893 ] ], [ [ 2.408340153346762, 39.588078230227154 ], [ 2.408464797600047, 39.588058839317632 ], [ 2.408483227014645, 39.588065608005458 ], [ 2.408551910039633, 39.588105055347235 ] ], [ [ 2.40799787713079, 39.589527583359292 ], [ 2.40787300621402, 39.589589282505045 ], [ 2.407624506285119, 39.589663864138011 ], [ 2.407525417051012, 39.58969301920618 ], [ 2.407438355010234, 39.589711001419758 ] ], [ [ 2.406917458632387, 39.589549807653192 ], [ 2.407104541970866, 39.589652081986955 ], [ 2.407309920670974, 39.589777097756809 ] ], [ [ 2.407269699854922, 39.589434789410362 ], [ 2.407477338578974, 39.589475184896315 ], [ 2.407506618608318, 39.589474142130932 ], [ 2.407673617811467, 39.58940228181919 ], [ 2.407726097601386, 39.589390628634611 ], [ 2.407756877636506, 39.589394361729511 ], [ 2.407819867902201, 39.589414947046293 ] ], [ [ 2.406939721578329, 39.589287682237483 ], [ 2.406957002779138, 39.589248434850447 ], [ 2.406992455429971, 39.589246231648453 ], [ 2.407109404794958, 39.589262324438373 ], [ 2.407235405057408, 39.589301110800058 ] ], [ [ 2.406333134096788, 39.589744695512472 ], [ 2.406583983745913, 39.589812728247864 ] ], [ [ 2.408016857249952, 39.589614457844775 ], [ 2.40799601867384, 39.589745947847021 ], [ 2.407982144918684, 39.589783067382832 ], [ 2.407954585194166, 39.589835375311907 ], [ 2.407915911599272, 39.589887729321191 ], [ 2.40787099570511, 39.589951868581011 ], [ 2.407856108957275, 39.589963235862825 ], [ 2.407822625937706, 39.589987381458229 ], [ 2.407785542971936, 39.590000066452703 ], [ 2.407726239434546, 39.590016928903864 ], [ 2.407691065425156, 39.590022471182557 ], [ 2.40764667300814, 39.590025105670691 ], [ 2.407548766063079, 39.590016024155005 ], [ 2.407474843680878, 39.590012786436994 ], [ 2.40740459427205, 39.590012428190036 ], [ 2.40735281936772, 39.590013594071799 ], [ 2.407270613047388, 39.590006165607193 ] ], [ [ 2.408016857249952, 39.589614457844775 ], [ 2.408014750222431, 39.589572488610159 ], [ 2.408022398073574, 39.589512530350653 ], [ 2.408054203825532, 39.589395876788934 ], [ 2.408060659380253, 39.589361341463807 ] ], [ [ 2.407840675128808, 39.58989646079656 ], [ 2.407664224154705, 39.589920355215426 ], [ 2.407523709281143, 39.589921545416701 ] ], [ [ 2.407464156971961, 39.589153775225839 ], [ 2.407810906852734, 39.589248994685029 ], [ 2.407818049788116, 39.589278593149238 ] ], [ [ 2.407552626386114, 39.58904074816715 ], [ 2.407667412762251, 39.589021307858715 ] ], [ [ 2.406821138825072, 39.588897075606681 ], [ 2.406907198384172, 39.588886071756562 ], [ 2.406932240081038, 39.58887618636787 ], [ 2.406998379739358, 39.588816447405371 ] ], [ [ 2.406742742167959, 39.588876649864844 ], [ 2.406811355816397, 39.588851968501437 ], [ 2.406818240467861, 39.588803369374254 ], [ 2.406965811536507, 39.588733318379681 ], [ 2.406986832767939, 39.588761318108013 ] ], [ [ 2.406589368110318, 39.589157415841107 ], [ 2.406669125373492, 39.589018360014343 ], [ 2.406749447055677, 39.58899373847192 ], [ 2.406804753833384, 39.589011900070226 ], [ 2.406850969297569, 39.589012135994452 ], [ 2.406918845071452, 39.589001754734355 ], [ 2.406957571935021, 39.588976920736499 ], [ 2.407018100143536, 39.588924781287886 ], [ 2.407041370992683, 39.588905828732351 ] ], [ [ 2.409697797324934, 39.588861541980343 ], [ 2.409672897560046, 39.588890976646411 ], [ 2.40960649407641, 39.589018421383265 ], [ 2.409580070796382, 39.589082178629567 ], [ 2.409580987186017, 39.589119373513469 ], [ 2.409580809128228, 39.589140351410968 ] ], [ [ 2.409860453274963, 39.588865228973312 ], [ 2.409814537212978, 39.588902185996332 ], [ 2.409788300258546, 39.588944011238851 ], [ 2.409775628465594, 39.588984951183868 ], [ 2.409769279840795, 39.589006851935004 ] ], [ [ 2.410605853479737, 39.588603912402249 ], [ 2.410451218531667, 39.588671786826382 ], [ 2.410331221257386, 39.588724579594448 ], [ 2.410268036210878, 39.588763355752519 ], [ 2.410214653110438, 39.588808858299444 ] ], [ [ 2.410533104790846, 39.588753257594 ], [ 2.410450369962581, 39.588771910066193 ], [ 2.410353885203463, 39.588813379001422 ] ], [ [ 2.410777451625865, 39.588570453235597 ], [ 2.411072105589295, 39.58855954966856 ], [ 2.41118427971303, 39.588557257363007 ], [ 2.411286482256579, 39.5885682650691 ] ], [ [ 2.410563132067866, 39.588311887298502 ], [ 2.410491258202408, 39.588430722447562 ], [ 2.410467988437554, 39.588449676604739 ], [ 2.41038768886987, 39.588471917598568 ] ], [ [ 2.410891364745193, 39.588301632065587 ], [ 2.410852195463656, 39.588378913505068 ], [ 2.410787220361403, 39.588410768130124 ], [ 2.410677489920479, 39.588451931397259 ], [ 2.410623369717004, 39.588475496494418 ] ], [ [ 2.411185846174774, 39.588274516804859 ], [ 2.411236041860237, 39.588335256755855 ], [ 2.411251342680284, 39.588363056437672 ], [ 2.411251100564092, 39.588391663083463 ], [ 2.411237084825628, 39.588409472213336 ], [ 2.411210824834564, 39.588417682740754 ], [ 2.411187716699439, 39.588417565646459 ] ], [ [ 2.411275093601481, 39.588469264678075 ], [ 2.411417123997503, 39.58843422390904 ] ], [ [ 2.411561764817141, 39.588272844896366 ], [ 2.411579642169067, 39.588327986887286 ], [ 2.411577974403984, 39.588359943572542 ], [ 2.411570029324977, 39.58838851121147 ], [ 2.41153424449114, 39.588430049729254 ] ], [ [ 2.411571527577679, 39.588575662038473 ], [ 2.411417373686184, 39.588586801091957 ] ], [ [ 2.411634064585086, 39.588649882530007 ], [ 2.411550885564841, 39.58864826925366 ] ], [ [ 2.411992316894192, 39.589200085889964 ], [ 2.412022825054402, 39.58923600055742 ], [ 2.412091121559333, 39.589357930022537 ], [ 2.41210162398093, 39.589391358405841 ] ], [ [ 2.411990414484488, 39.589060613124133 ], [ 2.412095582988101, 39.58919464896811 ] ], [ [ 2.411485427033259, 39.589203480049875 ], [ 2.411595277191619, 39.589330387635663 ], [ 2.411673210066233, 39.589405878129291 ] ], [ [ 2.41171706143178, 39.589321468613832 ], [ 2.411826710620055, 39.58947221545273 ], [ 2.411947054120581, 39.58963374403293 ], [ 2.412150023392814, 39.589862441914178 ], [ 2.412288844946283, 39.590025255683372 ], [ 2.412397358581239, 39.590128316152359 ], [ 2.412520372702206, 39.59015635486368 ], [ 2.412584904599387, 39.590176944492711 ], [ 2.412617196884486, 39.590184260154317 ], [ 2.412672757776414, 39.590172621212616 ], [ 2.412831505638313, 39.590165079026313 ] ], [ [ 2.412318658754943, 39.590143414144315 ], [ 2.412425753944883, 39.590232163478952 ], [ 2.412485764568558, 39.59024081140754 ], [ 2.412527339943665, 39.590243405753284 ] ], [ [ 2.412384943809355, 39.589956606177566 ], [ 2.412479612872942, 39.590057212418102 ], [ 2.412524087077802, 39.590081277771688 ], [ 2.41259019092075, 39.590098300038058 ], [ 2.412616391001247, 39.590097240415346 ], [ 2.412735144308262, 39.590082344661305 ] ], [ [ 2.411824392500669, 39.589746362594759 ], [ 2.412079922959963, 39.589953871193053 ], [ 2.412153446624431, 39.590004307393052 ] ], [ [ 2.411938885112902, 39.590053285025917 ], [ 2.412074725970209, 39.59020416416697 ], [ 2.412083827719251, 39.590220898290283 ] ], [ [ 2.412255787026722, 39.590290903744005 ], [ 2.412403360189364, 39.590329794524791 ], [ 2.412432660658709, 39.590326366483346 ], [ 2.4126272355065, 39.590272518633348 ] ], [ [ 2.41214217731233, 39.59042621683065 ], [ 2.412251034951174, 39.590488751514748 ], [ 2.41250035604536, 39.590519812308322 ], [ 2.412646508788501, 39.590544390765757 ], [ 2.412758839707636, 39.59056045452823 ] ], [ [ 2.411970498876693, 39.590505212294126 ], [ 2.412366989604577, 39.590622841645271 ] ], [ [ 2.411936675937202, 39.590679072435485 ], [ 2.41220563228694, 39.5907567212343 ], [ 2.412499439054832, 39.590810654574838 ] ], [ [ 2.412507746471895, 39.590739176922803 ], [ 2.412580133253092, 39.590741927030024 ], [ 2.412890766933643, 39.590810248378801 ], [ 2.41306753158208, 39.590858821463478 ] ], [ [ 2.412605316924281, 39.590861254066745 ], [ 2.412823706433542, 39.59090646172897 ], [ 2.413000511516587, 39.590950266842341 ] ], [ [ 2.41158128305383, 39.590729720707905 ], [ 2.411607429968544, 39.5908442854589 ], [ 2.411640226503904, 39.590901190603283 ], [ 2.411675387491491, 39.590933552704662 ], [ 2.411706087785493, 39.590946820003857 ], [ 2.411744491473456, 39.590960126294618 ], [ 2.411941434484372, 39.590990923106069 ], [ 2.411996754299409, 39.591007891131426 ], [ 2.412027474841308, 39.591018774309674 ], [ 2.412062909266647, 39.591018953609243 ], [ 2.412198630696671, 39.591001760126886 ], [ 2.412314335659326, 39.590983273180498 ], [ 2.412375989454264, 39.590980009685005 ], [ 2.412471505609932, 39.590980492689141 ], [ 2.412611407171914, 39.59101576730523 ], [ 2.412772825724776, 39.591057111744568 ], [ 2.412848143286259, 39.591077755734219 ] ], [ [ 2.411873794342355, 39.590754714131897 ], [ 2.411957841404841, 39.590836195714097 ] ], [ [ 2.411776285603116, 39.590716672619152 ], [ 2.411800500583506, 39.590768051478598 ] ], [ [ 2.411305104567786, 39.589457723566127 ], [ 2.411479727849879, 39.589576615816078 ] ], [ [ 2.411379696305362, 39.589381813503429 ], [ 2.411583207448913, 39.589546147873314 ], [ 2.411626040720788, 39.589582124154987 ] ], [ [ 2.411684198684672, 39.589627714568508 ], [ 2.411780648845052, 39.589699722532117 ] ], [ [ 2.411024777816273, 39.589267966813843 ], [ 2.411113726570511, 39.58931609772015 ] ], [ [ 2.412164206399213, 39.589669957044705 ], [ 2.412295448802003, 39.589781476181052 ] ], [ [ 2.412275700028262, 39.589493151353814 ], [ 2.412333208529811, 39.589579266722566 ], [ 2.412371878746491, 39.589597341532745 ], [ 2.412580306745369, 39.589654181196259 ], [ 2.412707538860535, 39.589693445406084 ] ], [ [ 2.412307176108757, 39.589487588982067 ], [ 2.412538488761478, 39.589571006966189 ] ], [ [ 2.412408318774431, 39.589697176699225 ], [ 2.41252014492284, 39.589772838012109 ], [ 2.412612356678461, 39.589799528818737 ], [ 2.412652411274872, 39.589799731292501 ], [ 2.41273566215422, 39.58979299965965 ] ], [ [ 2.412485054899128, 39.589914508759065 ], [ 2.412618852101601, 39.58994260098639 ], [ 2.412658796070287, 39.589955914762513 ], [ 2.41270351181391, 39.589951372501545 ], [ 2.412802339300479, 39.58992445617011 ] ], [ [ 2.412525249337999, 39.589204997182748 ], [ 2.412575827770319, 39.58934543144867 ], [ 2.412630236569801, 39.589470151174957 ], [ 2.412699579762547, 39.589577780736484 ] ], [ [ 2.41286096699527, 39.589293947587272 ], [ 2.412906024923453, 39.589431493928181 ], [ 2.412966052209086, 39.589547658623104 ] ], [ [ 2.412716313300623, 39.589347571519561 ], [ 2.412752441071945, 39.589447882553671 ] ], [ [ 2.412034307017626, 39.588076543314969 ], [ 2.412087047170898, 39.588179798518375 ], [ 2.412132524777944, 39.588267283073854 ], [ 2.412157801155153, 39.588338930633647 ], [ 2.412170331163002, 39.588387627406952 ], [ 2.412169678468282, 39.588464865362603 ] ], [ [ 2.412180117550346, 39.588542160329823 ], [ 2.412218371348696, 39.588609581891504 ], [ 2.412223590341662, 39.588648229369518 ] ], [ [ 2.412348476024918, 39.588308426436484 ], [ 2.412359072367772, 39.588367126617065 ], [ 2.412362274223013, 39.588425788499762 ], [ 2.412363664280748, 39.588480150488721 ] ], [ [ 2.412607331719609, 39.588085163002063 ], [ 2.41259736452509, 39.588170936241561 ], [ 2.412596724383809, 39.58824674432384 ] ], [ [ 2.412597896052828, 39.588326852294813 ], [ 2.412582466887927, 39.588402585612663 ], [ 2.412557855521486, 39.588471120087917 ], [ 2.412544310569946, 39.588542571292912 ] ], [ [ 2.412325314129912, 39.588643022312681 ], [ 2.412326799667142, 39.588685941634068 ], [ 2.412309401226056, 39.58877596888626 ] ], [ [ 2.412479427548617, 39.588782550276726 ], [ 2.412491390077795, 39.588898472190252 ], [ 2.412489093869283, 39.588951385592253 ], [ 2.412488731450791, 39.58899429556601 ] ], [ [ 2.410103652966381, 39.588033411680037 ], [ 2.410265882597731, 39.588087160165585 ], [ 2.410428137891833, 39.588138047767622 ], [ 2.410485274824448, 39.588158363169448 ], [ 2.410669750266842, 39.588205071531732 ] ], [ [ 2.410161583768721, 39.588178175968039 ], [ 2.410379382732617, 39.588219332366997 ], [ 2.410486457351147, 39.588237040368078 ], [ 2.410634238082872, 39.588250664012421 ], [ 2.410739501128846, 39.588264070960605 ] ], [ [ 2.410591282878364, 39.588301940302046 ], [ 2.410717014726918, 39.588299717216792 ], [ 2.410822434185337, 39.588294530216601 ], [ 2.410944480883903, 39.588290857355503 ], [ 2.411047967499308, 39.588295673558143 ], [ 2.411153399042246, 39.588289055474661 ] ], [ [ 2.410583366439367, 39.587927136106707 ], [ 2.410704685483185, 39.588009284327725 ], [ 2.410815166348513, 39.588061338749036 ], [ 2.410868618214199, 39.588080204433233 ], [ 2.411006998746541, 39.588112374610496 ], [ 2.411128850214533, 39.588131587765183 ], [ 2.411221233949568, 39.588137777488228 ], [ 2.411298815466662, 39.588145322989519 ] ], [ [ 2.410653905776575, 39.587893164448282 ], [ 2.410810419484367, 39.587966908696117 ], [ 2.410924768334433, 39.587998957114614 ], [ 2.411020714731321, 39.588020898938176 ], [ 2.411150045271253, 39.588030136773462 ], [ 2.411244264799306, 39.588037766625355 ] ], [ [ 2.410663470625629, 39.588073442565282 ], [ 2.410783230418933, 39.588121253346934 ], [ 2.410836756163824, 39.588131537959335 ] ], [ [ 2.410248718181551, 39.587931159690335 ], [ 2.410361205382241, 39.587964630058522 ] ], [ [ 2.410377964737198, 39.587950411164655 ], [ 2.41044238686638, 39.587983636647373 ], [ 2.410501263782048, 39.588016834863382 ] ], [ [ 2.410021807016084, 39.587656802155493 ], [ 2.410069543287578, 39.587695665600535 ], [ 2.410189436587221, 39.587727742891047 ], [ 2.410361030456515, 39.587767233938266 ], [ 2.410408803366762, 39.58780180579803 ] ], [ [ 2.410511252113867, 39.587710780379993 ], [ 2.41058673054668, 39.587748353505013 ] ], [ [ 2.409869957965262, 39.587904920472276 ], [ 2.409910105738131, 39.587966630839333 ], [ 2.409939550117471, 39.587982515144148 ], [ 2.409956151846604, 39.587986890178009 ], [ 2.410013531136764, 39.587978599169197 ], [ 2.41005418970748, 39.587980236447052 ], [ 2.410126151718309, 39.587996335661018 ] ], [ [ 2.409886441864697, 39.587487328318339 ], [ 2.409944638692362, 39.587600624513378 ], [ 2.409984580111753, 39.587686651854803 ] ], [ [ 2.409337694716271, 39.587232790003021 ], [ 2.409331650407484, 39.587291405874829 ], [ 2.40933667456171, 39.587352937896277 ], [ 2.40935490551239, 39.587383069286837 ], [ 2.409380409448652, 39.587427540678796 ], [ 2.40940981704508, 39.587447716563354 ], [ 2.409433726850057, 39.587462142022545 ], [ 2.409474117987414, 39.587495245905217 ], [ 2.409503549930085, 39.587512560201141 ], [ 2.409527326223251, 39.587542719744249 ], [ 2.409554533830323, 39.587604364479347 ], [ 2.409581885990788, 39.587648846118405 ] ], [ [ 2.404579566231816, 39.586925430413935 ], [ 2.404751458214953, 39.586821415251748 ], [ 2.404886194537291, 39.586738665901287 ], [ 2.404985265063909, 39.586683149570703 ] ], [ [ 2.405118256413822, 39.586624230608031 ], [ 2.405343034462548, 39.586640877151602 ], [ 2.405386127598732, 39.586645865054514 ] ], [ [ 2.40473594184882, 39.587014439360402 ], [ 2.404908302852067, 39.586855594762881 ], [ 2.404953150775974, 39.586835560148941 ], [ 2.405079766051941, 39.586801641146721 ], [ 2.405190793110764, 39.58678909766796 ] ], [ [ 2.405580414929476, 39.586805395383784 ], [ 2.405452300043295, 39.586834539880805 ], [ 2.405373612692894, 39.586848441176286 ], [ 2.405268746740929, 39.586861016363542 ] ], [ [ 2.405626171804218, 39.586859268985336 ], [ 2.405490221491279, 39.586903869450992 ], [ 2.40539912788759, 39.586927242946018 ], [ 2.405320512908097, 39.586932800987618 ] ], [ [ 2.404736084159561, 39.586577692915043 ], [ 2.404834242854132, 39.586556739363886 ], [ 2.404913842324484, 39.586544273046933 ], [ 2.404969360761072, 39.586537405840055 ], [ 2.405012048681111, 39.586517598915229 ], [ 2.40505462765363, 39.586510664510286 ], [ 2.40508238015707, 39.586507945813729 ] ], [ [ 2.40274334340559, 39.588430319906855 ], [ 2.402480692108558, 39.588015584583729 ], [ 2.402358198413504, 39.587856181419674 ] ], [ [ 2.402907117328762, 39.587226767687589 ], [ 2.402785110186126, 39.587226140682432 ], [ 2.402690769949442, 39.587232808190002 ], [ 2.402638849673315, 39.58725113595095 ], [ 2.402579264745814, 39.587300893839185 ], [ 2.402543612627012, 39.587362217901472 ], [ 2.402513224269078, 39.58745646761642 ], [ 2.40249016880948, 39.587557906545356 ], [ 2.402504146785052, 39.587652385285899 ], [ 2.402518321366174, 39.587723977839588 ], [ 2.402554888110672, 39.587771368387351 ], [ 2.402571366463936, 39.587790048675451 ] ], [ [ 2.402691692011377, 39.587986631599215 ], [ 2.402752144208488, 39.588051310483216 ], [ 2.402831155200842, 39.588107501454324 ], [ 2.402893590725177, 39.588156455680291 ], [ 2.402924698610183, 39.588193805755367 ], [ 2.402988725687702, 39.588272806816704 ], [ 2.403010454952177, 39.58832584345771 ], [ 2.403048653536323, 39.588398512661087 ], [ 2.403062007665285, 39.588458181132864 ], [ 2.403061455320417, 39.588522546439641 ], [ 2.403050231147142, 39.588573744157664 ], [ 2.403015797651424, 39.588636743328372 ], [ 2.402984669241026, 39.588673534844283 ], [ 2.402907265331922, 39.588717241886243 ], [ 2.402814423223879, 39.58876444393988 ] ], [ [ 2.402092584342274, 39.586304821671547 ], [ 2.40219883693088, 39.586310135728155 ], [ 2.402312944830009, 39.586297610847446 ], [ 2.40246722804358, 39.586270988518542 ], [ 2.402677152370283, 39.586223195664765 ], [ 2.402873314773346, 39.586163411913653 ], [ 2.403021639779591, 39.586112918632587 ] ], [ [ 2.40233974091531, 39.58640622072037 ], [ 2.402460031716943, 39.58639134335715 ], [ 2.402577282270788, 39.586371681958937 ], [ 2.402713120793696, 39.586340196192225 ], [ 2.402739360508429, 39.586334371618484 ] ], [ [ 2.40327517403247, 39.586189316796293 ], [ 2.403191446050351, 39.586252061991601 ], [ 2.403135774270459, 39.586276808609789 ], [ 2.403117227234323, 39.586283864858515 ] ], [ [ 2.40317533945889, 39.586154235842301 ], [ 2.403094774382785, 39.586207461555531 ], [ 2.403051477137637, 39.586226311350394 ] ], [ [ 2.402122483097898, 39.586052509896142 ], [ 2.402211287801257, 39.586044384424234 ], [ 2.40233468165626, 39.586026901138958 ], [ 2.402388987255534, 39.586017643885114 ] ], [ [ 2.402168036756832, 39.585914473176452 ], [ 2.402467053865027, 39.585968458669946 ] ], [ [ 2.402577315690682, 39.58590132001094 ], [ 2.402740562992771, 39.585835407797227 ], [ 2.40288409948767, 39.585768439869632 ], [ 2.40302762752773, 39.585702425015434 ], [ 2.403119263802119, 39.585651401578204 ], [ 2.403228301863075, 39.585583302713388 ], [ 2.403315057831509, 39.585526532480159 ], [ 2.403376000594724, 39.585462000579049 ], [ 2.403487902683636, 39.585347190269324 ] ], [ [ 2.40305155295571, 39.585499431995231 ], [ 2.402828293716827, 39.585665164728546 ], [ 2.402767556089868, 39.585705856894513 ], [ 2.402726691453259, 39.585728533156626 ], [ 2.402685884097805, 39.585744534827732 ] ], [ [ 2.402793291384048, 39.585579160305734 ], [ 2.402575272703537, 39.585708682537735 ], [ 2.402506006964154, 39.585737888470085 ], [ 2.402408329594664, 39.585774576415268 ], [ 2.402344156652859, 39.58578473622368 ], [ 2.402282537778797, 39.585784419279463 ], [ 2.402161847110011, 39.585774261838125 ], [ 2.402121351010174, 39.585754027968221 ], [ 2.402012243517023, 39.585686715117795 ] ], [ [ 2.402360742302554, 39.585719022511206 ], [ 2.402512864149151, 39.585656867477041 ] ], [ [ 2.402586073717762, 39.585599074839884 ], [ 2.40259585115668, 39.585608660766752 ], [ 2.402610574048704, 39.585616365526604 ], [ 2.402630258780429, 39.585620280808634 ], [ 2.402645047183014, 39.585620356833225 ], [ 2.402668495677138, 39.585616663290651 ], [ 2.402687112171011, 39.585601501753985 ], [ 2.402693396033091, 39.585587230116531 ], [ 2.402693527030763, 39.585571972654414 ], [ 2.402692385112931, 39.585561476929001 ], [ 2.402685146470898, 39.585543321697273 ] ], [ [ 2.402988840298162, 39.585482898375638 ], [ 2.403137666010228, 39.585373999681238 ], [ 2.403215910164945, 39.585303835154065 ], [ 2.403296651982175, 39.585229869315214 ] ], [ [ 2.403377693358509, 39.585264614901888 ], [ 2.403212512551385, 39.585412527646 ] ], [ [ 2.403324518869881, 39.584998287677806 ], [ 2.403253603878558, 39.585076118990614 ], [ 2.403179129554175, 39.585137720544964 ], [ 2.403097319379947, 39.585192608594951 ], [ 2.403046531591567, 39.585222863066598 ] ], [ [ 2.403427219090085, 39.585094175191422 ], [ 2.403353945324763, 39.585159597105367 ] ], [ [ 2.402838955465916, 39.585392251707191 ], [ 2.402756895041136, 39.585476223654901 ] ], [ [ 2.403013595085502, 39.58581169898779 ], [ 2.402903714746901, 39.585870138723841 ], [ 2.402865131431386, 39.585878284043922 ] ], [ [ 2.403269531566997, 39.585787385451461 ], [ 2.403085137664867, 39.585912194091392 ], [ 2.402925049767336, 39.585987063997877 ], [ 2.402812181203925, 39.58603475966099 ], [ 2.402792155025177, 39.586034656737972 ] ], [ [ 2.403450333814944, 39.585722157971674 ], [ 2.403293417691481, 39.585876312370459 ], [ 2.403136909927585, 39.585982788555292 ] ], [ [ 2.403617084037774, 39.585498919171947 ], [ 2.403499170944988, 39.585596057371369 ], [ 2.403405987048137, 39.585683786757407 ] ], [ [ 2.404132271852796, 39.58535089370762 ], [ 2.404387804358372, 39.585373659245207 ], [ 2.404467724672558, 39.585395525230517 ], [ 2.404586247153988, 39.585406860335709 ], [ 2.40466166832225, 39.585414398292535 ] ], [ [ 2.4045829325849, 39.585434259161964 ], [ 2.404613547476901, 39.585457064461878 ], [ 2.40477052156084, 39.58547574791141 ], [ 2.404842790335689, 39.585491614093414 ], [ 2.404931477583486, 39.58550336278298 ] ], [ [ 2.404617669295511, 39.585515493411577 ], [ 2.404397638021498, 39.585484565861236 ], [ 2.404251417277477, 39.585469512349505 ], [ 2.404197562676571, 39.585462083807705 ], [ 2.40412065200805, 39.585448577561067 ] ], [ [ 2.404200266087415, 39.585506201558786 ], [ 2.404283194993909, 39.585536426686325 ], [ 2.404386263439211, 39.585553643117485 ], [ 2.40466305621789, 39.585612277324394 ], [ 2.404936048942339, 39.5855453447179 ] ], [ [ 2.403859753791509, 39.585332807847983 ], [ 2.403924463595836, 39.585331947740428 ], [ 2.404020145440607, 39.585312174233444 ], [ 2.404154399871103, 39.585285446925212 ], [ 2.404245378282196, 39.58527518567508 ], [ 2.40431784064111, 39.58526840474461 ], [ 2.404439567586701, 39.585265452485785 ], [ 2.404525854032087, 39.585263511458891 ], [ 2.404652313643905, 39.585247471359388 ], [ 2.404808022043531, 39.585233965082217 ] ], [ [ 2.404418443034009, 39.585206507488671 ], [ 2.404540521289995, 39.585198550770421 ], [ 2.404614536326266, 39.58519034766757 ], [ 2.40466267179456, 39.585182011929483 ] ], [ [ 2.404343296420879, 39.585131026387536 ], [ 2.404489330335186, 39.58513177488453 ], [ 2.404561485104588, 39.585124993126215 ], [ 2.404705830166892, 39.585107137123117 ] ], [ [ 2.404440811435561, 39.585004936118132 ], [ 2.404323462802222, 39.585036518706211 ], [ 2.404242399530482, 39.585058155070044 ], [ 2.404182199325077, 39.585072150349127 ], [ 2.404148273958757, 39.585076148186417 ], [ 2.404068890129403, 39.585081701445155 ] ], [ [ 2.404283608868915, 39.586484225351221 ], [ 2.40417697022255, 39.586559966565169 ], [ 2.404129649189335, 39.586616939660296 ], [ 2.404092138544316, 39.586679684621622 ], [ 2.404084172442652, 39.586746396074219 ], [ 2.404081331538583, 39.586790246610278 ] ], [ [ 2.404206532245672, 39.586274039392151 ], [ 2.404075116324549, 39.586364910704752 ], [ 2.404017821533525, 39.586435183247666 ], [ 2.403955173809365, 39.586555014985272 ], [ 2.403907051867304, 39.586705436568856 ] ], [ [ 2.404006639831063, 39.586589608418812 ], [ 2.403930930803317, 39.586795196766431 ], [ 2.403890890509352, 39.586865557750123 ], [ 2.403858488455602, 39.586907350033833 ], [ 2.403660520571204, 39.586997879408791 ], [ 2.403623467073841, 39.587007225799724 ], [ 2.403527226065555, 39.587020081553042 ] ], [ [ 2.40387786311692, 39.586947500452553 ], [ 2.403716508440127, 39.587080176261317 ], [ 2.403682000660411, 39.587079999176424 ] ], [ [ 2.403909104924097, 39.587041113407366 ], [ 2.403854356296945, 39.587101862363603 ], [ 2.40382708058908, 39.587120794639624 ], [ 2.403785146903196, 39.587124393567947 ] ], [ [ 2.403401881919076, 39.586977479554854 ], [ 2.403564933616878, 39.58693445149256 ], [ 2.403639285765151, 39.586887153022779 ], [ 2.403688778294097, 39.586864520722202 ], [ 2.403746301450157, 39.586767549139076 ], [ 2.403879680792831, 39.586447824386028 ], [ 2.40393457477621, 39.586369911430381 ] ], [ [ 2.403644987977611, 39.586509557459905 ], [ 2.403654340629588, 39.586568728699092 ], [ 2.403576624398216, 39.586720905750752 ], [ 2.403494403833655, 39.586823472043356 ], [ 2.40343242422425, 39.586865112368038 ], [ 2.403358137389779, 39.586904781974532 ] ], [ [ 2.40348240623397, 39.5867852669234 ], [ 2.403410666459157, 39.586815413081652 ], [ 2.403346368853537, 39.586839876735958 ] ], [ [ 2.403314468082501, 39.586248482337922 ], [ 2.403135925716608, 39.586373440030229 ], [ 2.403004786442887, 39.586431889591196 ], [ 2.402908397633741, 39.586461909700759 ], [ 2.402826896720658, 39.586480563093836 ] ], [ [ 2.403342360415932, 39.586445066602018 ], [ 2.403053115785041, 39.586544662786345 ], [ 2.402998726864737, 39.586563455578322 ], [ 2.40285062801804, 39.586587487478404 ] ], [ [ 2.403024939980825, 39.586668485185562 ], [ 2.402958193588671, 39.586691028553084 ], [ 2.402772926388935, 39.586737756570969 ], [ 2.402666711483655, 39.586763911891012 ], [ 2.40256537769916, 39.586795812883281 ] ], [ [ 2.402601914946734, 39.586559508688524 ], [ 2.40232719527298, 39.586689692197233 ], [ 2.402129029368811, 39.586803104241291 ], [ 2.402089297529657, 39.586837229249873 ], [ 2.402074426905917, 39.586846689288514 ] ], [ [ 2.402331272423199, 39.58678888742385 ], [ 2.402242360267355, 39.586809408875304 ], [ 2.402180494654178, 39.586837698476749 ], [ 2.402113453955297, 39.586894570189187 ], [ 2.402061185451387, 39.586953423567941 ], [ 2.402015917755855, 39.587058086443321 ], [ 2.401942962626833, 39.587229359094266 ], [ 2.401883069779913, 39.587314874424912 ], [ 2.40184093910378, 39.587341357931599 ] ], [ [ 2.402229034134443, 39.58760091601215 ], [ 2.402237345092987, 39.587781188328947 ] ], [ [ 2.404715690571687, 39.585372567861299 ], [ 2.404998824543793, 39.585410254942175 ] ], [ [ 2.403688437825996, 39.584297840817705 ], [ 2.404108240951969, 39.58438581803442 ] ], [ [ 2.403573855608874, 39.584186397425555 ], [ 2.403947445621076, 39.584274138014621 ] ], [ [ 2.403763892515149, 39.584481080595125 ], [ 2.403988448855094, 39.584522760283818 ] ], [ [ 2.403804197500655, 39.584631479237643 ], [ 2.404015186815806, 39.584638521030186 ] ], [ [ 2.403910669622757, 39.584790560898846 ], [ 2.404058685818454, 39.584775824092482 ], [ 2.404123281640714, 39.584788075159629 ] ], [ [ 2.404454883669132, 39.584850329249178 ], [ 2.404624556779416, 39.584896971340079 ], [ 2.404720325517569, 39.584938942970844 ] ], [ [ 2.404745609968482, 39.585116680143166 ], [ 2.404920864790717, 39.585159297536016 ], [ 2.405147392626625, 39.585150921740002 ], [ 2.405354974418792, 39.585016096315407 ] ], [ [ 2.404920558922283, 39.585195056272553 ], [ 2.404984951397575, 39.585231146321917 ], [ 2.405048049203538, 39.585238620923981 ], [ 2.405152799472995, 39.58523915720523 ] ], [ [ 2.404965270920658, 39.585010526076346 ], [ 2.405113593145634, 39.584960029189972 ], [ 2.405345149466346, 39.584903998643384 ] ], [ [ 2.403858352142736, 39.585186266137555 ], [ 2.403722311180971, 39.585241830591755 ], [ 2.403615763771469, 39.585307081921655 ], [ 2.403519049760789, 39.585375244418103 ], [ 2.403481473839043, 39.585445617928933 ] ], [ [ 2.404003518103504, 39.585216571969127 ], [ 2.403919496632683, 39.585241888981535 ], [ 2.403846484648346, 39.585276797175361 ] ], [ [ 2.403975240388692, 39.585064805157423 ], [ 2.403899984114373, 39.585073954781564 ], [ 2.40381840336928, 39.585102145030689 ] ], [ [ 2.403560229510223, 39.585028346245579 ], [ 2.403505604823001, 39.585074791757108 ] ], [ [ 2.403442094986928, 39.585007714300026 ], [ 2.403383675037802, 39.585065583422143 ] ], [ [ 2.405443182893324, 39.586448416663806 ], [ 2.405357871400318, 39.586480402077761 ], [ 2.405278950383577, 39.586485719752325 ], [ 2.405245627134131, 39.586491270770246 ], [ 2.405203660113937, 39.586498685025511 ] ], [ [ 2.410756561479113, 39.58655987588093 ], [ 2.410612118786733, 39.586516230602584 ] ], [ [ 2.410562763194243, 39.586523132670266 ], [ 2.41045510029171, 39.586502322193326 ], [ 2.410384268693313, 39.58649838749303 ] ], [ [ 2.410040603549254, 39.586694514184821 ], [ 2.409951023119998, 39.586721475146526 ], [ 2.409835102202001, 39.586766182410337 ], [ 2.409794978580218, 39.586774323109069 ] ], [ [ 2.411363866110966, 39.586763904690919 ], [ 2.411463371838821, 39.586838312561852 ] ], [ [ 2.411311118066969, 39.586625365445407 ], [ 2.411391072307064, 39.586643650633924 ], [ 2.411515428878745, 39.586694343839959 ], [ 2.411665690951999, 39.586778545141854 ], [ 2.411881841237538, 39.586904798597708 ], [ 2.411967776940505, 39.586944570024222 ] ], [ [ 2.411987571688951, 39.586972086005311 ], [ 2.412131894180469, 39.587030032005472 ], [ 2.41213778457893, 39.587062245895929 ], [ 2.412176085498451, 39.587087471327742 ], [ 2.412166700944061, 39.587104111932938 ] ], [ [ 2.411977381088414, 39.587084081815433 ], [ 2.41216170766587, 39.587148190561862 ], [ 2.412304550489647, 39.587198977342204 ], [ 2.412479835449151, 39.587239199354073 ], [ 2.412550587406583, 39.587252668936259 ] ], [ [ 2.412231870541266, 39.586994300810375 ], [ 2.412293212941324, 39.586954560049833 ], [ 2.412343257168907, 39.586939079267431 ], [ 2.412382114361762, 39.586934984142296 ], [ 2.412422517524806, 39.586966657122893 ], [ 2.412473794824486, 39.58702413216421 ] ], [ [ 2.41186098273624, 39.586693471354316 ], [ 2.412078494884854, 39.586767999280127 ], [ 2.412168120502254, 39.586808503749978 ], [ 2.412188910374068, 39.586827681141834 ] ], [ [ 2.410831003654836, 39.58623746003483 ], [ 2.410877519542643, 39.586274886123704 ], [ 2.410918042752172, 39.586292256295977 ], [ 2.411094023334546, 39.586322710390071 ], [ 2.411190358913104, 39.586298404786987 ], [ 2.411238486328168, 39.586291019581076 ] ], [ [ 2.410982148267959, 39.586435620676937 ], [ 2.411100222963476, 39.586463873727872 ], [ 2.411279973841561, 39.586485764284049 ] ], [ [ 2.410935325259532, 39.585410147031162 ], [ 2.411037480320974, 39.585353448176711 ], [ 2.41119185912136, 39.585314894926952 ], [ 2.411319797411795, 39.585306007482451 ], [ 2.411452296826153, 39.585304294520363 ], [ 2.411592226796107, 39.585334803132874 ], [ 2.411732015785383, 39.585381998947916 ], [ 2.411827161463358, 39.585425392419857 ], [ 2.411948212256655, 39.585502293083337 ], [ 2.41204908730451, 39.585596970789915 ], [ 2.412224992223174, 39.58574566841979 ], [ 2.412358207421619, 39.585841702409454 ], [ 2.412428716326191, 39.585883778722391 ], [ 2.412491653349707, 39.585910320695838 ], [ 2.412605377592334, 39.585943079729823 ], [ 2.412745378630984, 39.585965243722491 ], [ 2.412863854405976, 39.58598252960283 ], [ 2.413165394693454, 39.586030540882078 ], [ 2.413380709582744, 39.586073347831395 ], [ 2.413458982488001, 39.586108311193918 ], [ 2.413535594323261, 39.586157570063015 ] ], [ [ 2.413627289327976, 39.586245048542843 ], [ 2.413650567541865, 39.586224901714338 ], [ 2.413652359271144, 39.586195110799736 ], [ 2.413637285089735, 39.586155699116297 ], [ 2.413600615142956, 39.586119753759839 ], [ 2.413560894233743, 39.586080217684071 ] ], [ [ 2.412696364017135, 39.58734788751611 ], [ 2.412807078773587, 39.587372286649185 ], [ 2.412893185441724, 39.587391793964983 ], [ 2.41299415455167, 39.587402793935667 ], [ 2.413079198255649, 39.587402269327541 ], [ 2.413159304694969, 39.587402673919136 ] ], [ [ 2.412622797290006, 39.587302696352808 ], [ 2.41269083761776, 39.587272525802469 ], [ 2.412755179536353, 39.587242335619969 ], [ 2.412807213914357, 39.587210175715526 ] ], [ [ 2.412930140583092, 39.587247987086151 ], [ 2.412923648263237, 39.587287052020606 ], [ 2.412865364136334, 39.587329669352869 ] ], [ [ 2.412599800698008, 39.587107092326384 ], [ 2.412531406167789, 39.587179220458779 ], [ 2.412488192529874, 39.587188537633899 ], [ 2.412470962746184, 39.587185589729188 ] ], [ [ 2.413585873521217, 39.587556768175723 ], [ 2.413710550004819, 39.587679457891582 ], [ 2.413852464963376, 39.587804141021962 ], [ 2.413967411216726, 39.587911524141518 ], [ 2.414004190732533, 39.587934595931124 ] ], [ [ 2.414087545260661, 39.587988417935769 ], [ 2.414153902740387, 39.588011638816923 ], [ 2.414200204796312, 39.588074809582373 ], [ 2.414263759956494, 39.588138067300456 ], [ 2.414408126004247, 39.588264669594558 ], [ 2.414503628457703, 39.588339531328224 ], [ 2.41452310598222, 39.58836823734557 ] ], [ [ 2.413824939833819, 39.588145390104245 ], [ 2.413927884187077, 39.588214568276996 ], [ 2.413947313237178, 39.588248995721514 ], [ 2.413946911556844, 39.588296673788705 ], [ 2.413983355043119, 39.58835979491456 ], [ 2.414036938065393, 39.588436353103177 ] ], [ [ 2.414266754439899, 39.588660654119387 ], [ 2.414281447170876, 39.588672171331808 ], [ 2.414325140024892, 39.588752493613597 ] ], [ [ 2.414601821029764, 39.588387706152005 ], [ 2.414700126066896, 39.588422530816906 ], [ 2.414746685610327, 39.588455188192505 ], [ 2.414794891025078, 39.588585119713031 ] ], [ [ 2.414980666779824, 39.588679031229454 ], [ 2.415027322860618, 39.588700244927061 ], [ 2.415129002468141, 39.588920084103385 ] ], [ [ 2.414598985178575, 39.588779620650321 ], [ 2.414745720964429, 39.588917677603668 ] ], [ [ 2.414512377527291, 39.588819235313075 ], [ 2.414578238383964, 39.588901576686986 ], [ 2.41458539220032, 39.588930220602009 ] ], [ [ 2.415080889291603, 39.589218795542095 ], [ 2.415145773076574, 39.589417469749456 ], [ 2.415159888861994, 39.589497643737523 ], [ 2.415172818152532, 39.589718942708956 ], [ 2.41515970841473, 39.589812329400033 ] ], [ [ 2.415285377831425, 39.589231267876102 ], [ 2.415316330283319, 39.58936111234685 ], [ 2.415333248150642, 39.589401248493644 ], [ 2.415416204771983, 39.589502747621687 ], [ 2.415489478010064, 39.589583218273042 ], [ 2.415542856472355, 39.589684568516255 ] ], [ [ 2.415923889327908, 39.589808544992536 ], [ 2.415941125967052, 39.590104246883868 ], [ 2.415940245228005, 39.590209137373527 ], [ 2.415934691268395, 39.590283490814123 ], [ 2.415909705527715, 39.590323416234327 ], [ 2.415887409270491, 39.590336653891825 ] ], [ [ 2.41595634697753, 39.590346536974117 ], [ 2.416004587946685, 39.590472654055972 ], [ 2.415994552944456, 39.590493582422191 ], [ 2.415969615199868, 39.590527786521648 ], [ 2.415998489622336, 39.590611848656849 ], [ 2.416078903286216, 39.590722870170367 ], [ 2.416125176859151, 39.590789854086395 ] ], [ [ 2.415812406282498, 39.590168443706908 ], [ 2.415865498488782, 39.590010414047732 ], [ 2.415878208104722, 39.589964705349246 ], [ 2.415876079149414, 39.589924642728818 ] ], [ [ 2.415654847665352, 39.589851057411785 ], [ 2.415644811485725, 39.589871985744047 ], [ 2.415672643903706, 39.590080009858895 ], [ 2.415674500394176, 39.590152493061851 ] ], [ [ 2.415861526591125, 39.590483378096323 ], [ 2.415995271734171, 39.590701471064456 ], [ 2.41603168513549, 39.590768405459762 ] ], [ [ 2.415794877862753, 39.590494486169057 ], [ 2.415935393031024, 39.5907869936933 ] ], [ [ 2.415625485723372, 39.59070533349314 ], [ 2.415685121347674, 39.590942125381375 ] ], [ [ 2.415655963991333, 39.590304975740331 ], [ 2.415683348015186, 39.590566399233431 ] ], [ [ 2.416126761725904, 39.590601050135142 ], [ 2.416163495354458, 39.590629842578338 ], [ 2.416246246571613, 39.590756132949643 ] ], [ [ 2.41628323513904, 39.590166995803997 ], [ 2.416373012705129, 39.590337187389451 ], [ 2.416407106159902, 39.590386945298505 ], [ 2.416565373258247, 39.590620418004654 ], [ 2.416577362696977, 39.590660529217729 ], [ 2.416533906537684, 39.590845308849396 ] ], [ [ 2.415318335766238, 39.589990100026249 ], [ 2.415367493082739, 39.590080461702279 ], [ 2.415398150573539, 39.590172162027365 ], [ 2.415405004326543, 39.590236563761074 ], [ 2.4154063366717, 39.590298077829452 ], [ 2.415405555288455, 39.590391049916306 ] ], [ [ 2.41556236930618, 39.590430458926527 ], [ 2.415580062963197, 39.590524953879118 ], [ 2.415575824787821, 39.590589300711883 ] ], [ [ 2.415503181651692, 39.589773609285352 ], [ 2.415527368348117, 39.589975416877046 ], [ 2.415535602735356, 39.590095611344012 ] ], [ [ 2.415388396125749, 39.589793057339158 ], [ 2.415409618437229, 39.589907595588848 ] ], [ [ 2.415955624792533, 39.589833100040281 ], [ 2.416092378279811, 39.590059790400275 ], [ 2.416247187306853, 39.590338064563518 ] ], [ [ 2.415932601561043, 39.589712831260329 ], [ 2.416046342127053, 39.589817822103349 ], [ 2.416176337473969, 39.589968667097779 ] ], [ [ 2.41544615678522, 39.589079580188326 ], [ 2.415481747510254, 39.589244254948298 ], [ 2.415518899192557, 39.589443266990763 ], [ 2.415538680995242, 39.589509164597338 ] ], [ [ 2.41550369376086, 39.589052692596432 ], [ 2.415559210581192, 39.589266100947746 ], [ 2.41563711706285, 39.589455304725711 ], [ 2.415646191540756, 39.589475375871586 ], [ 2.415692120191502, 39.589509936283129 ] ], [ [ 2.415606725253447, 39.589111856510293 ], [ 2.41568954027592, 39.589376896256191 ], [ 2.415725864597035, 39.589454320165508 ] ], [ [ 2.415702975066748, 39.589098036605165 ], [ 2.415785958622832, 39.589343051620759 ], [ 2.415842234449823, 39.589466348399419 ] ], [ [ 2.415833580951717, 39.589175934540414 ], [ 2.415913420224788, 39.589355135549646 ] ], [ [ 2.415883902268607, 39.589127554129043 ], [ 2.415958412411341, 39.589280981234275 ], [ 2.415994881088277, 39.589341241063494 ], [ 2.416090242648256, 39.589433265501846 ] ], [ [ 2.416231544770455, 39.589338139561292 ], [ 2.416227163243636, 39.589419649534591 ], [ 2.416172592393831, 39.589533807746911 ], [ 2.41616889434938, 39.589754069773626 ], [ 2.416168330096368, 39.589821295884462 ] ], [ [ 2.415702975066748, 39.589098036605165 ], [ 2.415681404063806, 39.58902497850665 ], [ 2.415672508699655, 39.588983451906969 ], [ 2.41565606373354, 39.58896048290903 ], [ 2.415617385835018, 39.588943123671214 ] ], [ [ 2.416156998693775, 39.588968722552409 ], [ 2.416230260232203, 39.589050623530078 ], [ 2.416340038857173, 39.589187061951165 ] ], [ [ 2.40895384268695, 39.586512879551961 ], [ 2.409065690329885, 39.586584969009927 ], [ 2.409091747385479, 39.58660059753069 ] ], [ [ 2.40902347905944, 39.586476282267213 ], [ 2.409117347158052, 39.58648867943225 ], [ 2.409181793646682, 39.586518807080104 ], [ 2.40922789729564, 39.58653215335621 ], [ 2.409368041233415, 39.586537634062999 ], [ 2.409449675918072, 39.586539241047873 ], [ 2.409611680174999, 39.586510264327579 ], [ 2.409719655194008, 39.586494124800197 ], [ 2.409803104614549, 39.586463556664668 ] ], [ [ 2.408930513618711, 39.586720168458598 ], [ 2.409018220856968, 39.586732535266336 ], [ 2.409152233222287, 39.586734408839071 ], [ 2.409437253817622, 39.586732281550709 ] ], [ [ 2.408885758104924, 39.586548293519677 ], [ 2.408968325766216, 39.586621425286474 ], [ 2.409011328028033, 39.586637140013565 ], [ 2.409072795857535, 39.586655332772509 ], [ 2.40926690746486, 39.586655127690271 ], [ 2.409422547370902, 39.586649958478787 ], [ 2.409572217142233, 39.586622111194515 ], [ 2.4096663080628, 39.586608285309211 ], [ 2.409734372076304, 39.586575255820385 ] ], [ [ 2.409291725474673, 39.586453806630963 ], [ 2.409331716237918, 39.586461161440027 ], [ 2.409360986020021, 39.586461310221701 ], [ 2.409433479507225, 39.586450950952909 ], [ 2.409538475653487, 39.586422876653906 ], [ 2.409574007718346, 39.586411137403239 ] ], [ [ 2.408029929036687, 39.585124267632906 ], [ 2.408124119921841, 39.585134760651208 ], [ 2.408205358313929, 39.585146617572008 ], [ 2.408242377771312, 39.585141084525119 ], [ 2.408290585781235, 39.585124165286636 ], [ 2.408344279148936, 39.585114425478814 ], [ 2.408390650154857, 39.585096066901372 ], [ 2.40845358559559, 39.585086374096669 ], [ 2.408490556357498, 39.585086562299807 ], [ 2.408527514955531, 39.585088181274074 ] ], [ [ 2.408396609061251, 39.585264883763273 ], [ 2.408537195599526, 39.585254156285302 ] ], [ [ 2.408927067738169, 39.585058744781371 ], [ 2.40899990247025, 39.584971861641286 ], [ 2.409018642981474, 39.584941918222988 ], [ 2.409052123139864, 39.584917772240807 ], [ 2.409159350253273, 39.584916886660231 ], [ 2.409190873083983, 39.584905603784264 ], [ 2.409209479882239, 39.584891394443453 ], [ 2.409222491908273, 39.584882878232712 ], [ 2.409230177540536, 39.584848587841989 ], [ 2.409246899925704, 39.584838660548186 ], [ 2.409289488449782, 39.584830293789508 ], [ 2.409365266679875, 39.584832109832149 ] ], [ [ 2.409453389136509, 39.584904077435965 ], [ 2.409099140240951, 39.585041025255414 ], [ 2.408947049828171, 39.585100328307867 ] ], [ [ 2.40932926755013, 39.584717495293745 ], [ 2.409132800009866, 39.584778002952064 ], [ 2.409069755600451, 39.584800568670964 ], [ 2.40902700912293, 39.584827529222309 ], [ 2.408997031645882, 39.584874580223676 ], [ 2.408955975080056, 39.584920144019542 ], [ 2.408898147386638, 39.584981356375444 ], [ 2.408833107750436, 39.585021076546894 ], [ 2.408751395313623, 39.585065003481787 ], [ 2.408686466090638, 39.585091851033802 ], [ 2.408651282495268, 39.585098823508979 ], [ 2.40860317185961, 39.585104300238676 ], [ 2.408571758276752, 39.585102710412279 ], [ 2.408527514955531, 39.585088181274074 ] ], [ [ 2.409327915938951, 39.584767790551865 ], [ 2.409609581485362, 39.584688165692285 ], [ 2.40962571495187, 39.584674897914418 ], [ 2.409628293330057, 39.584661560365674 ], [ 2.409693752816518, 39.584644728189048 ], [ 2.409699882600175, 39.584648573413489 ], [ 2.409731827037299, 39.584660178842917 ] ], [ [ 2.409757439449641, 39.584691777622467 ], [ 2.409625342733133, 39.584718761152629 ], [ 2.409535121248273, 39.584748818114818 ], [ 2.409454800539941, 39.584774157042297 ] ], [ [ 2.4099167837125, 39.584474499275665 ], [ 2.40952479871917, 39.584483951215887 ], [ 2.409448361528097, 39.58448737685908 ] ], [ [ 2.40956455795185, 39.584446009693195 ], [ 2.409475942238529, 39.584432208738875 ], [ 2.409404481507723, 39.584429938065291 ], [ 2.409234271835826, 39.584446237575804 ], [ 2.409131897515937, 39.584456206918233 ], [ 2.409049152419523, 39.584476764957309 ], [ 2.409000904536825, 39.58449845259301 ], [ 2.408968709170907, 39.584516407772689 ], [ 2.408951156167388, 39.584551601254311 ], [ 2.40895586761668, 39.584577372318797 ] ], [ [ 2.409779620936908, 39.58451766869505 ], [ 2.409644986657724, 39.584553220825867 ] ], [ [ 2.409421632281932, 39.584587369527618 ], [ 2.40925763178428, 39.584597979050571 ] ], [ [ 2.412613620445445, 39.577495649055095 ], [ 2.412638555509433, 39.577607346005983 ], [ 2.412652884160351, 39.577880624571321 ], [ 2.41265007058926, 39.57799504204997 ], [ 2.412636141571577, 39.578112264135932 ], [ 2.412627987544708, 39.57820233833138 ] ], [ [ 2.412333336284182, 39.57741555971571 ], [ 2.412395104784337, 39.577543177794318 ], [ 2.412431262415292, 39.577639196725464 ], [ 2.412459496562499, 39.577798113920082 ], [ 2.412465887607726, 39.577916869572924 ], [ 2.412469294561139, 39.578170067377982 ], [ 2.412467869541134, 39.578338846919756 ], [ 2.412461008683862, 39.578494725858562 ], [ 2.412447853327065, 39.578739257521981 ], [ 2.412439433272695, 39.578860799060976 ], [ 2.412427291112262, 39.578985182568509 ] ], [ [ 2.412162999435425, 39.577449027691401 ], [ 2.412257397505677, 39.577652621450085 ], [ 2.412317028403398, 39.577814558263981 ], [ 2.412327369564702, 39.577903296029866 ], [ 2.412330667654301, 39.577950515333946 ], [ 2.412337710758586, 39.577992032892681 ] ], [ [ 2.412085659125495, 39.577714089154718 ], [ 2.41220449659925, 39.578007093048228 ], [ 2.412293168671574, 39.578232114189788 ], [ 2.412311181133342, 39.578287991186393 ], [ 2.412332745392758, 39.578361050895253 ] ], [ [ 2.411967871699779, 39.577791336469694 ], [ 2.412071281212169, 39.578022153945717 ], [ 2.41212382064891, 39.578148294615005 ], [ 2.412146737043278, 39.578280006991285 ], [ 2.412183136675527, 39.578566271243538 ], [ 2.412227365027079, 39.578801080813314 ], [ 2.412243673604908, 39.578839783543742 ], [ 2.412307606212149, 39.578930222290843 ], [ 2.412338327412908, 39.579013340622197 ], [ 2.412343438272803, 39.579064860722838 ], [ 2.412343607032125, 39.579263687061001 ], [ 2.412332674533909, 39.579463887197207 ], [ 2.412304452803943, 39.579522391151642 ], [ 2.412216431172699, 39.579657834008806 ], [ 2.412040505413322, 39.579914415247401 ], [ 2.411926351229829, 39.580079764407117 ], [ 2.411733304479621, 39.580393475236768 ] ], [ [ 2.411871320851031, 39.577860728682076 ], [ 2.412007614921498, 39.578137485316525 ], [ 2.412062014183812, 39.578262205476186 ], [ 2.412090681591263, 39.578369630674409 ], [ 2.412115906121016, 39.578446999677858 ] ], [ [ 2.411651041744453, 39.57767938369328 ], [ 2.411708412368077, 39.57788994194199 ], [ 2.411746779718541, 39.577943061280529 ], [ 2.411776087317398, 39.577974678353293 ] ], [ [ 2.411191625101207, 39.577820408144866 ], [ 2.411346481726393, 39.57801477327601 ], [ 2.411424635744571, 39.578099086323441 ], [ 2.411446678887565, 39.578115408524376 ], [ 2.411489717658994, 39.578126116369553 ], [ 2.411552448810957, 39.578139784712072 ], [ 2.411624989901891, 39.578159223374627 ], [ 2.411643336392478, 39.57817552772223 ], [ 2.411667602608821, 39.578220469960428 ], [ 2.411710721718699, 39.578367542860043 ], [ 2.411746641018616, 39.578491692055771 ], [ 2.411791767270673, 39.578547229733125 ], [ 2.411834483853593, 39.578741979808626 ], [ 2.411845445125925, 39.578757292545056 ] ], [ [ 2.411703445685487, 39.578790903253143 ], [ 2.411653561714371, 39.57856941641797 ], [ 2.411550120325955, 39.57826946186929 ], [ 2.411518839742953, 39.578179665607649 ], [ 2.411501685970247, 39.578168135568177 ], [ 2.411435306483772, 39.57814872713552 ], [ 2.411420600295922, 39.578139116975933 ] ], [ [ 2.41110907271395, 39.577891986285024 ], [ 2.411344089477914, 39.578079129435181 ] ], [ [ 2.411513208103889, 39.577716306759598 ], [ 2.411562335549218, 39.577803381266421 ], [ 2.411580293196156, 39.577870891389658 ] ], [ [ 2.412821581875272, 39.57730601176933 ], [ 2.412819586489507, 39.577542494188329 ], [ 2.412808023676353, 39.577744598742456 ], [ 2.412794268345167, 39.577914270194476 ], [ 2.412790758618873, 39.578038219833161 ], [ 2.412763342892453, 39.57807431829761 ], [ 2.412755466660516, 39.578131494343744 ], [ 2.412760203256402, 39.57815440461922 ], [ 2.412769625847699, 39.578205946498372 ], [ 2.412768290064982, 39.578364237524447 ], [ 2.412758207594384, 39.578390887901961 ], [ 2.412752939875304, 39.578430912373243 ], [ 2.412777182765401, 39.578478714153007 ], [ 2.412776748230261, 39.57853020711822 ], [ 2.412756839591081, 39.578552992849261 ], [ 2.412739265896358, 39.578591047634731 ], [ 2.412745951207601, 39.578674997689404 ], [ 2.412747804491087, 39.578747481056219 ], [ 2.412751928364882, 39.578842862233152 ], [ 2.41274181247265, 39.578873325625999 ], [ 2.412689494614953, 39.578939813633056 ], [ 2.41268390604897, 39.579017980068308 ], [ 2.412683503634554, 39.579065658200655 ], [ 2.412697952652757, 39.579105782314294 ], [ 2.412707617920532, 39.579128717497746 ], [ 2.412661278528885, 39.579181184935301 ], [ 2.412659987010211, 39.579223837094247 ], [ 2.412652174944042, 39.579273384367376 ], [ 2.412671327264633, 39.579340233579607 ], [ 2.412656218224389, 39.579378300803818 ], [ 2.412573697776768, 39.579519016677025 ], [ 2.412501003287657, 39.579663596253816 ], [ 2.41240156827415, 39.579764174496518 ], [ 2.412309655430046, 39.579849533440125 ], [ 2.412274941774302, 39.579874151701162 ], [ 2.412187861816844, 39.579970978155053 ], [ 2.41214298455091, 39.580031781955121 ], [ 2.412105500840256, 39.580092622241388 ], [ 2.412055357468358, 39.580180085366067 ], [ 2.4118887979684, 39.580348982505754 ], [ 2.41181927427363, 39.580409661436669 ], [ 2.411744692753092, 39.580485571973597 ], [ 2.411650377703854, 39.580563289143711 ], [ 2.411563441161609, 39.580642951093928 ], [ 2.411473845892835, 39.580745486741264 ], [ 2.411441435137492, 39.580789187750206 ], [ 2.411396830948478, 39.580817569735743 ] ], [ [ 2.41364012229773, 39.577324289371639 ], [ 2.413603276152822, 39.577309799480943 ], [ 2.413499769494043, 39.577309277122154 ], [ 2.413271917430762, 39.577368204465209 ], [ 2.413221879150578, 39.577383685719717 ], [ 2.41320514822985, 39.577395044407645 ], [ 2.413204955254802, 39.577417929775621 ], [ 2.413331018725875, 39.577593075537877 ] ], [ [ 2.413681308920572, 39.577481841693988 ], [ 2.413549606257737, 39.577536962121194 ], [ 2.413512482758635, 39.577555370369637 ], [ 2.413497599601044, 39.577566738424942 ], [ 2.413490085689506, 39.577581004465038 ], [ 2.413584415510249, 39.577793179184184 ], [ 2.413611633895538, 39.577853394081018 ], [ 2.413620382063075, 39.577912084022977 ] ], [ [ 2.413465972289088, 39.577590895983512 ], [ 2.413386325422509, 39.577610519498421 ], [ 2.413365920741626, 39.577618998870896 ], [ 2.413360291898633, 39.577628982779046 ], [ 2.413445945703041, 39.577773885632489 ], [ 2.413487614360498, 39.577874223691282 ], [ 2.413500070012173, 39.577931502408418 ], [ 2.413501448792101, 39.577987295272678 ] ], [ [ 2.41350282640936, 39.578043088130521 ], [ 2.413476105576396, 39.578143081002963 ], [ 2.413419437170174, 39.578287265435002 ], [ 2.413357284314163, 39.578424269716812 ], [ 2.413242290326881, 39.578689742811129 ] ], [ [ 2.41350282640936, 39.578043088130521 ], [ 2.413502995188167, 39.578023062533653 ], [ 2.413541967867002, 39.57800466452364 ], [ 2.413632765516246, 39.577977944739139 ] ], [ [ 2.414070338432141, 39.577818517549346 ], [ 2.414040837145755, 39.577809786416992 ], [ 2.414007578954772, 39.577808187863425 ], [ 2.413855508531974, 39.577867497562352 ], [ 2.413723769115693, 39.577926909635963 ], [ 2.413712594658907, 39.577936866483121 ], [ 2.413699463975597, 39.577959686575412 ], [ 2.413660604822515, 39.578184063173616 ], [ 2.413641976630454, 39.578201133934414 ], [ 2.41362919796237, 39.578401324922638 ], [ 2.41360732375309, 39.578584306152486 ] ], [ [ 2.414179505326087, 39.578025045006783 ], [ 2.414073812608704, 39.578064563232452 ], [ 2.413801188360609, 39.578171898415704 ], [ 2.413738139391873, 39.57819589753462 ], [ 2.413702971826563, 39.578201441692329 ] ], [ [ 2.414229539849175, 39.578010039971794 ], [ 2.41436532680148, 39.5779821164422 ], [ 2.414436220197659, 39.577977705409587 ], [ 2.414599411982394, 39.577988063298235 ] ], [ [ 2.414121775704601, 39.577774076444442 ], [ 2.414172645061019, 39.577769564614563 ], [ 2.414292818201185, 39.577766595064929 ], [ 2.414489845467378, 39.577783084001489 ] ], [ [ 2.412935005965204, 39.577454829765507 ], [ 2.412926992357126, 39.577491740811851 ], [ 2.412923601727365, 39.577711052322471 ], [ 2.412916556448804, 39.577815911857208 ], [ 2.412939468847449, 39.577838676077498 ], [ 2.412942237904337, 39.577875641594893 ], [ 2.412946487015625, 39.577919767020873 ], [ 2.412921490010651, 39.577961361453887 ], [ 2.412917675150479, 39.578048358027317 ], [ 2.412915169384581, 39.578162777065188 ], [ 2.412928882086489, 39.578180726520443 ], [ 2.412917737314431, 39.578223582102211 ], [ 2.412911013759676, 39.578290299655258 ], [ 2.412889843327007, 39.578426080781874 ], [ 2.4128779542872, 39.578557140508174 ], [ 2.412878871167142, 39.578631049089076 ], [ 2.412886160858534, 39.578679958161167 ], [ 2.412856461874034, 39.578731063590098 ], [ 2.412849768371899, 39.578794205971079 ], [ 2.412858184952488, 39.578891992977098 ], [ 2.412863783391809, 39.578958772777469 ], [ 2.412861699886841, 39.579023130520739 ], [ 2.412858055855103, 39.579089863620887 ], [ 2.412861550678688, 39.579223385201921 ], [ 2.412862658627134, 39.579274647179872 ], [ 2.412843551200018, 39.579348454575111 ] ], [ [ 2.4132041248676, 39.578768804399616 ], [ 2.413196468588883, 39.578780461196615 ], [ 2.413122801476901, 39.578949353457006 ], [ 2.413042162464761, 39.579086264188604 ], [ 2.412933206655321, 39.579293121658488 ], [ 2.412890258746798, 39.579344398930473 ], [ 2.412847372280956, 39.579388524967463 ], [ 2.412811998860048, 39.579418384092314 ], [ 2.412770585917049, 39.579506859367498 ] ], [ [ 2.41163348760676, 39.578921439080545 ], [ 2.411597226063548, 39.579129139984573 ], [ 2.411556067906625, 39.579333001985155 ], [ 2.411495419527121, 39.579510063936752 ] ], [ [ 2.411189265650273, 39.579865159591989 ], [ 2.411087637927661, 39.579933303589407 ], [ 2.411038024755, 39.579971195727921 ], [ 2.41096336214584, 39.580056641027738 ], [ 2.410901070111719, 39.58013642831002 ], [ 2.410856385393161, 39.580174345353882 ], [ 2.410819191152867, 39.580200857194114 ] ], [ [ 2.41133012769974, 39.580111901316258 ], [ 2.411215677152851, 39.580239103782532 ], [ 2.411135810213779, 39.580356945720126 ], [ 2.411058861083538, 39.580421400653471 ], [ 2.410818587896173, 39.58056322221146 ], [ 2.410642844283763, 39.580651968832107 ], [ 2.410618133663701, 39.580659472579313 ], [ 2.410541651088761, 39.580668620305808 ], [ 2.41048245313066, 39.580674041582967 ], [ 2.410442940115022, 39.580683377691471 ], [ 2.410383482402952, 39.58071931300374 ], [ 2.410278903950474, 39.580844657123997 ], [ 2.410216529603642, 39.580933978375199 ], [ 2.410221071560768, 39.580979774079964 ], [ 2.410230558443905, 39.581023688288276 ], [ 2.410313496581115, 39.581125190168635 ], [ 2.410411385208043, 39.581207696507903 ], [ 2.410465073145349, 39.58127090629052 ] ], [ [ 2.410617910388359, 39.581267867494169 ], [ 2.410414884411652, 39.581085653558397 ], [ 2.410388064182854, 39.581051187987569 ], [ 2.410406027637601, 39.580967362903344 ], [ 2.410489265136919, 39.580742736024256 ], [ 2.410514105052901, 39.580719975709385 ], [ 2.410556115340574, 39.580706838156672 ] ], [ [ 2.410724976191357, 39.580848826633961 ], [ 2.410652549889913, 39.58096098437359 ], [ 2.410696492240811, 39.5810107939676 ], [ 2.410743061121433, 39.581041545525828 ] ], [ [ 2.410671685746335, 39.581029740402371 ], [ 2.410779367601514, 39.581119925175585 ], [ 2.410857605112622, 39.581194702419957 ], [ 2.410864568033591, 39.581229394286098 ], [ 2.410867574603976, 39.581310941613033 ], [ 2.410826988521826, 39.581519574456202 ], [ 2.4107979058756, 39.581679631266532 ], [ 2.410743677015575, 39.581971157810585 ], [ 2.41073210172961, 39.582028314918752 ], [ 2.410724186996644, 39.582089782224223 ] ], [ [ 2.411321099659282, 39.580596284389252 ], [ 2.411250947065399, 39.580731339454935 ], [ 2.411198787756631, 39.580778755326229 ], [ 2.411141617768677, 39.580835681451582 ], [ 2.41105988347027, 39.580882947384914 ], [ 2.410946109245621, 39.580930050848927 ], [ 2.410899217421784, 39.580937441312102 ], [ 2.410889230732726, 39.580952648835364 ], [ 2.410871526222199, 39.581005959906399 ], [ 2.410910443110484, 39.581067188005505 ], [ 2.410929626523065, 39.58113022265082 ], [ 2.410939178458023, 39.581166508055382 ] ], [ [ 2.410968650726297, 39.580596404968361 ], [ 2.410837415833774, 39.580668213642703 ], [ 2.410807744196888, 39.580679506364945 ] ], [ [ 2.410795743596751, 39.580641301036728 ], [ 2.410731261623258, 39.580688654216232 ], [ 2.410716409639309, 39.580696207977027 ], [ 2.410630069559354, 39.580705305772476 ], [ 2.41061278492285, 39.580709032193241 ] ], [ [ 2.41058266088942, 39.580773724293962 ], [ 2.410740716492675, 39.580736382310974 ], [ 2.410916006953573, 39.580701034077521 ], [ 2.410990218292958, 39.580668988264385 ], [ 2.411074401189481, 39.580623642281836 ], [ 2.411121631735111, 39.580576201487958 ], [ 2.411213772927214, 39.580464143339775 ], [ 2.411281267915364, 39.580351961155266 ], [ 2.411356091796196, 39.580247444230388 ], [ 2.411425841567441, 39.580160066302334 ] ], [ [ 2.41146472622337, 39.580225108149421 ], [ 2.411352207093934, 39.580415257935535 ], [ 2.411264770175282, 39.580554040445399 ], [ 2.411217168580245, 39.580645344580084 ], [ 2.411189816718359, 39.580673813900056 ], [ 2.411155150673644, 39.580692710480399 ], [ 2.411105698400163, 39.580711531216835 ], [ 2.410979682767711, 39.580749037008907 ], [ 2.410794451656117, 39.580793870603991 ], [ 2.410663410053525, 39.580842792830119 ] ], [ [ 2.414381286737537, 39.578436626782832 ], [ 2.41418342950264, 39.57851588216927 ], [ 2.414121617383213, 39.57853941108111 ], [ 2.41409997263432, 39.578548837625661 ], [ 2.414107583161649, 39.57855960374323 ], [ 2.41424821847029, 39.578687857206937 ], [ 2.414316960222339, 39.578756147282192 ], [ 2.414350525835766, 39.578794460047 ] ], [ [ 2.414099082296498, 39.578590552949557 ], [ 2.414005675072873, 39.578707374440626 ], [ 2.413948183431269, 39.578729970847839 ], [ 2.413807406001828, 39.578765021139368 ], [ 2.413748173744022, 39.578774735552329 ], [ 2.413700102855906, 39.578775922971481 ], [ 2.413618755614733, 39.578753984940668 ] ], [ [ 2.4132041248676, 39.578768804399616 ], [ 2.413225494195021, 39.578715978189756 ], [ 2.413580173572328, 39.578742561523867 ], [ 2.413592423338017, 39.578751205717275 ], [ 2.413618755614733, 39.578753984940668 ] ], [ [ 2.413916744994281, 39.578488480359717 ], [ 2.413839368157076, 39.578531001967505 ], [ 2.413708717190012, 39.57868053491103 ], [ 2.413637602653134, 39.578738597525756 ] ], [ [ 2.413916744994281, 39.578488480359717 ], [ 2.413956526723042, 39.578463624956861 ], [ 2.414020725046837, 39.57852259539608 ], [ 2.414049158793186, 39.578548485904236 ] ], [ [ 2.413854820974656, 39.578761111938988 ], [ 2.413773808678276, 39.578869414283496 ], [ 2.413684138626634, 39.578981486074262 ], [ 2.413547682432279, 39.579088554300263 ], [ 2.413418756002981, 39.579179448917486 ] ], [ [ 2.41451279971047, 39.578758037003006 ], [ 2.414265376519372, 39.57887241388427 ], [ 2.413946877371275, 39.579012656479179 ], [ 2.413816957547585, 39.579075176484359 ], [ 2.413617162134065, 39.579204097078303 ], [ 2.413414213653803, 39.579341344107782 ], [ 2.413314890113415, 39.579429050591862 ], [ 2.413217206093432, 39.579504845452462 ], [ 2.413011195199541, 39.579639693060848 ], [ 2.412842152641336, 39.579774727098737 ], [ 2.412745887337829, 39.579864832682524 ], [ 2.412660364576484, 39.579959759867101 ], [ 2.412599586827378, 39.580042893159757 ], [ 2.412582381591664, 39.580073797344149 ], [ 2.412577488595761, 39.580105956738521 ], [ 2.412567893785219, 39.5801476280351 ], [ 2.412570813655124, 39.580166715038516 ] ], [ [ 2.414545137227466, 39.578866075672806 ], [ 2.414319468913997, 39.578957914705725 ], [ 2.414070584571451, 39.579062748128308 ], [ 2.413943765664264, 39.57912290066772 ], [ 2.413770347087442, 39.579229305184825 ], [ 2.413410901281373, 39.579475427793412 ], [ 2.413190908723693, 39.579624509101826 ], [ 2.413012593816581, 39.579763071878787 ] ], [ [ 2.413985509699923, 39.579287607178564 ], [ 2.413964065465476, 39.57927319507457 ], [ 2.413676189194956, 39.579435046831982 ], [ 2.413457838231809, 39.579572216214778 ], [ 2.413031803798833, 39.579859721305965 ], [ 2.412782210182912, 39.580047987959475 ], [ 2.4127108719373, 39.580104843270746 ] ], [ [ 2.41320726925521, 39.579693727367399 ], [ 2.413007499945012, 39.579819069908567 ], [ 2.412878837758061, 39.579914972306241 ], [ 2.412731540278165, 39.580028659653117 ] ], [ [ 2.412654401421344, 39.579908751773687 ], [ 2.412567407626083, 39.579812952619648 ], [ 2.412562917151547, 39.57979743389005 ], [ 2.412572270415045, 39.579784369286095 ], [ 2.412669985711229, 39.579704998917201 ], [ 2.412683868516436, 39.579702684940834 ], [ 2.412700751688494, 39.579709922699571 ], [ 2.412725246466298, 39.579727926667047 ], [ 2.412732866966846, 39.579737500851081 ] ], [ [ 2.412654164708902, 39.57968131719602 ], [ 2.41270305598177, 39.579582867440898 ], [ 2.41273847782692, 39.579547286110625 ], [ 2.412777270507541, 39.579550342942106 ], [ 2.412906187325292, 39.579606780222285 ], [ 2.412924659201453, 39.57960830349068 ], [ 2.412956189917292, 39.579595589670312 ], [ 2.412980267883828, 39.579589989721924 ], [ 2.413017392613776, 39.579571581659025 ], [ 2.413039633653545, 39.579564542474067 ], [ 2.413058177910974, 39.579557483711646 ] ], [ [ 2.412525709669996, 39.579825614933299 ], [ 2.412334537088674, 39.580027288745107 ], [ 2.412317442475289, 39.580045081563938 ] ], [ [ 2.412487433997373, 39.580162756942634 ], [ 2.412321429565361, 39.580120197727631 ], [ 2.412282971313483, 39.580114043769903 ], [ 2.412249084041183, 39.580113872375669 ], [ 2.412155595124441, 39.580239750946014 ], [ 2.412018796848617, 39.580386866688933 ], [ 2.411776567151673, 39.580614504968374 ], [ 2.411708046383873, 39.580702365970438 ], [ 2.411664220727898, 39.580784391607111 ], [ 2.411569914517244, 39.581006817918094 ], [ 2.411527245887353, 39.581134145361887 ] ], [ [ 2.411737419363327, 39.581236530176383 ], [ 2.411559169816391, 39.58118437131531 ], [ 2.411529963895706, 39.58117707098841 ], [ 2.411500686243149, 39.581178114789665 ], [ 2.411469334952181, 39.581242324252948 ], [ 2.411414000617136, 39.581410116119727 ], [ 2.411336314043944, 39.581670769966962 ], [ 2.411305936931831, 39.581801735792567 ], [ 2.411294620269016, 39.581864854625309 ] ], [ [ 2.411556081482128, 39.581913859085724 ], [ 2.411363725222301, 39.581890236394969 ], [ 2.411299039995725, 39.581888716636328 ], [ 2.411283483960008, 39.581906517991357 ], [ 2.411252502651088, 39.582109000494462 ], [ 2.411227308723594, 39.58235561713051 ], [ 2.411210109590959, 39.582567705103223 ] ], [ [ 2.41143463415877, 39.582612946462405 ], [ 2.411208195886917, 39.582611799328646 ], [ 2.411186609995845, 39.582614074093591 ], [ 2.411181897737668, 39.582624777953249 ], [ 2.411183337350208, 39.582636705957448 ], [ 2.411328869156899, 39.582732802669554 ], [ 2.411445496076301, 39.582785841852306 ], [ 2.411471530937984, 39.582803852975765 ] ], [ [ 2.41143463415877, 39.582612946462405 ], [ 2.411450470994655, 39.582598305544899 ], [ 2.411467542228795, 39.582546897785399 ], [ 2.411521478195599, 39.582289698925869 ], [ 2.411584363978149, 39.582066875734242 ], [ 2.411599966918117, 39.581970545655174 ] ], [ [ 2.411645956281315, 39.582069952883849 ], [ 2.411621266963841, 39.582366396769245 ], [ 2.411625566844912, 39.582440799987587 ], [ 2.411648650965891, 39.58248001373375 ] ], [ [ 2.411585267406978, 39.580685020185612 ], [ 2.411535056024316, 39.580793475980123 ], [ 2.411434908186687, 39.580977966893094 ], [ 2.411379704215674, 39.581094026402489 ], [ 2.411369329235352, 39.581155004652786 ], [ 2.411373983737802, 39.5811874502254 ], [ 2.411331489266183, 39.581257801434646 ], [ 2.411283806579508, 39.581358641743584 ], [ 2.41125353765335, 39.581440497120646 ], [ 2.411200070577505, 39.581642389951732 ], [ 2.411151967792849, 39.581792814804693 ], [ 2.411146296532928, 39.581880516371932 ], [ 2.411161935162615, 39.58207131617857 ], [ 2.411158372642789, 39.582200986985526 ], [ 2.411135319495114, 39.582303858612605 ], [ 2.411112556816012, 39.582372403124218 ], [ 2.411087425938859, 39.582429491566891 ], [ 2.411072444480945, 39.582452301961027 ] ], [ [ 2.411005186488933, 39.581159278445497 ], [ 2.410986796369342, 39.581512016680222 ], [ 2.410972313255173, 39.581767031172049 ], [ 2.410983426186993, 39.581910127023569 ], [ 2.411016184254982, 39.582043796915755 ], [ 2.411055265804297, 39.58215842660973 ], [ 2.411060539875168, 39.582263349282684 ], [ 2.411050530173692, 39.582353890540766 ], [ 2.4110437830367, 39.582422991955937 ] ], [ [ 2.410725183681321, 39.581317372052112 ], [ 2.410744534751368, 39.581433332652004 ], [ 2.410742105453292, 39.581501979307077 ], [ 2.410709130734675, 39.58168490268249 ], [ 2.4106459275054, 39.581944914974642 ], [ 2.410626631190494, 39.582040653131216 ] ], [ [ 2.410507259683535, 39.581439042860474 ], [ 2.410555723075723, 39.581537032229981 ], [ 2.410555399953465, 39.581575174164136 ], [ 2.410539451142467, 39.581639461498469 ] ], [ [ 2.410457568521879, 39.581667654009379 ], [ 2.410480906687713, 39.581640356577196 ], [ 2.410488851407938, 39.581611788977234 ], [ 2.410490664545933, 39.581579614057212 ], [ 2.410474164913871, 39.581527082826035 ], [ 2.410419700228361, 39.581409989835443 ], [ 2.410348505084564, 39.581267781131253 ], [ 2.4103409453602, 39.581251054674993 ], [ 2.41027510302192, 39.58120423247388 ], [ 2.41021243261876, 39.581146698594637 ], [ 2.410174064937885, 39.581129815757912 ], [ 2.410109633081226, 39.581098496646639 ], [ 2.410118738789933, 39.580932855782109 ], [ 2.410122062214212, 39.580904264744845 ], [ 2.4101456225548, 39.580850743837317 ], [ 2.410173804203906, 39.580797247282426 ] ], [ [ 2.411005186488933, 39.581159278445497 ], [ 2.41118516191837, 39.580952806182609 ], [ 2.41129369269468, 39.58086991648441 ], [ 2.411374416757747, 39.580796421501809 ], [ 2.411415000545838, 39.580733450894385 ], [ 2.411468390604788, 39.580613329311007 ], [ 2.411562212742621, 39.58044811734014 ] ], [ [ 2.411752896219607, 39.580098237137157 ], [ 2.411614676725118, 39.580231041255679 ], [ 2.411566412539929, 39.580291588904721 ], [ 2.411488064459353, 39.580448536555352 ], [ 2.411337699302498, 39.58074219854209 ], [ 2.411315873136386, 39.580773080025786 ], [ 2.411267808855356, 39.580809788031189 ], [ 2.411241501316057, 39.580823958698645 ], [ 2.411190538773352, 39.580839196505757 ], [ 2.41116125233571, 39.580841432248647 ] ], [ [ 2.411585267406978, 39.580685020185612 ], [ 2.411617593268304, 39.580623939512449 ] ], [ [ 2.414456227933856, 39.579019066178645 ], [ 2.414192710538192, 39.579142182950484 ], [ 2.414120321987443, 39.579177577455376 ], [ 2.414071974976607, 39.579211663194144 ], [ 2.414034838673804, 39.579231501483378 ], [ 2.414021742812871, 39.57925003104485 ], [ 2.414021586232336, 39.579268624952597 ], [ 2.414069017957593, 39.579343245615959 ] ], [ [ 2.414464459406716, 39.579139260924364 ], [ 2.414072594292961, 39.579357567608319 ], [ 2.414007648356852, 39.579387277984161 ], [ 2.413550725564879, 39.57964816667927 ], [ 2.413361091901582, 39.579777375971908 ], [ 2.413115835423218, 39.579926328683214 ], [ 2.412810995521953, 39.580126474952834 ], [ 2.412721680415824, 39.580196113441566 ] ], [ [ 2.413680667126152, 39.579752228065487 ], [ 2.413552620774115, 39.579811658550767 ], [ 2.413422605810201, 39.579885382914718 ], [ 2.413331539112707, 39.579943569869272 ], [ 2.413336916073667, 39.579963622556285 ], [ 2.413413946138836, 39.58003553121015 ] ], [ [ 2.414623055856775, 39.579572457626881 ], [ 2.414146404426174, 39.579761729481312 ], [ 2.413823625203914, 39.579897419715721 ], [ 2.413511936328039, 39.580033165021433 ], [ 2.413402433671221, 39.580085537398055 ], [ 2.413265096765037, 39.580150642244973 ], [ 2.41300328808887, 39.580289498810053 ], [ 2.412975404450885, 39.580307953548655 ], [ 2.41293459455999, 39.580324912131204 ], [ 2.412925244469097, 39.580337738004445 ] ], [ [ 2.414536346917066, 39.579772038354562 ], [ 2.414642051728168, 39.579658139198699 ], [ 2.41469187445007, 39.579595213964936 ], [ 2.414719870475647, 39.579563170840238 ], [ 2.414738504791234, 39.579545384518447 ], [ 2.414766421736099, 39.579522877557643 ], [ 2.414835886515898, 39.579505347203202 ], [ 2.414980998863714, 39.579467934253628 ], [ 2.41512916068731, 39.579434111784856 ] ], [ [ 2.414536346917066, 39.579772038354562 ], [ 2.414449355311082, 39.579858615862648 ], [ 2.414407436134349, 39.57989774028605 ], [ 2.414359414201449, 39.579929682409059 ], [ 2.414289798381634, 39.579965091887949 ] ], [ [ 2.414299900055139, 39.579887424779784 ], [ 2.414125209470169, 39.579961639266983 ], [ 2.413988996940562, 39.580039624654596 ], [ 2.413838730564639, 39.580140186548178 ], [ 2.413779825884431, 39.580183993347987 ], [ 2.413692792646425, 39.580275338356188 ], [ 2.413622774362592, 39.580358424657256 ], [ 2.413560477051787, 39.580439166637902 ], [ 2.413519744679251, 39.580520016522897 ], [ 2.41348524432026, 39.580592555149209 ], [ 2.41345837464637, 39.580673474978553 ], [ 2.413412881147612, 39.580770988888958 ], [ 2.413359824773217, 39.58085177740211 ], [ 2.41333324745533, 39.580898131307428 ], [ 2.413321991926037, 39.580954098232539 ], [ 2.41332626154337, 39.58099583958321 ], [ 2.41331477096027, 39.581043222946811 ], [ 2.413303667306032, 39.581081311367399 ], [ 2.41330317483483, 39.581139716772327 ], [ 2.413296791886465, 39.581165908312542 ], [ 2.413287739313967, 39.581204205314528 ] ], [ [ 2.413551463766952, 39.58071045932023 ], [ 2.413515593688958, 39.58076272672745 ], [ 2.413453295894286, 39.580843467740415 ], [ 2.413434530275214, 39.580876749214831 ], [ 2.413426618160594, 39.580901740973296 ], [ 2.413418714917228, 39.580925541605509 ], [ 2.413424786303432, 39.580936299994377 ], [ 2.413441609567469, 39.580950688869628 ], [ 2.413452331299244, 39.58095789541732 ] ], [ [ 2.413551463766952, 39.58071045932023 ], [ 2.413616881221664, 39.58058849084528 ], [ 2.413652387489111, 39.580542897349567 ], [ 2.41375095683792, 39.580471874891323 ], [ 2.413858598797402, 39.580420923651232 ], [ 2.413936340696104, 39.580408441749775 ], [ 2.414019568164496, 39.580403139887487 ], [ 2.414060257395388, 39.58040048427231 ], [ 2.414164105852659, 39.580360956785405 ] ], [ [ 2.414436056753209, 39.580114868575286 ], [ 2.413938256192789, 39.580181018038644 ] ], [ [ 2.414749998561348, 39.580150779635005 ], [ 2.414672485701241, 39.580136085265337 ], [ 2.414622337426502, 39.5801644405703 ], [ 2.414529483702218, 39.580215467030918 ], [ 2.414377360277109, 39.580280498693028 ], [ 2.414312448552804, 39.580305918668529 ] ], [ [ 2.414295957894787, 39.580288670802673 ], [ 2.414238247131347, 39.580337013363291 ], [ 2.41420655859864, 39.580368322329129 ] ], [ [ 2.414496132550539, 39.580005030359438 ], [ 2.414316536857949, 39.580039885659282 ], [ 2.414103704636053, 39.580070281470526 ], [ 2.414049991861176, 39.580082883752077 ] ], [ [ 2.414496132550539, 39.580005030359438 ], [ 2.414538682550384, 39.580000954006245 ] ], [ [ 2.413895926345683, 39.580067564955066 ], [ 2.413526718548858, 39.580228767292731 ], [ 2.413419100764699, 39.580276857557784 ], [ 2.413339003434365, 39.580349403841311 ], [ 2.4132980247619, 39.580386387238939 ], [ 2.413270201470271, 39.580397689923892 ], [ 2.413246160598317, 39.580398998480746 ], [ 2.413205507523591, 39.580397363256843 ], [ 2.413172211926224, 39.580400055910623 ] ], [ [ 2.413348779453825, 39.580505366774162 ], [ 2.413110468833809, 39.580707279602862 ], [ 2.41297812003258, 39.580838207488299 ], [ 2.412940704983901, 39.580890943559339 ], [ 2.412929228235757, 39.580936658235281 ], [ 2.412934676397487, 39.580948128923964 ], [ 2.413028814161532, 39.580964339275788 ] ], [ [ 2.412423708037055, 39.580857934976059 ], [ 2.412295728014206, 39.580982209288962 ], [ 2.412248473827448, 39.581032510328377 ], [ 2.412247129158205, 39.581045854185128 ] ], [ [ 2.412494456705204, 39.580944116421954 ], [ 2.412463239294935, 39.580992592034399 ], [ 2.412407229582485, 39.58105810702174 ], [ 2.41236371371632, 39.581103659626379 ] ], [ [ 2.412583953907879, 39.580707122310905 ], [ 2.412540864035102, 39.58084803744218 ], [ 2.412539237655075, 39.580894755173482 ], [ 2.412587796119787, 39.580981778576472 ], [ 2.412599685068328, 39.581033332912625 ], [ 2.41257350110869, 39.581069437537288 ], [ 2.412487829080489, 39.581145292478034 ], [ 2.41246050052708, 39.581170901422425 ] ], [ [ 2.412583953907879, 39.580707122310905 ], [ 2.412676527561533, 39.580543571845574 ], [ 2.412761215062656, 39.58043814966981 ] ], [ [ 2.412804324982092, 39.581015167887486 ], [ 2.412805202804869, 39.581057130891473 ] ], [ [ 2.412752883347112, 39.581123617989384 ], [ 2.412651665877181, 39.581266581176166 ] ], [ [ 2.413180640274863, 39.58103471025909 ], [ 2.413162755109335, 39.581255855041249 ], [ 2.413123444534029, 39.581387252892924 ], [ 2.41310855243795, 39.581399575041374 ], [ 2.413026986555623, 39.581426817670369 ], [ 2.412929362099775, 39.581458746497212 ], [ 2.412833041885056, 39.581482099459585 ], [ 2.412802161286667, 39.581490525789917 ], [ 2.412742898402769, 39.581503576964352 ], [ 2.412689837614127, 39.581511891170187 ], [ 2.412636823946255, 39.581514484008466 ] ], [ [ 2.413479773252404, 39.581036888144396 ], [ 2.413457423264041, 39.58105680087111 ], [ 2.413396452566442, 39.581272483272073 ], [ 2.413386800955188, 39.581321067995127 ], [ 2.413362179742924, 39.58139103352768 ] ], [ [ 2.413793590260331, 39.581307386925246 ], [ 2.413707236292119, 39.58146429476578 ], [ 2.413688583117757, 39.581484226187264 ], [ 2.413638519005921, 39.581502569165075 ] ], [ [ 2.413538292854428, 39.580892713098393 ], [ 2.413703960571774, 39.580756231104189 ], [ 2.413819201550657, 39.580681001068022 ], [ 2.41387116221352, 39.580656946892923 ], [ 2.413911911840769, 39.580647139206071 ], [ 2.413937777697293, 39.580648700507169 ], [ 2.41397276578964, 39.580664610862627 ], [ 2.413981886856031, 39.580678960817181 ] ], [ [ 2.413776559938608, 39.58091537173712 ], [ 2.413735267819085, 39.580989543988309 ], [ 2.413718064913082, 39.581056686236643 ], [ 2.413732490825361, 39.581099670884839 ], [ 2.41377789485137, 39.581195736897847 ], [ 2.4138544929512, 39.581319137307048 ], [ 2.413872748424031, 39.581346406452361 ], [ 2.4138779196468, 39.581390775245808 ], [ 2.41388484467574, 39.581446596048288 ], [ 2.413867918927706, 39.58148084016608 ], [ 2.413839890446984, 39.581516458221316 ], [ 2.413722715869631, 39.581601690825813 ], [ 2.413570177605752, 39.581715353657522 ], [ 2.413462123468084, 39.581814935975061 ] ], [ [ 2.413339233136592, 39.581920164869871 ], [ 2.413225801267348, 39.581999694278601 ], [ 2.413162362577506, 39.582069463741263 ], [ 2.413138019513981, 39.582106531079759 ], [ 2.413130239608217, 39.582152264436132 ], [ 2.413128028627516, 39.582195165126763 ], [ 2.41314042555102, 39.582259595971266 ], [ 2.413198538984472, 39.582382903435494 ], [ 2.413301972450093, 39.582612289837428 ], [ 2.413329264795112, 39.582663921856366 ], [ 2.41336778186735, 39.582699875739003 ], [ 2.413435716679918, 39.582754574595214 ], [ 2.413490845469142, 39.582793473078361 ], [ 2.413689445769406, 39.582917489286743 ], [ 2.414022383309856, 39.583113703316329 ], [ 2.414095624196605, 39.583197035541765 ], [ 2.414165240536423, 39.583271767076972 ], [ 2.414196520962044, 39.583289089514317 ], [ 2.414271928107708, 39.583350293186811 ], [ 2.414343001478366, 39.583398331552559 ] ], [ [ 2.404248836422646, 39.602039578664034 ], [ 2.404021354358589, 39.602152843218249 ] ], [ [ 2.403530831680336, 39.602142503291752 ], [ 2.403695025773667, 39.602113025436303 ] ], [ [ 2.40375508755139, 39.60211690897362 ], [ 2.403804312935742, 39.602126698109565 ], [ 2.403872159930207, 39.602121085902354 ], [ 2.40400191614017, 39.602083608146494 ], [ 2.404094712903536, 39.602043555657595 ], [ 2.404228958833338, 39.602021596640178 ] ], [ [ 2.406045519587806, 39.604017533354096 ], [ 2.405717945407017, 39.604050188546211 ] ], [ [ 2.405674888966583, 39.603895485335784 ], [ 2.405717087288738, 39.603934322153712 ], [ 2.405827748432136, 39.603967786634946 ] ], [ [ 2.405571388813003, 39.603673245019522 ], [ 2.405727002026347, 39.603639711709796 ] ], [ [ 2.406083245743509, 39.603930472895492 ], [ 2.406358508766509, 39.603960487446237 ] ], [ [ 2.406054675344776, 39.603811604060084 ], [ 2.40620043207316, 39.603849539210536 ], [ 2.406361017895319, 39.603883259228574 ] ], [ [ 2.406170247481653, 39.604262470628804 ], [ 2.406144143793714, 39.604251609512737 ], [ 2.406108581643437, 39.604265731634463 ], [ 2.406037272840194, 39.604315430293504 ] ], [ [ 2.406093594026891, 39.604396774208588 ], [ 2.406072296510259, 39.604364481351745 ], [ 2.406069377492865, 39.604345394270055 ], [ 2.406072622361039, 39.604326338697518 ], [ 2.40608354036624, 39.604310898547531 ], [ 2.406102173393336, 39.604294306667789 ], [ 2.406125358060053, 39.604286080712718 ], [ 2.406154664708867, 39.604282654309046 ], [ 2.406196156578449, 39.604295979103696 ], [ 2.406222229749035, 39.604310416251067 ], [ 2.406228280487797, 39.604323559002353 ], [ 2.406234250956933, 39.604346236972603 ] ], [ [ 2.406250518438811, 39.604426184044101 ], [ 2.406228589677252, 39.604467791595475 ] ], [ [ 2.407426182361181, 39.603856834364471 ], [ 2.407403993920778, 39.603856721196358 ], [ 2.40733825563317, 39.603904065840567 ] ], [ [ 2.407858259313069, 39.60378465698583 ], [ 2.407774839801322, 39.603881498306514 ], [ 2.407718897513246, 39.603936522143606 ], [ 2.407695427999281, 39.603942124059166 ], [ 2.407686790252503, 39.603943033317172 ] ], [ [ 2.417453319056133, 39.599446701143478 ], [ 2.417736773035385, 39.599453843535457 ], [ 2.417781147188625, 39.599454065900495 ], [ 2.417803158622854, 39.599475154967656 ], [ 2.417815324715523, 39.599494288111764 ], [ 2.417856148724382, 39.599624182063657 ] ], [ [ 2.417012425818063, 39.599398717251411 ], [ 2.416833567361663, 39.599266223688055 ], [ 2.416801583048693, 39.599258434097663 ], [ 2.416542766603584, 39.599253320636961 ], [ 2.416382590358362, 39.599244887131981 ], [ 2.416252076871243, 39.599227066797646 ], [ 2.416175847912222, 39.599203797531175 ], [ 2.416129072378521, 39.599195933432597 ], [ 2.416094735830954, 39.599174782110005 ], [ 2.416062751645193, 39.599166992317031 ], [ 2.416015976149551, 39.599159128173127 ], [ 2.415983975960084, 39.599153245766686 ], [ 2.415833485044031, 39.599165839859033 ], [ 2.415794122416661, 39.599156106307746 ], [ 2.415754662500915, 39.599157814482574 ], [ 2.415655764863286, 39.599191646534372 ], [ 2.415532247747326, 39.599221540584729 ], [ 2.415361873708945, 39.599253106228417 ], [ 2.415250858509602, 39.599262083213787 ], [ 2.415169490114605, 39.599263581169481 ], [ 2.415085752366183, 39.599253623110293 ], [ 2.41503419125603, 39.599228570686961 ] ], [ [ 2.414358748357378, 39.599212008551234 ], [ 2.414452024872783, 39.599260157768043 ], [ 2.414652222925785, 39.599492890772595 ], [ 2.414684054594313, 39.599518798171701 ], [ 2.414917267727416, 39.599490410757355 ], [ 2.414936222300551, 39.599435198048084 ] ], [ [ 2.414402153954639, 39.59918075781853 ], [ 2.414420787644528, 39.59916368703756 ], [ 2.414432073850163, 39.599140857659577 ], [ 2.414432306715069, 39.599113205204873 ], [ 2.41442628096233, 39.599096963436224 ], [ 2.414406727090099, 39.599076839410451 ], [ 2.414384612422846, 39.59906814560388 ], [ 2.414355069993781, 39.599063228430374 ], [ 2.414318075697518, 39.599064949446117 ], [ 2.414294584252381, 39.599073413376381 ], [ 2.41427350101853, 39.599088564300402 ], [ 2.414264752665616, 39.599102824110034 ], [ 2.414262102314615, 39.599124743713674 ], [ 2.414260773705879, 39.599136180145017 ] ], [ [ 2.414170688041803, 39.599148122389664 ], [ 2.413969968666073, 39.59927012472307 ] ], [ [ 2.4145691554374, 39.599256933923712 ], [ 2.414606294328269, 39.599238048863207 ], [ 2.414664243475412, 39.599236434224551 ], [ 2.414848501185168, 39.599312695959028 ], [ 2.414897621903943, 39.59933487629398 ] ], [ [ 2.414781077741736, 39.599561245334087 ], [ 2.415120265436822, 39.599537206211075 ], [ 2.415108738764972, 39.599588642265807 ] ], [ [ 2.415131110349197, 39.599566821917648 ], [ 2.415259350998476, 39.599561745815294 ], [ 2.415382826337301, 39.599683474204049 ] ], [ [ 2.414799515241155, 39.599611496944263 ], [ 2.414909333498005, 39.599634936261687 ], [ 2.415072747248625, 39.599661506083855 ], [ 2.415240729608504, 39.599694535654436 ], [ 2.415361552696274, 39.599728757637216 ], [ 2.415447167481835, 39.599772100132185 ], [ 2.415515264732233, 39.599809633780886 ], [ 2.415543772608939, 39.599827656397416 ] ], [ [ 2.415420040192377, 39.599699729577942 ], [ 2.415521274992694, 39.599754593734573 ], [ 2.415577450103173, 39.599780623343712 ], [ 2.415646617606315, 39.599800996705262 ], [ 2.415669681463027, 39.599806834262957 ] ], [ [ 2.415837422974634, 39.599868469581054 ], [ 2.415962052662224, 39.599889836108204 ], [ 2.416058047083551, 39.599908198709251 ] ], [ [ 2.416176186746398, 39.59993167865148 ], [ 2.416328406027259, 39.599970349007734 ], [ 2.416425367432939, 39.599983710019771 ], [ 2.416493700660141, 39.599993350078506 ], [ 2.416679411125803, 39.600007156546681 ], [ 2.416777291420943, 39.60002123639817 ], [ 2.416946097135479, 39.600066426186935 ], [ 2.417093664538446, 39.600108647499226 ], [ 2.417194903378056, 39.600144915585474 ] ], [ [ 2.417295205400353, 39.600219322345716 ], [ 2.417371790463667, 39.600273942328833 ], [ 2.417409194668009, 39.600315253965618 ], [ 2.417433523112937, 39.600354114993237 ] ], [ [ 2.41704594461735, 39.599365746305715 ], [ 2.417070676930602, 39.599393047374512 ], [ 2.41709839218293, 39.599395331781885 ], [ 2.417174240496896, 39.59939070613062 ], [ 2.417356491359001, 39.599375886335828 ], [ 2.417578482834949, 39.599362695409802 ], [ 2.417770830464332, 39.599356507022641 ], [ 2.417785543981397, 39.599365878520061 ], [ 2.417818237760674, 39.599436131061701 ], [ 2.417821630227094, 39.599472623712366 ] ], [ [ 2.417796930916814, 39.599330890767213 ], [ 2.417736028417492, 39.599206856509653 ], [ 2.417715707718346, 39.599204609312508 ], [ 2.417528852762358, 39.599217261230066 ], [ 2.417249426028838, 39.59924446792197 ], [ 2.417018917752869, 39.59928121716829 ], [ 2.416926345906761, 39.599295771985162 ] ], [ [ 2.417736558486858, 39.599175406776084 ], [ 2.417662422595964, 39.599049159896971 ], [ 2.417639099260999, 39.599037599868474 ], [ 2.417604554675533, 39.599041241698011 ], [ 2.41752796485288, 39.599060883248299 ], [ 2.417383597880401, 39.599078277420098 ], [ 2.417181249877827, 39.599101102153334 ], [ 2.417019545872199, 39.599127945449212 ], [ 2.416732050392478, 39.599161785271228 ], [ 2.416699963312918, 39.59916639246191 ] ], [ [ 2.416589124416191, 39.599154392840688 ], [ 2.416508828352944, 39.599174969302808 ], [ 2.416417646830964, 39.599170696386167 ] ], [ [ 2.417366188287863, 39.599547345836434 ], [ 2.417486489871901, 39.599607071264344 ], [ 2.417898176092543, 39.599904749294488 ], [ 2.417909831397514, 39.599984910490292 ] ], [ [ 2.417055181816921, 39.599582226381656 ], [ 2.417110593645402, 39.59958918014015 ], [ 2.417168383195325, 39.599606634734052 ], [ 2.417275229393979, 39.599653896460836 ] ], [ [ 2.417271347737048, 39.599675809957851 ], [ 2.417325335667678, 39.599705641830163 ], [ 2.41737807543067, 39.599737374907058 ], [ 2.417401359005064, 39.599753703058489 ], [ 2.417458725363244, 39.599821696173144 ], [ 2.417544321573579, 39.599904134689787 ], [ 2.417645982818467, 39.599981885393127 ], [ 2.41775743382581, 39.600068267412112 ], [ 2.417832304289192, 39.600106786939655 ], [ 2.417866633847716, 39.600128891006335 ], [ 2.417884859821079, 39.600160450924868 ], [ 2.417894330069471, 39.600207225079885 ] ], [ [ 2.417967111432467, 39.600200913932625 ], [ 2.417956744130835, 39.600114085240463 ], [ 2.417965515805257, 39.600096964488444 ], [ 2.418023609277027, 39.60007818330471 ], [ 2.418089138370289, 39.600054671962369 ], [ 2.418159709244571, 39.600017835213301 ], [ 2.418205659078957, 39.599977060161336 ], [ 2.418312694231261, 39.599854582431583 ], [ 2.418404897686321, 39.599736797729314 ], [ 2.418487175692821, 39.59962659232913 ], [ 2.418505752683723, 39.599616196368181 ], [ 2.418520583977525, 39.599611502322553 ], [ 2.418546476933692, 39.599610678609437 ], [ 2.418574771732544, 39.599617495062269 ], [ 2.418637451904347, 39.599639741670515 ] ], [ [ 2.418923879548063, 39.599733672814786 ], [ 2.418745628216963, 39.599675565572724 ], [ 2.418697683600345, 39.599660068506452 ], [ 2.418640982339848, 39.599659784812488 ], [ 2.4186150255814, 39.599668237280902 ], [ 2.418589005028958, 39.59968431847777 ], [ 2.418574125891455, 39.599694732956486 ], [ 2.418424696180427, 39.599875168578876 ], [ 2.418236686513803, 39.600099275863329 ], [ 2.418215595832908, 39.60011538165881 ], [ 2.418179674887829, 39.600136180557804 ], [ 2.41810419655369, 39.60017013195845 ], [ 2.417998944660628, 39.600226821332846 ], [ 2.417965504042331, 39.600245725100713 ], [ 2.417954154950085, 39.600276183557511 ], [ 2.417945230426552, 39.600311421528481 ] ], [ [ 2.417960205160328, 39.600025795863615 ], [ 2.418042794854883, 39.599915353573479 ], [ 2.418125075073514, 39.599841861969303 ], [ 2.418246062929523, 39.599745916634475 ], [ 2.418303430700875, 39.599703292122356 ], [ 2.418340748308396, 39.599662950443779 ], [ 2.418418325544685, 39.599598971625724 ], [ 2.418505157823688, 39.599533846105231 ], [ 2.418565587061036, 39.599493620918693 ], [ 2.418644585190123, 39.599443952068967 ], [ 2.418697240193587, 39.599412031487972 ], [ 2.418726633878468, 39.599397874629716 ], [ 2.418749785542516, 39.599393223080448 ], [ 2.418846674916476, 39.599415163158611 ], [ 2.41896967706523, 39.59944677028421 ], [ 2.419051198909184, 39.599463865971977 ] ], [ [ 2.419529685911537, 39.599217130561144 ], [ 2.419399338114846, 39.599327096516809 ], [ 2.419191962039257, 39.599509150158269 ], [ 2.419101327023518, 39.599586892379818 ], [ 2.418957259290209, 39.599715860516824 ] ], [ [ 2.419638831829568, 39.599136619677928 ], [ 2.419610267679631, 39.599162224043148 ], [ 2.419599038876022, 39.599178379355344 ], [ 2.419597065283444, 39.599267053762169 ], [ 2.419612030037472, 39.599541764552292 ], [ 2.419581071721351, 39.599558774601014 ], [ 2.419118613448889, 39.59973097122235 ] ], [ [ 2.419819961072968, 39.599440768140141 ], [ 2.419809854280491, 39.599470278792978 ], [ 2.41963487634651, 39.599610537453884 ] ], [ [ 2.419603933926028, 39.599625640099127 ], [ 2.419576156050425, 39.599704649955278 ], [ 2.419564752036989, 39.599741783158549 ], [ 2.419527669922288, 39.599753995229868 ], [ 2.419431253622196, 39.599785935402316 ], [ 2.419378163692671, 39.599796159948809 ], [ 2.419182978954166, 39.599846678488824 ], [ 2.419136099074843, 39.599851212402818 ], [ 2.418915371576397, 39.59986059764524 ] ], [ [ 2.418761986799302, 39.599776867747067 ], [ 2.418714018194982, 39.599764231350036 ], [ 2.418690598782821, 39.59976411418203 ], [ 2.418669540202003, 39.599776405244711 ], [ 2.418621037443951, 39.599827656643043 ], [ 2.418501509547679, 39.599970098513339 ], [ 2.418330964455742, 39.600169499605791 ], [ 2.418290000539867, 39.600203623909373 ], [ 2.418260210023771, 39.600228268502185 ], [ 2.418236661644753, 39.600243407800974 ], [ 2.418209456418584, 39.600253761414592 ], [ 2.417943570610976, 39.600356371191936 ], [ 2.417944451635377, 39.60039833404236 ] ], [ [ 2.418501366370852, 39.600281923057857 ], [ 2.41840588036191, 39.600350103903217 ], [ 2.418320396864638, 39.600401170953923 ], [ 2.418248537594285, 39.600444676204255 ], [ 2.418152112938286, 39.600477569460637 ], [ 2.418084109831539, 39.600502021738826 ], [ 2.418015115026118, 39.60049786209089 ] ], [ [ 2.418573470005584, 39.600356664233239 ], [ 2.418559696536263, 39.60038234324773 ], [ 2.418482786503608, 39.600440127278262 ], [ 2.418362669950187, 39.600505324026607 ], [ 2.418326779586414, 39.600522309046781 ] ], [ [ 2.418788859746746, 39.600101224774484 ], [ 2.418521312933317, 39.600549984006349 ], [ 2.418497542377386, 39.600591822576703 ] ], [ [ 2.418788859746746, 39.600101224774484 ], [ 2.418814176776401, 39.600066068734101 ], [ 2.418824157726802, 39.600051814747751 ], [ 2.418852612128089, 39.600039559748986 ], [ 2.418906903839917, 39.60003315643123 ], [ 2.419106780426109, 39.600011269638898 ], [ 2.419283197579024, 39.599994033524517 ], [ 2.419370809912989, 39.599983028251714 ], [ 2.419426325813378, 39.599977584102348 ], [ 2.419490589104761, 39.599957879718978 ], [ 2.419693201519523, 39.599903582783867 ] ], [ [ 2.41965467421484, 39.599941295944994 ], [ 2.419507613561423, 39.600022808575986 ], [ 2.419402511148224, 39.600061619858565 ], [ 2.419328354483341, 39.600085088825445 ], [ 2.419297459566178, 39.600094470060007 ], [ 2.419249614941391, 39.600103767468347 ], [ 2.419215668112435, 39.600109557223448 ], [ 2.419153996529124, 39.60011401720498 ], [ 2.419106182912162, 39.600119738506052 ], [ 2.419052194645133, 39.600126620080843 ], [ 2.419010504705708, 39.600137139330648 ], [ 2.418959498571144, 39.600155956450919 ], [ 2.418926943154064, 39.600179634094935 ], [ 2.418897518133854, 39.600197366146574 ], [ 2.418871046518698, 39.600230609842107 ], [ 2.418844444203259, 39.600279348856184 ], [ 2.418735818448754, 39.600555348047884 ], [ 2.418642858740532, 39.600800433556373 ], [ 2.418624118827802, 39.600830139674706 ], [ 2.418600858200689, 39.600847903394275 ], [ 2.418568301171138, 39.600871580925876 ], [ 2.418540477631005, 39.60088216939414 ], [ 2.418520417214062, 39.600885645203441 ], [ 2.418417172889019, 39.600886320525284 ], [ 2.418303033751722, 39.600900053052541 ], [ 2.418224342886063, 39.600912770901346 ], [ 2.418137928711553, 39.60092783415427 ], [ 2.41809465618802, 39.600943113417024 ], [ 2.41803743690491, 39.600967858446886 ], [ 2.418003369825776, 39.600987952053131 ], [ 2.417961548339252, 39.601013966240586 ], [ 2.417904328950946, 39.601038711203792 ], [ 2.417826779557661, 39.601099114496265 ], [ 2.417729139555164, 39.601166568558192 ], [ 2.417675021727787, 39.601188945716807 ], [ 2.417599362311893, 39.601207638671063 ], [ 2.4175468352519, 39.601224062505366 ], [ 2.417499069513163, 39.601223823044819 ], [ 2.417462160013768, 39.601215294424783 ], [ 2.417443830104261, 39.601196130344185 ], [ 2.417424069156186, 39.601163847244734 ], [ 2.417409020819104, 39.601120860066096 ], [ 2.417398884835076, 39.601043330264638 ], [ 2.417398043053169, 39.600959885827237 ], [ 2.417405134292219, 39.600849066317963 ], [ 2.417423211509919, 39.600714461441939 ], [ 2.417448853300563, 39.600596582532198 ], [ 2.417464970058099, 39.60051203194849 ], [ 2.41746535951371, 39.600465545969385 ] ], [ [ 2.417603249348031, 39.600430834710927 ], [ 2.417648431442336, 39.600555505643243 ], [ 2.417640161116114, 39.600659883180654 ] ], [ [ 2.417490574920091, 39.600637677013871 ], [ 2.417536199108825, 39.600709425287505 ], [ 2.417577731262191, 39.600828356380383 ], [ 2.417623548510384, 39.600877219331572 ], [ 2.417658234943104, 39.600930318099877 ] ], [ [ 2.417480015583563, 39.601015248169126 ], [ 2.41757397671745, 39.601055770157316 ], [ 2.417630971776342, 39.601094675949163 ] ], [ [ 2.417754637522766, 39.6011210436684 ], [ 2.417625113966994, 39.601131837650364 ], [ 2.417460255684104, 39.601166770526326 ] ], [ [ 2.417295283367416, 39.599891462688042 ], [ 2.417148016037928, 39.599813482908026 ], [ 2.416883642119348, 39.59980929561732 ], [ 2.416842881644742, 39.599819103333402 ], [ 2.416790835606454, 39.59985174154653 ], [ 2.416764950540204, 39.599851611613943 ], [ 2.41674288331844, 39.599837196929975 ], [ 2.416728199841627, 39.599824249249131 ], [ 2.416606205127894, 39.59981934604609 ], [ 2.41653958355653, 39.599826163020161 ], [ 2.416491487304705, 39.599828782270009 ], [ 2.416489722971489, 39.599818761122336 ], [ 2.41642311222597, 39.599824148143377 ], [ 2.416313929742206, 39.599835042835416 ], [ 2.416117965736412, 39.599831197445404 ] ], [ [ 2.416315022342499, 39.599704882284669 ], [ 2.416389231621611, 39.599675216393017 ], [ 2.41641331512756, 39.599669615795968 ], [ 2.416442923153579, 39.599666903723005 ], [ 2.416489073761006, 39.599675717850751 ], [ 2.416570294599594, 39.599691860472454 ], [ 2.416627563980589, 39.59969786959401 ], [ 2.416653448988985, 39.599697999556774 ], [ 2.416694209425861, 39.599688191005605 ], [ 2.416768418520714, 39.59965852577136 ] ], [ [ 2.419849256861572, 39.600350734246724 ], [ 2.419772197591895, 39.600389685881886 ], [ 2.419735063449984, 39.600408095067728 ], [ 2.419690563328143, 39.600422892150142 ], [ 2.419673898325327, 39.600425669697024 ], [ 2.419592347545194, 39.600448864025807 ] ], [ [ 2.419895248490648, 39.600268001196518 ], [ 2.419873860605626, 39.600282913741758 ], [ 2.419702450845911, 39.600327830288698 ], [ 2.4195486533441, 39.600367113005497 ], [ 2.419451451919429, 39.600382362121962 ], [ 2.419402388812511, 39.600389983888526 ] ], [ [ 2.419517525138768, 39.600330482744361 ], [ 2.41947214802408, 39.600339553797433 ], [ 2.41942124255792, 39.600346450946084 ], [ 2.419358360434838, 39.600348282077256 ] ], [ [ 2.419833070572555, 39.600185443473748 ], [ 2.419773844717043, 39.600192299230841 ], [ 2.419625683343718, 39.600220882488742 ], [ 2.419509003423157, 39.600243901281573 ], [ 2.419447921987687, 39.600251463022374 ], [ 2.419327572767413, 39.600270887095412 ], [ 2.419194329233523, 39.600284525023632 ], [ 2.41907962888494, 39.60029181852736 ], [ 2.419034329422809, 39.600291592030345 ], [ 2.419004770193904, 39.600288583442676 ], [ 2.41898351358041, 39.600287762628476 ] ], [ [ 2.420235036240964, 39.599876339153248 ], [ 2.420054204673045, 39.599942664629353 ], [ 2.419944788686514, 39.599981454873195 ], [ 2.419780650149387, 39.600041427172606 ], [ 2.419662896602025, 39.600082319973993 ], [ 2.419556217485572, 39.600125414242903 ], [ 2.41949502984851, 39.600145849449213 ], [ 2.419430155072422, 39.60016483535771 ], [ 2.419369013975205, 39.600179549165361 ], [ 2.419270889185101, 39.600194792616385 ], [ 2.419198749946383, 39.600198008234372 ], [ 2.419156224832852, 39.600197795653301 ], [ 2.419100792379068, 39.600193227802826 ] ], [ [ 2.420404615616094, 39.600050977513519 ], [ 2.420264835512425, 39.60010940328894 ], [ 2.420038595429375, 39.600188376128862 ], [ 2.420010252528191, 39.600187281356902 ], [ 2.419970928496524, 39.600172781141474 ], [ 2.419914449545856, 39.600145798843123 ] ], [ [ 2.420501730472803, 39.600082930526114 ], [ 2.420495002268516, 39.600002795060234 ], [ 2.420451811951797, 39.599860493804989 ], [ 2.420397194391196, 39.599758186483264 ], [ 2.420342505440375, 39.599664462027192 ] ], [ [ 2.420391374275133, 39.600012767994329 ], [ 2.420362427171157, 39.599936335755388 ], [ 2.420305280451024, 39.599841644828331 ], [ 2.420282147205412, 39.599807200018496 ], [ 2.420276230162856, 39.599777608475307 ] ], [ [ 2.419980294833865, 39.599825719031855 ], [ 2.419943280368674, 39.599829824971835 ], [ 2.419934058981783, 39.59982691815258 ], [ 2.419913834650924, 39.599813228690685 ], [ 2.41985797880512, 39.59985943775181 ], [ 2.419830966077228, 39.599883619973276 ], [ 2.419843831640276, 39.599892981081616 ], [ 2.419848333766101, 39.599907307473849 ], [ 2.419839871219363, 39.599924429913287 ], [ 2.419819418954742, 39.599937917180668 ], [ 2.419799939189113, 39.599945686834793 ], [ 2.419777728076829, 39.599948436701972 ], [ 2.419759214836696, 39.599951205031893 ], [ 2.41973513149394, 39.599956806323519 ], [ 2.419607011036926, 39.600021248974642 ], [ 2.419523479838289, 39.600060168118453 ], [ 2.419465047457764, 39.600082762435932 ], [ 2.41941958690255, 39.600101845339935 ], [ 2.419351927078809, 39.600122248130049 ], [ 2.419272267891637, 39.600140444644296 ], [ 2.419183380117215, 39.600156450510944 ], [ 2.419143592309497, 39.600160542331672 ], [ 2.419082522856002, 39.600166673999865 ], [ 2.419035291463752, 39.600176450131485 ], [ 2.418993570446244, 39.600190545422691 ], [ 2.418967553766172, 39.600206150075181 ], [ 2.418934958490287, 39.600234594891496 ], [ 2.418915364982508, 39.600255953218863 ], [ 2.418888160519921, 39.600303019615772 ], [ 2.418855152732447, 39.600380811062948 ], [ 2.418822997904911, 39.600467189112322 ], [ 2.418764274970214, 39.600634966984572 ], [ 2.418746130278828, 39.600704250401911 ], [ 2.41872795449807, 39.600777108961623 ], [ 2.418727715351137, 39.600805715584279 ] ], [ [ 2.419980294833865, 39.599825719031855 ], [ 2.420159543320708, 39.599781738616926 ], [ 2.420216631678073, 39.599772487860115 ] ], [ [ 2.420106434700483, 39.599535565200249 ], [ 2.42011095921699, 39.599584221086658 ], [ 2.420162442659792, 39.59976661481592 ] ], [ [ 2.420079332250765, 39.59953352244171 ], [ 2.419980579815024, 39.599698002507807 ], [ 2.419934248215255, 39.599784547980036 ], [ 2.419932864843908, 39.599802659062547 ] ], [ [ 2.41965467421484, 39.599941295944994 ], [ 2.419741131662742, 39.59988275779218 ], [ 2.419784631926827, 39.599840063291374 ], [ 2.419785959642667, 39.599828626791691 ] ], [ [ 2.419931886748995, 39.599624332367476 ], [ 2.419924252390913, 39.599652902079008 ], [ 2.419902916791802, 39.599698568079965 ], [ 2.419869166663837, 39.599754661927946 ] ], [ [ 2.419713887072022, 39.599750071538082 ], [ 2.419732455960159, 39.59974062863423 ], [ 2.419767344103354, 39.599695983639329 ], [ 2.419822119638615, 39.599631412462621 ], [ 2.419860657781798, 39.599592508130641 ], [ 2.419878073937544, 39.599573522904741 ] ], [ [ 2.419714760905687, 39.599202235575042 ], [ 2.419783071430505, 39.599288400200933 ], [ 2.419810013489521, 39.599309513511784 ] ], [ [ 2.419641687635641, 39.59909602073791 ], [ 2.419601481106376, 39.599039558440737 ], [ 2.419583310358453, 39.599001323299511 ], [ 2.419577632452421, 39.598943125984306 ], [ 2.419563509783802, 39.59886295261154 ], [ 2.419568974264013, 39.598799089390894 ], [ 2.419580998938664, 39.598687578923318 ], [ 2.419579408869768, 39.598582675301593 ], [ 2.419583934429237, 39.598483523794393 ], [ 2.419592022458408, 39.598400601485963 ], [ 2.419592539797603, 39.59833862013447 ], [ 2.419596651448657, 39.598289054064892 ], [ 2.419610687915513, 39.598231907614519 ], [ 2.41961361392881, 39.598176614054431 ], [ 2.419608088441961, 39.598100298599029 ], [ 2.419601488770359, 39.598004906488271 ], [ 2.419588900886783, 39.597888504783661 ], [ 2.419571088601322, 39.597807359672778 ], [ 2.419538485327177, 39.597726141567811 ], [ 2.419518056349844, 39.597663101369626 ] ], [ [ 2.419450432353484, 39.597494930569425 ], [ 2.419403325016291, 39.597379310548625 ], [ 2.419374260636486, 39.597317181366506 ], [ 2.419326906713173, 39.597231121210903 ], [ 2.419269954701798, 39.597113544442372 ], [ 2.419238553601, 39.597036145430707 ], [ 2.419218172866301, 39.596967384748027 ], [ 2.419205267230129, 39.596889125780486 ], [ 2.419204441208127, 39.596840488325682 ], [ 2.419221061497502, 39.596769051805254 ], [ 2.419272481073065, 39.59666345890561 ], [ 2.419342166016986, 39.59658465851367 ], [ 2.419393290691731, 39.596514348588002 ], [ 2.419420788824083, 39.59646871344701 ], [ 2.419445806656476, 39.596424972494958 ], [ 2.419470982490021, 39.596362161032957 ], [ 2.419481472208586, 39.596286878858606 ], [ 2.419478315804408, 39.596222019247357 ], [ 2.419466324934057, 39.596181908358453 ], [ 2.419423766162033, 39.596112082695399 ], [ 2.419340517225531, 39.596043961167524 ], [ 2.419263487347984, 39.595969195800016 ], [ 2.419196214918299, 39.595906875587154 ], [ 2.419132702811339, 39.595836945976004 ], [ 2.419110787695284, 39.595804413592383 ], [ 2.419059681694122, 39.595725010314979 ], [ 2.419018325068921, 39.59565900458901 ], [ 2.418997713911385, 39.595617897250982 ], [ 2.418994279161148, 39.595586411446796 ], [ 2.419001977166773, 39.595550213035629 ], [ 2.419017014671235, 39.595520727087347 ], [ 2.41905182826561, 39.595484664252091 ], [ 2.419075414673979, 39.595464756687136 ] ], [ [ 2.419450432353484, 39.597494930569425 ], [ 2.419486488874796, 39.597587014406649 ], [ 2.419518056349844, 39.597663101369626 ] ], [ [ 2.419700598261172, 39.598849929937856 ], [ 2.419674164449396, 39.598915595921092 ], [ 2.419679292796861, 39.598965685686565 ], [ 2.419700751598228, 39.599053046289676 ], [ 2.419727889066178, 39.599124702294155 ] ], [ [ 2.41980152343524, 39.599163690131675 ], [ 2.419846863827686, 39.599269765495343 ], [ 2.419885213225087, 39.599327172628733 ] ], [ [ 2.419968975987391, 39.599260362867724 ], [ 2.419852160761147, 39.599078119495594 ], [ 2.419810267686964, 39.599002099114799 ], [ 2.419771428020009, 39.599003336005644 ] ], [ [ 2.419778300121992, 39.598844596420669 ], [ 2.419818738863857, 39.598651695050286 ], [ 2.419882842542833, 39.5985032544056 ], [ 2.419972579927151, 39.598384979461876 ], [ 2.420051080502418, 39.598283813058799 ], [ 2.420080984849879, 39.598245342194971 ], [ 2.420153819754541, 39.598158451357875 ], [ 2.420196737190585, 39.598111462152929 ] ], [ [ 2.419955699796984, 39.598856925304588 ], [ 2.419999501812427, 39.598704091623517 ], [ 2.420022297083595, 39.598631254992569 ], [ 2.420031910824759, 39.598586961292881 ], [ 2.420047191134451, 39.598528391059638 ], [ 2.420051020149936, 39.598512676314975 ] ], [ [ 2.42010422131824, 39.598563005104509 ], [ 2.420087033090589, 39.59862871732971 ], [ 2.420078874041885, 39.598720222566357 ], [ 2.420096945597759, 39.598770376015409 ] ], [ [ 2.420170532088983, 39.598815085849132 ], [ 2.420175458036657, 39.598889490789162 ], [ 2.420167668808865, 39.598936655287588 ], [ 2.420114837734359, 39.599063696017232 ] ], [ [ 2.420233645362515, 39.598785362117702 ], [ 2.420219164185073, 39.598748099678858 ], [ 2.420194197843091, 39.598637834496714 ], [ 2.420216539700735, 39.598619351344141 ], [ 2.420259230805913, 39.59859953888126 ] ], [ [ 2.420577245394737, 39.598489852005635 ], [ 2.420523353774561, 39.598522482701028 ], [ 2.420489154567728, 39.598632452735977 ] ], [ [ 2.42060990583878, 39.598564396137903 ], [ 2.420548058382292, 39.598664215124877 ] ], [ [ 2.422151845584051, 39.599860716630339 ], [ 2.422335397527229, 39.600023264023129 ], [ 2.422408867977959, 39.60008227577211 ], [ 2.42245484144354, 39.600112542070207 ] ], [ [ 2.421860593147565, 39.600198270953925 ], [ 2.421906424904396, 39.600245702358869 ], [ 2.42195609614111, 39.600275988152347 ], [ 2.422013200046734, 39.600302019274729 ], [ 2.422061058674485, 39.600328004382099 ], [ 2.422088720979645, 39.60033672432229 ] ], [ [ 2.421608566816018, 39.599820823274953 ], [ 2.421758562908967, 39.600016103079611 ], [ 2.421828109000423, 39.600102273548956 ], [ 2.42188138285569, 39.600144019530958 ] ], [ [ 2.422068453866656, 39.599883188126341 ], [ 2.422121442401551, 39.599959262873398 ] ], [ [ 2.422021849432941, 39.599928728826278 ], [ 2.422163409902265, 39.600026699536876 ], [ 2.422253224146393, 39.60012155289732 ], [ 2.422313632614367, 39.600194802766133 ], [ 2.422337372396932, 39.600230681029196 ] ], [ [ 2.42186833447113, 39.599711975527264 ], [ 2.421915752657531, 39.599790883435276 ], [ 2.421974383465352, 39.599855543191623 ] ], [ [ 2.421465159203255, 39.599722842690262 ], [ 2.42149965879233, 39.599798824757592 ], [ 2.421527189919152, 39.599823278933599 ], [ 2.421528527760458, 39.599884792871485 ], [ 2.421542652898379, 39.599964965108406 ] ], [ [ 2.421616951212579, 39.599702142080211 ], [ 2.421634833766005, 39.599775181506516 ], [ 2.421671443632146, 39.599819706318925 ] ], [ [ 2.421668338642847, 39.600193023440291 ], [ 2.421715756922676, 39.600271931424153 ] ], [ [ 2.421305923889263, 39.600415790819063 ], [ 2.421328996615822, 39.600531767867928 ], [ 2.421332194567355, 39.600591860222785 ] ], [ [ 2.421820778551796, 39.599871943621778 ], [ 2.421874148530552, 39.59990224695607 ], [ 2.421949586887112, 39.599946964874128 ], [ 2.422012129752691, 39.599985896128317 ], [ 2.42206514207933, 39.600059110235492 ] ], [ [ 2.416830797068879, 39.599586821946346 ], [ 2.416653123684728, 39.599610575120622 ], [ 2.41652483618417, 39.599621374090695 ], [ 2.416377048914981, 39.599605373737475 ], [ 2.41631061562458, 39.599589782816494 ], [ 2.416254059702783, 39.599572333994296 ], [ 2.416155513999345, 39.599564209796448 ], [ 2.415970685525219, 39.599555652744833 ], [ 2.415817808229253, 39.599558698277264 ], [ 2.415640231281174, 39.599567340951637 ], [ 2.415455241390738, 39.599577853548908 ] ], [ [ 2.41487379845913, 39.599532969333836 ], [ 2.415572230202462, 39.599444938586309 ], [ 2.416147205956303, 39.599379170492639 ], [ 2.416272996588096, 39.599372174371304 ], [ 2.416376425253182, 39.599386043660282 ], [ 2.416470007493924, 39.599397956819082 ], [ 2.416615424730338, 39.599402502024262 ], [ 2.416807568595853, 39.599420631310174 ], [ 2.416864285638841, 39.599419008489093 ], [ 2.416908678322905, 39.599422990393442 ], [ 2.416987453346354, 39.599436735412944 ], [ 2.417039015316808, 39.599461787875882 ], [ 2.417061122455223, 39.599471434433703 ], [ 2.417107978215429, 39.599469762918858 ], [ 2.417218929598739, 39.59946841199173 ], [ 2.417251041924286, 39.599460944002438 ], [ 2.41729304634956, 39.59944971153881 ], [ 2.417339902090708, 39.59944803993028 ], [ 2.417389174353977, 39.599452101083912 ], [ 2.417536626077906, 39.599508148520741 ], [ 2.417850915280038, 39.599660391818546 ], [ 2.41785800763114, 39.599696664230528 ], [ 2.417878885585955, 39.599853158567406 ] ], [ [ 2.416245126989638, 39.599461671899519 ], [ 2.416321389432987, 39.599481127212357 ], [ 2.416424817097806, 39.599494997354412 ] ], [ [ 2.416830797068879, 39.599586821946346 ], [ 2.416917643132686, 39.599560646673353 ], [ 2.416952862085235, 39.599550095701694 ], [ 2.417003792355745, 39.599540338073972 ] ], [ [ 2.417366188287863, 39.599547345836434 ], [ 2.417304326885909, 39.599531833371927 ], [ 2.41717041740627, 39.599514712458024 ], [ 2.4170716021636, 39.599502058188015 ], [ 2.417040187856981, 39.599499755214879 ] ], [ [ 2.415461450767974, 39.599396463439703 ], [ 2.415707182396787, 39.599345252058662 ], [ 2.415856600546139, 39.599313580555233 ], [ 2.415947918375536, 39.599301643197258 ], [ 2.4160316563204, 39.599311599735302 ], [ 2.416128833308067, 39.599335928560166 ] ], [ [ 2.415874618486512, 39.599223079396872 ], [ 2.415757183570013, 39.599262539904409 ], [ 2.415712689367798, 39.599276620074747 ] ], [ [ 2.415701214698077, 39.599028627594414 ], [ 2.41556529089438, 39.599067994930749 ] ], [ [ 2.415837569493374, 39.599084622282255 ], [ 2.415930207351034, 39.599062201737553 ], [ 2.415973341013954, 39.599063371850519 ], [ 2.416012727639753, 39.599070244679318 ], [ 2.416095056932949, 39.599101173763586 ] ], [ [ 2.415801488501099, 39.598977637726655 ], [ 2.415880599209406, 39.598951335129534 ], [ 2.415936066481878, 39.598951613966342 ], [ 2.416041958887751, 39.598965495937179 ], [ 2.416142785178259, 39.598995564656711 ], [ 2.416226385526347, 39.599021731764111 ] ], [ [ 2.415808099380377, 39.598924269391617 ], [ 2.415640257066918, 39.598948219122718 ], [ 2.415503309568467, 39.598962787490265 ], [ 2.415345367228021, 39.598982018325358 ] ], [ [ 2.4163040329543, 39.599023075157206 ], [ 2.416456627814373, 39.599053403660093 ], [ 2.41646648906647, 39.59905345318618 ], [ 2.416491245642156, 39.599041180192209 ], [ 2.416618387851394, 39.599019886569813 ], [ 2.416928220478681, 39.598968040232414 ], [ 2.417414587288727, 39.598884656455084 ], [ 2.417480003625149, 39.598874494602676 ], [ 2.417510819527596, 39.598874649094753 ], [ 2.417537888526414, 39.598880506360864 ], [ 2.417562461150271, 39.598890165183484 ], [ 2.417583063245953, 39.598932226902946 ] ], [ [ 2.41762916794075, 39.59902018896932 ], [ 2.417585233340594, 39.598967520467085 ], [ 2.417561902053814, 39.598956914578075 ], [ 2.417528621678067, 39.598956747744815 ], [ 2.417449670182584, 39.598963980078985 ], [ 2.417216363887696, 39.599003815249169 ], [ 2.416765820866568, 39.599077842380254 ], [ 2.416607798593376, 39.599106610171589 ], [ 2.416573261929013, 39.599109297539179 ], [ 2.416525342200345, 39.599090938919403 ] ], [ [ 2.417443257147187, 39.598846655834237 ], [ 2.417379737343763, 39.598777678553098 ], [ 2.417364994042312, 39.59877188305812 ], [ 2.417328015946745, 39.598771697625317 ], [ 2.41703420794532, 39.598823625435756 ], [ 2.41691945583453, 39.598837353540347 ], [ 2.416797242905845, 39.598858673137023 ], [ 2.416649098374788, 39.598885583077944 ], [ 2.416573781841613, 39.598900463021899 ], [ 2.416487378669021, 39.598914333044746 ], [ 2.416467657368918, 39.598914234001398 ], [ 2.416443100898764, 39.598902667539988 ] ], [ [ 2.417355460413252, 39.598732737586367 ], [ 2.41728806720337, 39.598684719604158 ], [ 2.417246165960508, 39.598683556160978 ], [ 2.417059795697325, 39.598712183289059 ], [ 2.4165920295825, 39.598782308364449 ], [ 2.416435281300733, 39.598806314950515 ], [ 2.416432783697941, 39.598810116482781 ] ], [ [ 2.417369139273123, 39.598718502265484 ], [ 2.417227427681719, 39.598566170081391 ], [ 2.417180828276582, 39.598537328515576 ], [ 2.417138928296998, 39.598536164139212 ], [ 2.417087151142399, 39.598536858585369 ], [ 2.416993217012352, 39.598566902607381 ], [ 2.416823726729413, 39.598640432384933 ], [ 2.416749538746098, 39.598667713632466 ], [ 2.41670996713616, 39.598682773092783 ], [ 2.416682794301613, 39.598689311537505 ], [ 2.416633393466059, 39.598700506647148 ], [ 2.41654826393148, 39.598709615740489 ], [ 2.416506315852886, 39.598714172459687 ], [ 2.416417536495642, 39.598717541562678 ], [ 2.416190664902008, 39.59872498419022 ], [ 2.416011872763997, 39.598731713844337 ], [ 2.415965018637524, 39.598733385827693 ] ], [ [ 2.415884794979941, 39.598745378975721 ], [ 2.415841757642827, 39.598732766184042 ], [ 2.415807341302962, 39.59872115001621 ], [ 2.415783945123577, 39.598718171597298 ], [ 2.415728429966168, 39.598723614012762 ], [ 2.415475248823754, 39.598781463732834 ], [ 2.415314730214221, 39.598814031285052 ], [ 2.415193686077385, 39.598842984129185 ], [ 2.415154065924245, 39.598863763477752 ], [ 2.415120665300099, 39.598877899262057 ] ], [ [ 2.415992877836494, 39.598684241107385 ], [ 2.416249936122941, 39.598604953414672 ], [ 2.416450089456792, 39.598549696470997 ], [ 2.416562524768062, 39.598518315851059 ] ], [ [ 2.416441411213163, 39.598886114269249 ], [ 2.416433918181966, 39.5988610441118 ], [ 2.416426443991534, 39.598833590813747 ], [ 2.416397230148519, 39.598826292574884 ], [ 2.416335599563605, 39.598825982998044 ], [ 2.416142824578281, 39.598846469877309 ], [ 2.416067327471932, 39.598846090477615 ], [ 2.415985646934991, 39.598848064084407 ], [ 2.415894602296528, 39.598864294472179 ] ], [ [ 2.417147164403417, 39.598511793741459 ], [ 2.417098090656342, 39.598484131798067 ], [ 2.417050797609345, 39.598427870939091 ], [ 2.416970007029195, 39.598323761962391 ], [ 2.416863203519816, 39.598198066054252 ], [ 2.416835700668378, 39.598170512257489 ], [ 2.41680954758251, 39.598165612719058 ], [ 2.416772529822296, 39.598170195183101 ], [ 2.416671991252092, 39.598216178426213 ], [ 2.416556016479385, 39.598265660274414 ], [ 2.416402992510489, 39.59832329949694 ], [ 2.416259192172079, 39.598383368091611 ], [ 2.416155621305818, 39.59842337621172 ], [ 2.41609378206303, 39.598448097083242 ], [ 2.415939316583549, 39.598493808669176 ], [ 2.41579245382731, 39.598551478053778 ], [ 2.41573375495734, 39.598569063016171 ], [ 2.415612146456878, 39.598555339593588 ] ], [ [ 2.415656376757954, 39.598609201495535 ], [ 2.415554527555367, 39.598627761414811 ], [ 2.415332538091172, 39.598640948489916 ], [ 2.415172160081226, 39.598656829406373 ] ], [ [ 2.415054982420326, 39.598665775189517 ], [ 2.414956273686832, 39.598677197986909 ] ], [ [ 2.415652037517555, 39.598392236831863 ], [ 2.415557991866207, 39.598398915322214 ], [ 2.415235624820108, 39.59843901302628 ], [ 2.415150742759611, 39.59845527384811 ], [ 2.415068982455579, 39.59846678205205 ], [ 2.415030453666111, 39.598467780149626 ], [ 2.41493483691979, 39.598478027329854 ] ], [ [ 2.415495001165587, 39.598377143038604 ], [ 2.415564354424781, 39.598375107769868 ], [ 2.415644693898922, 39.598349288156889 ], [ 2.415737479060224, 39.59830922625676 ], [ 2.416179853882698, 39.598106426819882 ], [ 2.416260302884954, 39.598067495482127 ], [ 2.41633443839848, 39.598046411591604 ], [ 2.416592262658324, 39.597985723415704 ], [ 2.416649349998807, 39.597976473500474 ], [ 2.416675481838783, 39.597983757104338 ], [ 2.416715061275398, 39.598041171464303 ], [ 2.416740884390521, 39.598085404909241 ], [ 2.416794320308818, 39.598144080866227 ] ], [ [ 2.416201074394433, 39.597964686361763 ], [ 2.416255320241893, 39.597926814532464 ], [ 2.416284694937548, 39.597915042328815 ], [ 2.41635873023408, 39.597905878598766 ], [ 2.416468122289846, 39.597906428038876 ], [ 2.41652665039438, 39.597909106099983 ], [ 2.416574423848959, 39.597908153925815 ], [ 2.416595904330096, 39.597918989494822 ], [ 2.416629450324759, 39.597960877606191 ] ], [ [ 2.416563888040869, 39.59787830112284 ], [ 2.41651798665093, 39.597839926250032 ], [ 2.416484299589403, 39.597814725449354 ], [ 2.416464501183852, 39.597787210255497 ], [ 2.416455516272033, 39.597756173163127 ], [ 2.416426682985454, 39.597703580958715 ], [ 2.416393106066799, 39.597665267935433 ], [ 2.416337969956119, 39.597625655438762 ], [ 2.416313409120225, 39.597614804347657 ], [ 2.416243855355672, 39.597640678618042 ], [ 2.416163396833144, 39.597680801968629 ], [ 2.416079817690456, 39.597725677852523 ], [ 2.416024121171555, 39.597752813697724 ], [ 2.415943522236629, 39.597809624240554 ], [ 2.415878360342301, 39.59786293703079 ], [ 2.41579144879759, 39.597937594949215 ], [ 2.415732429968887, 39.597993322679208 ], [ 2.415688958453244, 39.598032439613732 ], [ 2.415648618635692, 39.598065612842937 ], [ 2.415599004884668, 39.598102314716122 ], [ 2.415583447429184, 39.598120116584425 ], [ 2.415564847201492, 39.598133134873727 ] ], [ [ 2.415586916771833, 39.598257213739707 ], [ 2.415406610164732, 39.598261074065306 ], [ 2.415263220039595, 39.598272273210632 ], [ 2.415176828589449, 39.598284950252577 ], [ 2.415138249780805, 39.598291907572921 ], [ 2.415116609005627, 39.598300143114052 ], [ 2.415091816366915, 39.598316706358801 ], [ 2.415032856829343, 39.598365280717822 ], [ 2.414975508236577, 39.598405520484427 ], [ 2.41494913574028, 39.598426843114055 ] ], [ [ 2.415834216508501, 39.597370818073102 ], [ 2.41591917601231, 39.597345021490696 ], [ 2.416005467231019, 39.597344263168225 ], [ 2.41608083259355, 39.597360137927133 ], [ 2.416154527075023, 39.597391500225953 ], [ 2.416208122075087, 39.597431105067436 ], [ 2.41627827480516, 39.597517281021879 ], [ 2.416320815244931, 39.597589014311083 ] ], [ [ 2.416076710570395, 39.597300517408584 ], [ 2.416040203701264, 39.597244310336606 ], [ 2.416011130711107, 39.597220323753952 ], [ 2.415980425662439, 39.597207057574174 ], [ 2.415926520620646, 39.597204402478503 ], [ 2.415858559165942, 39.597224325085179 ], [ 2.415658924115812, 39.597328216953073 ], [ 2.415609359815504, 39.597358959645668 ], [ 2.415598435015339, 39.597375591849698 ], [ 2.415598014301839, 39.5974256538913 ], [ 2.415603696777457, 39.597482898136903 ], [ 2.415621454268931, 39.597570003013288 ], [ 2.415612618256113, 39.597704654154533 ], [ 2.415595109363942, 39.597771318297596 ], [ 2.415574679067103, 39.597818894654488 ], [ 2.415546655943388, 39.597853321868577 ], [ 2.415515570003489, 39.597885349532497 ], [ 2.41545995329214, 39.597902949864135 ], [ 2.41541208079475, 39.597915820860671 ], [ 2.415333442919656, 39.59792257669119 ], [ 2.415251743406069, 39.597926933825349 ], [ 2.415233224517933, 39.597930416828412 ], [ 2.415200759116999, 39.597943365277921 ], [ 2.415171283986306, 39.597967056480236 ], [ 2.415149212253145, 39.598026545177667 ], [ 2.415130322402443, 39.598074130108394 ], [ 2.41512922965613, 39.598204051904361 ], [ 2.415117953709566, 39.598262402867853 ] ], [ [ 2.414632850502241, 39.598869403032282 ], [ 2.414841007179184, 39.598961997484118 ], [ 2.414977284934466, 39.599027050885439 ] ], [ [ 2.414084596837455, 39.598982501758833 ], [ 2.41423108297111, 39.59893317711834 ], [ 2.414320035364624, 39.598909308435708 ], [ 2.414368106958273, 39.598909550741219 ], [ 2.414427223817371, 39.598915570258093 ], [ 2.414548733891299, 39.598977689853051 ] ], [ [ 2.414698267386167, 39.599005620201616 ], [ 2.415029736755951, 39.599166063368003 ], [ 2.415116334378504, 39.59920225955171 ], [ 2.415188406580921, 39.599206913054886 ] ], [ [ 2.414843469369041, 39.598889059481394 ], [ 2.4150481571872, 39.598954458208837 ] ], [ [ 2.417357813218778, 39.598499754615759 ], [ 2.41732824684083, 39.598497698860662 ], [ 2.41730613198476, 39.598489005607995 ], [ 2.417291468654021, 39.598473674861928 ], [ 2.417289178869021, 39.598452683703002 ], [ 2.417290556073957, 39.598435525912357 ], [ 2.417303041469089, 39.598416516341125 ], [ 2.417315422978975, 39.598409903574272 ], [ 2.417336457409422, 39.598400473415602 ], [ 2.417357411939929, 39.598400578495244 ], [ 2.417384472754522, 39.598407389050053 ], [ 2.417404106032129, 39.598417977333888 ] ], [ [ 2.417321778115084, 39.598387049181071 ], [ 2.417318254395407, 39.598219198607659 ], [ 2.417326752580959, 39.598087645203947 ], [ 2.41732718113625, 39.597889299121071 ], [ 2.417342363688928, 39.597842648531248 ], [ 2.417398285462067, 39.597788574065639 ] ], [ [ 2.417255110824191, 39.598473014968995 ], [ 2.417193930087568, 39.598419068650117 ], [ 2.417140523595631, 39.598356816822083 ], [ 2.417059762939958, 39.598249131852491 ], [ 2.416997202771198, 39.598176106320921 ], [ 2.416977632746105, 39.598121176599058 ], [ 2.416976391711654, 39.598085411034099 ], [ 2.416972778558031, 39.597965001240006 ], [ 2.416952027564689, 39.59786715293771 ], [ 2.416940211780992, 39.597806301777297 ], [ 2.416909384689757, 39.597623772372707 ], [ 2.416906644016765, 39.597583231005792 ], [ 2.41693912892617, 39.597567898039273 ], [ 2.417217458752912, 39.597450094794738 ], [ 2.417336414631856, 39.597412547005256 ] ], [ [ 2.417609430146292, 39.597745290902708 ], [ 2.417530389998307, 39.597616158547247 ], [ 2.417501654629649, 39.597551647316934 ], [ 2.417495792034603, 39.597515857683099 ], [ 2.417497482625496, 39.597497986037098 ] ], [ [ 2.416900610649376, 39.597567704743049 ], [ 2.416894937094625, 39.597509268535802 ], [ 2.416893536199203, 39.597492573452385 ], [ 2.416902861096212, 39.597483083704049 ], [ 2.416935325970115, 39.597470134773992 ], [ 2.417021917114024, 39.597433617860332 ], [ 2.41724618125823, 39.597332231313963 ], [ 2.417430116240045, 39.597262825270974 ] ], [ [ 2.416828996242714, 39.597471985281743 ], [ 2.416796981398559, 39.597614863757848 ], [ 2.416777872859668, 39.597688671561279 ] ], [ [ 2.416945326309882, 39.598115055047607 ], [ 2.416867158128517, 39.598065790679868 ], [ 2.416825918929724, 39.598022671956514 ], [ 2.416789331109219, 39.597976000361591 ], [ 2.416780366023667, 39.59794257925833 ], [ 2.416777674238464, 39.597896077795831 ], [ 2.416776363334536, 39.597868655452331 ] ], [ [ 2.416754342984977, 39.59792218527766 ], [ 2.416708501444789, 39.597876659273197 ], [ 2.416696614723966, 39.597824151307961 ], [ 2.416680016707105, 39.597782348301422 ], [ 2.416648201580387, 39.597717820500947 ], [ 2.416626971137643, 39.597677186296458 ], [ 2.416624129470289, 39.597648564196561 ], [ 2.416629401906025, 39.597571110746458 ], [ 2.416647119731925, 39.597479415862978 ], [ 2.416663936596054, 39.597311429495527 ], [ 2.416686106783137, 39.59724002121294 ], [ 2.416768635142829, 39.597136731874322 ], [ 2.416864769530143, 39.597064502732898 ], [ 2.417046093335396, 39.596939060584987 ], [ 2.417143676895594, 39.596877566193278 ], [ 2.417296997854365, 39.596784168115491 ], [ 2.417347857056164, 39.596757901221501 ], [ 2.417407181233914, 39.59673912650063 ] ], [ [ 2.417291985931796, 39.597097219935058 ], [ 2.417284800234445, 39.597072152266925 ], [ 2.417282165067615, 39.597055689770762 ], [ 2.417286900201355, 39.597042125021282 ], [ 2.417311085760844, 39.597024366189515 ], [ 2.417333331986516, 39.597017325340744 ], [ 2.417367584088084, 39.597011775533218 ], [ 2.417389674517913, 39.597023329436453 ], [ 2.417417035342382, 39.597067809223432 ] ], [ [ 2.417564601885995, 39.597406856729677 ], [ 2.41766053985757, 39.597542033197719 ], [ 2.417762232328009, 39.597726110511083 ], [ 2.417815389426027, 39.597818160711526 ], [ 2.417836510842879, 39.597871906001473 ], [ 2.417873109295087, 39.597917385254135 ], [ 2.41789143847053, 39.59793654927234 ] ], [ [ 2.41748613409325, 39.597945245722961 ], [ 2.417482361467089, 39.597843907328837 ], [ 2.417510213898542, 39.597829743046546 ], [ 2.417592013003355, 39.597813465042712 ], [ 2.417619745611832, 39.597813604049712 ], [ 2.417636653644968, 39.597818457068783 ], [ 2.417714343031137, 39.597924933285519 ] ], [ [ 2.417509095653083, 39.597963240957156 ], [ 2.41765253471773, 39.597946079842906 ], [ 2.417692592877445, 39.597946280607722 ], [ 2.417723378425843, 39.597950011094603 ], [ 2.417740326423476, 39.597950096026487 ], [ 2.417808591471726, 39.598077981274571 ] ], [ [ 2.417609430146292, 39.597745290902708 ], [ 2.417643445831776, 39.597743395325701 ], [ 2.417658763117037, 39.597754199808193 ], [ 2.417689438786216, 39.597771041601611 ], [ 2.417788567769044, 39.597893122101503 ], [ 2.417977923283257, 39.598096709736367 ] ], [ [ 2.417687211307826, 39.59674895402496 ], [ 2.417733337241855, 39.596944671772242 ], [ 2.417772358118428, 39.597068835203004 ], [ 2.417782301598932, 39.597116621821407 ], [ 2.417827229294264, 39.597324197433139 ], [ 2.417838387201011, 39.597463716308638 ], [ 2.417842281238884, 39.597550751390251 ], [ 2.417841532848706, 39.597640147346596 ], [ 2.41785502992101, 39.597684318789568 ], [ 2.417871658552115, 39.59772254648054 ], [ 2.417908207067257, 39.597773984912607 ], [ 2.417949318262563, 39.597832598598167 ], [ 2.417975012397441, 39.597892327110316 ], [ 2.41799752514381, 39.597963960361568 ], [ 2.418018735358861, 39.598006978350561 ], [ 2.418029271811972, 39.598036831025674 ] ], [ [ 2.417578475743939, 39.596743799336309 ], [ 2.417601887308077, 39.596744870882119 ], [ 2.417610395104935, 39.596759217445197 ], [ 2.417628300679106, 39.596828919296833 ], [ 2.417662349079351, 39.596884399034572 ] ], [ [ 2.417236416983949, 39.596671041281056 ], [ 2.417086748193805, 39.596733228657619 ] ], [ [ 2.417017309540059, 39.596782466891973 ], [ 2.416850240039354, 39.596861730454293 ], [ 2.416727687827942, 39.596924052555082 ], [ 2.416575393682244, 39.597005297378438 ], [ 2.416513404670469, 39.597047897852882 ], [ 2.416482366706251, 39.597074443229729 ], [ 2.416471097520486, 39.597095365413473 ], [ 2.416465902400233, 39.597126807941095 ], [ 2.416437929833864, 39.597375556512539 ], [ 2.416443316928459, 39.597468081929598 ], [ 2.416456507608797, 39.597512014122358 ], [ 2.416479366152585, 39.597578880231723 ], [ 2.416523027017256, 39.597663969695638 ], [ 2.416554450535144, 39.597738507854871 ], [ 2.416582407195766, 39.597785374960488 ], [ 2.416621490339239, 39.59782848294607 ] ], [ [ 2.416200848693321, 39.596966333129672 ], [ 2.416109857828688, 39.597013079291862 ], [ 2.416079177236915, 39.597033666015683 ], [ 2.416060532521246, 39.597052166956971 ], [ 2.41605852810252, 39.597070752426482 ], [ 2.416065707349586, 39.597096535558144 ], [ 2.416097641763245, 39.597146759304316 ], [ 2.416116850931288, 39.597171172945451 ], [ 2.416172886098752, 39.597213650849937 ], [ 2.416234289563176, 39.597277612024627 ] ], [ [ 2.418216897607137, 39.596542988255862 ], [ 2.417976047701152, 39.596601381860985 ], [ 2.417863366530943, 39.596625849000063 ], [ 2.417854232630673, 39.596612691386568 ], [ 2.417782917241811, 39.59648121464658 ], [ 2.417733534121121, 39.596490502831479 ] ], [ [ 2.418355345088035, 39.59638534443382 ], [ 2.418293432864389, 39.596603169493349 ], [ 2.418285000995634, 39.596690142864489 ], [ 2.418298563358112, 39.596910729891981 ], [ 2.418327175018888, 39.59717430490592 ], [ 2.418349189426839, 39.597305534510625 ], [ 2.418374065069594, 39.5974630021298 ], [ 2.418400462872019, 39.597622861495317 ], [ 2.41845358660992, 39.597903246293562 ], [ 2.418504266999416, 39.598107330975118 ] ], [ [ 2.418464919841773, 39.596629083868905 ], [ 2.418451851727125, 39.596644037803458 ], [ 2.418443401209965, 39.596659729368568 ], [ 2.418441396275554, 39.59667831487937 ], [ 2.41844307226428, 39.596699064176413 ], [ 2.418451199835108, 39.596721991126941 ], [ 2.41846121987895, 39.596739920501122 ], [ 2.418466574466411, 39.596762834472635 ], [ 2.418474661355723, 39.596790767364148 ], [ 2.418461312127396, 39.596839333877 ], [ 2.418445274779977, 39.596877874640711 ], [ 2.418442261393045, 39.596906467396103 ], [ 2.418445749779718, 39.596931516488795 ], [ 2.418462049172438, 39.596972364462289 ], [ 2.418464322651813, 39.597009130830131 ], [ 2.418464143230519, 39.597030586260587 ], [ 2.418469747136279, 39.597097365627398 ] ], [ [ 2.418691584292338, 39.596498025549131 ], [ 2.418652754043251, 39.596719542480642 ], [ 2.418636938597791, 39.596768335449276 ], [ 2.418639701348772, 39.596806492757054 ], [ 2.418654729617789, 39.596851863843874 ], [ 2.418669767870791, 39.596896042910053 ] ], [ [ 2.418816003653979, 39.596543943851309 ], [ 2.418772840260962, 39.596730870967043 ], [ 2.418739668701868, 39.596828449227225 ], [ 2.418754796665666, 39.596861901017377 ], [ 2.418754408129293, 39.596908386135034 ] ], [ [ 2.418926694191979, 39.596020019775111 ], [ 2.41887976679939, 39.596104416541415 ], [ 2.418842361799199, 39.596155484800164 ], [ 2.418820512938182, 39.596188751632241 ], [ 2.418810939440813, 39.59622804020416 ], [ 2.418810570867311, 39.596272142191069 ], [ 2.418823898965178, 39.596336576049211 ] ], [ [ 2.419008251852454, 39.596032347398584 ], [ 2.419006073746352, 39.596108624387597 ], [ 2.418985228021256, 39.596206263460871 ], [ 2.41896446190398, 39.596294367279988 ], [ 2.418948706535409, 39.596336008184984 ], [ 2.418916083204511, 39.59636802908414 ], [ 2.418908010699936, 39.596412092542238 ], [ 2.41889686770977, 39.59645494857476 ] ], [ [ 2.418804036793504, 39.595947886697111 ], [ 2.418822176456402, 39.595989697126377 ], [ 2.418824989084508, 39.596021895242913 ], [ 2.418815405659422, 39.596062374934192 ], [ 2.418787124684323, 39.596127792733881 ], [ 2.418768327504771, 39.596164651026761 ], [ 2.418749480497181, 39.596207468508453 ], [ 2.418736697022549, 39.596262236104117 ], [ 2.418739429921693, 39.596303969468956 ], [ 2.418771236402439, 39.596369688740594 ], [ 2.418783433282237, 39.596385245741509 ], [ 2.418778631573812, 39.596406677152146 ] ], [ [ 2.419058703562116, 39.59626384653378 ], [ 2.419036227439415, 39.596372206078094 ], [ 2.419002697937796, 39.596512693490389 ], [ 2.418985242399362, 39.59657339809096 ], [ 2.418975768532828, 39.596600766488066 ], [ 2.41896179291906, 39.596613808452631 ], [ 2.418942975777345, 39.596653050807618 ], [ 2.418903531716094, 39.596763708698532 ], [ 2.4188703603237, 39.59686128699672 ] ], [ [ 2.419124976595338, 39.596077034828063 ], [ 2.419106699687443, 39.596272907623721 ] ], [ [ 2.419208388549532, 39.596051704738656 ], [ 2.419233866084853, 39.596100465419099 ], [ 2.419239007045412, 39.596149124447265 ], [ 2.419227436227008, 39.596206282296606 ], [ 2.419191794062225, 39.596267611447971 ], [ 2.419133859393426, 39.596341702223057 ], [ 2.419109656614814, 39.596361606714744 ], [ 2.419081745351405, 39.596382923502773 ] ], [ [ 2.419329275554396, 39.596121968807331 ], [ 2.419327015264663, 39.596171306264814 ], [ 2.419334046348756, 39.596214968587226 ], [ 2.419359661366991, 39.596247280642295 ], [ 2.419364950541656, 39.596278060278259 ], [ 2.419362720128665, 39.596323821679015 ], [ 2.41932626196592, 39.596372272813745 ], [ 2.419290870627005, 39.596403564563694 ], [ 2.419239735097559, 39.596438353814982 ], [ 2.419174678551191, 39.596479510444489 ], [ 2.419160746804616, 39.596487307731749 ] ], [ [ 2.419514073219557, 39.593969869158919 ], [ 2.419476894695463, 39.593994000540192 ], [ 2.419446753078673, 39.594061077947181 ], [ 2.419385060609181, 39.594364013819259 ], [ 2.41936349337094, 39.594511236928184 ], [ 2.419372343843033, 39.594558484558604 ], [ 2.419453165403926, 39.594621825673457 ], [ 2.419583738089434, 39.594705440757792 ], [ 2.419736483583228, 39.594790597270247 ], [ 2.419894789539869, 39.594874350499886 ], [ 2.420010535852433, 39.594962181806885 ], [ 2.420089402895039, 39.595038386703358 ], [ 2.420111338112838, 39.595068534869959 ], [ 2.420185386818104, 39.595279172537637 ], [ 2.420266698919825, 39.59550558025704 ], [ 2.420284543261578, 39.595582910473482 ], [ 2.420284173640655, 39.595627251241055 ], [ 2.42027272300617, 39.595670105878639 ], [ 2.420257574708431, 39.595712942065276 ], [ 2.420227659636133, 39.595752843783224 ], [ 2.420130781278548, 39.595841044661221 ], [ 2.420041297987678, 39.595929283269378 ], [ 2.420026209136103, 39.595964967308696 ], [ 2.420022213253213, 39.596000707618458 ], [ 2.420031028568778, 39.596052245738683 ], [ 2.420058128299909, 39.596128192238425 ], [ 2.42009583326398, 39.596262837288307 ], [ 2.420106282235265, 39.59634013061217 ], [ 2.420098493267337, 39.596387295128366 ], [ 2.420066430188316, 39.596462945430275 ], [ 2.41997657618427, 39.596595523829734 ], [ 2.419826806810197, 39.596817918144687 ], [ 2.419725560365524, 39.596986198801758 ], [ 2.419706724483782, 39.597027586547753 ], [ 2.41970450620498, 39.597071917167867 ], [ 2.419709658325809, 39.597119146282438 ], [ 2.419749451271717, 39.597225194012118 ], [ 2.419865571087998, 39.597490396791073 ], [ 2.419985532698548, 39.597738453920897 ], [ 2.420014661424934, 39.597792954212174 ], [ 2.420047511816632, 39.597844612288604 ], [ 2.420203009600958, 39.598044213233983 ], [ 2.420349182044589, 39.598233806512489 ], [ 2.420383858520941, 39.598288334384257 ], [ 2.420405484908329, 39.59835567112313 ], [ 2.420399138867493, 39.598451476155788 ], [ 2.420356603158534, 39.598674405049692 ], [ 2.420302711374862, 39.598928746775194 ], [ 2.420271936334831, 39.599071632374077 ], [ 2.420258492500641, 39.599131641735831 ], [ 2.420265423082216, 39.599187462032724 ], [ 2.420268870495131, 39.599217517002948 ], [ 2.420305002221501, 39.599319255517656 ], [ 2.420357941866751, 39.599401052392423 ], [ 2.42042569688447, 39.599480061461264 ], [ 2.420467798941513, 39.599525951183324 ], [ 2.420634005543336, 39.599698427935017 ], [ 2.420704353175413, 39.599836096259921 ], [ 2.420728100417834, 39.599944924393014 ], [ 2.420724856270811, 39.600038360747341 ], [ 2.420709445108009, 39.60011266425564 ], [ 2.420699122921298, 39.600167921851913 ], [ 2.420651838885739, 39.600221087662447 ], [ 2.420617070229719, 39.600251428702727 ] ], [ [ 2.420130702396427, 39.597678577648992 ], [ 2.42013535520949, 39.597711976978026 ], [ 2.420260864233772, 39.597886157779477 ], [ 2.420293786395963, 39.597929233793707 ], [ 2.420292411107834, 39.597946391632739 ], [ 2.420291027872148, 39.597964502726185 ], [ 2.420294566652541, 39.597983592572064 ], [ 2.420306677536608, 39.598009400046692 ], [ 2.42039213982632, 39.59810804723142 ], [ 2.420404394993285, 39.598116690714932 ], [ 2.420422812348871, 39.598125364935377 ], [ 2.420439996340072, 39.598134033000846 ], [ 2.420463408430667, 39.598135103072551 ] ], [ [ 2.420161827873124, 39.597641542795202 ], [ 2.420194001488893, 39.597626445236692 ], [ 2.420201357235124, 39.597631250215514 ], [ 2.420371129291639, 39.597819002390601 ], [ 2.420550722484045, 39.598011570664461 ], [ 2.420646062141957, 39.598108359432551 ], [ 2.420681339002726, 39.598164797700022 ], [ 2.420676281915142, 39.59818002969655 ] ], [ [ 2.420242620788608, 39.597560889819469 ], [ 2.420332703407911, 39.597548942840959 ], [ 2.420386913568015, 39.597552074062293 ], [ 2.420450761101031, 39.597581953676155 ], [ 2.420537750441466, 39.597645324778441 ], [ 2.42069546688175, 39.597800594444067 ], [ 2.420839785162855, 39.597936724018432 ], [ 2.420926640308096, 39.598016305565366 ], [ 2.420971999626188, 39.598046093649408 ] ], [ [ 2.420792868075752, 39.598093834138893 ], [ 2.420744918315354, 39.598227098625486 ] ], [ [ 2.421032491473293, 39.598034951957104 ], [ 2.421018711449538, 39.598061583636962 ], [ 2.421002679047832, 39.598062457039944 ], [ 2.420968747988997, 39.598140483298643 ] ], [ [ 2.420872463979937, 39.597435534346992 ], [ 2.420923886943373, 39.597477271555597 ], [ 2.420992218947209, 39.597597765006874 ], [ 2.42108934002721, 39.597823059685147 ], [ 2.421110812171555, 39.597908990173423 ], [ 2.421112267534707, 39.597956200803218 ], [ 2.421110567778329, 39.598012359201029 ] ], [ [ 2.420960867096988, 39.59733837400627 ], [ 2.42105929912475, 39.597359843282547 ], [ 2.42115384975023, 39.597403226115155 ], [ 2.421192951403205, 39.597444426075533 ], [ 2.421277102725137, 39.597552601734932 ], [ 2.421341128668577, 39.597709310426886 ], [ 2.421355086550316, 39.59780950736728 ], [ 2.421326046307276, 39.59789232546364 ], [ 2.421312274357259, 39.597918003925308 ], [ 2.421256418983209, 39.597964452455848 ] ], [ [ 2.421501495085811, 39.597842658322953 ], [ 2.4215549877423, 39.5977838023827 ], [ 2.421548123674195, 39.597719876774484 ], [ 2.42151428592811, 39.597638653071684 ], [ 2.421476575997197, 39.597578387957682 ], [ 2.421372845071005, 39.597452951136582 ], [ 2.421316805364858, 39.597373523394765 ], [ 2.421237258730123, 39.597304468377601 ], [ 2.421183223336745, 39.597280358741564 ], [ 2.421120544451205, 39.59725811350728 ] ], [ [ 2.421379696266013, 39.597222214156432 ], [ 2.421496405361648, 39.597417329501823 ], [ 2.421592255982294, 39.597600896855631 ], [ 2.421629776856685, 39.597684046359696 ], [ 2.421628123154098, 39.597734578940205 ], [ 2.421617906346276, 39.59777743983777 ], [ 2.42160039594226, 39.597807867997894 ] ], [ [ 2.421889907017893, 39.597357462673209 ], [ 2.421918646385323, 39.597421973750535 ], [ 2.421919830499589, 39.597464891399575 ], [ 2.421891764847179, 39.597690039160938 ], [ 2.4218916162083, 39.597707918544899 ] ], [ [ 2.422041847460698, 39.597336763126904 ], [ 2.422086436958792, 39.597440688557079 ], [ 2.422100603687781, 39.597497378211472 ], [ 2.422120093397713, 39.597562439717251 ], [ 2.422122131663934, 39.597595229481342 ] ], [ [ 2.420759275691861, 39.597230983180886 ], [ 2.420776135026519, 39.597278747258443 ], [ 2.420796985978203, 39.597291248531185 ], [ 2.420814217463678, 39.59729419521129 ], [ 2.420952274895984, 39.597293929118628 ], [ 2.421026356585828, 39.597279041073755 ] ], [ [ 2.421237711328202, 39.59687672261051 ], [ 2.421257433186887, 39.596913772264237 ], [ 2.421307929287011, 39.596955744364706 ], [ 2.421358654734024, 39.596970300912417 ], [ 2.421460301693775, 39.596975574450063 ], [ 2.421515658377319, 39.596988961920601 ], [ 2.421555677516695, 39.59699392943169 ], [ 2.421609613549951, 39.596993005864768 ] ], [ [ 2.421161300529161, 39.596801246167416 ], [ 2.421122706163174, 39.596995349334577 ], [ 2.421114674668637, 39.597034644875066 ], [ 2.421125261917906, 39.597058538089222 ], [ 2.421159018604875, 39.597075393418613 ], [ 2.421326381620548, 39.597145363429618 ], [ 2.421366390924406, 39.597151522124321 ], [ 2.421571187704599, 39.597166845754352 ], [ 2.421615829400648, 39.597171836256976 ] ], [ [ 2.421281324509513, 39.597190434915987 ], [ 2.421493903637564, 39.597196260896929 ], [ 2.421672518915307, 39.597210262822713 ], [ 2.421690938178448, 39.597218698078663 ] ], [ [ 2.421080042030837, 39.596937921089449 ], [ 2.421077426779747, 39.596881884446809 ], [ 2.42108433422297, 39.596792519135526 ], [ 2.421083071252056, 39.596759136728046 ], [ 2.421080307168718, 39.596720978567276 ], [ 2.421080565152381, 39.596689988775431 ], [ 2.421088547015698, 39.59665665242904 ], [ 2.42112727317381, 39.596631813735186 ], [ 2.421218432755259, 39.59660127588257 ], [ 2.421294175468882, 39.596571853242139 ], [ 2.421369957792046, 39.596537662475171 ], [ 2.42142877255033, 39.596505771307498 ], [ 2.421452111487956, 39.59647847174616 ], [ 2.421483242485687, 39.596440483260949 ], [ 2.421503638595899, 39.596396480977845 ], [ 2.421534691384758, 39.596368026835208 ], [ 2.421556519173436, 39.596337144424076 ], [ 2.421586148910864, 39.596294380161964 ] ], [ [ 2.421753857386389, 39.596322630684817 ], [ 2.421705432052444, 39.596402252866639 ], [ 2.421663356984617, 39.596459259134846 ], [ 2.421627395486988, 39.596522256161734 ] ], [ [ 2.421976418174795, 39.596425057601024 ], [ 2.421628073834809, 39.596625963192622 ] ], [ [ 2.421532718326589, 39.596605224234516 ], [ 2.421339593867904, 39.596668630686281 ], [ 2.421283929981829, 39.596692193021745 ], [ 2.421263771713355, 39.59670758860679 ], [ 2.421249567176754, 39.596748046380931 ], [ 2.421252509913447, 39.596764749096238 ] ], [ [ 2.4215674704002, 39.596687645466474 ], [ 2.421499549528003, 39.596702803307721 ], [ 2.421406868962154, 39.596730949669407 ], [ 2.421397605449453, 39.596733287676919 ] ], [ [ 2.421413157903416, 39.596209681216031 ], [ 2.421387649490793, 39.596312542429651 ], [ 2.421340272257248, 39.596377151235892 ], [ 2.421290359169296, 39.59645032974457 ], [ 2.421246861968742, 39.596493024856251 ], [ 2.421215786370003, 39.596524338690536 ], [ 2.421177370909701, 39.596548941089246 ], [ 2.421146421082832, 39.596564998315706 ], [ 2.421136480804473, 39.596574484440936 ], [ 2.421122629678738, 39.596609698138842 ] ], [ [ 2.421355362143059, 39.596193181991055 ], [ 2.4212771237514, 39.596263358646603 ], [ 2.421156803903425, 39.596354305300558 ], [ 2.421086094287906, 39.596408307919994 ], [ 2.421031576537115, 39.596442365689029 ], [ 2.420970902308317, 39.596475438556702 ], [ 2.420933734847799, 39.596498139604385 ], [ 2.420907692199035, 39.596517082007395 ], [ 2.420890229453933, 39.596541788736182 ], [ 2.420881165147314, 39.596594190968105 ], [ 2.420846727708984, 39.596881051925607 ], [ 2.420841702517746, 39.596892470013621 ] ], [ [ 2.421277163827433, 39.598016188646461 ], [ 2.421248020226297, 39.598111403534212 ] ], [ [ 2.421277163827433, 39.598016188646461 ], [ 2.421336431331767, 39.598004087403268 ] ], [ [ 2.417970706433751, 39.599926719435736 ], [ 2.417968881796469, 39.599776519675544 ], [ 2.417975223715364, 39.599755095126184 ], [ 2.418223494655657, 39.599547739277824 ], [ 2.418437715571844, 39.599358092579202 ], [ 2.418633198186841, 39.599198151613884 ], [ 2.418696639028982, 39.599166284998972 ], [ 2.418750685202379, 39.599152251469022 ], [ 2.418827603991037, 39.599166940150518 ], [ 2.41895204811952, 39.59921047428552 ] ], [ [ 2.418741128821129, 39.599373914768343 ], [ 2.418948727354401, 39.599239065505756 ], [ 2.418965755346005, 39.59922961501767 ], [ 2.418995019427702, 39.599230953424055 ], [ 2.419030287615358, 39.599251394029842 ], [ 2.419059383586797, 39.599272994931205 ], [ 2.4190824854029, 39.59927430250449 ], [ 2.419333015695655, 39.599164699715196 ] ], [ [ 2.418712657884954, 39.599147281242637 ], [ 2.418572767895562, 39.599108437830914 ], [ 2.418534248754273, 39.59910824507002 ], [ 2.418498700521232, 39.599121179010758 ], [ 2.418324868493887, 39.599271692500487 ], [ 2.418150796340399, 39.599450812347158 ], [ 2.418062224636061, 39.599539767543696 ], [ 2.418012491361929, 39.599590774653358 ], [ 2.417988319141389, 39.599625221736112 ], [ 2.417985788930955, 39.599651432750306 ], [ 2.417989211529605, 39.59970270520364 ] ], [ [ 2.418550863064497, 39.599096036309582 ], [ 2.418466064229207, 39.59906557415087 ], [ 2.418426353595277, 39.59906036924626 ], [ 2.418405085413256, 39.599060977308874 ], [ 2.418362375551366, 39.599082935255872 ], [ 2.418239394755727, 39.599196035443022 ], [ 2.41808282893605, 39.599345442949733 ], [ 2.417981344165347, 39.599430758110081 ], [ 2.4179617266511, 39.599454976941637 ], [ 2.417950435567142, 39.599478521159291 ], [ 2.41794828790121, 39.599514270631907 ], [ 2.417951399080432, 39.599584375837665 ], [ 2.417961238640649, 39.599623760661352 ] ], [ [ 2.418113574497373, 39.599133004290486 ], [ 2.418085846182417, 39.599132150000727 ], [ 2.418061792913819, 39.599134175794667 ], [ 2.418045092250011, 39.599141243653946 ], [ 2.417974222903272, 39.599213839078928 ], [ 2.417886462272102, 39.599316387601036 ], [ 2.417882590806747, 39.599337109103487 ], [ 2.417904029489371, 39.599426616189767 ] ], [ [ 2.417893374046737, 39.59908887062501 ], [ 2.417857274168196, 39.599204551907064 ], [ 2.4178607025802, 39.599236752212747 ], [ 2.41787505086825, 39.599289749028564 ] ], [ [ 2.417893374046737, 39.59908887062501 ], [ 2.417906885340409, 39.599039411184307 ], [ 2.417905233410969, 39.59901580122591 ], [ 2.41789619299267, 39.598991438830794 ], [ 2.417897279381823, 39.598972134215472 ], [ 2.417905700381119, 39.598960017851994 ], [ 2.417927899270039, 39.598958699122321 ], [ 2.418030514646484, 39.598959213146017 ], [ 2.418120811431783, 39.598995424721828 ] ], [ [ 2.418172598271273, 39.598895477371741 ], [ 2.418222271086873, 39.598851622290859 ], [ 2.418270274520892, 39.598823254812224 ], [ 2.418304290597406, 39.598809121201946 ], [ 2.418359842527449, 39.598799267178222 ], [ 2.418421508000816, 39.598795404068582 ], [ 2.418490816758906, 39.598798730686291 ], [ 2.418550856654262, 39.59880499149925 ], [ 2.418576169337766, 39.598818230015162 ] ], [ [ 2.41830279607942, 39.59866239475339 ], [ 2.418353446836934, 39.598575393991908 ], [ 2.418383057148818, 39.598572204787203 ], [ 2.418447112078167, 39.598577293683682 ], [ 2.418625620617429, 39.598604410708894 ], [ 2.418677334039762, 39.598611344313255 ], [ 2.418705007183543, 39.598618635172336 ], [ 2.418740649376649, 39.598631209909506 ] ], [ [ 2.41837849048679, 39.598479444804177 ], [ 2.41840423265807, 39.598496738358826 ], [ 2.41844109697479, 39.59851051137327 ], [ 2.41856114321502, 39.598526846928095 ], [ 2.418734707713003, 39.598555607759643 ], [ 2.418761426216228, 39.598566469132507 ], [ 2.41879270865474, 39.598584505737094 ] ], [ [ 2.418140726069319, 39.598177633370966 ], [ 2.418255019530555, 39.59832911175824 ], [ 2.418269601271098, 39.598354217293213 ] ], [ [ 2.418744930112114, 39.598219277661862 ], [ 2.418778298004907, 39.598319572894844 ], [ 2.418804472486268, 39.598395514126985 ], [ 2.418811455631129, 39.598444897790515 ], [ 2.418808925895594, 39.598526417903877 ], [ 2.418808567253672, 39.598569327855117 ], [ 2.418806020459227, 39.598597565235281 ] ], [ [ 2.418252394114587, 39.598768786086879 ], [ 2.4183285148716, 39.598731500364359 ], [ 2.418358117277574, 39.598729264420626 ], [ 2.418456654106992, 39.598738339998718 ], [ 2.418604498681026, 39.598747185584713 ], [ 2.4186586618553, 39.598756038944536 ], [ 2.418682697035329, 39.598756159198992 ], [ 2.4186894424686, 39.598755950569178 ] ], [ [ 2.418518014332844, 39.598150606161276 ], [ 2.418538399208269, 39.598263540167551 ], [ 2.418554788655188, 39.598293660858872 ], [ 2.418565102456979, 39.598313261306011 ], [ 2.418586372928203, 39.598349127083154 ], [ 2.418605371503011, 39.598362096124504 ], [ 2.418637832211413, 39.598386574753128 ] ], [ [ 2.418698340933493, 39.598335736604781 ], [ 2.418695235052888, 39.598376373019008 ], [ 2.418708610670961, 39.598398372006663 ], [ 2.418729310135592, 39.598428990882574 ], [ 2.418754274529161, 39.598465352656291 ], [ 2.418772584172275, 39.59848689967189 ] ], [ [ 2.418698340933493, 39.598335736604781 ], [ 2.418690079614318, 39.598241699400234 ], [ 2.418688554150132, 39.598203070745029 ] ], [ [ 2.418840675940786, 39.598326845401047 ], [ 2.41885282865804, 39.598421312929176 ], [ 2.418853442599362, 39.598458506179803 ], [ 2.418846446074333, 39.598543531500546 ], [ 2.418844477052839, 39.598557825567035 ], [ 2.418835116414154, 39.598571606014985 ] ], [ [ 2.41917672329346, 39.598271977756617 ], [ 2.419117657389949, 39.598554900905967 ], [ 2.419115931315317, 39.598614014525083 ], [ 2.419119398113269, 39.59864168639308 ], [ 2.419147334134896, 39.598691413558974 ] ], [ [ 2.419324483375178, 39.598290834293266 ], [ 2.419310446661036, 39.59834798070667 ], [ 2.419250475544714, 39.598591800827592 ], [ 2.419236248735002, 39.598671832542649 ] ], [ [ 2.419205515674385, 39.597185975463823 ], [ 2.4191875948021, 39.597560649438627 ], [ 2.419143992460652, 39.597910877894073 ], [ 2.419125746919865, 39.598102936709857 ], [ 2.419135885607446, 39.598180466416608 ] ], [ [ 2.419360114785252, 39.597529566433792 ], [ 2.419309396576451, 39.597883335599377 ], [ 2.419290161221714, 39.597972639169754 ], [ 2.419271284173886, 39.598019031875715 ], [ 2.419267734648539, 39.598075038633802 ] ], [ [ 2.419474196923098, 39.597706551764539 ], [ 2.419461501735357, 39.59793535100912 ], [ 2.419449730744511, 39.598053299733778 ], [ 2.419450843678493, 39.598104561521069 ], [ 2.41944434315531, 39.59814505665377 ] ], [ [ 2.418962462556129, 39.597077719215036 ], [ 2.418938937321596, 39.597495992303855 ], [ 2.4189310211012, 39.597705743203932 ] ], [ [ 2.41890326560967, 39.598224599143293 ], [ 2.418902596252433, 39.598304698625178 ], [ 2.418924436355365, 39.598346288756012 ], [ 2.419064828956216, 39.598583005838975 ] ], [ [ 2.41890326560967, 39.598224599143293 ], [ 2.418912406228174, 39.598015807681527 ] ], [ [ 2.418765699722428, 39.597045921526934 ], [ 2.418750713926101, 39.597290444016387 ], [ 2.418761699520977, 39.597303372948467 ], [ 2.418855956424801, 39.597308135149426 ] ], [ [ 2.418717393552279, 39.597516280127941 ], [ 2.418722307074114, 39.597592115922332 ], [ 2.418706308485473, 39.597736504996654 ], [ 2.418664078708643, 39.597922245535223 ], [ 2.418622075913305, 39.598080809296697 ] ], [ [ 2.418642806084962, 39.597038631837776 ], [ 2.418590059330379, 39.597266039436619 ] ], [ [ 2.420239081104189, 39.596633579028911 ], [ 2.420191733012315, 39.596657659881672 ], [ 2.420032444740162, 39.596802049470519 ], [ 2.41995882476928, 39.596872487053091 ], [ 2.419879532215022, 39.596957914705541 ], [ 2.419854370074399, 39.596982106186694 ], [ 2.419842173217666, 39.597003500715402 ], [ 2.419819587151349, 39.597051305842363 ] ], [ [ 2.421158212855164, 39.596015582833019 ], [ 2.421145081118499, 39.596038403688759 ], [ 2.421148469240907, 39.596075610765851 ], [ 2.421148112073682, 39.596118520753002 ], [ 2.421132891612581, 39.596169939045218 ], [ 2.421119688400652, 39.596201341894478 ], [ 2.421089845047802, 39.59623266183597 ], [ 2.421050840238861, 39.596253923826445 ], [ 2.421002591797957, 39.596275138840937 ], [ 2.420965388723488, 39.596302131349333 ], [ 2.420933685092673, 39.596334871920966 ], [ 2.420914910829562, 39.596369107765383 ], [ 2.420892200642379, 39.596431931832207 ], [ 2.42088051201089, 39.596503394081402 ] ], [ [ 2.420839679500424, 39.596300073974604 ], [ 2.420817278993496, 39.596325709375371 ], [ 2.420759776522277, 39.596570020229727 ], [ 2.420719770595922, 39.596711430049524 ], [ 2.420680111221906, 39.596811359760686 ], [ 2.420644505768713, 39.596868397910143 ], [ 2.420618157035864, 39.596924052265017 ], [ 2.420604810439459, 39.596972619039612 ], [ 2.4206064203733, 39.597001234907125 ], [ 2.420622810428753, 39.597031355317633 ] ], [ [ 2.421041824538667, 39.59602658845639 ], [ 2.4209606622112, 39.596114868332108 ], [ 2.420925057343147, 39.596171907479672 ] ], [ [ 2.420974389479859, 39.596020530854489 ], [ 2.420932308093902, 39.596078252250685 ], [ 2.42088828905396, 39.596146691689682 ] ], [ [ 2.420913523487911, 39.595974991086095 ], [ 2.420896128249571, 39.596065734971155 ], [ 2.420882010985522, 39.596095703296385 ], [ 2.420867984214552, 39.596114943453507 ], [ 2.420795658666914, 39.596141045421788 ], [ 2.420748382592902, 39.596156543609531 ], [ 2.420708364820899, 39.596188528151295 ], [ 2.420686035793074, 39.596205581530583 ] ], [ [ 2.420874131234714, 39.595931882986243 ], [ 2.420873708382977, 39.595982660478889 ], [ 2.420864231371894, 39.59601050566625 ], [ 2.420854838895046, 39.596028338978975 ], [ 2.420818584437201, 39.596052474484488 ], [ 2.42076109726512, 39.596072928826651 ], [ 2.420740676105871, 39.596082840217463 ], [ 2.42066001974873, 39.596110330510683 ], [ 2.420626669219091, 39.5961187465713 ], [ 2.420608133199171, 39.596124375711533 ], [ 2.420595520773674, 39.596204921162041 ] ], [ [ 2.420797707361217, 39.595784172096224 ], [ 2.420807595674953, 39.595817835380878 ], [ 2.420778808373378, 39.595944281818582 ], [ 2.420752555416189, 39.595988493553442 ], [ 2.420739453338938, 39.596007738305197 ], [ 2.420703228633424, 39.5960282986183 ], [ 2.420648508454947, 39.596049481220433 ], [ 2.420581759774687, 39.596072034657098 ], [ 2.42055581650538, 39.596079057693565 ], [ 2.420541950539745, 39.596078988543788 ] ], [ [ 2.42070383496938, 39.595844495112736 ], [ 2.420688406890309, 39.595920944853383 ], [ 2.420677129226228, 39.595943059478934 ], [ 2.420659451265491, 39.595956559837887 ], [ 2.420644577202479, 39.595966498870055 ], [ 2.420608507410821, 39.595968464376796 ], [ 2.420573326568293, 39.595974725932507 ] ], [ [ 2.420639607994915, 39.595786244669405 ], [ 2.420618675668734, 39.595857659907217 ], [ 2.420607308620361, 39.595890501797086 ], [ 2.420573660253694, 39.59593467661422 ], [ 2.420547615738791, 39.59595385680241 ] ], [ [ 2.420940991415293, 39.595673791406377 ], [ 2.421001180312131, 39.595846931394618 ], [ 2.421029709858231, 39.595936473298757 ] ], [ [ 2.421037967753214, 39.59569412174735 ], [ 2.421092509714143, 39.595805249584835 ], [ 2.42111335422273, 39.595855416716439 ] ], [ [ 2.421096291496078, 39.595906111307436 ], [ 2.421110903544436, 39.595927639541465 ], [ 2.42111884257675, 39.595973451646891 ] ], [ [ 2.420582523617703, 39.59598958209957 ], [ 2.420501897099456, 39.596013497127593 ], [ 2.42045827103531, 39.596034734970537 ], [ 2.420448036014823, 39.596042551752774 ], [ 2.420443355208702, 39.596049679915851 ], [ 2.420447869135396, 39.596062576411143 ], [ 2.42045881910111, 39.596079795734077 ], [ 2.420469751194802, 39.596099160329814 ] ], [ [ 2.420356423687148, 39.596053537902748 ], [ 2.420374745121613, 39.596073654791532 ], [ 2.420424233922006, 39.596125395775104 ], [ 2.420453905606269, 39.596225671227891 ], [ 2.42048536719723, 39.596333108010043 ], [ 2.420516040076708, 39.596424090663376 ] ], [ [ 2.420674277028019, 39.596228120846305 ], [ 2.420615675672607, 39.596234384575169 ], [ 2.42061438830305, 39.596296362115979 ] ], [ [ 2.420682989410069, 39.596291936799147 ], [ 2.420702795208318, 39.59631885483612 ], [ 2.420704048061588, 39.596353429267914 ], [ 2.420691141975631, 39.596423096875412 ], [ 2.420675412429701, 39.596461758423985 ], [ 2.420646575546842, 39.596501545782715 ], [ 2.420637798848518, 39.59653785785661 ], [ 2.420628893045192, 39.596589665275047 ] ], [ [ 2.420216032283292, 39.596052280612149 ], [ 2.420222204790196, 39.596088071667083 ], [ 2.420243102404607, 39.596131803127157 ], [ 2.420291441064481, 39.596210715428199 ] ], [ [ 2.420386794171167, 39.596194741843611 ], [ 2.420436821247234, 39.596403829541202 ], [ 2.42043661264309, 39.596428860137287 ], [ 2.42042721287992, 39.59644740789772 ], [ 2.420415075894795, 39.596461651277878 ], [ 2.420409237879279, 39.596496666988081 ], [ 2.420408856408661, 39.596542437631754 ], [ 2.420404944136668, 39.596568165173615 ], [ 2.420403858481611, 39.596587470726718 ], [ 2.420400984169534, 39.596599614946562 ], [ 2.420384260508231, 39.596609543816534 ] ], [ [ 2.420304369684551, 39.596474271224388 ], [ 2.420285498694997, 39.596520068556032 ], [ 2.420249043173742, 39.596549686572736 ], [ 2.420207220234229, 39.596576298074012 ] ], [ [ 2.420248691188176, 39.596299365749438 ], [ 2.420223065748055, 39.596416053391557 ], [ 2.420212867289488, 39.596438054418172 ] ], [ [ 2.420356423687148, 39.596053537902748 ], [ 2.420339809990213, 39.596038272590796 ], [ 2.420334975535062, 39.596026805334958 ], [ 2.420333791057263, 39.596021077856953 ], [ 2.42033882421253, 39.596008706534555 ], [ 2.420375983656282, 39.595986958929586 ], [ 2.420404499689362, 39.595967075687355 ] ], [ [ 2.420447542509911, 39.595830926028079 ], [ 2.420383275366427, 39.595851584239455 ], [ 2.420310451070363, 39.595863618270918 ], [ 2.420266039447793, 39.595868164063589 ], [ 2.420243766059611, 39.595878542773022 ], [ 2.420235073816846, 39.595886128460471 ] ], [ [ 2.420317782961527, 39.596709176533253 ], [ 2.420201651607955, 39.596888827386152 ], [ 2.420146734331392, 39.596970562774054 ], [ 2.420129232614754, 39.597000036563635 ], [ 2.42012772891673, 39.597032451877283 ] ], [ [ 2.420421247089384, 39.59671827502445 ], [ 2.420266684105825, 39.596924434583833 ] ], [ [ 2.420039337093447, 39.597137383064315 ], [ 2.420069253452009, 39.597319191705466 ], [ 2.420063551195534, 39.597337758789067 ], [ 2.420046721109873, 39.597360561054714 ], [ 2.420051837700006, 39.597412080700032 ], [ 2.420078473935354, 39.597543809695644 ] ], [ [ 2.420150425040826, 39.59711934195407 ], [ 2.420153431028614, 39.597202319686104 ], [ 2.420187533241636, 39.597325503568896 ], [ 2.420194415900971, 39.597387045214973 ], [ 2.420200976583452, 39.59748720538245 ], [ 2.420213537654148, 39.597533040600673 ] ], [ [ 2.420530115300877, 39.596899858347385 ], [ 2.420363813869222, 39.59703539318388 ], [ 2.42032781567019, 39.597065728924782 ] ], [ [ 2.420559512107435, 39.597109637792052 ], [ 2.420489358665978, 39.597096891488867 ], [ 2.420437614391732, 39.597093772615771 ], [ 2.420421455052729, 39.597109902519719 ], [ 2.420416414216715, 39.597271035464985 ] ], [ [ 2.420766992073559, 39.597061752445029 ], [ 2.420738691314368, 39.597055889789651 ], [ 2.420723900432226, 39.597055816050059 ], [ 2.420706604295536, 39.597060498091707 ], [ 2.420690476798215, 39.597072814113865 ], [ 2.420684187601599, 39.597088040871711 ], [ 2.420680243625679, 39.597117582340715 ], [ 2.42068501465953, 39.597136678321547 ], [ 2.420697079048758, 39.597168207095116 ], [ 2.420696896344783, 39.59719013916083 ], [ 2.420686860590923, 39.59721106790559 ], [ 2.420681619702651, 39.597248231964983 ] ], [ [ 2.420884990474206, 39.59701859451016 ], [ 2.420877253567659, 39.597059561118598 ], [ 2.420875656095891, 39.597103418209656 ], [ 2.420881628772257, 39.597126334250042 ], [ 2.420893803258719, 39.597144512926981 ], [ 2.420907258739803, 39.597156977320338 ], [ 2.420931869773709, 39.597161867350749 ] ], [ [ 2.419786787080604, 39.59801269152144 ], [ 2.419787223982087, 39.598145005157718 ], [ 2.419786657097384, 39.598212945704695 ] ], [ [ 2.419676469703131, 39.59812299571287 ], [ 2.419672323656595, 39.598250519085191 ] ], [ [ 2.419794899673827, 39.59777910108572 ], [ 2.419809272542577, 39.597903139839261 ] ], [ [ 2.419663081827857, 39.597880954327564 ], [ 2.419676381163494, 39.597948964133586 ], [ 2.419683130402662, 39.598063430078533 ] ], [ [ 2.42048568670366, 39.5981790062512 ], [ 2.420526472539879, 39.598276952949007 ], [ 2.420542616089855, 39.598373585572034 ], [ 2.420546672472358, 39.598441549178602 ] ], [ [ 2.419102085157403, 39.598693773310693 ], [ 2.419095572419391, 39.598735699200141 ], [ 2.419069289440214, 39.598783247808413 ], [ 2.418997335544773, 39.598838196197384 ], [ 2.41892307646265, 39.598874061727535 ], [ 2.418887306613115, 39.598876743616309 ], [ 2.418808452134736, 39.598872535129345 ] ], [ [ 2.419138075514051, 39.598812199536525 ], [ 2.419111856262795, 39.598852119417707 ], [ 2.419063553639696, 39.598879532454816 ], [ 2.418945970850297, 39.598937113445118 ], [ 2.418901548041142, 39.598942612848063 ], [ 2.418862065559535, 39.59894718364982 ] ], [ [ 2.418759703030877, 39.598953346485047 ], [ 2.41859352436627, 39.598925814716878 ], [ 2.418578677282956, 39.598932415281567 ] ], [ [ 2.418943528509221, 39.598491772385849 ], [ 2.418929085070605, 39.598597549126552 ], [ 2.418915016103555, 39.598658508502901 ] ], [ [ 2.419008383879119, 39.598696165591356 ], [ 2.418987094621748, 39.598736110096723 ], [ 2.418955985121535, 39.598771238118232 ] ], [ [ 2.419216937968718, 39.598926309657493 ], [ 2.419195232595163, 39.598979126092878 ], [ 2.419143682899127, 39.599063261940351 ], [ 2.419109030838994, 39.599079776752106 ] ], [ [ 2.419061098935399, 39.599131666425059 ], [ 2.418923372547841, 39.59909188095893 ] ], [ [ 2.418801575372969, 39.599063617241086 ], [ 2.418666306914215, 39.59902479615819 ] ], [ [ 2.419478095295235, 39.599181192765677 ], [ 2.41951196685159, 39.599110556944524 ], [ 2.419514025304573, 39.599085535604289 ], [ 2.419520758898636, 39.59905410063417 ], [ 2.419518505230667, 39.598991866672193 ] ], [ [ 2.419428958127406, 39.598976400828008 ], [ 2.419439430611467, 39.599050833509907 ], [ 2.419434479632817, 39.599090144309919 ], [ 2.419423201045112, 39.599112258795039 ] ], [ [ 2.419402315859101, 39.598937825085684 ], [ 2.419390572337311, 39.598904867850329 ], [ 2.419384417939365, 39.59886693149744 ], [ 2.419388372526657, 39.598836198067815 ], [ 2.419399239874525, 39.598752574245957 ], [ 2.419417658059013, 39.598650392612228 ], [ 2.419435182460272, 39.598544631204646 ], [ 2.419444707001839, 39.598511064819391 ] ], [ [ 2.419039806637339, 39.597733409217831 ], [ 2.419040269931127, 39.597899337872114 ], [ 2.419040007037661, 39.597930805174414 ] ], [ [ 2.418355345088035, 39.59638534443382 ], [ 2.418399421662683, 39.596292516152566 ], [ 2.418478926796116, 39.596071202868934 ], [ 2.41855836742296, 39.596078751938656 ] ], [ [ 2.417831519382279, 39.596305191532466 ], [ 2.417990142443741, 39.59657204000063 ] ], [ [ 2.417853165058113, 39.596259527439706 ], [ 2.418024055162835, 39.596219142268282 ], [ 2.418333208145818, 39.596140550528325 ], [ 2.418383964046517, 39.596129874157675 ] ], [ [ 2.417831519382279, 39.596305191532466 ], [ 2.417815119894623, 39.596276501522915 ], [ 2.417809256408265, 39.596268634946789 ], [ 2.417701800224168, 39.596294796827451 ], [ 2.417653578688919, 39.596312674053259 ], [ 2.417584419203379, 39.596328537917849 ], [ 2.417457081344866, 39.596373672105472 ], [ 2.41732463768916, 39.596439760231135 ], [ 2.417229347642047, 39.596485054875728 ], [ 2.417125427586483, 39.596530306149418 ], [ 2.416988093423777, 39.596591601081542 ], [ 2.416870463693776, 39.596654901330801 ], [ 2.416733177049196, 39.596710474630285 ], [ 2.416548788224708, 39.596797279874266 ], [ 2.41636812865942, 39.596880289477667 ], [ 2.416278951442169, 39.596931335608311 ], [ 2.416257813263559, 39.596953161485743 ], [ 2.416248953524619, 39.59698077151549 ], [ 2.416244983651839, 39.597013174384507 ], [ 2.416253387803736, 39.597186771105214 ], [ 2.416263504452335, 39.597303159855457 ], [ 2.416292862182298, 39.597330008588727 ], [ 2.41631728885451, 39.597356831642493 ], [ 2.416330583485034, 39.597388367043855 ], [ 2.416353529898137, 39.597444744682278 ], [ 2.416360733300971, 39.597467667132456 ], [ 2.416362998767528, 39.597491518973641 ], [ 2.416386145313897, 39.59752405714876 ] ], [ [ 2.417853165058113, 39.596259527439706 ], [ 2.417857703627633, 39.596269563373497 ], [ 2.417875988475486, 39.596293971196289 ], [ 2.418032738315035, 39.596563671006137 ] ], [ [ 2.418480925616261, 39.595893867676999 ], [ 2.418472479427671, 39.595798465327753 ], [ 2.418458922506122, 39.595761446054063 ], [ 2.418428596400811, 39.595702886512527 ], [ 2.418380002606314, 39.595618010914215 ], [ 2.418367679744582, 39.595586907691242 ], [ 2.418353396806205, 39.595544520911638 ], [ 2.41835075887124, 39.595491463807015 ], [ 2.418365101217174, 39.595360892810369 ] ], [ [ 2.418386594532119, 39.596088713657792 ], [ 2.418356689045195, 39.595979854158749 ], [ 2.41831087369189, 39.595857564375201 ], [ 2.418256469759419, 39.595730463296753 ], [ 2.418162815585037, 39.59558028027606 ], [ 2.41801783385241, 39.595377391783856 ], [ 2.417924052975716, 39.595242464245509 ], [ 2.417921728533528, 39.595231724884222 ] ], [ [ 2.418347872444753, 39.595713756183692 ], [ 2.418299669110763, 39.595619108986057 ], [ 2.418295136494919, 39.595608358577834 ], [ 2.418295190335007, 39.595601921857224 ] ], [ [ 2.418322548847819, 39.595536260779859 ], [ 2.418294881779639, 39.595528255338891 ], [ 2.418274623125266, 39.595518856139556 ], [ 2.418263637899344, 39.595505927160204 ], [ 2.418241745219586, 39.595470773615041 ], [ 2.418218152741974, 39.595417730525334 ] ], [ [ 2.417821088623025, 39.595262867709685 ], [ 2.417823622069782, 39.595291489149616 ], [ 2.417894948150368, 39.595384821548684 ], [ 2.418028457928687, 39.595559283664443 ], [ 2.418109695471243, 39.595683419679332 ], [ 2.418117858724255, 39.595702055208292 ] ], [ [ 2.417720975079884, 39.59522932421504 ], [ 2.417712475498636, 39.595250737955006 ], [ 2.417717793814302, 39.595277941609439 ], [ 2.41779353251054, 39.595396328723567 ], [ 2.417921207691413, 39.595605091138523 ], [ 2.417995788963785, 39.595751364739314 ], [ 2.418104797565028, 39.595981489772733 ], [ 2.418174083837989, 39.596097698049746 ], [ 2.418185087087188, 39.596108481763828 ], [ 2.418211775815252, 39.596122919321587 ] ], [ [ 2.417821918153532, 39.596201783974394 ], [ 2.417664475257963, 39.596015043134422 ], [ 2.417662758754364, 39.595999300669298 ], [ 2.417681330907759, 39.595989380553675 ], [ 2.417890668430913, 39.595940365326733 ], [ 2.418007335641854, 39.595918063484305 ] ], [ [ 2.417629779244494, 39.595963375123723 ], [ 2.417560588693137, 39.595835722963812 ], [ 2.41751146164887, 39.595741070813148 ], [ 2.417449368439728, 39.595649214417335 ], [ 2.417442164858224, 39.595626292026232 ], [ 2.417458971404097, 39.595606350798448 ], [ 2.417574186419372, 39.595536838715631 ], [ 2.417676421804803, 39.595471553094789 ], [ 2.417702389081972, 39.595461670036613 ] ], [ [ 2.417778639759339, 39.596236611049221 ], [ 2.417696363685088, 39.596126059010011 ], [ 2.417592238466957, 39.595975345516081 ], [ 2.417555693115439, 39.595923668213324 ], [ 2.417524466102349, 39.595899194559181 ], [ 2.41749322712681, 39.595876151679249 ], [ 2.417447102866117, 39.5958644772982 ], [ 2.417369488056955, 39.595859797408757 ], [ 2.417293601663806, 39.5958694291554 ], [ 2.41717305568116, 39.595913167156475 ], [ 2.417011428783388, 39.596005331345864 ], [ 2.416717872704044, 39.596175506011058 ], [ 2.416525930786031, 39.596290404505126 ], [ 2.416484166607154, 39.596309862549234 ], [ 2.416465583206508, 39.596321092519716 ] ], [ [ 2.416545744966913, 39.596316131220732 ], [ 2.416482241925225, 39.596355744361922 ], [ 2.416453608897887, 39.5963710965502 ], [ 2.41632563531001, 39.596473561816275 ], [ 2.416219376501044, 39.596558851502259 ], [ 2.416110030823759, 39.596644721160601 ], [ 2.415975058115322, 39.596754898854051 ], [ 2.415912998888949, 39.596805842233408 ], [ 2.415889727757787, 39.596824797439339 ], [ 2.415884059635437, 39.596839311636664 ], [ 2.415905933513955, 39.596876611785021 ], [ 2.415948031281744, 39.596927602085628 ], [ 2.415993723556086, 39.596990768992754 ], [ 2.416028486075903, 39.597034570886301 ] ], [ [ 2.416339526090462, 39.596874499021361 ], [ 2.416232946756785, 39.596685867297232 ], [ 2.416225683442482, 39.596670096044072 ], [ 2.416227634934888, 39.59665794729289 ], [ 2.416248140939839, 39.596638024832039 ], [ 2.416287194265162, 39.596611044036635 ], [ 2.416470506194089, 39.596468924709065 ], [ 2.416531902626099, 39.596423460492616 ], [ 2.416587637872029, 39.596391557216911 ], [ 2.416770570739066, 39.596294493527132 ], [ 2.416984123108625, 39.596183993790312 ], [ 2.41707048991699, 39.596137224635306 ], [ 2.417126194722886, 39.596108896250122 ] ], [ [ 2.417380265305425, 39.596127335215478 ], [ 2.417294895333085, 39.596165527248445 ], [ 2.417170574406923, 39.596218544085268 ], [ 2.417064770493353, 39.596268076583407 ], [ 2.417059079519664, 39.596285212735332 ], [ 2.41705049684094, 39.596316638298561 ], [ 2.417038371178104, 39.596329451440063 ], [ 2.417019762874847, 39.596343661995888 ], [ 2.416922254748753, 39.5963960976704 ], [ 2.416760715195887, 39.596477534224206 ], [ 2.416562907064957, 39.596584535494131 ], [ 2.416377242173862, 39.596676578980706 ], [ 2.416308552064061, 39.596709847917047 ] ], [ [ 2.417103423840369, 39.596399079959014 ], [ 2.417141631891635, 39.596417867176193 ], [ 2.417167494704181, 39.59642049998358 ], [ 2.417185983126297, 39.596420592722431 ], [ 2.417212386212998, 39.596413930456897 ], [ 2.417269931616675, 39.596386684368333 ], [ 2.417329900280628, 39.596345861003549 ], [ 2.417334123230646, 39.596338372960453 ] ], [ [ 2.417200139418863, 39.596220646725925 ], [ 2.417305347852124, 39.596260510842917 ], [ 2.417369102040933, 39.596282882462845 ], [ 2.41741521258592, 39.596296225521485 ], [ 2.417429044805414, 39.596300466664225 ] ], [ [ 2.417532013269528, 39.595862745906558 ], [ 2.417442816014002, 39.595695656920824 ], [ 2.417424603365618, 39.595662667037253 ], [ 2.417416391217867, 39.595649751882313 ], [ 2.417395166002335, 39.595645354732 ], [ 2.417294856241656, 39.595701351985142 ], [ 2.417202925086209, 39.595750239666465 ], [ 2.417173164084363, 39.595771546719469 ] ], [ [ 2.417222231924721, 39.595873350224622 ], [ 2.417137106300725, 39.59577208036616 ], [ 2.4171141155817, 39.595757661112863 ], [ 2.417092902345718, 39.595751833124879 ], [ 2.41706977375992, 39.595753863356187 ], [ 2.417016866144989, 39.59577934496712 ], [ 2.416964925171371, 39.595799824356149 ], [ 2.416892605673232, 39.59582520940355 ] ], [ [ 2.416925368880683, 39.595886880228946 ], [ 2.416800807115308, 39.595968503305436 ], [ 2.416678094480053, 39.596050134628776 ], [ 2.416522924075007, 39.596143761390209 ], [ 2.416441125255652, 39.596196990969609 ], [ 2.416420704625563, 39.596206900700999 ], [ 2.416406801466803, 39.596211122497259 ] ], [ [ 2.417106012538755, 39.59573187340515 ], [ 2.417076885779796, 39.595677372382667 ], [ 2.417051212083078, 39.595652211940894 ], [ 2.41703735820488, 39.595650711591055 ], [ 2.417006870339747, 39.595648413259646 ], [ 2.416989288840971, 39.595650470406305 ], [ 2.4169716593685, 39.595658249779113 ], [ 2.416806970820773, 39.595784727736223 ], [ 2.416646117299599, 39.595894776327697 ], [ 2.416501968177727, 39.59599704074941 ], [ 2.416397779479457, 39.596074474072758 ], [ 2.416347530296566, 39.596113557227532 ], [ 2.416292719867179, 39.596145465936821 ], [ 2.416274045424868, 39.596167543872745 ], [ 2.416239331409181, 39.596228160453279 ], [ 2.416210981064099, 39.596301683875154 ], [ 2.416195734068248, 39.596355962160828 ], [ 2.416174177335204, 39.596390898674294 ], [ 2.416150851542354, 39.596416528521587 ], [ 2.416131366359339, 39.596425012960601 ], [ 2.416076931964067, 39.596487414454408 ], [ 2.416006171423654, 39.596547135282897 ], [ 2.415983901193759, 39.596557036541206 ], [ 2.415959853612014, 39.596558345609189 ] ], [ [ 2.416719571149404, 39.595178713697912 ], [ 2.416776035945476, 39.595064130555009 ], [ 2.416810700168123, 39.594972520665721 ], [ 2.416836030915757, 39.594891592538836 ], [ 2.416853028141047, 39.594885717502152 ], [ 2.416880619660732, 39.594902544035222 ], [ 2.417055818946675, 39.595139438326683 ], [ 2.41716248715785, 39.595280628524414 ] ], [ [ 2.415860083823707, 39.596804611212853 ], [ 2.415840444987383, 39.596758024520412 ], [ 2.415840655248239, 39.596732993946191 ], [ 2.415853721436641, 39.596644851990881 ], [ 2.415855652718311, 39.596598373740377 ], [ 2.415873421361866, 39.596500718875404 ], [ 2.415873601571492, 39.596479264353867 ], [ 2.415920323791096, 39.596419899417782 ], [ 2.415951627947133, 39.596361649031138 ], [ 2.415982983267567, 39.596297438550785 ], [ 2.416017509035469, 39.596222516281621 ], [ 2.416030084451877, 39.596192779577983 ], [ 2.416052094776372, 39.596140442793171 ], [ 2.416072534256844, 39.596091673413476 ], [ 2.416078977653899, 39.596058329681661 ], [ 2.41609781625041, 39.596016704661999 ], [ 2.416138384818445, 39.59595611663967 ], [ 2.416226994369696, 39.595862394766755 ], [ 2.416284470182994, 39.595806659909456 ], [ 2.416352701386315, 39.595754554353476 ], [ 2.416411837820295, 39.595684523852277 ], [ 2.416470932969891, 39.595619260485535 ], [ 2.416527058773704, 39.59554087122514 ], [ 2.416601911434789, 39.595433967220536 ], [ 2.416666088418413, 39.595313897716075 ], [ 2.416702574073121, 39.595219275839369 ], [ 2.416720742962843, 39.595227156490417 ], [ 2.416778517965425, 39.595319230378337 ], [ 2.416813664751658, 39.595353974076055 ] ], [ [ 2.417388961319578, 39.595631933348081 ], [ 2.417334125832503, 39.59555656256564 ], [ 2.417319663774349, 39.595535630194099 ], [ 2.417307403619786, 39.5955278207162 ], [ 2.417288179416605, 39.595523552517747 ], [ 2.417251889121916, 39.595533502646276 ], [ 2.417138959693873, 39.595587767757173 ], [ 2.417094924319576, 39.595602446357276 ], [ 2.417075616349359, 39.595608309835526 ], [ 2.417047033721317, 39.595617702083238 ], [ 2.417034693645186, 39.595619428724 ] ], [ [ 2.417438612298117, 39.595590462601109 ], [ 2.417386848360676, 39.595516299311548 ], [ 2.417354893779899, 39.595468459040305 ], [ 2.417352111804869, 39.595432685735794 ], [ 2.41740108179236, 39.595288699094503 ], [ 2.417474791421752, 39.595134109646203 ], [ 2.417534365449252, 39.595011632437725 ], [ 2.417598660211234, 39.594877259071758 ], [ 2.41769570875163, 39.594695370672071 ], [ 2.417723780591248, 39.594654982815918 ], [ 2.417756423605313, 39.594620579103747 ], [ 2.41779985190349, 39.594586228522644 ], [ 2.417934528193652, 39.594510615360008 ], [ 2.41809384513606, 39.594436317513676 ] ], [ [ 2.417295147367627, 39.595501058898122 ], [ 2.417191859773273, 39.595324125527128 ], [ 2.41717036002234, 39.595315673204659 ], [ 2.41715187189401, 39.595315580465467 ], [ 2.417142617257268, 39.59531672611034 ], [ 2.417114725801607, 39.595335658391356 ], [ 2.417071186795978, 39.595383120008087 ], [ 2.417007558846904, 39.595437632324334 ], [ 2.416974905083232, 39.595473227834169 ], [ 2.416957777815279, 39.595494598225443 ], [ 2.416956057160061, 39.595516045924278 ], [ 2.416972744758999, 39.59554712073929 ], [ 2.417009281481934, 39.595599752379428 ] ], [ [ 2.418408492590514, 39.598262576431587 ], [ 2.418437464777235, 39.598335671868043 ], [ 2.418475885433351, 39.598384497479373 ], [ 2.418532877666422, 39.598423402828431 ], [ 2.418667154111263, 39.598507037437891 ], [ 2.418705778285467, 39.598531547785598 ] ], [ [ 2.410808362576762, 39.60266464231664 ], [ 2.410904084010241, 39.602538312676991 ], [ 2.41098645798963, 39.602418577529775 ], [ 2.411108228871373, 39.602304763570878 ], [ 2.411185090528861, 39.602253659068914 ] ], [ [ 2.411467170988247, 39.602133027988664 ], [ 2.411348286511525, 39.602197270391372 ], [ 2.411271312001245, 39.602261724138579 ], [ 2.411189439368387, 39.6023223398387 ], [ 2.411139793971454, 39.60236213916204 ], [ 2.411119909018111, 39.602381110548933 ] ], [ [ 2.410499074539705, 39.602504299729823 ], [ 2.410708795956736, 39.602308459928231 ], [ 2.410914873282273, 39.602137857224129 ], [ 2.410944683357446, 39.602111308043753 ], [ 2.411055913623956, 39.602077542548145 ], [ 2.411162213532478, 39.602043751958625 ], [ 2.411296002855105, 39.601966234656125 ], [ 2.411511551953347, 39.601841452261816 ], [ 2.411655234400197, 39.601760170575261 ] ], [ [ 2.411357347201299, 39.602346961695353 ], [ 2.411294049150503, 39.602386260319975 ], [ 2.411217962195137, 39.60241877329554 ] ], [ [ 2.411358821874853, 39.602128617279973 ], [ 2.411287362898812, 39.602160438329484 ], [ 2.411217832158866, 39.602182972245281 ], [ 2.411172470957633, 39.602189894768927 ], [ 2.41111496496442, 39.602211774142354 ], [ 2.41105190414411, 39.602234340750449 ], [ 2.410996276776541, 39.602252654287675 ] ], [ [ 2.411984433818404, 39.601522723569317 ], [ 2.411950999020841, 39.601540672332646 ], [ 2.411920046022298, 39.601556727061258 ], [ 2.411874236668802, 39.601580334729981 ], [ 2.411835918828353, 39.601592537180814 ], [ 2.411800042459167, 39.601607613660768 ], [ 2.41177645304536, 39.601627519702809 ], [ 2.411752734541162, 39.601662682283681 ], [ 2.411717517563002, 39.601745466620748 ], [ 2.411689568502142, 39.601843545844666 ], [ 2.411673181269716, 39.601886374577973 ] ], [ [ 2.411576306552513, 39.6019717074225 ], [ 2.411455650725047, 39.602026881978439 ], [ 2.411279342155397, 39.602103229832743 ] ], [ [ 2.411812048219997, 39.601864191416119 ], [ 2.411743333810474, 39.601899603744897 ], [ 2.411717290682604, 39.601918066509626 ], [ 2.411655656270698, 39.601990704781784 ], [ 2.411636996933701, 39.602010635758397 ] ], [ [ 2.412158669458898, 39.601545537282504 ], [ 2.412067839210931, 39.601572255568428 ], [ 2.411995487748071, 39.601600497242181 ], [ 2.411936089426078, 39.601627374491528 ] ], [ [ 2.411984433818404, 39.601522723569317 ], [ 2.412074197063558, 39.601476451129308 ] ], [ [ 2.412100264118711, 39.6014551276227 ], [ 2.412165267863593, 39.601421127146146 ], [ 2.412261923465531, 39.601361538818658 ], [ 2.412382601670963, 39.601303503648012 ], [ 2.412466071824831, 39.601272457174609 ], [ 2.41255505197922, 39.601245729220672 ], [ 2.412693966870415, 39.601217823678702 ], [ 2.412853195556435, 39.601192881407329 ], [ 2.412988315688011, 39.601176399460741 ], [ 2.413058552296905, 39.60117961507413 ], [ 2.413108402560358, 39.601188449233199 ], [ 2.413141466674172, 39.601214363273286 ], [ 2.413183763000085, 39.601241754773348 ], [ 2.413231522360725, 39.601279186130796 ], [ 2.413261009322204, 39.601290778165733 ], [ 2.413323801904264, 39.601299677589346 ], [ 2.413418124125308, 39.601297293038087 ], [ 2.413516120152484, 39.601297787735788 ], [ 2.413601124552589, 39.601303938345318 ], [ 2.413736015592912, 39.601314631343961 ], [ 2.413848705791902, 39.601326643029225 ], [ 2.413981700299898, 39.601343048638412 ], [ 2.414051985345478, 39.601340542333553 ], [ 2.414131538768185, 39.601335221940403 ], [ 2.414209316093108, 39.601321310194457 ], [ 2.41430378290491, 39.601301760965789 ], [ 2.414396424204866, 39.601279341678044 ], [ 2.414489005225992, 39.601264073515075 ], [ 2.414588983243379, 39.60124884344912 ], [ 2.414657466789363, 39.601240606138205 ], [ 2.414735207792141, 39.601230984577967 ], [ 2.414777758746355, 39.60122833812752 ] ], [ [ 2.414641320354977, 39.601181878325725 ], [ 2.414780160914817, 39.601162552256284 ], [ 2.41487809658871, 39.601170197904644 ], [ 2.414942618476418, 39.601193409069232 ] ], [ [ 2.414692650650098, 39.601014780757332 ], [ 2.41475737699233, 39.601013676863381 ], [ 2.414790513874883, 39.601031008458477 ], [ 2.414801366894514, 39.601059670935882 ], [ 2.414827083873579, 39.601079825930199 ], [ 2.414843579530653, 39.601097073696529 ], [ 2.414884161650415, 39.601108721198145 ], [ 2.41492475465872, 39.60111893789923 ], [ 2.414970942128295, 39.601123462093724 ], [ 2.414996707317332, 39.601137895730425 ], [ 2.415025892130188, 39.601133513175974 ], [ 2.415066063572251, 39.601120603581279 ], [ 2.415115570656734, 39.601097012362075 ], [ 2.415199164518153, 39.60105094521542 ], [ 2.415253444565362, 39.601009498751885 ], [ 2.415315607124557, 39.600946636518621 ], [ 2.41534362276912, 39.600913401411418 ], [ 2.415381073017475, 39.600857566290706 ], [ 2.415444817477671, 39.600789942774966 ], [ 2.415494423223988, 39.600754433016341 ], [ 2.415540808036423, 39.600735594176044 ], [ 2.415570172859417, 39.600725014179531 ], [ 2.415607496684561, 39.600721188709521 ], [ 2.415716632736025, 39.600752729531038 ], [ 2.415804238744832, 39.600779393729127 ], [ 2.415839646959144, 39.600783147958786 ], [ 2.415873544324165, 39.600783318379712 ], [ 2.415913645323651, 39.600778751707225 ], [ 2.415970785102158, 39.600763542962859 ], [ 2.416065024115143, 39.600734216739745 ], [ 2.416132978945628, 39.600715486066306 ], [ 2.416179333535859, 39.600700223021029 ], [ 2.416259555403335, 39.600688706316596 ], [ 2.416338116287333, 39.600691485121544 ], [ 2.416449053618276, 39.600692042352144 ], [ 2.416503011401095, 39.600688737137659 ], [ 2.416561611855583, 39.60068307197735 ], [ 2.416661744088771, 39.600685958881677 ], [ 2.416721795442327, 39.600691027730313 ], [ 2.416781706827224, 39.600712784790119 ], [ 2.416810721551002, 39.600743922381078 ], [ 2.416842588166214, 39.600802490028364 ], [ 2.416893756794858, 39.600948170055503 ], [ 2.416963114285385, 39.60112970155118 ], [ 2.417005627614779, 39.601205010618322 ], [ 2.417099429181659, 39.601411696288558 ], [ 2.417138729952637, 39.601502484260394 ], [ 2.41717986263809, 39.601558715058736 ], [ 2.417224127181019, 39.601609000313303 ], [ 2.417277845885559, 39.601634302256578 ] ], [ [ 2.414411331134127, 39.601046262682779 ], [ 2.414061791946454, 39.60105451276187 ], [ 2.413961898483877, 39.601059730517434 ], [ 2.413930370220708, 39.601071014613815 ], [ 2.413887517904665, 39.601109419450609 ] ], [ [ 2.414692650650098, 39.601014780757332 ], [ 2.414572504728887, 39.601009884728612 ], [ 2.414489348974094, 39.601003744146098 ], [ 2.414457855795181, 39.601010736940211 ], [ 2.414437433456971, 39.601020647203313 ] ], [ [ 2.414685772537109, 39.600953239757942 ], [ 2.414620137139045, 39.600842768555175 ], [ 2.414516426823422, 39.600862271465786 ], [ 2.41434772518339, 39.600914345245918 ], [ 2.414310637530216, 39.600927032264799 ] ], [ [ 2.414056569912808, 39.601015866329398 ], [ 2.414147446892888, 39.600983425155498 ], [ 2.414284499046335, 39.60095693915649 ], [ 2.414341865637645, 39.600951506769881 ], [ 2.414361974741051, 39.600978785102889 ], [ 2.41438749881439, 39.601021825473147 ] ], [ [ 2.413969729676273, 39.60139519774296 ], [ 2.414052852542758, 39.601405152606652 ], [ 2.414131474393883, 39.601400780809158 ], [ 2.414211687350119, 39.601390457545165 ], [ 2.414318073308052, 39.601382650296507 ], [ 2.414413824633653, 39.601356909244565 ] ], [ [ 2.414559153567517, 39.601299233017421 ], [ 2.414722519282141, 39.601295288691986 ], [ 2.414904456101875, 39.601281901119698 ], [ 2.414966169085754, 39.601272675337221 ], [ 2.414992432352509, 39.601264464005943 ] ], [ [ 2.415172029126917, 39.601162856656551 ], [ 2.415295754325696, 39.601108647863171 ], [ 2.415373175620396, 39.60106374159556 ], [ 2.415424243505944, 39.601037773963036 ], [ 2.415448975751637, 39.601028362757511 ] ], [ [ 2.415130610674619, 39.600957625201474 ], [ 2.415105847165536, 39.600970612384032 ], [ 2.415053409955894, 39.600976307837769 ], [ 2.414910005308468, 39.600988698522919 ], [ 2.414859097773642, 39.600995593659221 ], [ 2.414822118512035, 39.600995407420243 ] ], [ [ 2.414675385477435, 39.600854013373493 ], [ 2.414854319609227, 39.600831074210213 ], [ 2.415017924885357, 39.600798522857517 ], [ 2.415110463025338, 39.600788260122812 ], [ 2.415195237675246, 39.600785110643471 ] ], [ [ 2.415188605885977, 39.600657534159161 ], [ 2.41515027639552, 39.600634693749768 ], [ 2.415104133355614, 39.600624924934088 ], [ 2.415047103808902, 39.600627021966623 ], [ 2.414895853843219, 39.600656060280897 ], [ 2.414749438279314, 39.600660091135644 ] ], [ [ 2.415291303974407, 39.600355284809112 ], [ 2.415252794189426, 39.600353898938302 ], [ 2.415181817865286, 39.600365461485161 ], [ 2.414897589043871, 39.600449853965948 ], [ 2.414848113609219, 39.600469869052795 ], [ 2.414834246782121, 39.600469799215496 ] ], [ [ 2.415088962675171, 39.600230298556859 ], [ 2.414934683138949, 39.600253361336861 ], [ 2.414839043857695, 39.600265992450858 ], [ 2.414788146878676, 39.600271695543803 ], [ 2.414760333048138, 39.600281091088462 ], [ 2.414727895385976, 39.600290464236153 ] ], [ [ 2.414555025796728, 39.600325352640546 ], [ 2.414497996482607, 39.600327449405356 ], [ 2.414318713307546, 39.600392105923007 ], [ 2.414236799970161, 39.600421492871043 ], [ 2.414204403515773, 39.600426096908983 ], [ 2.414105792583233, 39.600425599693907 ], [ 2.414021179047358, 39.600409677915081 ], [ 2.413998068080554, 39.600409561356273 ], [ 2.413974945910351, 39.600410635902747 ] ], [ [ 2.414723309837722, 39.600469240445705 ], [ 2.414616954261218, 39.600473472020781 ], [ 2.414575282361838, 39.600481606533364 ], [ 2.414473359875727, 39.600508508693544 ] ], [ [ 2.414668584063491, 39.600746699352392 ], [ 2.41463477703313, 39.600735801329556 ], [ 2.4144773341455, 39.600768383198037 ] ], [ [ 2.414334052688311, 39.600132026005305 ], [ 2.414316779460973, 39.600133846424107 ], [ 2.414226589240486, 39.600158185501776 ], [ 2.414162347244757, 39.600175026294401 ], [ 2.414101836410302, 39.600188070889985 ], [ 2.41405614002117, 39.600198330283966 ], [ 2.41396863109786, 39.600196935646927 ] ], [ [ 2.413294586944967, 39.600183997416607 ], [ 2.413548787778748, 39.600298282074952 ], [ 2.413675979553038, 39.600344696500095 ], [ 2.413768113284818, 39.600382351560349 ], [ 2.413752875507628, 39.600435199587245 ], [ 2.413739619900236, 39.600472322863986 ] ], [ [ 2.411215107257476, 39.601251021495905 ], [ 2.411197132351618, 39.601190138585402 ], [ 2.41119592453905, 39.60115079695116 ], [ 2.411194565320077, 39.601129334656029 ], [ 2.411213297215717, 39.601100821771809 ], [ 2.411280026805132, 39.60104513545221 ], [ 2.411346543204922, 39.60101448052373 ], [ 2.411369746340592, 39.601003870373596 ], [ 2.411396142258084, 39.600980164554976 ], [ 2.411413292778291, 39.600956410994179 ], [ 2.411433595697289, 39.600924330731132 ], [ 2.411447694667374, 39.600896985505187 ], [ 2.411477121862399, 39.600879255358713 ], [ 2.411532863002046, 39.600847353674929 ], [ 2.411571483928757, 39.600835629503329 ], [ 2.41163159435593, 39.600833549779018 ], [ 2.411711746501873, 39.60083037943398 ], [ 2.411807256008395, 39.600833247116242 ] ], [ [ 2.412144329486096, 39.600877864750743 ], [ 2.412073542457286, 39.600866778877005 ], [ 2.412010370380224, 39.600866459201455 ], [ 2.411967187305878, 39.600871008026353 ], [ 2.411923903408545, 39.600887476997471 ], [ 2.411877518696878, 39.600906314391132 ], [ 2.411835826070214, 39.600916831047691 ], [ 2.411800307096468, 39.600926187777155 ], [ 2.411753941338279, 39.600942640181692 ], [ 2.411713698800974, 39.600963892740943 ], [ 2.411698210307475, 39.600973349955034 ], [ 2.411676558208271, 39.600982776858544 ], [ 2.411651824313505, 39.600992187251535 ] ], [ [ 2.411825343159651, 39.601128619048758 ], [ 2.411847572236853, 39.601123964208355 ], [ 2.411883237474266, 39.601133680379583 ], [ 2.411955512233555, 39.601187447742198 ], [ 2.412037705108371, 39.601234589493671 ], [ 2.412091690793133, 39.601264424677346 ] ], [ [ 2.412042040319816, 39.601013377993631 ], [ 2.412111857473009, 39.601066178629225 ], [ 2.412145017897382, 39.601080650315211 ], [ 2.412183158053441, 39.601089425622952 ], [ 2.412222603022092, 39.601089625175653 ], [ 2.412312625885049, 39.601085312283644 ], [ 2.412453155254655, 39.601085069712738 ], [ 2.412519693813024, 39.601088266951095 ], [ 2.412539312148332, 39.601100762563426 ] ], [ [ 2.412677263109337, 39.601113857297214 ], [ 2.412814184357246, 39.601103106219519 ], [ 2.412883284084365, 39.601094873068419 ], [ 2.412964678804441, 39.601090516071359 ] ], [ [ 2.411445101760628, 39.601296187834507 ], [ 2.411492977307233, 39.601283318502702 ], [ 2.411556292149029, 39.601266951144282 ], [ 2.411614943899484, 39.601255328405735 ], [ 2.411659567289705, 39.601262705875612 ], [ 2.411701067372346, 39.601274835782704 ], [ 2.411739133861586, 39.60132866883928 ], [ 2.411792649827364, 39.601377810928291 ] ], [ [ 2.411470459985902, 39.601540674728639 ], [ 2.411318380226252, 39.601667448263974 ], [ 2.411160186729865, 39.601788229375614 ], [ 2.411104424469489, 39.60182251490027 ] ], [ [ 2.411612706350688, 39.601665362936693 ], [ 2.411390031626911, 39.601758402063965 ], [ 2.411207426760795, 39.601850452660834 ], [ 2.4109923040347, 39.601961410295509 ], [ 2.410818792143448, 39.60207138557449 ], [ 2.410674595352095, 39.602176741920175 ], [ 2.410582989408254, 39.602258524451763 ], [ 2.410506781251968, 39.6023415780015 ], [ 2.410449305483621, 39.602396117847967 ], [ 2.410387065319324, 39.602467321522717 ], [ 2.410351363409537, 39.602498132277539 ], [ 2.410315752449644, 39.602518215782077 ], [ 2.410292589088733, 39.602524057651856 ] ], [ [ 2.413221687163003, 39.601456814844397 ], [ 2.413252080872999, 39.601470556821234 ], [ 2.413289948943393, 39.601475039670802 ], [ 2.413353696646816, 39.60148036769985 ], [ 2.413386978205618, 39.601480535737764 ], [ 2.413400863329622, 39.601478460480095 ], [ 2.413431401884155, 39.601475038455014 ] ], [ [ 2.413232441662432, 39.601387494990682 ], [ 2.413301640221241, 39.601404294601146 ], [ 2.413325615953818, 39.601411567167972 ], [ 2.413371816741927, 39.601414661224396 ], [ 2.413402403538362, 39.601405517888217 ], [ 2.413423696603665, 39.601402050087991 ], [ 2.413436609839567, 39.601405690580556 ] ], [ [ 2.413440955567229, 39.601548037053135 ], [ 2.41362631970291, 39.601603327532366 ], [ 2.413728812266025, 39.60161886407024 ] ], [ [ 2.413693262869263, 39.601558608284464 ], [ 2.413912936129475, 39.601601912887901 ], [ 2.413985796867278, 39.60162302128532 ] ], [ [ 2.414021370210394, 39.601504811217829 ], [ 2.414181759056562, 39.601488455321729 ], [ 2.414301254655374, 39.601497640099986 ], [ 2.414372539194889, 39.601522793158026 ] ], [ [ 2.413197339844285, 39.601159444559059 ], [ 2.413256168823617, 39.601199792594116 ], [ 2.413271800858237, 39.601209883817731 ], [ 2.413296749565624, 39.601211440642615 ], [ 2.413350370229361, 39.601211711393347 ], [ 2.413363318461224, 39.601211061349531 ], [ 2.413381796073207, 39.601212585483218 ], [ 2.413437138433611, 39.601227883311985 ] ], [ [ 2.413176346050414, 39.600908304298081 ], [ 2.413366302384869, 39.601076619698134 ], [ 2.41339943291012, 39.601094667077554 ], [ 2.413483349396353, 39.601120122328439 ], [ 2.413580384214498, 39.601124902840553 ] ], [ [ 2.413560256674022, 39.601077884439249 ], [ 2.413766108487223, 39.601078923259237 ], [ 2.413823977632354, 39.601086844277511 ] ], [ [ 2.413739812935366, 39.601127423862152 ], [ 2.413800123676759, 39.601138217993359 ], [ 2.41396648244626, 39.601144778761523 ], [ 2.414004397849161, 39.601180253564173 ] ], [ [ 2.413304564898431, 39.600847731092614 ], [ 2.413545743564899, 39.60089853525664 ] ], [ [ 2.412698134903884, 39.600676933634666 ], [ 2.412637892577371, 39.600694509218634 ], [ 2.412545293803138, 39.600711921179773 ], [ 2.412489784879787, 39.600716407878529 ] ], [ [ 2.41255477953712, 39.600500985835573 ], [ 2.41243449770394, 39.600512297404826 ], [ 2.412343539584661, 39.600517797730525 ], [ 2.412278786638704, 39.600522237574289 ], [ 2.41224799018705, 39.600519697656495 ] ], [ [ 2.412478918160813, 39.600361138485226 ], [ 2.412347820139625, 39.600375971473859 ], [ 2.412249098482582, 39.600388583963067 ], [ 2.412147336487389, 39.600396413617432 ] ], [ [ 2.412443419964656, 39.600003361279214 ], [ 2.412409130179129, 39.600049674900205 ], [ 2.4123300463663, 39.600108874697831 ], [ 2.412258707117166, 39.600163346248245 ], [ 2.412222977003816, 39.600197732753614 ] ], [ [ 2.412012783622055, 39.600455332536733 ], [ 2.411998695053034, 39.600481484918305 ], [ 2.411898018956758, 39.60054295927489 ] ], [ [ 2.411976792512663, 39.600338335000785 ], [ 2.411923789839459, 39.600410778349257 ], [ 2.411862782490227, 39.60051894047043 ] ], [ [ 2.412250379851716, 39.600054832295882 ], [ 2.412196290228118, 39.600073630844932 ], [ 2.412137538799988, 39.6000971731508 ], [ 2.412075636185889, 39.600129043953466 ] ], [ [ 2.411899179890356, 39.600223510021351 ], [ 2.411840297157688, 39.6002625483871 ], [ 2.411757969518118, 39.600340802646485 ], [ 2.411737717330388, 39.600366924692324 ], [ 2.411729812388123, 39.600390724214314 ], [ 2.411712702458234, 39.600409709760875 ], [ 2.411675550920231, 39.600429784991505 ], [ 2.411652359266465, 39.600439204096197 ], [ 2.411619941303298, 39.600446191438749 ], [ 2.411588994773726, 39.600461530695284 ], [ 2.411554956368159, 39.600478046351839 ], [ 2.411530182284196, 39.600492224785889 ] ], [ [ 2.411834849486018, 39.600177888530979 ], [ 2.411912856642263, 39.600063852125835 ], [ 2.411940883615769, 39.600029426728092 ], [ 2.411996795214834, 39.599977261432272 ], [ 2.41210226317641, 39.599895547883435 ], [ 2.412141004410889, 39.599869519318247 ], [ 2.412165727762249, 39.599861300832295 ], [ 2.412202676173293, 39.599865063961751 ] ], [ [ 2.412591074207128, 39.600035098910261 ], [ 2.412741728631624, 39.600076388958449 ], [ 2.412896935437658, 39.600126044484796 ], [ 2.412913853757499, 39.600129706174336 ] ], [ [ 2.412840872498709, 39.600013714051926 ], [ 2.413036098334366, 39.6000683398915 ], [ 2.413072986535215, 39.600079254844985 ] ], [ [ 2.413137518875915, 39.600101036224032 ], [ 2.413217328120026, 39.60013839159744 ] ], [ [ 2.412640700599731, 39.599814830824599 ], [ 2.412731555938146, 39.599821250418948 ], [ 2.412783872833047, 39.599829858410374 ], [ 2.412885281677195, 39.599863746971721 ], [ 2.412962099335604, 39.599890358796742 ] ], [ [ 2.412249625471423, 39.599779478014959 ], [ 2.412274367771722, 39.599768874565541 ], [ 2.412336089808556, 39.599758459054712 ], [ 2.412369976579107, 39.599759822510649 ], [ 2.412406924948153, 39.599763585574863 ], [ 2.412443723414534, 39.599785227079778 ] ], [ [ 2.411957421611039, 39.599713631473719 ], [ 2.411988327404733, 39.599703060179941 ], [ 2.412218285970559, 39.599658927868056 ], [ 2.412364851796171, 39.599637020846046 ], [ 2.412392585106008, 39.599637161105981 ], [ 2.412417187478717, 39.599643245863447 ], [ 2.412435565951608, 39.599656450645959 ] ], [ [ 2.41251367231082, 39.599712869170283 ], [ 2.412730730979205, 39.599736614862046 ], [ 2.412799964866984, 39.599748884553243 ], [ 2.412865986196157, 39.599776633946092 ], [ 2.413039490565195, 39.599849030125924 ] ], [ [ 2.412543993655231, 39.599406680041369 ], [ 2.412759007207474, 39.599490014212904 ], [ 2.412906377550632, 39.599555126999789 ], [ 2.412946266691716, 39.599575592796739 ] ], [ [ 2.412836891290838, 39.599390280456653 ], [ 2.413012136771707, 39.599438845928702 ], [ 2.413110464595548, 39.599472718729359 ], [ 2.413213534659736, 39.599492310585411 ], [ 2.413330382065646, 39.599522700524574 ] ], [ [ 2.412824294671748, 39.599604776347753 ], [ 2.41288885552393, 39.599622981806881 ], [ 2.412934908175009, 39.599643478752014 ], [ 2.412990023786731, 39.599685476880808 ], [ 2.413056197211544, 39.599695347723255 ], [ 2.413128603405545, 39.599696904636112 ], [ 2.413210203357227, 39.59970446917422 ], [ 2.413248632272186, 39.599715390952248 ], [ 2.413398664133076, 39.599830580688298 ], [ 2.413508906336866, 39.599913384466781 ] ], [ [ 2.412931432798161, 39.599507573599233 ], [ 2.413039095267183, 39.599530765917606 ], [ 2.413261643164166, 39.599634401468556 ], [ 2.413293848224733, 39.599652444207372 ] ], [ [ 2.413107801524109, 39.599919608066507 ], [ 2.413209161535328, 39.599959455535114 ], [ 2.413275183229584, 39.599987204697136 ] ], [ [ 2.413510983736125, 39.599981243687289 ], [ 2.413601427250929, 39.600036531686499 ], [ 2.413717974244226, 39.600102679041022 ], [ 2.413800875617062, 39.600138857549467 ], [ 2.413877794408457, 39.600153549505734 ], [ 2.413934793453753, 39.6001550290948 ], [ 2.413981046521166, 39.600151686187168 ], [ 2.41403661634215, 39.600140046676351 ] ], [ [ 2.413905785446856, 39.599940323236019 ], [ 2.414050247998054, 39.599985155656988 ], [ 2.414093249613543, 39.600002060553827 ] ], [ [ 2.413331531911293, 39.599298754399229 ], [ 2.413548619746947, 39.599318922506562 ], [ 2.413603946563528, 39.599335889794432 ], [ 2.413656010769441, 39.599374296006765 ], [ 2.413694218462741, 39.599411441108202 ] ], [ [ 2.413344715838556, 39.599379877060798 ], [ 2.413435399755827, 39.599406558585926 ], [ 2.413496759373303, 39.599439052358179 ], [ 2.413545761971608, 39.599475059029572 ], [ 2.413586970978615, 39.59952175495421 ] ], [ [ 2.414237439949957, 39.599874886746214 ], [ 2.414217555343257, 39.599857502868993 ], [ 2.414208500892499, 39.599834808836832 ], [ 2.414208671594927, 39.599814546350949 ], [ 2.414215820835723, 39.599788954293963 ], [ 2.414224456881234, 39.599769925653405 ], [ 2.414247708210082, 39.599753354829268 ], [ 2.414276297938893, 39.599743366833223 ], [ 2.414310970822205, 39.599742946035093 ], [ 2.414330975893541, 39.599746026593905 ], [ 2.41435246160026, 39.599756267017881 ], [ 2.414370099573844, 39.599765891559812 ], [ 2.414381525030987, 39.599781445124705 ], [ 2.414395187096237, 39.599805950017497 ], [ 2.414397317129695, 39.59982741706834 ], [ 2.41439718161482, 39.599843507945955 ] ], [ [ 2.414404217530168, 39.600046421049726 ], [ 2.414289979820224, 39.599998642781621 ], [ 2.414340576338741, 39.599918795034384 ] ], [ [ 2.415601922291389, 39.600834399869008 ], [ 2.415755932490886, 39.600843518871692 ], [ 2.415999288906277, 39.60085547002209 ], [ 2.416299566224879, 39.600878434338917 ], [ 2.416408892921763, 39.600887327989192 ] ], [ [ 2.416195000860133, 39.601036444937478 ], [ 2.41625051983718, 39.601030763550753 ], [ 2.416330601995407, 39.601035934139475 ], [ 2.41642288016427, 39.601056661004606 ], [ 2.416455036689439, 39.601080662959426 ], [ 2.416502452226733, 39.601122620746018 ], [ 2.41653918151409, 39.601152605077672 ], [ 2.41654066240898, 39.601159764017545 ] ], [ [ 2.416128550893955, 39.600609754551023 ], [ 2.416189038882425, 39.600599568666674 ], [ 2.416237071629763, 39.600604578276318 ] ], [ [ 2.415833142981662, 39.600557728911078 ], [ 2.415878774102308, 39.600555097542298 ], [ 2.41593910188082, 39.600563983161209 ], [ 2.415993178018787, 39.600583326258352 ] ], [ [ 2.416101913759995, 39.600552404154577 ], [ 2.41613409075524, 39.60053730865112 ], [ 2.416167419918819, 39.600531754567136 ], [ 2.41620183721263, 39.600543370631719 ] ], [ [ 2.416352491128615, 39.60051170561276 ], [ 2.416464605568182, 39.600518943598047 ], [ 2.416476907512525, 39.600521866163469 ], [ 2.416492811334463, 39.600536249943801 ] ], [ [ 2.416364337203556, 39.600422126686659 ], [ 2.416555315581092, 39.600432621486611 ], [ 2.416672400052174, 39.600435116859181 ], [ 2.416755002043324, 39.600433624046737 ], [ 2.416825231266666, 39.600437791539576 ] ], [ [ 2.416840773744415, 39.600293200482781 ], [ 2.416760822365674, 39.600272535827109 ], [ 2.416660570725972, 39.600283952319678 ] ], [ [ 2.416643980663871, 39.600100361799448 ], [ 2.416462199291428, 39.600095634000439 ], [ 2.416296370816077, 39.600099569308597 ] ], [ [ 2.416633127027406, 39.600071699484936 ], [ 2.416515635097708, 39.600044408283068 ], [ 2.416422610915665, 39.60003917282102 ], [ 2.416335167323695, 39.600030151242528 ], [ 2.416306864581658, 39.600024287498627 ], [ 2.416249735048739, 39.600001591776937 ] ], [ [ 2.414495508841002, 39.600147465313569 ], [ 2.41463115839831, 39.600140997302461 ], [ 2.414728328382397, 39.600129567038117 ], [ 2.414860946281527, 39.600117123149658 ], [ 2.415001388879322, 39.600090413696009 ], [ 2.415124871667398, 39.600064811669228 ], [ 2.415253067213547, 39.600028505521955 ], [ 2.415297840567906, 39.600018002237256 ] ], [ [ 2.415306256578237, 39.599933413197441 ], [ 2.415388097576549, 39.599912369599686 ], [ 2.415412790510719, 39.599907725570681 ], [ 2.415505167096477, 39.599916533884809 ], [ 2.415637513996653, 39.599936271768065 ], [ 2.415794503823617, 39.599957325477099 ] ], [ [ 2.414777767517214, 39.599930752498231 ], [ 2.414941081030769, 39.599932767030836 ], [ 2.415069045808961, 39.599923875675756 ], [ 2.415118351509993, 39.599924123885309 ], [ 2.415210978688774, 39.599903133807203 ], [ 2.415334681558161, 39.599851308978167 ] ], [ [ 2.414984216692522, 39.599750608699495 ], [ 2.414716382113186, 39.59971826878072 ], [ 2.414484015602566, 39.599682529881953 ] ], [ [ 2.415397729943152, 39.600318411224563 ], [ 2.415638134070368, 39.600314852296918 ], [ 2.41564732812564, 39.600320858874952 ] ], [ [ 2.415391519884583, 39.600140772729233 ], [ 2.415591951821049, 39.600126285060135 ], [ 2.415645889164983, 39.600125364274795 ], [ 2.415671962770725, 39.600139799314789 ] ], [ [ 2.415634433005293, 39.600205170677974 ], [ 2.41576215785154, 39.600224884272123 ], [ 2.415931594417019, 39.600231696472861 ], [ 2.415994677028316, 39.60024274127219 ] ], [ [ 2.415619113682947, 39.600377932607941 ], [ 2.415685276983054, 39.600388993069728 ], [ 2.415739084327381, 39.600403567564435 ], [ 2.415802106971772, 39.600421764571777 ] ], [ [ 2.415562980659367, 39.600031304640567 ], [ 2.415662733146684, 39.600042534065814 ], [ 2.415747755413091, 39.600046537831467 ], [ 2.415790256373413, 39.600049612320461 ] ], [ [ 2.417035911961895, 39.600768014411621 ], [ 2.417049952136424, 39.600857722383417 ], [ 2.417088952823517, 39.60120502682674 ], [ 2.417088649042773, 39.601241262169189 ], [ 2.417083573782334, 39.601258401395825 ] ], [ [ 2.417293004788303, 39.600685387199199 ], [ 2.417329461016509, 39.601042215353139 ], [ 2.417340572485454, 39.601187216743291 ] ], [ [ 2.417919653792332, 39.601094060984778 ], [ 2.41776642441501, 39.601285919796986 ], [ 2.417636854946666, 39.601449288274949 ], [ 2.417602069545558, 39.601481536707134 ], [ 2.41756485836885, 39.601509003798107 ], [ 2.417520251241823, 39.601536434700392 ], [ 2.417465766489082, 39.601565723549953 ], [ 2.417428675057709, 39.601578887290081 ], [ 2.41740023575894, 39.601589234522621 ] ], [ [ 2.417305519256912, 39.601418065955443 ], [ 2.417365943859311, 39.601415508194037 ], [ 2.417499357656425, 39.601381847754467 ], [ 2.417601907568453, 39.601353754021481 ], [ 2.417672296346885, 39.601338848725419 ] ], [ [ 2.417848912870577, 39.601150922197981 ], [ 2.417758467015156, 39.601205777135476 ], [ 2.417664441697146, 39.601246311054581 ], [ 2.41759646278601, 39.601267903282711 ], [ 2.417547053434948, 39.601280052022801 ], [ 2.417491551172358, 39.601283587850496 ], [ 2.41745826968344, 39.601283420988992 ], [ 2.417418929595631, 39.601270827319823 ], [ 2.417401760033666, 39.60126025139553 ], [ 2.417383454099608, 39.601238226644213 ] ], [ [ 2.418439767637388, 39.600938289008838 ], [ 2.418506042753545, 39.600936236583571 ], [ 2.418553087104365, 39.600930512583048 ], [ 2.418593252808797, 39.600918197321029 ], [ 2.418654393284682, 39.600885127163657 ], [ 2.418678444874015, 39.600864983255825 ], [ 2.418701671768764, 39.600851392038862 ], [ 2.418737871147989, 39.600852765208785 ] ], [ [ 2.419410965871785, 39.600561429495535 ], [ 2.419371984148723, 39.600505926545537 ], [ 2.419352372705779, 39.600492477922963 ], [ 2.419332666876918, 39.600490471953819 ], [ 2.419228886676709, 39.600518561073677 ], [ 2.41921148603724, 39.600535638787406 ], [ 2.419210086528122, 39.600555657266227 ], [ 2.419218395990435, 39.600593843163843 ] ], [ [ 2.415517276675673, 39.597721236570408 ], [ 2.415373217457287, 39.597812294740038 ] ], [ [ 2.415332536885842, 39.59788599375527 ], [ 2.415187897395191, 39.597862618353481 ], [ 2.41512320723341, 39.597859908599894 ], [ 2.415096984205526, 39.597863352800161 ], [ 2.415079996130697, 39.597868035552985 ] ], [ [ 2.414982017128733, 39.597976013249259 ], [ 2.414973842823162, 39.598031995681609 ], [ 2.414977601770943, 39.598134526144463 ], [ 2.414980111855431, 39.598202483050763 ], [ 2.414973729056689, 39.598228674605302 ], [ 2.414959630864942, 39.598256019379043 ], [ 2.414930046361413, 39.598292822714647 ], [ 2.41486644414902, 39.598343757746932 ], [ 2.414827704788251, 39.598369786340534 ], [ 2.414782641528242, 39.598414855254489 ] ], [ [ 2.415651282352546, 39.596167846500045 ], [ 2.41574031322089, 39.596207629770404 ], [ 2.415833825235513, 39.596264123557987 ], [ 2.415847561066942, 39.596279688603055 ], [ 2.415847440920185, 39.596293991918166 ], [ 2.41580971318359, 39.59638320195544 ], [ 2.415771855171575, 39.596487907310795 ], [ 2.415758578622311, 39.596601079833249 ], [ 2.415722929590325, 39.596809499906016 ], [ 2.415716537189891, 39.59683688352851 ], [ 2.415705611326596, 39.596853516640039 ], [ 2.415651406093139, 39.596886620152269 ], [ 2.415563064912157, 39.596948159776495 ], [ 2.415470071089346, 39.597013251229832 ], [ 2.415414163321364, 39.597065418254623 ], [ 2.415381558071073, 39.597095054107299 ], [ 2.41537061321627, 39.597114070326057 ] ], [ [ 2.415805707961241, 39.596859980296699 ], [ 2.41569261501086, 39.596933315349951 ], [ 2.415548446299031, 39.597037485952924 ], [ 2.41550957768596, 39.59707901011712 ], [ 2.415484606409906, 39.597117027976736 ], [ 2.415470488609805, 39.597146756856333 ], [ 2.415454871219015, 39.597171710818188 ], [ 2.41544847867815, 39.597199094423196 ], [ 2.415445106487049, 39.597233644730913 ] ], [ [ 2.415991622877936, 39.597105273569348 ], [ 2.415930674574055, 39.597023911979498 ], [ 2.415877019976511, 39.596991458217005 ], [ 2.415836981241699, 39.596988872788714 ], [ 2.415790720345972, 39.596993408471036 ], [ 2.415739545434585, 39.597032486699774 ], [ 2.415475800259314, 39.597248103063308 ], [ 2.4154677667047, 39.597287399094846 ], [ 2.415467546285756, 39.597313621682716 ] ], [ [ 2.415962029403247, 39.597143269200508 ], [ 2.415882492402811, 39.597073733027685 ], [ 2.415856359816696, 39.59706645014262 ], [ 2.415822454249998, 39.597067471747785 ], [ 2.415662848422044, 39.597175140178877 ], [ 2.415481282239064, 39.597329186769194 ], [ 2.415480751234595, 39.597392360103903 ], [ 2.415485935635528, 39.597417119570764 ], [ 2.41547407901184, 39.597544604001314 ], [ 2.415453508427443, 39.597608867684855 ], [ 2.415420701365863, 39.597662342989985 ], [ 2.415352468753622, 39.597714447067453 ], [ 2.415302855100699, 39.597751148817075 ], [ 2.415234781515637, 39.59778418233828 ], [ 2.415183847444021, 39.59779465459777 ], [ 2.415132952302843, 39.597800357857764 ], [ 2.415083619192665, 39.597803685723896 ] ], [ [ 2.415609818620864, 39.59618825903511 ], [ 2.415640529161515, 39.596200809920326 ], [ 2.415640441020399, 39.596211299318185 ], [ 2.415643601845885, 39.596275206654411 ], [ 2.415598594827322, 39.596497168133567 ] ], [ [ 2.415509679958838, 39.596480270708057 ], [ 2.415577281328852, 39.596503259146985 ], [ 2.415493730090838, 39.596728126256515 ], [ 2.415437252630579, 39.59684823381339 ], [ 2.415377743457685, 39.59696236574473 ], [ 2.415353580268616, 39.597087403213408 ], [ 2.415335550180191, 39.597216048641101 ], [ 2.415340841593199, 39.597319778886998 ], [ 2.415358408319693, 39.597429530337052 ], [ 2.415367010740769, 39.597505861474424 ], [ 2.415358926992357, 39.59755111668327 ], [ 2.415343188056038, 39.597590373031224 ], [ 2.4153291414097, 39.597611758673523 ], [ 2.415302698001506, 39.597641425506815 ], [ 2.415279457656939, 39.597656804537543 ], [ 2.41525159365918, 39.597672160294394 ], [ 2.415234575577346, 39.597680418222154 ] ], [ [ 2.41554039461785, 39.596260085393126 ], [ 2.415532398210521, 39.596331564764824 ], [ 2.415492074300182, 39.596436257624994 ] ], [ [ 2.415592268112815, 39.596101095710061 ], [ 2.415585584078486, 39.596163046042449 ], [ 2.415539321565682, 39.59624100780303 ] ], [ [ 2.415455120665496, 39.596139980148791 ], [ 2.415390286652836, 39.596227861611766 ], [ 2.415208183871759, 39.596482509181371 ], [ 2.415157038970898, 39.596554724643561 ] ], [ [ 2.41543097217591, 39.596485838695294 ], [ 2.415434771815022, 39.596583602004493 ], [ 2.415405068052273, 39.596634707890935 ], [ 2.415279976735351, 39.596852214323171 ], [ 2.415221917905433, 39.596977081185337 ], [ 2.4151340143219, 39.597169742071259 ], [ 2.415085258850237, 39.597287504179057 ], [ 2.41507688419409, 39.597367326078029 ], [ 2.415072970406494, 39.597466241719452 ], [ 2.415091198432461, 39.597497325449304 ], [ 2.415147804370736, 39.597545290411553 ], [ 2.415172115554808, 39.597585940391603 ], [ 2.415195036302204, 39.597608703248326 ], [ 2.415204079605973, 39.597632589224276 ], [ 2.41520694073647, 39.597658827319457 ] ], [ [ 2.415362574138229, 39.596435431295028 ], [ 2.415302529288066, 39.596540024855905 ], [ 2.415277909712045, 39.596536085984127 ], [ 2.41525055317078, 39.596564556148394 ], [ 2.415183032451207, 39.596678648566908 ] ], [ [ 2.415172802659756, 39.596722462125349 ], [ 2.415057737844062, 39.596920231167999 ], [ 2.414965180742894, 39.597079969040777 ], [ 2.414937453653136, 39.59715230320721 ], [ 2.414929592899972, 39.597207571802244 ], [ 2.414989200525197, 39.597448178629492 ], [ 2.415021007329445, 39.597476946601383 ], [ 2.415050444863979, 39.597494259504067 ] ], [ [ 2.415069556178123, 39.597566828589002 ], [ 2.415135554171231, 39.597633913025859 ] ], [ [ 2.414889268725064, 39.597312264432887 ], [ 2.414883920425298, 39.597361825009912 ], [ 2.414883535306374, 39.597407595601766 ], [ 2.414895492804643, 39.597451520858741 ], [ 2.414951661583475, 39.597514740924908 ], [ 2.414973462968513, 39.597560623228212 ], [ 2.414973254390462, 39.597585415932038 ], [ 2.414953340934589, 39.597608201929852 ], [ 2.414876326720726, 39.597678380403188 ], [ 2.414786874553161, 39.597761845899193 ], [ 2.414766751167395, 39.597809424559649 ], [ 2.414749238934569, 39.597839851670784 ], [ 2.414739072888842, 39.597876037348534 ], [ 2.414743713934121, 39.597910390121022 ], [ 2.414760312484661, 39.597988668160077 ], [ 2.414779006322808, 39.598110822686941 ], [ 2.414773161492514, 39.598219502994681 ] ], [ [ 2.414994975587773, 39.597640834371418 ], [ 2.415016985603291, 39.597661923962477 ], [ 2.415026670186557, 39.597682951496395 ], [ 2.415019098207345, 39.597703893050799 ], [ 2.414974372222656, 39.597745625412543 ], [ 2.414934592169606, 39.597785476974515 ], [ 2.414897309736448, 39.597821525220773 ], [ 2.414872208308227, 39.597874800396966 ], [ 2.414859529779938, 39.597916694998325 ], [ 2.414861625087617, 39.597960570588256 ], [ 2.41486852314598, 39.598019728473943 ], [ 2.414880191879654, 39.598097982569307 ], [ 2.414879806748217, 39.598143753155291 ], [ 2.414874313951937, 39.598210476792779 ], [ 2.414864261415287, 39.59823331243085 ], [ 2.414849293764538, 39.598254216727 ] ], [ [ 2.414700791662636, 39.59729844207925 ], [ 2.41468150041114, 39.597393704039796 ], [ 2.414665571665426, 39.597455607732215 ], [ 2.414643559872153, 39.597507944231779 ], [ 2.414540767558403, 39.59763854660558 ], [ 2.414450502227427, 39.597745370655886 ], [ 2.414366358609874, 39.597856994661718 ], [ 2.414325798580291, 39.597916390014461 ], [ 2.414316312655425, 39.59794495002776 ], [ 2.414303645830604, 39.597985413784201 ], [ 2.414290736877305, 39.598054484146637 ], [ 2.414290335292658, 39.598102162136058 ], [ 2.414274586750478, 39.598142610353307 ], [ 2.414230923551019, 39.598204374161817 ], [ 2.414196886874964, 39.598220890611593 ], [ 2.414156526156457, 39.598256447350103 ], [ 2.41410057739795, 39.598313380890779 ], [ 2.414075704171065, 39.598339479153559 ], [ 2.413992163084303, 39.598379585446047 ], [ 2.413951962898995, 39.598396070737252 ], [ 2.413884008606565, 39.598414800149058 ], [ 2.413809871982816, 39.598435881565322 ], [ 2.413689473306726, 39.598461498671142 ], [ 2.413623481894966, 39.598485005205184 ], [ 2.413553115288975, 39.598497523135478 ], [ 2.4134863861265, 39.598517211791332 ], [ 2.413417807439473, 39.598536891972472 ], [ 2.41341224926818, 39.598538293852798 ] ], [ [ 2.414581104751232, 39.597742959839742 ], [ 2.414562242696092, 39.597787206488753 ], [ 2.414577052866019, 39.598004701513489 ] ], [ [ 2.414434947852677, 39.598192797099053 ], [ 2.414471708833134, 39.598218729402682 ], [ 2.414480772038444, 39.598240231396531 ], [ 2.414486042292815, 39.598273156505847 ] ], [ [ 2.414443071580241, 39.59832586488757 ], [ 2.414437224368974, 39.598361595653714 ], [ 2.414420258541375, 39.598400130265439 ], [ 2.414383039748873, 39.598428550509212 ], [ 2.414349639180867, 39.598442686073319 ], [ 2.414303333052171, 39.598452465850052 ], [ 2.414270063824369, 39.598450867298311 ], [ 2.41422755186173, 39.5984492230412 ], [ 2.414186972566132, 39.598437575323061 ], [ 2.414174041773679, 39.598436079285406 ] ], [ [ 2.414563182874094, 39.598114772218928 ], [ 2.414579088902912, 39.598202105786726 ], [ 2.414600938415772, 39.598242266831448 ], [ 2.414609954664916, 39.598269490144133 ], [ 2.414598560295236, 39.598305192070086 ], [ 2.414562840714961, 39.598375101725296 ], [ 2.414510565893483, 39.598434914756965 ], [ 2.414493792775609, 39.598450564990031 ] ], [ [ 2.41434185860568, 39.598049288779649 ], [ 2.414350465157025, 39.598125143355617 ], [ 2.414344520388191, 39.598172315856559 ], [ 2.414316197346825, 39.598242262719019 ], [ 2.414284464451935, 39.598277862091123 ], [ 2.414245408241515, 39.598304843088137 ], [ 2.414208201475196, 39.598331833396109 ], [ 2.414167345102567, 39.598353082824303 ], [ 2.414141364201083, 39.598364394955887 ] ], [ [ 2.41422847781622, 39.598010096209343 ], [ 2.414234460647304, 39.598068057448877 ], [ 2.414228594116413, 39.598105933470329 ], [ 2.414216300099666, 39.598138770942086 ], [ 2.414191980825676, 39.598172262303962 ], [ 2.414148237016279, 39.598207086562056 ], [ 2.414108274140398, 39.598231916678863 ], [ 2.414080444967665, 39.598243219477197 ], [ 2.414039654896906, 39.59825660226803 ] ], [ [ 2.413857997214852, 39.598047802160686 ], [ 2.413768301017088, 39.598159874360384 ], [ 2.413673740031386, 39.598264292885013 ], [ 2.413630132513727, 39.598319380985863 ] ], [ [ 2.413916301578059, 39.598150131157695 ], [ 2.413807931562866, 39.598284041256868 ], [ 2.413794237150785, 39.598300183568341 ], [ 2.413739938308376, 39.598307538659782 ], [ 2.413713973437416, 39.598316943287863 ], [ 2.41368679242814, 39.598324435185582 ], [ 2.413663251752472, 39.598338620306485 ], [ 2.413632163890509, 39.598370885324506 ], [ 2.413609832436755, 39.598387937319472 ], [ 2.41358022601902, 39.598390648680137 ], [ 2.413562961245643, 39.598391515737205 ] ], [ [ 2.413923046153152, 39.598227406311629 ], [ 2.413854561532069, 39.59830907025075 ] ], [ [ 2.414089407005444, 39.597940259568503 ], [ 2.414098922625995, 39.597981311806073 ], [ 2.414099857554584, 39.598016600109418 ], [ 2.414099568321719, 39.59805092804465 ], [ 2.414081895051015, 39.598100425525551 ] ], [ [ 2.413843119963992, 39.598642834770928 ], [ 2.413925293907689, 39.598691882596519 ], [ 2.413998679423267, 39.59875995822329 ] ], [ [ 2.413943635646212, 39.598563239900166 ], [ 2.413985487366173, 39.598570125849477 ], [ 2.414003807599264, 39.598590243725468 ], [ 2.414019615207107, 39.598616070491708 ], [ 2.414030427364062, 39.598649501116405 ], [ 2.414043399780825, 39.598719179512756 ] ], [ [ 2.414203938583274, 39.598400832002341 ], [ 2.414068590177338, 39.598463325528499 ], [ 2.414027630166506, 39.598478614946067 ], [ 2.413965044238393, 39.598500351197643 ], [ 2.413934984459832, 39.598501987230584 ] ], [ [ 2.413802028543168, 39.598481648754593 ], [ 2.413672292263359, 39.598518184314273 ], [ 2.413608020659935, 39.598538838735287 ], [ 2.413547501941035, 39.598552837203961 ] ], [ [ 2.412868859251359, 39.59851341176536 ], [ 2.41307529942986, 39.598516838900586 ], [ 2.413123021865351, 39.598521848228039 ] ], [ [ 2.413420804674502, 39.598108537571633 ], [ 2.413513349495571, 39.598097084963349 ], [ 2.413610496695371, 39.598088038743398 ], [ 2.413650566123778, 39.598087048890996 ] ], [ [ 2.4131929743014, 39.597901172030724 ], [ 2.413103803091796, 39.597878073258002 ], [ 2.413079150975442, 39.597877948733739 ], [ 2.413018981602295, 39.59788718132387 ], [ 2.412986485629562, 39.597903705203059 ], [ 2.41294115986855, 39.597979763140117 ], [ 2.412917927792575, 39.597993949669963 ] ], [ [ 2.413392909922786, 39.598127468928496 ], [ 2.413359144589996, 39.598111802472054 ], [ 2.4133252787127, 39.598108055275873 ], [ 2.41319885791521, 39.598116952518083 ], [ 2.413164910404027, 39.598122741405838 ], [ 2.413130843346166, 39.598142832692119 ] ], [ [ 2.412979748777055, 39.597971614532177 ], [ 2.413029022890123, 39.597975439669355 ], [ 2.413104579373109, 39.59796866893376 ], [ 2.413132382433632, 39.597960465793641 ], [ 2.413157004408357, 39.597964165457078 ], [ 2.413204666118782, 39.597976326851295 ], [ 2.413255390567664, 39.597990886927157 ], [ 2.413326173707136, 39.598001972060146 ] ], [ [ 2.413170568966466, 39.597999994201622 ], [ 2.41323669053362, 39.598015824116935 ], [ 2.41327664929875, 39.598027945680336 ], [ 2.413296677804158, 39.598028046815998 ], [ 2.413310575476072, 39.598024540787762 ], [ 2.413319879644874, 39.598017436261337 ] ], [ [ 2.413383020146075, 39.598021331263162 ], [ 2.413401418490235, 39.598032151860515 ], [ 2.413427581331364, 39.598035860146922 ], [ 2.413535392495767, 39.598041171738423 ], [ 2.413633959831246, 39.598046437481472 ], [ 2.413652498929524, 39.598040570699823 ] ], [ [ 2.413214273198965, 39.597933463628017 ], [ 2.413354358868248, 39.597948474918894 ], [ 2.413408195158914, 39.597959474436045 ], [ 2.41344343088662, 39.597983491875716 ], [ 2.413464991322681, 39.597984792783777 ], [ 2.413535804642635, 39.597992302638787 ], [ 2.413634371916523, 39.59799756748 ], [ 2.413649799175199, 39.597995262099275 ], [ 2.413669929345116, 39.597983443004459 ] ], [ [ 2.413088257502816, 39.597711830555752 ], [ 2.413018821183925, 39.597723638344924 ], [ 2.41289750276546, 39.597748772440923 ], [ 2.412801119649684, 39.597776893212341 ] ], [ [ 2.413001183635247, 39.597622706419038 ], [ 2.412892867295149, 39.597640754690502 ], [ 2.412770648406762, 39.597663023321722 ], [ 2.412727972732799, 39.597680687748486 ], [ 2.412687037775573, 39.597711234030562 ] ], [ [ 2.41281301740414, 39.597453535301973 ], [ 2.412890768255386, 39.597460484124461 ], [ 2.412970745408292, 39.597477576270322 ], [ 2.412998423686719, 39.597484272029057 ] ], [ [ 2.413006258719135, 39.597560003874044 ], [ 2.413138560166468, 39.597584511740969 ], [ 2.413232308227127, 39.597612997456075 ], [ 2.413300674737396, 39.597636585762459 ], [ 2.4133229596421, 39.597643254210212 ] ], [ [ 2.412615171221162, 39.597734283208247 ], [ 2.412603606764794, 39.597790010460272 ], [ 2.41259403558029, 39.597828582190097 ], [ 2.412599329068153, 39.597858647620875 ], [ 2.412633073359291, 39.597913173082155 ], [ 2.412651260131605, 39.597949025253151 ] ], [ [ 2.413158079026047, 39.597291536397023 ], [ 2.413059536945829, 39.597283409596706 ], [ 2.412930019881681, 39.597294198399233 ], [ 2.412842401925096, 39.597306152992203 ], [ 2.412815252267939, 39.597309829868387 ], [ 2.412790569313505, 39.59731351920454 ] ], [ [ 2.413502689827113, 39.597061552062911 ], [ 2.413330549043267, 39.597156996355629 ], [ 2.413289552302635, 39.597194933724523 ] ], [ [ 2.413573972589567, 39.597232605552108 ], [ 2.413491148005495, 39.597260796232135 ], [ 2.413409259107803, 39.597324273366795 ] ], [ [ 2.41367452880304, 39.5972941436656 ], [ 2.413587685987318, 39.597360456710383 ], [ 2.413505692504504, 39.597436330711261 ], [ 2.413496838486682, 39.597462987261032 ], [ 2.413491273208671, 39.597538292820992 ] ], [ [ 2.413566540641699, 39.597529137089218 ], [ 2.413570949048636, 39.597591143270854 ], [ 2.413574534219472, 39.59760451108545 ], [ 2.413578006803571, 39.597631229853512 ] ], [ [ 2.413816559550984, 39.597407385034188 ], [ 2.413711123526075, 39.597486000791768 ], [ 2.413690088882649, 39.597495431194986 ], [ 2.413671101705344, 39.597554458531683 ] ], [ [ 2.41391348396242, 39.597461274661391 ], [ 2.413887447091293, 39.597479262217462 ], [ 2.413845225145929, 39.597516239405145 ], [ 2.413817755097547, 39.597558059273453 ], [ 2.413796447155221, 39.597599909322973 ] ], [ [ 2.413769863578252, 39.597682737907007 ], [ 2.413717331343325, 39.597773064607708 ], [ 2.413702122261412, 39.597822575367744 ] ], [ [ 2.41398534554143, 39.597563672017209 ], [ 2.413970281343746, 39.597596018847341 ], [ 2.413926796197526, 39.597636803769674 ], [ 2.41390813869083, 39.597656735139381 ], [ 2.41390894493453, 39.597707280005615 ] ], [ [ 2.414072493615925, 39.597607499913174 ], [ 2.414084474729106, 39.597648565488129 ], [ 2.414087947518914, 39.597675283341225 ], [ 2.414069290047629, 39.597695214736966 ], [ 2.414070417788553, 39.597707617750871 ] ], [ [ 2.413083854582001, 39.596629977268904 ], [ 2.413027906276743, 39.596686910312144 ], [ 2.412930398721282, 39.596738865980925 ] ], [ [ 2.413451887886717, 39.596131357187168 ], [ 2.413389302556558, 39.596244518383727 ], [ 2.413340726024608, 39.596304350484544 ], [ 2.413295710338696, 39.596380410149635 ], [ 2.413269456498149, 39.596424143527209 ] ], [ [ 2.413608903667366, 39.595929033165937 ], [ 2.413591673621637, 39.596071985396755 ] ], [ [ 2.413547995056605, 39.596135656384021 ], [ 2.413507363863533, 39.596276582992971 ], [ 2.413488296450561, 39.596345146453451 ] ], [ [ 2.413630042170629, 39.595687879805787 ], [ 2.413669896218364, 39.595785347576786 ], [ 2.413671201791105, 39.595849722252133 ], [ 2.413693050055198, 39.595889883474463 ], [ 2.41372597925052, 39.595931531446844 ] ], [ [ 2.413757991529115, 39.595614145056061 ], [ 2.413632107791764, 39.595486681157503 ], [ 2.41353943997768, 39.595367013834881 ], [ 2.413521168965925, 39.595341174557205 ], [ 2.413497217377723, 39.595258090921078 ], [ 2.413489812342382, 39.595113106845695 ], [ 2.41348705562101, 39.595001522346465 ], [ 2.413486015312158, 39.594978630821323 ] ], [ [ 2.413632534627517, 39.59499748832453 ], [ 2.413631240214463, 39.595151010845214 ], [ 2.413645969599834, 39.595304614225519 ], [ 2.413665368284255, 39.595342856506065 ], [ 2.413737389282129, 39.595426182656794 ], [ 2.41390614622342, 39.595585331334462 ], [ 2.41402999903093, 39.595661289681239 ] ], [ [ 2.413767567337678, 39.595063014433023 ], [ 2.413801551068089, 39.595272024034081 ], [ 2.413820676571494, 39.595342685929339 ], [ 2.413845046495824, 39.595376184985376 ], [ 2.413971202468931, 39.595471227209316 ], [ 2.414068100212306, 39.595527978269814 ], [ 2.414177114338822, 39.5956095841006 ], [ 2.414227279670736, 39.595653702069683 ] ], [ [ 2.41427409159599, 39.595656798842406 ], [ 2.414326385220409, 39.595740979373787 ], [ 2.414350794515571, 39.595769710247225 ], [ 2.414354387774623, 39.595782124788535 ] ], [ [ 2.414158396334646, 39.595783044252975 ], [ 2.414195971597629, 39.595858567377384 ], [ 2.41420059618498, 39.595894827589099 ], [ 2.414200082122514, 39.595955854752475 ], [ 2.414189891981861, 39.595994901056159 ], [ 2.414185905152542, 39.596029210361174 ], [ 2.414174539052418, 39.596061575872191 ], [ 2.414150646964729, 39.596117716888756 ], [ 2.414123296998173, 39.596145233527821 ], [ 2.414098445807964, 39.596168948682532 ], [ 2.414073609514421, 39.596190755516389 ] ], [ [ 2.414075157125222, 39.595860818989649 ], [ 2.414113044471273, 39.595899154424551 ], [ 2.41411887021538, 39.595939234773979 ], [ 2.41410877644179, 39.595966837520152 ], [ 2.414074064497586, 39.595990502947792 ], [ 2.414029435473018, 39.596020793214088 ], [ 2.413992177637103, 39.59605398052215 ], [ 2.413969725325154, 39.596085335904242 ], [ 2.413962113035545, 39.596111044564012 ], [ 2.41395943977265, 39.596135824840132 ], [ 2.413953075707842, 39.596159633206319 ] ], [ [ 2.413979797836077, 39.595133825078854 ], [ 2.413962208343213, 39.595319687335419 ] ], [ [ 2.414099346766155, 39.595135381259674 ], [ 2.414095135003801, 39.595196390685651 ], [ 2.414110747926133, 39.59524510274445 ], [ 2.414171604195738, 39.595336954683226 ], [ 2.414211916631622, 39.595380069688609 ], [ 2.414253557648976, 39.595411748241006 ] ], [ [ 2.414291759498717, 39.59544936978444 ], [ 2.414341437192319, 39.595478228032469 ] ], [ [ 2.414155998515711, 39.595214100154287 ], [ 2.414285984480855, 39.595256952714784 ], [ 2.414355153137411, 39.595276611433967 ], [ 2.414455516211031, 39.595324319738907 ] ], [ [ 2.414311393181467, 39.595313581056715 ], [ 2.414373903495652, 39.59535537705387 ], [ 2.414419918492162, 39.595379926082472 ] ], [ [ 2.414195956617931, 39.595079844757763 ], [ 2.414212923616329, 39.595150734483255 ], [ 2.414243109978467, 39.595188792280638 ] ], [ [ 2.414346342821282, 39.59500550704383 ], [ 2.414360404542872, 39.595092116869338 ], [ 2.414374677074874, 39.595153696117627 ] ], [ [ 2.414471303091311, 39.594876686104627 ], [ 2.414492076302226, 39.594934721893772 ], [ 2.414533604766553, 39.595052938731953 ], [ 2.414558131043101, 39.595104556428616 ], [ 2.414587362778529, 39.595146185532933 ], [ 2.414615856471759, 39.595165639157607 ] ], [ [ 2.414654459303841, 39.595192296113858 ], [ 2.414778832340745, 39.59524298587764 ] ], [ [ 2.414443267365399, 39.595121142331607 ], [ 2.414481292164337, 39.595143266932375 ], [ 2.414503269132686, 39.595168170539679 ], [ 2.414570440292935, 39.595241936092833 ] ], [ [ 2.41436036446562, 39.59584703118486 ], [ 2.414362848332882, 39.595881373110963 ], [ 2.41435949721809, 39.595950015033317 ] ], [ [ 2.415046360762545, 39.596672025475769 ], [ 2.414946491628769, 39.596821714237542 ], [ 2.414896727973602, 39.596876295186888 ], [ 2.4148500045738, 39.596935659697998 ], [ 2.414790594669093, 39.597037872043892 ], [ 2.414774866728797, 39.597075936305025 ], [ 2.414755816386572, 39.597142592563358 ], [ 2.414743210161466, 39.597175904270685 ] ], [ [ 2.415107476496726, 39.596513559199515 ], [ 2.415062513564707, 39.596583421601927 ], [ 2.415012186214356, 39.596631802452556 ], [ 2.414976756722418, 39.596667383414847 ], [ 2.414952601947728, 39.596681565710981 ], [ 2.414924808466356, 39.596688578171246 ], [ 2.414898912555548, 39.596689877712279 ], [ 2.414876798581028, 39.596681184000971 ], [ 2.414860267840469, 39.596668227677938 ], [ 2.414847433644389, 39.596655289067755 ] ], [ [ 2.414899670714571, 39.596599767298272 ], [ 2.414919326467153, 39.596461117819949 ], [ 2.414959151486385, 39.596342595377614 ], [ 2.414995217365699, 39.596231206402329 ], [ 2.415030959447934, 39.596158435914418 ], [ 2.415060817512724, 39.59612568676679 ], [ 2.415086905694659, 39.59610150188621 ], [ 2.415131843069111, 39.596034499222014 ], [ 2.415161857401482, 39.595983156189206 ], [ 2.415201152493967, 39.595927569133472 ], [ 2.415218007869748, 39.595901906009381 ], [ 2.415222114455802, 39.595853293349784 ], [ 2.415220975822407, 39.595768894941585 ], [ 2.415216318804232, 39.595663021592472 ], [ 2.41522543398014, 39.595458520952249 ], [ 2.415235700924261, 39.595336989745121 ], [ 2.415232195729481, 39.595314085830445 ] ], [ [ 2.415194055674194, 39.595232361072753 ], [ 2.415175976527569, 39.595183636744594 ], [ 2.415130165877766, 39.595134772826682 ], [ 2.415089743580407, 39.595104530663058 ], [ 2.415040030905875, 39.595079964183959 ], [ 2.414981037566211, 39.595059641682695 ], [ 2.414944193823991, 39.595043721407713 ], [ 2.414920423508987, 39.595012133088552 ], [ 2.414918815951829, 39.594983517150105 ], [ 2.41491908068245, 39.594952049854875 ], [ 2.414951171534534, 39.594873539419808 ], [ 2.414960753023145, 39.594833536681435 ], [ 2.414959312740311, 39.594784896093522 ], [ 2.414950406242073, 39.594744800265381 ], [ 2.4149377047358, 39.594716128465556 ], [ 2.414902903097483, 39.594677332183338 ], [ 2.414864366638746, 39.594642808709757 ] ], [ [ 2.414827438894932, 39.594636901170595 ], [ 2.414812691454738, 39.594851386635938 ], [ 2.414792626766363, 39.595038667409277 ], [ 2.414792337905997, 39.595072995366408 ], [ 2.414808869422852, 39.595085951705634 ], [ 2.414845737225362, 39.595099011360247 ], [ 2.414928609203353, 39.595138048817482 ], [ 2.414983880913817, 39.595161213391613 ], [ 2.415004084868907, 39.595177049878572 ], [ 2.415029739601447, 39.595204356040085 ] ], [ [ 2.414621892456968, 39.59489476725723 ], [ 2.414647972867806, 39.594651731968398 ], [ 2.414656210745426, 39.594551645108552 ], [ 2.414613905826343, 39.594525684920974 ] ], [ [ 2.414537876033864, 39.594552479758313 ], [ 2.41452056201726, 39.594632494483768 ], [ 2.414512540687469, 39.594706834462016 ] ], [ [ 2.414432554546121, 39.59454479661516 ], [ 2.414413283804309, 39.594637675444055 ], [ 2.414403486407898, 39.594703424110051 ] ], [ [ 2.41439242949565, 39.593820814958534 ], [ 2.414406653635932, 39.593888115541567 ], [ 2.414403334987909, 39.594062606690322 ], [ 2.414415205171975, 39.594189971885463 ], [ 2.414432476662852, 39.594334528104156 ], [ 2.414459413062304, 39.594429070643564 ], [ 2.414481140927211, 39.594483535043629 ] ], [ [ 2.414537505540075, 39.593498276436144 ], [ 2.414527491702825, 39.59358977110071 ], [ 2.414520367468143, 39.593777117069671 ], [ 2.414519620930778, 39.593865797640163 ], [ 2.414526582547534, 39.593917327747178 ], [ 2.414530015200312, 39.593948813676924 ] ], [ [ 2.414343891807817, 39.593437224232773 ], [ 2.414333683847117, 39.593551604182792 ], [ 2.41434571040948, 39.593660374631057 ], [ 2.414342596380512, 39.593810550594831 ], [ 2.414342114597072, 39.593867763864132 ] ], [ [ 2.41411859317201, 39.593845181583916 ], [ 2.414123043599241, 39.593975370184303 ], [ 2.414129378388523, 39.594101276655408 ] ], [ [ 2.41475182688399, 39.593515567548813 ], [ 2.414718139880058, 39.593564031214463 ], [ 2.414685783399875, 39.593674008900507 ], [ 2.41467657063445, 39.593889952205501 ], [ 2.414679184789944, 39.594018700692907 ], [ 2.414685761342442, 39.594116000505238 ], [ 2.414697993175183, 39.594200455722394 ], [ 2.414685780971552, 39.594333421144476 ], [ 2.414677037579258, 39.594493581039529 ] ], [ [ 2.414849499084876, 39.593553249671693 ], [ 2.414848837207896, 39.593631918377945 ], [ 2.414857153853786, 39.593742100032493 ], [ 2.414874811233596, 39.593840886483989 ], [ 2.414890837068882, 39.593913917651314 ], [ 2.414901460429685, 39.593969756001073 ] ], [ [ 2.414832850533205, 39.593993727613864 ], [ 2.414817338224139, 39.594079473035592 ] ], [ [ 2.414779411815066, 39.59419228347069 ], [ 2.414793395692089, 39.594288190640206 ], [ 2.414794786546278, 39.594342552554387 ], [ 2.414771710449265, 39.594448285361871 ] ], [ [ 2.414918320930364, 39.594031348226778 ], [ 2.414914093926051, 39.594094264208259 ], [ 2.414893072026097, 39.594175691168743 ] ], [ [ 2.415029518973221, 39.593490503416113 ], [ 2.41503852813501, 39.593591630445886 ], [ 2.415036967191906, 39.593630719382681 ], [ 2.415027778574995, 39.59369742537487 ], [ 2.415018917615003, 39.593725035319864 ], [ 2.414998812798193, 39.593770706659605 ] ], [ [ 2.415160347419093, 39.593616083239553 ], [ 2.415100800786341, 39.593661556068319 ], [ 2.415074645366732, 39.593693846333551 ], [ 2.415050851072643, 39.59373854581488 ], [ 2.415045664762635, 39.593769035045803 ], [ 2.415051537836907, 39.593803394032236 ], [ 2.415049495685225, 39.593899697145012 ], [ 2.415063852809134, 39.593951263550245 ], [ 2.415057856469007, 39.594078062093352 ] ], [ [ 2.415278428003668, 39.593645285366868 ], [ 2.415231247415198, 39.593686052215951 ], [ 2.415224924109921, 39.593705092593034 ], [ 2.415218960165985, 39.59382807633294 ] ], [ [ 2.415201672489617, 39.593831804306618 ], [ 2.415192916985224, 39.593847017459602 ], [ 2.41518493656045, 39.593916590327844 ] ], [ [ 2.415434347503965, 39.593718543717934 ], [ 2.415419060424722, 39.593777589098245 ], [ 2.415417026795552, 39.593872938967337 ], [ 2.415397833715297, 39.593956758461331 ] ], [ [ 2.412952614032849, 39.595283673685302 ], [ 2.413005531516607, 39.59540314066642 ] ], [ [ 2.413017986973946, 39.59520533194285 ], [ 2.41304681665207, 39.595257925889932 ], [ 2.413060371754569, 39.595294945782157 ] ], [ [ 2.41266951250112, 39.595419322764762 ], [ 2.412782073615316, 39.595591538720448 ], [ 2.412838243681147, 39.595690757948468 ], [ 2.412871554883716, 39.595760062637261 ] ], [ [ 2.413295969659449, 39.594945689143188 ], [ 2.413283131859805, 39.595006416209252 ], [ 2.413280997803621, 39.595076732969595 ], [ 2.413297190921886, 39.595166214466325 ] ], [ [ 2.413430817578595, 39.595215761228353 ], [ 2.413454996269068, 39.595271906899704 ], [ 2.413456366139849, 39.595292178077621 ] ], [ [ 2.412752987520183, 39.595341191611929 ], [ 2.412778436102711, 39.595392814340293 ], [ 2.412782000875011, 39.595408567118476 ] ], [ [ 2.414096241531113, 39.594624193445462 ], [ 2.414111883326459, 39.594779231325205 ], [ 2.414117392517498, 39.594856739056922 ], [ 2.41413831941271, 39.594933132458316 ], [ 2.414154834914631, 39.594984471074419 ] ], [ [ 2.414001617172334, 39.594700003247709 ], [ 2.413994189819531, 39.594850157420041 ], [ 2.414000898174606, 39.594968198831431 ] ], [ [ 2.413691193998012, 39.594421894470138 ], [ 2.41380605031791, 39.594504722207475 ], [ 2.413825807732175, 39.594537005031782 ], [ 2.413837821185455, 39.594574017962167 ], [ 2.413834438283763, 39.594609761152633 ], [ 2.413789006286425, 39.59469893078802 ], [ 2.413762040879917, 39.594790578614742 ], [ 2.413758386642516, 39.594858504481607 ], [ 2.413762797937943, 39.594883558375933 ], [ 2.413774841558876, 39.594916995257272 ] ], [ [ 2.413787659444582, 39.594237224907381 ], [ 2.413801344191878, 39.594258749382362 ], [ 2.413807346446037, 39.594277851861577 ], [ 2.413804720669351, 39.594406573920899 ] ], [ [ 2.413741405676979, 39.594058192048436 ], [ 2.413833061002414, 39.594151630416306 ], [ 2.413874206825223, 39.59420547746695 ], [ 2.413886372092378, 39.594224611030839 ] ], [ [ 2.414016425444443, 39.593966603390882 ], [ 2.414036518447599, 39.594141928012661 ], [ 2.414057960327246, 39.594339907831916 ] ], [ [ 2.41418498854071, 39.593892357534138 ], [ 2.414188958176023, 39.593969857512221 ], [ 2.414194747719677, 39.594022934211019 ], [ 2.414228646270652, 39.594169006033368 ], [ 2.414264465449276, 39.594306504269547 ], [ 2.414271414874404, 39.594359464267981 ], [ 2.414287271551738, 39.594452519249238 ], [ 2.414303163238689, 39.594541283677117 ] ], [ [ 2.413567740483236, 39.594396398402708 ], [ 2.413605694176452, 39.59446334219011 ], [ 2.413628541874381, 39.594494449476095 ] ], [ [ 2.413334874265091, 39.594787390023129 ], [ 2.413334472071713, 39.594835068031273 ] ], [ [ 2.413447212192483, 39.594803453160345 ], [ 2.413438885095618, 39.594877314868789 ], [ 2.41343207863785, 39.594953568389286 ] ], [ [ 2.414257966658437, 39.59458142128932 ], [ 2.414281001704718, 39.594700260415927 ] ], [ [ 2.414330280209445, 39.594776319151542 ], [ 2.414336374518166, 39.594930833127634 ] ], [ [ 2.415142936839566, 39.596288168280076 ], [ 2.415086699749648, 39.596379669047835 ], [ 2.415061427722989, 39.596453445553671 ], [ 2.415045628715244, 39.59649985397607 ], [ 2.415003538130243, 39.596558049808706 ] ], [ [ 2.415322801050368, 39.596153185814885 ], [ 2.415297878950423, 39.596185244447682 ], [ 2.415261971992614, 39.596241087358507 ], [ 2.415246094155199, 39.596297031059152 ] ], [ [ 2.415479742181284, 39.596179007069921 ], [ 2.415501983329675, 39.596099255780871 ], [ 2.415531756915245, 39.596039805736801 ], [ 2.415591184898743, 39.595935208944056 ], [ 2.415670781960214, 39.595814025493404 ], [ 2.415719133643395, 39.595743941110328 ], [ 2.415762733871517, 39.595689328803985 ], [ 2.415820420176642, 39.595608562696398 ], [ 2.415875134907597, 39.595514670668472 ], [ 2.415921966584277, 39.59544219441797 ], [ 2.415933041164301, 39.595407681902081 ] ], [ [ 2.41607463475827, 39.59524270594968 ], [ 2.416048762533913, 39.595387999279438 ], [ 2.416003892704389, 39.595593989006481 ], [ 2.41598170234329, 39.595667781214139 ], [ 2.415959782209001, 39.595709390728203 ], [ 2.415877304428351, 39.595806720331666 ], [ 2.415759010131531, 39.595949164781835 ], [ 2.4156808837543, 39.596078699263728 ], [ 2.415648098800253, 39.596129790623593 ] ], [ [ 2.416139383739818, 39.595238263053169 ], [ 2.416095473440534, 39.595513394013572 ], [ 2.416065188978683, 39.595633633530909 ], [ 2.416043098762322, 39.595695505568429 ], [ 2.416007242699896, 39.595745389530769 ], [ 2.415977639818657, 39.595784576296246 ], [ 2.415885938441468, 39.595879475406129 ], [ 2.415826701189563, 39.595961424911927 ], [ 2.415795446009692, 39.596013716074346 ], [ 2.415781399833786, 39.596035100879512 ], [ 2.415759539539797, 39.596069559144205 ], [ 2.415718850403358, 39.596144450345307 ] ], [ [ 2.41629877297035, 39.594972056715498 ], [ 2.416224800707242, 39.595341203826521 ], [ 2.416178319437842, 39.595555530007246 ], [ 2.416143053667732, 39.595718656277256 ], [ 2.416133229721248, 39.595787742378327 ], [ 2.41611442122638, 39.595825792252512 ], [ 2.416098813219445, 39.595849553385477 ], [ 2.416070921267227, 39.595868485410534 ] ], [ [ 2.416047510380576, 39.595904127105648 ], [ 2.416025660269496, 39.59593739340437 ], [ 2.416011584149938, 39.595962354292595 ], [ 2.416005030627, 39.596008809319173 ], [ 2.415992325107934, 39.596054041355366 ], [ 2.415969024220191, 39.596076572635916 ], [ 2.415948824929873, 39.596096734464396 ], [ 2.415920922825754, 39.596116858469685 ], [ 2.415908456334164, 39.596133483858196 ], [ 2.415901963960818, 39.596172786774531 ], [ 2.415892388827392, 39.596212074192941 ], [ 2.415892158557319, 39.59623948970669 ], [ 2.415881234003636, 39.596256121942289 ], [ 2.415868787502225, 39.596270363289875 ] ], [ [ 2.416418467170887, 39.594919495107099 ], [ 2.41635891021116, 39.59518667976522 ], [ 2.416323854982577, 39.595398202619833 ], [ 2.416304394433206, 39.595513967074865 ], [ 2.416277430486929, 39.595642566907472 ], [ 2.416269651018817, 39.595688300371819 ], [ 2.416252112663928, 39.595703528944171 ], [ 2.416213911328454, 39.59573909726727 ], [ 2.416193417585558, 39.595757589845803 ] ], [ [ 2.41657917224166, 39.594747363882327 ], [ 2.416545318610942, 39.594925993382205 ], [ 2.416489165131021, 39.595191526482438 ], [ 2.416449237957456, 39.595359396821522 ], [ 2.416434940897385, 39.595410581261696 ] ], [ [ 2.416453119003918, 39.595447623979936 ], [ 2.416426478025505, 39.595501130560464 ], [ 2.416396864317071, 39.595541509449319 ], [ 2.41634858347735, 39.59560325089614 ], [ 2.416308225393153, 39.59563880751638 ], [ 2.416297369889369, 39.595647097462745 ] ], [ [ 2.416761917901207, 39.59478237197176 ], [ 2.416745074203609, 39.594806604542477 ], [ 2.416748423935587, 39.59484810228377 ], [ 2.416746191858879, 39.59489386363321 ], [ 2.416725266650635, 39.594963848265678 ], [ 2.416644448938645, 39.595120785690149 ], [ 2.416582645763596, 39.595214882173273 ], [ 2.416522667821702, 39.595311847670636 ], [ 2.41650007404276, 39.595360367544664 ], [ 2.41648140588229, 39.59538173012772 ] ], [ [ 2.417675768261795, 39.594630207931822 ], [ 2.417657046761575, 39.594658007431505 ], [ 2.417571740986152, 39.594799188254861 ], [ 2.417503331067545, 39.594909701405946 ], [ 2.417440580591452, 39.595006653486571 ], [ 2.417402249610696, 39.595057955421666 ], [ 2.417365867482956, 39.595097109457249 ], [ 2.41730622030303, 39.595154740559529 ], [ 2.41724102716845, 39.595212344716082 ], [ 2.41719816833332, 39.595252180734214 ], [ 2.41719347409495, 39.595260739542013 ], [ 2.417203420516954, 39.595287251913035 ], [ 2.417258166929807, 39.595373350029369 ], [ 2.417279981169121, 39.595417802041432 ], [ 2.417312888336697, 39.595462309678972 ], [ 2.417327553045835, 39.595477401661512 ] ], [ [ 2.418010145320714, 39.5945519002072 ], [ 2.41795627353895, 39.594582384474066 ], [ 2.417928331559332, 39.594607276143783 ], [ 2.417916122562819, 39.594630101260677 ], [ 2.417911309904676, 39.594652963429638 ], [ 2.417916490578135, 39.594696616576755 ] ], [ [ 2.417900775515701, 39.594696537849089 ], [ 2.417892157501795, 39.59473225493506 ], [ 2.417854523053365, 39.594810737517065 ], [ 2.417800939916482, 39.594917033500366 ], [ 2.417760453337162, 39.595004800434324 ], [ 2.417731270237121, 39.595067591456491 ], [ 2.417697147402629, 39.5951682633358 ], [ 2.4176868894229, 39.595178939643986 ], [ 2.417680406900968, 39.595180337998663 ], [ 2.417664873434386, 39.595195278592037 ], [ 2.41764449044038, 39.595274325106644 ], [ 2.417641713558593, 39.595311501387307 ], [ 2.417636512284739, 39.595343898143064 ] ], [ [ 2.417690865017163, 39.59525620075047 ], [ 2.41766521053145, 39.595339034928216 ], [ 2.417658326765303, 39.595388349185036 ], [ 2.417657955472551, 39.595432689933418 ] ], [ [ 2.417958587979131, 39.594563562642399 ], [ 2.417870559255186, 39.594625104721452 ], [ 2.417860586882067, 39.594638405388814 ] ], [ [ 2.417827959174257, 39.594707854947089 ], [ 2.417769463029857, 39.594775266482856 ], [ 2.417721971743797, 39.59485322388273 ], [ 2.417693112099502, 39.594914109027798 ], [ 2.41762522171296, 39.595073019416553 ], [ 2.417605038343036, 39.595128227355396 ], [ 2.417593530250585, 39.595177756304508 ], [ 2.417575355938258, 39.595287329212859 ], [ 2.417577278373292, 39.595352183597569 ], [ 2.417586891549202, 39.595381792922844 ], [ 2.417605004378666, 39.595426702968204 ] ], [ [ 2.418729516534715, 39.594317876716083 ], [ 2.418725837289168, 39.594389378837576 ], [ 2.418734811680094, 39.594421606888766 ], [ 2.418772770381282, 39.594488549024724 ], [ 2.418845676215657, 39.594614072812213 ], [ 2.418877393572732, 39.594690519344567 ], [ 2.418894032032053, 39.594727554888763 ], [ 2.418929148544525, 39.594765874006747 ], [ 2.419004133420607, 39.594827040879032 ], [ 2.419085271533526, 39.594889430535076 ], [ 2.419195632266566, 39.594957925653482 ], [ 2.419258332409681, 39.595014263579323 ], [ 2.419323913994423, 39.595094454542732 ], [ 2.419368106375573, 39.59515308315045 ], [ 2.419384765108408, 39.59518773458619 ], [ 2.419384496423483, 39.595219917296717 ], [ 2.419373473343638, 39.595248470060639 ], [ 2.419351644930634, 39.595279352963836 ], [ 2.419322102678266, 39.595311388480319 ], [ 2.419286478074365, 39.595333858843127 ], [ 2.419230913439312, 39.595354507652658 ], [ 2.41905750073637, 39.595456152345825 ], [ 2.418989371423009, 39.595496339321492 ], [ 2.418967613632026, 39.595518878924381 ], [ 2.418936520361082, 39.595552098653449 ], [ 2.418920884653612, 39.595579437137395 ], [ 2.418911341188805, 39.59561514876534 ], [ 2.418909263753882, 39.595679506476287 ], [ 2.418922472324427, 39.595758243653762 ], [ 2.418935890056258, 39.595811951137911 ], [ 2.418967577008185, 39.595891972784088 ], [ 2.419017115511135, 39.595974706594504 ], [ 2.419059112299763, 39.596037854734249 ], [ 2.419071720159328, 39.596077968750379 ], [ 2.419070448954197, 39.596119443315565 ], [ 2.419064633025575, 39.596151598284976 ], [ 2.419051737588099, 39.596175604042564 ], [ 2.41902027561179, 39.596252926678233 ], [ 2.418993656210672, 39.596304048913858 ], [ 2.418971538487149, 39.596369498475553 ], [ 2.418951081030039, 39.596420652414515 ], [ 2.418927392554383, 39.596489669415583 ], [ 2.418914788436723, 39.596522982495813 ] ], [ [ 2.419218523662338, 39.595089970460201 ], [ 2.419124078573675, 39.595181997650705 ], [ 2.419083030400281, 39.595226610792608 ], [ 2.419064478563841, 39.595234147098722 ], [ 2.41903848368304, 39.595247367756286 ], [ 2.418989013968579, 39.595267145890269 ] ], [ [ 2.419062923630168, 39.594977621994225 ], [ 2.419030731363353, 39.595142433256157 ], [ 2.419024441991703, 39.595157659026839 ], [ 2.419015717846533, 39.595169058543611 ] ], [ [ 2.418963815193282, 39.595215883470338 ], [ 2.418928925480979, 39.595242528287478 ] ], [ [ 2.419342262839438, 39.595277076918926 ], [ 2.419315116918234, 39.595298993176684 ], [ 2.419289585238045, 39.595311977431074 ], [ 2.419238673486847, 39.59532006655148 ], [ 2.419178532001995, 39.595326321859908 ], [ 2.419126129226703, 39.595328444035232 ], [ 2.419078337652549, 39.595331781310072 ], [ 2.419014369679763, 39.595335037681153 ] ], [ [ 2.419100484166369, 39.595355136020274 ], [ 2.419035770101207, 39.595355408050843 ], [ 2.418983307547712, 39.595364682274791 ], [ 2.418970907815635, 39.595373560334124 ], [ 2.418963809426204, 39.595393192619191 ], [ 2.418961075604661, 39.59544383871242 ] ], [ [ 2.418984820958239, 39.594976098872223 ], [ 2.418985197420429, 39.595023184316233 ], [ 2.418978745558094, 39.595057720244967 ], [ 2.418969322854509, 39.595079129462398 ], [ 2.418931092738704, 39.595136749561412 ], [ 2.418894514043579, 39.595181266952672 ], [ 2.41886261622029, 39.595218655331315 ] ], [ [ 2.418868560190775, 39.595244908768969 ], [ 2.418829440564787, 39.595316828306629 ], [ 2.418798068392482, 39.595383423626153 ], [ 2.418785364805575, 39.595428655986829 ] ], [ [ 2.419314455447421, 39.595585763927467 ], [ 2.419305011709512, 39.595609556301348 ], [ 2.419301661419222, 39.59564172360831 ], [ 2.419310408478453, 39.595701367150021 ], [ 2.419315924596049, 39.595741923248056 ], [ 2.419324384856133, 39.595761991019884 ], [ 2.419375587887621, 39.59582995152838 ], [ 2.419466890962136, 39.595966772098969 ], [ 2.4195242710303, 39.596032856813729 ], [ 2.419563347074173, 39.59607691798454 ], [ 2.419586567453899, 39.596100873548295 ] ], [ [ 2.419465581318537, 39.595680687114822 ], [ 2.4194784699536, 39.595760853474793 ], [ 2.419504981917481, 39.595833458836353 ], [ 2.419540287385507, 39.595886083531461 ], [ 2.419602416572813, 39.595974124913965 ], [ 2.419683112663205, 39.596052722447133 ], [ 2.419740636222447, 39.596101643065616 ], [ 2.419765216134262, 39.596110348167294 ] ], [ [ 2.419835129785154, 39.596151702453888 ], [ 2.419845912558712, 39.596188946489072 ], [ 2.419851502986645, 39.59625763322429 ], [ 2.41985233741171, 39.596305317427976 ] ], [ [ 2.419639541829623, 39.596251806429954 ], [ 2.419639199639722, 39.596292809895054 ], [ 2.419636424940981, 39.596329986230245 ], [ 2.419616376912545, 39.596368983774994 ] ], [ [ 2.419848948950836, 39.59580291344237 ], [ 2.41987940599413, 39.595919643152563 ], [ 2.419906470884496, 39.595999880240974 ], [ 2.419933719593188, 39.596057947386477 ], [ 2.419978157370933, 39.596161157460486 ], [ 2.419993562606889, 39.596198424557031 ], [ 2.420001214629331, 39.596278564713288 ] ], [ [ 2.419474800542031, 39.596695160957495 ], [ 2.419409433409144, 39.596773506355952 ], [ 2.419360563088212, 39.596869098859734 ], [ 2.419343685116483, 39.596897622353552 ] ], [ [ 2.419642857138205, 39.596773957082426 ], [ 2.419588023801671, 39.596808728014551 ], [ 2.419544259658033, 39.596846415003149 ], [ 2.419507889723487, 39.596884138916614 ], [ 2.419494643852568, 39.596920547508709 ], [ 2.419486717090982, 39.596984160571516 ] ], [ [ 2.419117926845579, 39.59684015225244 ], [ 2.419117066612758, 39.596943136170495 ], [ 2.419127578310675, 39.597012800827571 ], [ 2.419139553190373, 39.597054819155225 ], [ 2.419163647518921, 39.597121691826317 ] ], [ [ 2.418856674583773, 39.596979977566967 ], [ 2.418880912045801, 39.597029686310186 ], [ 2.418891662567042, 39.597070744344173 ], [ 2.418891303994693, 39.59711365430681 ], [ 2.41888868939393, 39.597152386603689 ], [ 2.418873285653856, 39.597446970277119 ], [ 2.418864658997241, 39.597594257932542 ], [ 2.41885871401528, 39.597863142740543 ], [ 2.418854884768388, 39.59787885744592 ] ], [ [ 2.420546961353831, 39.595550296403822 ], [ 2.420576466140124, 39.59567059649482 ], [ 2.420586617636884, 39.595783648558218 ] ], [ [ 2.420174285732287, 39.595626532632174 ], [ 2.420159980049052, 39.595642196008363 ], [ 2.420148207426436, 39.595649766317443 ], [ 2.420134597326064, 39.595655896612492 ], [ 2.420105573774887, 39.595662903275738 ], [ 2.420072895134852, 39.595664647668087 ], [ 2.42004021251848, 39.595666868678649 ] ], [ [ 2.420138334833547, 39.595577243238452 ], [ 2.420110380467667, 39.595603804984712 ], [ 2.420090535683375, 39.595618486512301 ], [ 2.420067662175865, 39.595626954703334 ], [ 2.420056549362541, 39.595629283374471 ] ], [ [ 2.420081844958304, 39.595478263790561 ], [ 2.420072973833333, 39.595507304908885 ], [ 2.420066076525428, 39.595521574406639 ], [ 2.420046223806056, 39.595537209181842 ] ], [ [ 2.419941586163114, 39.595351355764599 ], [ 2.41993023876661, 39.595381813551235 ], [ 2.419896112176341, 39.595409297727514 ], [ 2.419865759923582, 39.595427741737232 ], [ 2.419832970025388, 39.595442835234486 ], [ 2.419811320749148, 39.595452262782672 ] ], [ [ 2.420005018200632, 39.59535691733597 ], [ 2.420021856702811, 39.595407064668358 ], [ 2.420026821761198, 39.595425065090552 ], [ 2.420021719833603, 39.595445541764043 ], [ 2.420002472436694, 39.595462610396289 ], [ 2.419943512776101, 39.595511902705567 ], [ 2.419929906653123, 39.595517557250432 ], [ 2.419899013851966, 39.595526938667767 ] ], [ [ 2.419991527950015, 39.595200936778291 ], [ 2.420014420975902, 39.595263988317548 ], [ 2.420030114777662, 39.595303640992356 ], [ 2.420037875622613, 39.595333717518926 ] ], [ [ 2.414963325731533, 39.594468726171215 ], [ 2.414986158973043, 39.59453845326059 ], [ 2.415005638402145, 39.594567159180826 ], [ 2.415050761506937, 39.594624602043901 ], [ 2.415097027445003, 39.594692540485646 ], [ 2.415123750941447, 39.594739401753841 ], [ 2.415130881496149, 39.594770906276075 ], [ 2.415125453396099, 39.594830002132802 ], [ 2.415110157774592, 39.594890001612576 ], [ 2.4150950626241, 39.594926161627967 ], [ 2.415065016622834, 39.594981319474208 ] ], [ [ 2.415408208112059, 39.594918201906893 ], [ 2.415453354655349, 39.594972783944982 ], [ 2.415506000668542, 39.595015007258517 ] ], [ [ 2.415372088618126, 39.594815985229275 ], [ 2.415360530888586, 39.594871236176459 ], [ 2.415360138103802, 39.594917960046033 ], [ 2.415367244735125, 39.594952325217164 ], [ 2.415413608547048, 39.595008820885084 ] ], [ [ 2.415266377681743, 39.594927978083149 ], [ 2.415296877997658, 39.594965321767916 ], [ 2.415370277013558, 39.59503148914353 ] ], [ [ 2.415199772704112, 39.594933364447108 ], [ 2.415203149581211, 39.594971524934891 ], [ 2.415204141181371, 39.595000137769659 ], [ 2.415237018757781, 39.595047983277446 ] ], [ [ 2.415460535585838, 39.594851713828774 ], [ 2.41549936680174, 39.594924382079746 ], [ 2.415537215536146, 39.594967484236165 ], [ 2.415598442049004, 39.595015472237407 ] ], [ [ 2.415144280972204, 39.594643191713331 ], [ 2.415170867006184, 39.594706262790879 ], [ 2.415175533293026, 39.594737754907285 ], [ 2.415171458821905, 39.594782553657211 ] ], [ [ 2.415147969657706, 39.594204556029318 ], [ 2.41517681249268, 39.594292431336456 ], [ 2.415194875377033, 39.594343063079648 ], [ 2.415204343069338, 39.594389837481472 ] ], [ [ 2.415234015861444, 39.594085789437955 ], [ 2.41527497630132, 39.594198519474887 ], [ 2.415310981943468, 39.594314086248666 ], [ 2.415322849856619, 39.594368500877799 ] ], [ [ 2.415305369658321, 39.594395113274153 ], [ 2.415320487397057, 39.594502945870254 ], [ 2.415321150361982, 39.594570654743023 ], [ 2.415323375312206, 39.594599273785015 ] ], [ [ 2.415426293765047, 39.594379511199563 ], [ 2.415440539060911, 39.594444426720194 ], [ 2.415442643834592, 39.59448734907938 ] ], [ [ 2.415597745525353, 39.59421826221746 ], [ 2.415616455931668, 39.594338509282466 ], [ 2.415649572141466, 39.59450460134682 ] ], [ [ 2.415341461508734, 39.594060583065612 ], [ 2.415388649229668, 39.594165715337553 ], [ 2.415401813431104, 39.594212508323373 ], [ 2.415397506699642, 39.594284959569244 ], [ 2.415377177520206, 39.594357331099701 ], [ 2.415375663667017, 39.594390699604872 ] ], [ [ 2.415387821367941, 39.594410786268497 ], [ 2.415387516781699, 39.59444702074147 ], [ 2.415385867827835, 39.594496599979969 ] ], [ [ 2.415475539440581, 39.594386433810556 ], [ 2.415519245198813, 39.594465802346967 ], [ 2.415550929510571, 39.59450887349297 ], [ 2.415556932267154, 39.594527975884702 ] ], [ [ 2.415803862488559, 39.594625530146971 ], [ 2.415807935159963, 39.594727585575136 ], [ 2.415799690907406, 39.594828625779911 ], [ 2.415800218172508, 39.594912544476493 ], [ 2.415813640269508, 39.594928823372477 ], [ 2.415829470601405, 39.59495178923801 ] ], [ [ 2.415652339785815, 39.594762086782623 ], [ 2.415661430120103, 39.594853677603815 ], [ 2.415683038882987, 39.594922445101147 ], [ 2.415713508536174, 39.594963603502862 ], [ 2.415750132128506, 39.595005745233763 ] ], [ [ 2.415565028080908, 39.594884661383468 ], [ 2.41558562096139, 39.594927676728425 ], [ 2.415613681193205, 39.594962147273051 ], [ 2.415640612297172, 39.594984215699888 ], [ 2.41567255446216, 39.594996772772099 ] ], [ [ 2.415588814851454, 39.595794393288934 ], [ 2.415570016082979, 39.595831250153687 ], [ 2.415555108740919, 39.595863359216374 ], [ 2.415537119811305, 39.595895452776119 ] ], [ [ 2.415592520945328, 39.595720091011934 ], [ 2.415599359011843, 39.595639665739327 ], [ 2.415602211644325, 39.595575311993208 ], [ 2.41560191644417, 39.595518690408809 ], [ 2.415615793716817, 39.595425785168523 ], [ 2.415632426999237, 39.595371632859511 ], [ 2.415662200154506, 39.595312182771472 ], [ 2.415682035094454, 39.595243742633784 ], [ 2.415695483423823, 39.595201732855827 ], [ 2.415723834471704, 39.595172218775303 ], [ 2.415738007834382, 39.595135814368831 ], [ 2.415731854567514, 39.595097878710185 ] ], [ [ 2.415766532751118, 39.595310605305102 ], [ 2.415745802901685, 39.595393940461733 ], [ 2.415734636943775, 39.595439180215806 ], [ 2.415731405179563, 39.595457044091759 ], [ 2.415709605135814, 39.595484350242778 ], [ 2.415689375891524, 39.595508088984332 ] ], [ [ 2.41589159759034, 39.595279050033895 ], [ 2.415872618914414, 39.595337362379937 ], [ 2.415850638746775, 39.595386123985264 ], [ 2.415827358065735, 39.595406271204922 ] ], [ [ 2.415708650614147, 39.594864507629531 ], [ 2.415728248785149, 39.594915862427875 ], [ 2.415772536971112, 39.594962573094278 ], [ 2.41581373484108, 39.595010459373889 ], [ 2.415831972582108, 39.595040350980078 ] ], [ [ 2.416088086414987, 39.59444802507349 ], [ 2.416013023865494, 39.594579959351584 ], [ 2.415984710852883, 39.59464895252593 ], [ 2.415982609573081, 39.594715693305368 ], [ 2.415971684558503, 39.59491589421323 ], [ 2.415970503421117, 39.595056543363143 ], [ 2.41596186865821, 39.595167356033123 ], [ 2.415947242113091, 39.595257874317682 ] ], [ [ 2.416208262234574, 39.5946317191597 ], [ 2.41621318369943, 39.594706124287768 ], [ 2.416205188181417, 39.594777603731259 ], [ 2.416188081301661, 39.594833303528901 ], [ 2.416156146800679, 39.594893219545106 ], [ 2.416086937118337, 39.594988708492473 ] ], [ [ 2.416179545760895, 39.594308305297126 ], [ 2.416205020540706, 39.594357066635958 ], [ 2.41620817782103, 39.594421450607605 ], [ 2.416197985927552, 39.594534400847955 ] ], [ [ 2.416431445750336, 39.59454797004539 ], [ 2.416470214974952, 39.594628266725849 ], [ 2.416472184373073, 39.5946873998002 ], [ 2.416461995700332, 39.594726446322397 ], [ 2.416446941287729, 39.594757839347068 ], [ 2.416413382869721, 39.594791046923547 ], [ 2.416322847030352, 39.594857343506092 ], [ 2.416252072364915, 39.594918971924443 ], [ 2.416221091296986, 39.59493884176441 ], [ 2.416170236777277, 39.594976729741802 ] ], [ [ 2.416346897464343, 39.59448842219394 ], [ 2.416363280985356, 39.594592446935422 ], [ 2.416367786595049, 39.594643010396972 ], [ 2.416366074320758, 39.594700217489716 ] ], [ [ 2.416901854695076, 39.594306210769417 ], [ 2.41697770863947, 39.594079635198142 ], [ 2.417083749863852, 39.593780738090217 ], [ 2.417106814920748, 39.593749385162837 ], [ 2.41718113734344, 39.593705415360965 ] ], [ [ 2.416645752889839, 39.594273456645745 ], [ 2.416715394102858, 39.594126475387341 ], [ 2.416792958944805, 39.59413687793068 ], [ 2.416868217413903, 39.593981342415454 ], [ 2.416958865266107, 39.593754364440017 ], [ 2.416996332283812, 39.593695905890378 ], [ 2.417048433524708, 39.593656116304238 ], [ 2.417100330910029, 39.593640642796814 ], [ 2.417133680661921, 39.593632227739207 ] ], [ [ 2.416402505264801, 39.594398110588244 ], [ 2.416453719285627, 39.594243884523905 ] ], [ [ 2.416492555166592, 39.594242649617108 ], [ 2.416567550445953, 39.594118581614246 ], [ 2.416618068005387, 39.594047315638342 ], [ 2.416651839348605, 39.593988389933287 ] ], [ [ 2.41625992051633, 39.594204290920366 ], [ 2.416266979503653, 39.594244377371908 ], [ 2.416275394499225, 39.594343116273677 ], [ 2.416274590155354, 39.594438948974194 ], [ 2.416272093669468, 39.594516177620889 ], [ 2.416285779539215, 39.594647843372407 ], [ 2.416285011219797, 39.594739384621541 ], [ 2.416254722134625, 39.594823625150596 ], [ 2.416237782202725, 39.594859300301998 ], [ 2.416209726596565, 39.594897780387001 ] ], [ [ 2.416864150719879, 39.594741934873298 ], [ 2.416960420096398, 39.594726683212798 ], [ 2.417065850071207, 39.594721490628025 ], [ 2.417143619419784, 39.594707576843213 ], [ 2.41717507351888, 39.594704873836776 ], [ 2.417208459728165, 39.594692168216682 ], [ 2.417221508595208, 39.594679359683546 ], [ 2.417232960935621, 39.594636505351978 ], [ 2.417255398154841, 39.594606580094165 ], [ 2.41729641916768, 39.594565303989988 ], [ 2.417361486987109, 39.594522718511797 ], [ 2.417445042634117, 39.59448022569012 ], [ 2.41750978567042, 39.594476258644946 ], [ 2.417522787680653, 39.594469172313161 ], [ 2.417547013037435, 39.594446407473441 ], [ 2.417593508863624, 39.594413741061373 ], [ 2.417667915528746, 39.594359759079524 ], [ 2.417725623712879, 39.594312844882005 ], [ 2.417751770164721, 39.594281507270772 ], [ 2.417755994616602, 39.594218591169302 ], [ 2.417740432715933, 39.594089777860113 ], [ 2.417717321252308, 39.593979521366037 ], [ 2.417706623773505, 39.593932265252633 ], [ 2.417727666258385, 39.593847977089716 ], [ 2.417665370829877, 39.593780435993565 ], [ 2.417540804284577, 39.593642493937175 ], [ 2.417537202578002, 39.593631032741243 ], [ 2.417632448484109, 39.593517078743005 ] ], [ [ 2.417448461706546, 39.59363058786213 ], [ 2.417285808713262, 39.593845762002374 ], [ 2.417248305904668, 39.593908511191913 ], [ 2.417238677923255, 39.593954235465695 ], [ 2.417238474173143, 39.593978551567659 ], [ 2.417263881403123, 39.594256175141155 ], [ 2.41727977685251, 39.594344939192567 ] ], [ [ 2.417481107297279, 39.593503922780279 ], [ 2.417367385463788, 39.593616354069326 ], [ 2.417309617710217, 39.593670419309156 ], [ 2.417270602391832, 39.593693109929887 ], [ 2.417225992213869, 39.59372149404674 ], [ 2.417196184151409, 39.593748522449452 ], [ 2.41717552346012, 39.593787038967399 ], [ 2.417139149543717, 39.593935618239527 ], [ 2.417090748881527, 39.594195706876029 ], [ 2.417073078225174, 39.59431863287957 ] ], [ [ 2.418047811242789, 39.593831462960715 ], [ 2.418019815738434, 39.593862791380332 ], [ 2.418013873856247, 39.593909964124535 ], [ 2.41800081331452, 39.593924202632643 ], [ 2.417969263837933, 39.593938348526891 ], [ 2.417932144658705, 39.593955327296591 ], [ 2.417917103045964, 39.593985290639878 ], [ 2.417914979517154, 39.594018178580527 ], [ 2.417925808819807, 39.594049702368196 ], [ 2.41796238939465, 39.594097088117678 ], [ 2.417974851477319, 39.594154366244105 ], [ 2.417974588136743, 39.5941858335608 ], [ 2.417963315880527, 39.594207233434716 ], [ 2.41795212741469, 39.594218620529048 ], [ 2.41793716955176, 39.59423857109487 ] ], [ [ 2.417938385870741, 39.593872395790939 ], [ 2.417901230801469, 39.593893665999538 ], [ 2.417884411668964, 39.59391503717741 ], [ 2.417869429908895, 39.593937848401126 ], [ 2.41786000702088, 39.593959257531282 ], [ 2.417863393296903, 39.593996464703793 ] ], [ [ 2.418387573671143, 39.593790371310476 ], [ 2.418366722235191, 39.593851773368876 ], [ 2.41835666551909, 39.593948990626529 ], [ 2.418343101455522, 39.594023303141697 ], [ 2.41832401552741, 39.594094727226256 ], [ 2.418307054081224, 39.594133262463096 ], [ 2.418252876501909, 39.594200220124506 ], [ 2.418196910446029, 39.594260016391274 ], [ 2.418148495001253, 39.594301255788977 ], [ 2.418072299242888, 39.5943480767069 ], [ 2.417992636495159, 39.5943858221071 ], [ 2.417755787494264, 39.59451933116334 ], [ 2.417597910948622, 39.594605555550174 ], [ 2.41749732934999, 39.594657498775888 ], [ 2.41729466254737, 39.594756610950292 ], [ 2.417235867385176, 39.594786115994587 ], [ 2.417172580905473, 39.594800102488243 ], [ 2.417072267297441, 39.594819862634409 ], [ 2.416936588343223, 39.594831101653725 ], [ 2.416894980060635, 39.594832084921904 ], [ 2.416893359341658, 39.59484161333792 ], [ 2.416914639065727, 39.594876287415666 ], [ 2.416957228542015, 39.594942061305723 ], [ 2.417105085090913, 39.595132330342359 ], [ 2.41714922566398, 39.595196919872564 ], [ 2.417182810659379, 39.595234039762502 ] ], [ [ 2.416515076043197, 39.594402394506808 ], [ 2.416511962592152, 39.594479620061584 ], [ 2.416512930725951, 39.594511093555752 ] ], [ [ 2.416742899069217, 39.59461046903796 ], [ 2.416727332699657, 39.594629463096588 ], [ 2.416704072529177, 39.594647225560195 ], [ 2.416719299014858, 39.594668758332922 ], [ 2.416746881584094, 39.59468677692189 ], [ 2.416789789484561, 39.59471440807674 ], [ 2.416823445183128, 39.594743184847637 ], [ 2.416840262465241, 39.594758765245047 ] ], [ [ 2.416601126475235, 39.594429765724726 ], [ 2.416584079350692, 39.594441599917431 ], [ 2.416580007934755, 39.594559587071679 ] ], [ [ 2.418512013642689, 39.594604634757083 ], [ 2.418499432433597, 39.594635087133049 ], [ 2.418372709550705, 39.594754605829557 ], [ 2.418228682502635, 39.594879759314161 ], [ 2.418161256921036, 39.594964887529322 ] ], [ [ 2.418593398704432, 39.594729486613133 ], [ 2.418585357796923, 39.594806687568379 ], [ 2.418564661672116, 39.594849495777858 ], [ 2.418462356270707, 39.594923364195182 ], [ 2.418315606393245, 39.595005592385561 ] ], [ [ 2.418396618884907, 39.595046048907911 ], [ 2.41823794461651, 39.595006634411959 ], [ 2.41819730680849, 39.595002139309074 ], [ 2.418178782857823, 39.595006338181655 ], [ 2.418130307045153, 39.595054728774087 ], [ 2.418072035997395, 39.595168868334682 ], [ 2.41804380057716, 39.595228803395791 ] ], [ [ 2.418426114417759, 39.594614217139444 ], [ 2.41831833402704, 39.594679475675044 ], [ 2.418217936657505, 39.594746201919662 ] ], [ [ 2.418208811739548, 39.594731852306438 ], [ 2.41816608654451, 39.594755955490164 ], [ 2.418132700476036, 39.594768661386347 ], [ 2.418106781389086, 39.594772823214385 ], [ 2.418069793450419, 39.594774067915083 ], [ 2.418008878266953, 39.594762319677884 ], [ 2.417946933610512, 39.594873579996261 ], [ 2.417913140403999, 39.594934918030361 ], [ 2.417869720575393, 39.595041980378888 ], [ 2.417854774485615, 39.595060500146992 ], [ 2.417803754524351, 39.595191841509212 ], [ 2.417836961260281, 39.595200590244254 ], [ 2.417890469586844, 39.595213731406176 ] ], [ [ 2.418023866028205, 39.594720436270741 ], [ 2.417997039107019, 39.594704210322895 ], [ 2.417979490517065, 39.59468385815395 ], [ 2.417973487073053, 39.594664756783907 ], [ 2.417973621743156, 39.594648664980653 ], [ 2.417979129694691, 39.594634985131279 ], [ 2.417992354078141, 39.594619555379552 ], [ 2.418011702762692, 39.594608923675956 ], [ 2.418034882798851, 39.594600696197489 ], [ 2.418063365141514, 39.594603222988354 ], [ 2.418086414359734, 39.594610489936478 ], [ 2.418098690563682, 39.594616511760954 ], [ 2.418108595214945, 39.594629673219117 ] ], [ [ 2.418358515937851, 39.594531804431 ], [ 2.418295298089324, 39.594574399730554 ], [ 2.418247077909498, 39.594592276316881 ], [ 2.418128228547284, 39.594654618470749 ], [ 2.418120809430521, 39.594657442101898 ], [ 2.418120705709481, 39.594669838917511 ], [ 2.418109453372374, 39.594688853864945 ], [ 2.418100729137808, 39.594700253313263 ], [ 2.418083386709629, 39.594710656305068 ], [ 2.418074758213649, 39.5947106130916 ] ], [ [ 2.418286027685112, 39.594503786990785 ], [ 2.418230436313664, 39.594518765881915 ], [ 2.418146392664597, 39.594545999606289 ] ], [ [ 2.418245816897782, 39.594448277462284 ], [ 2.418128407352394, 39.59448583305759 ], [ 2.418108567628236, 39.594500037627242 ], [ 2.418097331267702, 39.594517146064888 ], [ 2.418093442200118, 39.594540012867391 ] ], [ [ 2.418399547060615, 39.595226228122755 ], [ 2.418365101217174, 39.595360892810369 ] ], [ [ 2.41833835829208, 39.59517347350868 ], [ 2.418305705710195, 39.595245783855333 ], [ 2.418250329114487, 39.5952350167668 ], [ 2.418215156267359, 39.595313989332141 ] ], [ [ 2.418425498047459, 39.595070921451203 ], [ 2.418372822329126, 39.595179367600174 ] ], [ [ 2.418425498047459, 39.595070921451203 ], [ 2.418458216085012, 39.5950053826705 ], [ 2.41851259159906, 39.594988490097499 ] ], [ [ 2.418707802682627, 39.594711969840873 ], [ 2.418756836174956, 39.594818065076815 ], [ 2.418772949987167, 39.594881082949371 ], [ 2.418774583036819, 39.594906838181451 ], [ 2.418723947490972, 39.594992408421767 ], [ 2.418699638639472, 39.595025185383562 ], [ 2.418684728629145, 39.595039415613968 ], [ 2.418642097903005, 39.595052075404205 ] ], [ [ 2.418639607921692, 39.594907592865937 ], [ 2.418603847510671, 39.594983225182908 ], [ 2.418557100647186, 39.595045928529032 ], [ 2.418523439445327, 39.595091532634292 ], [ 2.418484005112676, 39.595164285740978 ], [ 2.418451857134573, 39.595249948382047 ], [ 2.418423215322829, 39.595358514838502 ], [ 2.418414863145831, 39.595472904413406 ], [ 2.418416329769937, 39.595518685206883 ], [ 2.4184161144625, 39.595544431189232 ] ], [ [ 2.418504958985012, 39.595311721465613 ], [ 2.418487864605565, 39.595365990820603 ], [ 2.418474385277436, 39.595430290560586 ], [ 2.418474158028099, 39.595457467326497 ] ], [ [ 2.419165002439827, 39.594856491749184 ], [ 2.419225655127122, 39.594899706701938 ], [ 2.419304567848129, 39.594970189887484 ], [ 2.419366865930936, 39.595037730110477 ], [ 2.419440042057049, 39.595131071715258 ], [ 2.419465423907661, 39.595191275012958 ], [ 2.41947079182917, 39.595212757267468 ] ], [ [ 2.419314767875568, 39.594855809470069 ], [ 2.419455692211361, 39.595028160757884 ], [ 2.419510405405318, 39.595118549284457 ], [ 2.419523024135871, 39.595157233370578 ], [ 2.419524551189777, 39.595195861142777 ], [ 2.41950707557899, 39.595295902202089 ], [ 2.419451205222098, 39.59534425640188 ] ], [ [ 2.41963552756203, 39.59519069393636 ], [ 2.419636695417792, 39.595272232584463 ], [ 2.419627069969089, 39.595317957061404 ], [ 2.419615738351531, 39.595346508306882 ], [ 2.419593480954666, 39.595354979482508 ], [ 2.419543538499854, 39.595357590783152 ] ], [ [ 2.419428780637534, 39.595372752202977 ], [ 2.41938246414541, 39.595383963905718 ], [ 2.419289856168583, 39.595403526596016 ] ], [ [ 2.419806763469626, 39.595275942707374 ], [ 2.41978605601378, 39.595320181918716 ], [ 2.419752562554065, 39.595345761724495 ], [ 2.419722874115016, 39.59535848654172 ], [ 2.419685826206882, 39.595366883868763 ], [ 2.419645152276561, 39.595366680718946 ] ], [ [ 2.4198389337452, 39.594965707741331 ], [ 2.419921771452402, 39.595009033100759 ] ], [ [ 2.419821792763094, 39.595025698635389 ], [ 2.419897200669999, 39.59507327854076 ], [ 2.419946867361612, 39.595103564285651 ] ], [ [ 2.42066316174907, 39.595214060108688 ], [ 2.420725461375808, 39.595281599611667 ], [ 2.42074531045146, 39.595340344204416 ], [ 2.420756057849252, 39.595381879612418 ], [ 2.4207576797336, 39.595409064702359 ] ], [ [ 2.420535487090965, 39.595226297434429 ], [ 2.420612636695772, 39.59528675864248 ], [ 2.420651139477104, 39.595325570771863 ], [ 2.420658153443376, 39.595371378300129 ], [ 2.420657700659539, 39.595425730952392 ] ], [ [ 2.420709942585203, 39.595147064454395 ], [ 2.420768651796617, 39.59520171205223 ], [ 2.420814515284395, 39.595244853350508 ], [ 2.420830868129552, 39.595279264281167 ], [ 2.420845229821293, 39.595330829993294 ] ], [ [ 2.420909780758934, 39.595128035101219 ], [ 2.420942582946318, 39.59518541427618 ], [ 2.420953092254839, 39.595255556329086 ], [ 2.420946974750057, 39.595324184677736 ], [ 2.420931826944527, 39.595367020958406 ] ], [ [ 2.420407358255183, 39.595292886363829 ], [ 2.420451205312988, 39.595356042338167 ], [ 2.420460079299834, 39.595400429213477 ], [ 2.420459876673088, 39.595424744422303 ] ], [ [ 2.420318197933391, 39.595342505762837 ], [ 2.420368987195644, 39.595460051310894 ], [ 2.420370608922555, 39.595487237305804 ] ], [ [ 2.421400128539963, 39.594858703325009 ], [ 2.421409995680881, 39.595006083339044 ], [ 2.42142573116118, 39.595114871522668 ], [ 2.421443719488343, 39.595175037576503 ] ], [ [ 2.421198679960507, 39.594849117652139 ], [ 2.421206317524327, 39.595042259135759 ] ], [ [ 2.420522612359657, 39.594552517015195 ], [ 2.420559373726161, 39.5945784474115 ], [ 2.420583276392149, 39.594594300476281 ], [ 2.420638644912565, 39.594606019708145 ], [ 2.420732624295637, 39.594643678476082 ], [ 2.42079512599808, 39.59468690183094 ], [ 2.420848277163933, 39.594742952528989 ], [ 2.420897562907374, 39.594819009432584 ], [ 2.420921157245274, 39.594872051096182 ], [ 2.420928302349354, 39.59490212539859 ], [ 2.420938942611316, 39.59495653334082 ] ], [ [ 2.42072211686828, 39.594795248601663 ], [ 2.420769661508873, 39.5948584228953 ], [ 2.420784034988357, 39.594908557834145 ], [ 2.420790977528915, 39.594962947356578 ], [ 2.420790775013499, 39.594987263469648 ] ], [ [ 2.42016975420016, 39.594962709747769 ], [ 2.420217608472027, 39.594988696507379 ], [ 2.420235930753912, 39.595008813425203 ], [ 2.420243099429463, 39.595036026200113 ], [ 2.420242777484358, 39.595074645639826 ] ], [ [ 2.420345259693911, 39.594757608912737 ], [ 2.420437044062876, 39.594836738801483 ], [ 2.420491936008207, 39.594905671425387 ], [ 2.42050826477899, 39.594942943067757 ], [ 2.420500368989291, 39.595002980171977 ], [ 2.420496552192885, 39.595017265060548 ] ], [ [ 2.420263280602462, 39.594833011165385 ], [ 2.420331244553824, 39.594886274318327 ], [ 2.42037151289263, 39.594935108548015 ], [ 2.420398780628136, 39.594991030326426 ], [ 2.42040015203109, 39.595048252865155 ] ], [ [ 2.420510159773665, 39.594715519661193 ], [ 2.420627852474593, 39.594791917824942 ], [ 2.42065521452663, 39.594836395974156 ], [ 2.420663803785533, 39.594915110838002 ], [ 2.420661394386589, 39.594982327721588 ], [ 2.420651805402787, 39.595023760841265 ] ], [ [ 2.420671183086411, 39.594473154985209 ], [ 2.420766796082017, 39.59453656983856 ], [ 2.420880813840657, 39.594610087742218 ], [ 2.420935956144626, 39.594648983614249 ] ], [ [ 2.419832545379649, 39.594383147032779 ], [ 2.419941123463064, 39.594443765613995 ], [ 2.420023961781685, 39.594487090906156 ], [ 2.420097352902258, 39.594554686113845 ], [ 2.420152470869108, 39.594596443020578 ], [ 2.420200169877459, 39.594641022764911 ] ], [ [ 2.42010249358858, 39.594381633819182 ], [ 2.420124392834416, 39.594416072533903 ], [ 2.420175729656336, 39.59446782285756 ], [ 2.420316549226429, 39.594653046576255 ], [ 2.420347727826745, 39.594683240814739 ], [ 2.420404755031991, 39.594717854712954 ], [ 2.420474484927142, 39.594781139790101 ], [ 2.420531321592331, 39.594838638955586 ], [ 2.420575228062456, 39.594894643672021 ], [ 2.420583863746864, 39.594967636301426 ], [ 2.420581550767083, 39.595023410523766 ] ], [ [ 2.420200431125506, 39.594387844135092 ], [ 2.420255490576027, 39.594436752214364 ], [ 2.420334320374489, 39.594517247492014 ], [ 2.420361826342273, 39.594544562620037 ] ], [ [ 2.420671183086411, 39.594473154985209 ], [ 2.420595787202008, 39.594424145695456 ] ], [ [ 2.419749337011236, 39.594605873670815 ], [ 2.419795283014125, 39.594639001686396 ], [ 2.419891086329307, 39.5946795310266 ], [ 2.419937080160716, 39.594706938555795 ], [ 2.419986627313791, 39.594751528514195 ] ], [ [ 2.419984396977205, 39.594575578651259 ], [ 2.420044930659607, 39.594633096510172 ], [ 2.420096410699504, 39.594667682871844 ], [ 2.42012766077335, 39.594689294269692 ], [ 2.420197616948769, 39.594725403634897 ], [ 2.420260012239297, 39.594781500728409 ], [ 2.420274611868695, 39.594804459851666 ] ], [ [ 2.420179893175731, 39.594855481359176 ], [ 2.420225887245387, 39.594882887873894 ], [ 2.420247917863153, 39.594901593351821 ] ], [ [ 2.419514073219557, 39.593969869158919 ], [ 2.419635091745876, 39.593890136526767 ], [ 2.419808328648408, 39.593808993101817 ], [ 2.419959252657202, 39.593742994353555 ], [ 2.420016330798321, 39.593697506706583 ], [ 2.420063499500236, 39.593657691143378 ], [ 2.420076191161717, 39.593613888509303 ], [ 2.420079243779133, 39.593543338301679 ], [ 2.420082774616399, 39.593415573866238 ], [ 2.4200936209727, 39.593297381590723 ], [ 2.420137052235777, 39.593114508053112 ], [ 2.420237608289431, 39.59288042448906 ], [ 2.420325392873593, 39.592699678752652 ], [ 2.420360777703717, 39.592594959487393 ], [ 2.420373817459936, 39.592509200952954 ], [ 2.420362271709173, 39.592415690710027 ], [ 2.420333597898193, 39.592306837792172 ], [ 2.420265452402752, 39.592201602016317 ], [ 2.420082646442498, 39.591952754680825 ], [ 2.419973073654461, 39.591790096234106 ], [ 2.419900015587762, 39.591682928222937 ], [ 2.419870881493721, 39.591629382021601 ], [ 2.419844419589607, 39.59155105447006 ], [ 2.4198206764377, 39.591442226030587 ], [ 2.419801657218583, 39.591358214055894 ], [ 2.419757940503166, 39.59127980122296 ], [ 2.419707020005962, 39.591178465201928 ], [ 2.419678029472108, 39.591107754945057 ], [ 2.419666276853343, 39.591039036464807 ], [ 2.41966672238048, 39.590985637937465 ], [ 2.419682371191839, 39.590882726866994 ], [ 2.419715577104417, 39.590743667440776 ], [ 2.41972639178703, 39.590629289971204 ], [ 2.419729651421924, 39.590533946983342 ], [ 2.419723115824361, 39.590430925110574 ], [ 2.419689514368161, 39.590322047392661 ], [ 2.419639008368779, 39.590171126719881 ], [ 2.419559448988363, 39.58995712357418 ], [ 2.419445364971946, 39.589744855368757 ], [ 2.419355437329795, 39.589591830098996 ], [ 2.419217566419145, 39.589276453539213 ], [ 2.419176762782207, 39.589144653355099 ], [ 2.41916720549802, 39.589108368637746 ], [ 2.419160193095857, 39.58906256098205 ], [ 2.419170769531442, 39.588976790219249 ], [ 2.419199474954543, 39.588786214218551 ], [ 2.419195055193827, 39.588725161385597 ], [ 2.41916980418102, 39.58850189371109 ], [ 2.419126126133389, 39.588124050449132 ], [ 2.419070345479151, 39.587719446250823 ], [ 2.419028399778908, 39.587429342712191 ], [ 2.419005377160553, 39.587234693081044 ], [ 2.41896336828117, 39.586952218250502 ], [ 2.418934666954323, 39.586847178843257 ], [ 2.418908111106725, 39.586780294607564 ], [ 2.418866895251641, 39.586698078907688 ], [ 2.418801047278384, 39.586613832498294 ], [ 2.418544269024062, 39.586370334115514 ], [ 2.418367985697087, 39.586228319012896 ], [ 2.418118333457407, 39.586017278225299 ], [ 2.418037618754382, 39.5859424925928 ], [ 2.417981488275442, 39.585875460015572 ], [ 2.417876812213556, 39.585718545561839 ], [ 2.417757715300676, 39.585517692716969 ], [ 2.417609537224601, 39.585257571614953 ], [ 2.417483095595897, 39.585050960986926 ], [ 2.417376389164844, 39.584842541675393 ], [ 2.417296555138726, 39.584662864914826 ], [ 2.41718965697249, 39.584477330777126 ], [ 2.417055775977566, 39.584276403028738 ], [ 2.416858629549187, 39.583977890790727 ], [ 2.41662725047244, 39.58364678436461 ] ], [ [ 2.415220087400185, 39.582520345885413 ], [ 2.415285037825929, 39.582597358129597 ], [ 2.415347954132022, 39.582626282604295 ], [ 2.415538272736289, 39.582709487505632 ], [ 2.415803941363632, 39.582808567859743 ], [ 2.415983527554715, 39.582885757719367 ], [ 2.416021867616666, 39.582906214712757 ], [ 2.416080082986452, 39.582944650833589 ], [ 2.416121444089989, 39.582972275401332 ], [ 2.416158153721407, 39.583003451895841 ], [ 2.416245146427501, 39.583100440395924 ], [ 2.416479500943803, 39.583443721130379 ], [ 2.416558623313875, 39.58356093417418 ], [ 2.416569175854407, 39.583588402987623 ], [ 2.416563414823567, 39.583724262041201 ], [ 2.416554737386931, 39.583947529485918 ], [ 2.416540055307704, 39.584228767370043 ], [ 2.416542536602236, 39.584300299573286 ], [ 2.416557141077068, 39.584395732260539 ], [ 2.416580409052624, 39.584560344943228 ], [ 2.416582830419549, 39.584639029265297 ], [ 2.416582230688773, 39.584710545993644 ] ], [ [ 2.418729516534715, 39.594317876716083 ], [ 2.418752436646511, 39.594234960127956 ], [ 2.418773311776532, 39.594170696436166 ], [ 2.41878476307498, 39.594127841940285 ], [ 2.418790930405142, 39.594053492375011 ], [ 2.418804505953761, 39.59397774902115 ], [ 2.418829101247988, 39.593910643138969 ], [ 2.418868540750576, 39.593843413265944 ], [ 2.41894773135959, 39.593769905531659 ], [ 2.41900986530832, 39.59370942431493 ], [ 2.419048779715562, 39.593661939731419 ], [ 2.419092564016385, 39.593584678656697 ], [ 2.41914856459749, 39.593520590492332 ], [ 2.419253985653867, 39.593442446291071 ], [ 2.419345460287444, 39.593373767049727 ], [ 2.419385845356615, 39.593334633281565 ], [ 2.41940933326555, 39.593289454724101 ], [ 2.419414771356461, 39.593191738536611 ], [ 2.419404841975339, 39.593089177284007 ], [ 2.419400589120799, 39.593045052178041 ] ], [ [ 2.419501054955697, 39.593375736565434 ], [ 2.419463880725711, 39.59339939131975 ], [ 2.419392494266649, 39.593461017718752 ], [ 2.419367684471398, 39.593479965948482 ] ], [ [ 2.419203242385034, 39.593615031860651 ], [ 2.419181683182295, 39.593613732025595 ], [ 2.419161654762524, 39.593613631907772 ], [ 2.419055994382267, 39.593720383580646 ], [ 2.419017139685042, 39.593760716951671 ] ], [ [ 2.419273942446281, 39.593635649507 ], [ 2.419236996930558, 39.593631888643749 ], [ 2.419215368050034, 39.593638932048819 ], [ 2.419129756081724, 39.59374339985898 ], [ 2.419089310890895, 39.593789685647884 ] ], [ [ 2.419018807265501, 39.593929989172743 ], [ 2.418987715903112, 39.59396320893579 ], [ 2.418967458351442, 39.5939905234222 ], [ 2.418957865337272, 39.59403219606213 ], [ 2.418960697877624, 39.594062010147823 ] ], [ [ 2.419450848180874, 39.593668716691724 ], [ 2.419418543582076, 39.593662595836868 ], [ 2.419389251979119, 39.593664833610902 ], [ 2.41936919369671, 39.59366830868565 ], [ 2.419363000887581, 39.593671853946539 ], [ 2.419240156026716, 39.593807127765459 ] ], [ [ 2.419323033577133, 39.593660926497108 ], [ 2.419302985237868, 39.593663210442095 ], [ 2.4192721031342, 39.593671399681895 ], [ 2.419155459721182, 39.593801936129154 ] ], [ [ 2.419389966818446, 39.593763772603971 ], [ 2.419326252604736, 39.593829013501676 ], [ 2.419298362338729, 39.593847946320487 ], [ 2.419292099846741, 39.593859834811013 ] ], [ [ 2.419341167135332, 39.593075985112108 ], [ 2.419273871534287, 39.593164333152551 ], [ 2.41923590507861, 39.593282866449293 ] ], [ [ 2.419309198632806, 39.593361904818721 ], [ 2.419187335654226, 39.593342700176031 ], [ 2.419159533148938, 39.593351143554628 ], [ 2.419150073741136, 39.593376843337978 ], [ 2.419095336069045, 39.593511027514502 ], [ 2.419074737394088, 39.593542393171226 ] ], [ [ 2.419172712796319, 39.593322601581463 ], [ 2.419141356124029, 39.593313862475654 ], [ 2.419104331968451, 39.593319398955749 ], [ 2.419059507719136, 39.593373529780642 ], [ 2.419007073274009, 39.593453369605079 ], [ 2.418986426781113, 39.593490456578309 ], [ 2.418971397669408, 39.593518990182076 ] ], [ [ 2.419135012312071, 39.593187956194654 ], [ 2.419050945498585, 39.593291955032754 ], [ 2.41898354178185, 39.593393175444341 ], [ 2.418955522976011, 39.593427364762164 ], [ 2.418923759977974, 39.593467256919681 ], [ 2.418877050286919, 39.593525669872022 ], [ 2.418826680007438, 39.59357977286686 ], [ 2.418806163691641, 39.59360112658873 ] ], [ [ 2.418773112989066, 39.593573783354465 ], [ 2.418668792971308, 39.593667667394726 ], [ 2.418620306481296, 39.593717488995438 ], [ 2.41859228736534, 39.593751678221494 ], [ 2.418577198251199, 39.593787362985019 ], [ 2.418571413363548, 39.593815941890895 ], [ 2.418574847844573, 39.593847427715133 ], [ 2.418583840032714, 39.593877510506012 ], [ 2.418587370180585, 39.593897553667198 ], [ 2.418588753200421, 39.593953346350474 ] ], [ [ 2.418627505198123, 39.593962122607614 ], [ 2.418640291786731, 39.593980782138914 ], [ 2.418643845868156, 39.593997964632621 ], [ 2.418645335379139, 39.5940408838633 ], [ 2.418633180215797, 39.594113596015127 ], [ 2.418610186311941, 39.594357601893599 ], [ 2.418608185486622, 39.594596944526096 ], [ 2.418623061284597, 39.59473433663355 ], [ 2.418617420925899, 39.594819178662149 ], [ 2.418584761999337, 39.594892442355523 ], [ 2.418495928110542, 39.595050295163119 ], [ 2.418424644814932, 39.59517295213341 ], [ 2.418411014721873, 39.595181466264201 ], [ 2.418396152473743, 39.595189974225818 ] ], [ [ 2.41883895586111, 39.593438224935348 ], [ 2.418757059237124, 39.593503613354819 ], [ 2.418706796469739, 39.593544843751495 ], [ 2.418632367569927, 39.593601687084281 ], [ 2.418599221273038, 39.593585787365164 ], [ 2.418523182061216, 39.593614014715833 ], [ 2.418393134360443, 39.593689174198005 ] ], [ [ 2.418387573671143, 39.593790371310476 ], [ 2.418407314509043, 39.593762195652204 ], [ 2.418509701960554, 39.593678314476186 ], [ 2.418585968431995, 39.593622911261271 ] ], [ [ 2.418305643430169, 39.593760256764057 ], [ 2.418270361821917, 39.593778674784183 ], [ 2.418251754456898, 39.5937928855504 ], [ 2.418242342509945, 39.593812863924057 ], [ 2.418245872556228, 39.59383290709512 ], [ 2.41826964399358, 39.593864494748466 ], [ 2.41830262285421, 39.593900420120484 ], [ 2.418330186429377, 39.593920583604749 ] ], [ [ 2.418206593050246, 39.593887065344944 ], [ 2.418190845603061, 39.594001418803956 ], [ 2.418148473252309, 39.594204322371233 ], [ 2.418127603221786, 39.594231156994745 ], [ 2.418088777614616, 39.594267914890011 ], [ 2.418059336119318, 39.594288030807796 ] ], [ [ 2.417660609901667, 39.593522827925881 ], [ 2.417758512614995, 39.593606757974982 ], [ 2.417834956130105, 39.59367746946949 ], [ 2.417857856528136, 39.593702615851079 ], [ 2.41783716958706, 39.593781184251014 ], [ 2.417819963195301, 39.593812089130125 ], [ 2.41775804765531, 39.593846347087066 ] ], [ [ 2.418047811242789, 39.593831462960715 ], [ 2.418086677558826, 39.593693351486266 ], [ 2.418111956482899, 39.593618382243285 ], [ 2.418127631932889, 39.593586277583874 ], [ 2.418153913037942, 39.593575680569764 ], [ 2.418187816875746, 39.593574658270875 ] ], [ [ 2.417817792955542, 39.593604988938026 ], [ 2.417895040206107, 39.593395584425686 ], [ 2.417986283192808, 39.593170754862705 ], [ 2.418052365396123, 39.593006590225102 ], [ 2.418105645182176, 39.592899577145964 ] ], [ [ 2.418013206572668, 39.59289911418221 ], [ 2.417845386797928, 39.593253488458366 ], [ 2.417815426829055, 39.593335586607793 ], [ 2.417778131159698, 39.593373543239323 ], [ 2.417681933005631, 39.593454116458652 ], [ 2.417649490106549, 39.593464682484111 ] ], [ [ 2.418170320897063, 39.592903477227452 ], [ 2.418188599000314, 39.592928600401144 ], [ 2.418188933239374, 39.593072833427073 ], [ 2.418180750993594, 39.593130009069725 ], [ 2.4181494900744, 39.593183492037156 ], [ 2.418090417369443, 39.593246372267657 ], [ 2.418042129676313, 39.593309305583396 ], [ 2.418007795908613, 39.593361581952209 ], [ 2.417976514800007, 39.593417448907338 ], [ 2.41789112512973, 39.59367926011236 ] ], [ [ 2.418138390275713, 39.593567402520371 ], [ 2.418094019875595, 39.593567180319141 ], [ 2.418084865221939, 39.593556405850784 ], [ 2.418085921534746, 39.593540677271825 ], [ 2.418118729385972, 39.593486486650455 ], [ 2.418226655420535, 39.59329320818545 ], [ 2.418264091213339, 39.593238325270164 ], [ 2.418322335201215, 39.593127046221227 ], [ 2.418333649034019, 39.593100640366373 ] ], [ [ 2.418279081162359, 39.593103943394958 ], [ 2.418256746560426, 39.593121711711028 ], [ 2.418195919903653, 39.593210091510649 ], [ 2.418107837029219, 39.593351974285426 ], [ 2.418070064755895, 39.593447049724418 ], [ 2.418051212090822, 39.593490582506725 ], [ 2.418051062486815, 39.59350846189151 ], [ 2.418053698876341, 39.593524924386443 ], [ 2.418059083024255, 39.593544261428434 ], [ 2.418066388323694, 39.593555026636757 ], [ 2.418074672163968, 39.593559358851984 ] ], [ [ 2.418230100031881, 39.593582845044423 ], [ 2.41821466890876, 39.593585747503433 ], [ 2.418206900416124, 39.59359345660409 ], [ 2.418184681315534, 39.59376320481595 ], [ 2.418187711772267, 39.593769180335038 ], [ 2.41819232901145, 39.593769799038633 ] ], [ [ 2.418310581947917, 39.593692663334807 ], [ 2.418331691997802, 39.593563437187335 ] ], [ [ 2.418480153108665, 39.593101089845078 ], [ 2.418398865419827, 39.593204386697913 ], [ 2.418372010304768, 39.593209973844672 ], [ 2.418336303166574, 39.593279169376558 ], [ 2.418276108034639, 39.593402597224546 ], [ 2.41821501194241, 39.593523159741721 ] ], [ [ 2.418725782829757, 39.593243498439804 ], [ 2.418583541454245, 39.593229198267842 ], [ 2.418543345023668, 39.593282637529761 ], [ 2.418488345333414, 39.593337431734021 ], [ 2.418441792016841, 39.593377249738374 ], [ 2.418425574905656, 39.59343724596588 ], [ 2.418430797687886, 39.593475892260116 ], [ 2.418448050862586, 39.593513168824558 ], [ 2.418482668549442, 39.593574133996945 ] ], [ [ 2.418513387315952, 39.593217046353566 ], [ 2.418487797622753, 39.593237182561992 ], [ 2.418483025944943, 39.593255038816316 ], [ 2.418475247552473, 39.593263939955037 ], [ 2.418451978317959, 39.593282894798556 ], [ 2.418434971650801, 39.593289962093827 ], [ 2.418419430963652, 39.59330597589058 ], [ 2.418406121039261, 39.593331537403458 ], [ 2.418391956595562, 39.593367226773786 ], [ 2.418374630939228, 39.593412435068501 ], [ 2.418367508828049, 39.59343504782818 ] ], [ [ 2.418075779407001, 39.593609644840093 ], [ 2.418054755636059, 39.593636359747045 ], [ 2.418039806203971, 39.593673832793407 ], [ 2.41802480572535, 39.593717265025653 ] ], [ [ 2.41774059587109, 39.593186654434952 ], [ 2.417760822403404, 39.593273533551375 ], [ 2.417745912589938, 39.593287762765982 ], [ 2.417652740087085, 39.593375026890847 ], [ 2.417547073782985, 39.593482253808936 ] ], [ [ 2.417617611711995, 39.593080570157625 ], [ 2.417569962893499, 39.593177598934496 ], [ 2.417543759719731, 39.59321561109298 ], [ 2.417520078980167, 39.593246961024427 ], [ 2.417470411764337, 39.593290578010325 ] ], [ [ 2.417676340693723, 39.593132359542203 ], [ 2.417577671739701, 39.593287300718799 ] ], [ [ 2.417370847251657, 39.593110801716996 ], [ 2.417364246163672, 39.593163216952355 ], [ 2.417317075104179, 39.593203031408429 ] ], [ [ 2.417152900268521, 39.593305672922114 ], [ 2.416986451972203, 39.593311990286757 ], [ 2.416858934955898, 39.593305628818406 ], [ 2.416764540867693, 39.593318028129694 ], [ 2.41668117815645, 39.593337635158491 ], [ 2.416630937120686, 39.593376003979479 ], [ 2.416571092844008, 39.593457236338715 ], [ 2.416471788904288, 39.593614080862807 ], [ 2.416439927227805, 39.593665414981579 ] ], [ [ 2.416373058552174, 39.593481988874295 ], [ 2.416278195957898, 39.593550171198487 ], [ 2.416107136858519, 39.593665173974507 ], [ 2.416061217293929, 39.593629182947183 ] ], [ [ 2.416616443947429, 39.593223069765187 ], [ 2.416482341493064, 39.593487496131111 ], [ 2.416457354891619, 39.593527421640957 ], [ 2.416385797548561, 39.593682498843734 ], [ 2.41635298362467, 39.593773879146589 ] ], [ [ 2.416499602429614, 39.594063435881878 ], [ 2.416813125026984, 39.593715994125169 ], [ 2.41689516645383, 39.593633443098504 ] ], [ [ 2.416675462398775, 39.593596580066112 ], [ 2.416541103253202, 39.593744666298221 ], [ 2.416509398727439, 39.593777406571256 ], [ 2.416466432366685, 39.593830114872752 ], [ 2.416440153491643, 39.59387718629953 ], [ 2.416390777082823, 39.594032851539936 ] ], [ [ 2.416625450292758, 39.593607772121828 ], [ 2.416523011530691, 39.593697372945947 ], [ 2.41647090996089, 39.593737162293749 ], [ 2.41641868831287, 39.59379125494025 ], [ 2.416385026333782, 39.593836858429952 ], [ 2.41636027151327, 39.593922557641065 ], [ 2.416335553802317, 39.594003966304939 ] ], [ [ 2.416948970413103, 39.593390545443789 ], [ 2.416676158194447, 39.593513620787007 ], [ 2.416650095536653, 39.59353494538162 ], [ 2.416579266528531, 39.593603248609362 ], [ 2.416502950488595, 39.593664372725982 ] ], [ [ 2.416734622034967, 39.593376595680418 ], [ 2.416632135767175, 39.593471917937499 ] ], [ [ 2.416215279116975, 39.593868905181758 ], [ 2.416177631251386, 39.593948818004442 ], [ 2.416154997667531, 39.594002104997394 ], [ 2.416149762625314, 39.594038315602376 ], [ 2.416156805521038, 39.594080309470996 ], [ 2.41617839853222, 39.594150984297038 ], [ 2.416195077896864, 39.594219726939869 ] ], [ [ 2.41625992051633, 39.594204290920366 ], [ 2.416242156474747, 39.594117689737082 ], [ 2.416236241600632, 39.594088098876483 ] ], [ [ 2.415779332342589, 39.593969940194476 ], [ 2.415767903253721, 39.59400993371775 ], [ 2.415776354714883, 39.594104383015448 ], [ 2.415794662297975, 39.594125930501171 ], [ 2.41588312747192, 39.59415927473561 ] ], [ [ 2.415910510256722, 39.594200893318721 ], [ 2.416006203734061, 39.594254299288863 ], [ 2.416028329098323, 39.594261562001627 ] ], [ [ 2.415788718875636, 39.594173104019148 ], [ 2.415874951489969, 39.594252208690939 ], [ 2.415935409389386, 39.594318311560045 ], [ 2.415942600334816, 39.594342663926554 ], [ 2.415917340259454, 39.594488436973869 ], [ 2.415906103356831, 39.594505546096656 ] ], [ [ 2.416034439163659, 39.594414645147282 ], [ 2.415985433792815, 39.594525970350603 ], [ 2.415966561510879, 39.594571648047513 ] ], [ [ 2.415803862488559, 39.594625530146971 ], [ 2.415813387481135, 39.594537978557454 ] ], [ [ 2.415541058044352, 39.593979470526918 ], [ 2.415555262351423, 39.594122581219231 ] ], [ [ 2.415692832792817, 39.59388606583132 ], [ 2.4156572778727, 39.5939001909544 ], [ 2.415609026421372, 39.593958356053676 ], [ 2.415574661629181, 39.594014206841962 ] ], [ [ 2.415701832942063, 39.59428185360153 ], [ 2.415741149152778, 39.594370258984192 ] ], [ [ 2.415255840845456, 39.593231845458398 ], [ 2.415305465658599, 39.593486705968395 ], [ 2.415316185487193, 39.59353110162985 ] ], [ [ 2.41548229075217, 39.593125704942182 ], [ 2.415469084426924, 39.593157107145323 ], [ 2.415529863803524, 39.593404872166083 ], [ 2.415586309472362, 39.593508144348043 ] ], [ [ 2.415627210632565, 39.59348117214941 ], [ 2.415767716665844, 39.593481878710087 ], [ 2.415843396421953, 39.59349656313541 ], [ 2.415880167481323, 39.593521065118175 ], [ 2.415891115918352, 39.593538284867826 ], [ 2.415900120077982, 39.593566937983304 ], [ 2.415898126580029, 39.593584092673055 ] ], [ [ 2.415948020251195, 39.593366922898497 ], [ 2.416008105150063, 39.593477365583773 ], [ 2.416020745661132, 39.593513189380147 ], [ 2.416016892005669, 39.593531764665265 ], [ 2.415996400033085, 39.593550257226312 ] ], [ [ 2.41566142820844, 39.593149492242539 ], [ 2.415655616973979, 39.593180932557551 ], [ 2.41571552101165, 39.593312829925715 ], [ 2.415758954041759, 39.593424618946415 ] ], [ [ 2.415713421643982, 39.593122576694718 ], [ 2.415911190867516, 39.593129292586944 ], [ 2.415957349091517, 39.59313667612048 ], [ 2.415981035171612, 39.593178277013124 ], [ 2.416098539037265, 39.59349641562487 ], [ 2.416098358916096, 39.593517870158308 ], [ 2.416081527312628, 39.593540671855919 ], [ 2.415962293479951, 39.593648783336278 ], [ 2.415846672733982, 39.593766924252073 ] ], [ [ 2.414961011503475, 39.59319707533723 ], [ 2.414939592887974, 39.593325702827244 ], [ 2.414919817813567, 39.593478655710221 ], [ 2.414919601227413, 39.5935044016856 ] ], [ [ 2.414418174659743, 39.593111377204934 ], [ 2.414411785974246, 39.593211473391555 ], [ 2.414391003476897, 39.593264292726609 ], [ 2.41431780643542, 39.593394089970005 ] ], [ [ 2.414470922083118, 39.593214632192478 ], [ 2.414487898627294, 39.593174666747046 ], [ 2.414498044905517, 39.593067437977233 ] ], [ [ 2.414162305708382, 39.59341762317927 ], [ 2.414176192215582, 39.593524972181505 ], [ 2.414174113954863, 39.593552139611518 ], [ 2.414145949316384, 39.59360349173749 ], [ 2.414107996826788, 39.593719162614057 ] ], [ [ 2.414195764128605, 39.593396335529739 ], [ 2.414325322127089, 39.592940692946826 ], [ 2.414334914578593, 39.592899259459145 ] ], [ [ 2.414066399744541, 39.592950830706954 ], [ 2.414020589209079, 39.593341097317875 ], [ 2.414006924234723, 39.593426851955222 ] ], [ [ 2.413868036696014, 39.592795346943234 ], [ 2.413878760601904, 39.593058594185642 ], [ 2.413878001207878, 39.593148705539242 ], [ 2.41386829880109, 39.593203011514717 ], [ 2.413856724095248, 39.593260168829097 ] ], [ [ 2.413839550453754, 39.592592325353699 ], [ 2.413853858204306, 39.592649613238983 ], [ 2.413853512647357, 39.592690616687342 ] ], [ [ 2.413893732316686, 39.592598320240349 ], [ 2.413989146551852, 39.592830526006153 ] ], [ [ 2.414018422210864, 39.592574156258543 ], [ 2.41408941755909, 39.592632683278019 ], [ 2.41415599953112, 39.592776058269386 ], [ 2.414154438108525, 39.592815148097266 ] ], [ [ 2.41431799160357, 39.592859838586158 ], [ 2.414305260829644, 39.592761553516695 ], [ 2.414266114251835, 39.592580172507148 ], [ 2.414191795509778, 39.592330909502046 ], [ 2.414124181427474, 39.592163688835754 ], [ 2.41409292478751, 39.592070078596628 ], [ 2.414067203292241, 39.59205087668925 ] ], [ [ 2.413920766496751, 39.591876583528148 ], [ 2.414023073734873, 39.592022046292733 ] ], [ [ 2.414327936636967, 39.592157484322371 ], [ 2.414321444886714, 39.592489303634125 ] ], [ [ 2.414422896709085, 39.592077860922615 ], [ 2.414443708650184, 39.592241031491504 ], [ 2.414439348888047, 39.592319680675658 ], [ 2.414447700875273, 39.592425571832564 ], [ 2.414483484669837, 39.592567361491547 ] ], [ [ 2.414610449255206, 39.591980108402446 ], [ 2.41462324071871, 39.592217618964206 ], [ 2.414625385259794, 39.592402150893577 ], [ 2.414633544930259, 39.592530927351888 ] ], [ [ 2.414620038541656, 39.592598088218999 ], [ 2.414674917367066, 39.592887304012265 ], [ 2.414672744188563, 39.592925914117941 ] ], [ [ 2.414830084867662, 39.592683539851038 ], [ 2.414855786757871, 39.592705124726805 ], [ 2.41485859376433, 39.592810987924658 ] ], [ [ 2.414886013027835, 39.59218890378424 ], [ 2.414965841179376, 39.592369536142137 ], [ 2.415000330094579, 39.592445520155948 ], [ 2.415009452881139, 39.592459870914801 ] ], [ [ 2.415038784454081, 39.592269775885441 ], [ 2.415125446877581, 39.592297389152883 ], [ 2.415302095473196, 39.592396975749004 ] ], [ [ 2.41504889481465, 39.59216683759594 ], [ 2.415157512181258, 39.592221739278919 ], [ 2.415280692264402, 39.592303892059135 ] ], [ [ 2.415035415045176, 39.592010857359092 ], [ 2.415123697922199, 39.592065656702097 ], [ 2.415198989996077, 39.592126112168373 ], [ 2.415353779296965, 39.592186967611056 ], [ 2.415445987352886, 39.592214608543124 ] ], [ [ 2.415231477193111, 39.592000401092832 ], [ 2.415400441763816, 39.592134277400689 ], [ 2.415566009979543, 39.592232377907749 ] ], [ [ 2.414669191501594, 39.591810188022144 ], [ 2.414812586459332, 39.591906746160006 ] ], [ [ 2.414167779622942, 39.591417162453212 ], [ 2.414319886098963, 39.59157670331647 ], [ 2.414424383065384, 39.591681649122748 ], [ 2.414512665040579, 39.591736448926461 ], [ 2.414536553300692, 39.59175373400835 ] ], [ [ 2.414978983419845, 39.591906154115108 ], [ 2.415089497744828, 39.591955343842137 ], [ 2.415157696616862, 39.591980003355651 ] ], [ [ 2.41475468316781, 39.591537412240598 ], [ 2.414881161917136, 39.591666785484122 ], [ 2.414980403040329, 39.591737373991691 ], [ 2.415109163716648, 39.591815264326698 ] ], [ [ 2.414816280888455, 39.591467633667513 ], [ 2.414904188744709, 39.591566773926132 ], [ 2.414992313403419, 39.5916401672335 ], [ 2.415084099591718, 39.591717870534907 ] ], [ [ 2.415194613694756, 39.591767060161864 ], [ 2.415301322296752, 39.591829104521629 ], [ 2.415339773265967, 39.591873640634873 ], [ 2.415411477243241, 39.591921203923881 ] ], [ [ 2.415959744561126, 39.594025679629162 ], [ 2.416002092415279, 39.59412005960916 ], [ 2.416057585861222, 39.594116762304289 ] ], [ [ 2.415959744561126, 39.594025679629162 ], [ 2.415951729771202, 39.593998471346765 ], [ 2.41601232576875, 39.593937984011518 ], [ 2.416100743918097, 39.593866908741127 ], [ 2.416155146688036, 39.593809966413517 ] ], [ [ 2.416410523500569, 39.5934882184877 ], [ 2.416373056945844, 39.593546438077723 ], [ 2.416313303275961, 39.593690369255256 ] ], [ [ 2.416246773398671, 39.592512104152753 ], [ 2.416072446872607, 39.592722927257356 ], [ 2.415987796057576, 39.592822629314206 ], [ 2.415983730248705, 39.592866473956462 ], [ 2.415936870905378, 39.592869099208009 ] ], [ [ 2.415724310752378, 39.592202471253096 ], [ 2.415609168582721, 39.592116970574871 ], [ 2.415549025603812, 39.59208710692274 ], [ 2.415487769619318, 39.592042933711184 ], [ 2.415430283297006, 39.591990196173469 ], [ 2.415314414290202, 39.591991520677048 ] ], [ [ 2.415867484631497, 39.592618907869792 ], [ 2.415932166477725, 39.592548667574633 ], [ 2.41596210662148, 39.592505906283748 ], [ 2.415984611752646, 39.592467874990732 ], [ 2.415997113584375, 39.592446959031626 ], [ 2.415998633925227, 39.592412637244166 ], [ 2.415973272085826, 39.592350525779644 ], [ 2.415924501412869, 39.592287343347479 ], [ 2.415879290989724, 39.59224038931103 ], [ 2.415776619103148, 39.592137838131002 ], [ 2.415645567961183, 39.592038959122803 ], [ 2.415524273267569, 39.591952525481211 ], [ 2.415391990749396, 39.591853639090544 ] ], [ [ 2.415724310752378, 39.592202471253096 ], [ 2.415811200237758, 39.592276283913868 ], [ 2.415831783347686, 39.592320252478672 ], [ 2.415838889955233, 39.592354618537044 ], [ 2.415831270774046, 39.592381280598531 ], [ 2.415777312952434, 39.592495440741395 ] ], [ [ 2.415594810813449, 39.592212258491124 ], [ 2.415651344578088, 39.592231615021163 ], [ 2.415670975863909, 39.592242202693285 ], [ 2.415706389942078, 39.592281478486846 ], [ 2.415722100655545, 39.59231874770321 ], [ 2.415722836110345, 39.592377874607138 ], [ 2.415723635651397, 39.592429372770496 ], [ 2.415721035267208, 39.592445571113942 ], [ 2.415715904268059, 39.592469384893278 ] ], [ [ 2.415637721084122, 39.591955765849178 ], [ 2.415672183291292, 39.591961660731535 ], [ 2.415816694758171, 39.592072051429412 ], [ 2.415976829442179, 39.592230199636951 ], [ 2.41606465585807, 39.592339350901142 ], [ 2.416084104267612, 39.592371871476765 ], [ 2.416088825702924, 39.592396688079297 ], [ 2.416088617560656, 39.592421480810188 ], [ 2.416068473800523, 39.592471920428572 ], [ 2.416047156569929, 39.592505379549706 ], [ 2.415814094010688, 39.592812220477789 ] ], [ [ 2.416321864738341, 39.592496317717213 ], [ 2.416300448860798, 39.592624946394707 ] ], [ [ 2.416066535958688, 39.592078790063269 ], [ 2.416320892820994, 39.59239189460542 ], [ 2.416348359201553, 39.592423501217127 ] ], [ [ 2.416106343250323, 39.591961697882908 ], [ 2.416194373638219, 39.592046532947769 ], [ 2.416379259208358, 39.592266312304659 ], [ 2.416463436829376, 39.592369724270618 ] ], [ [ 2.416281996560958, 39.591959719642475 ], [ 2.41651701443917, 39.592154003544799 ], [ 2.416592355820454, 39.59220873678607 ], [ 2.416656870014608, 39.592231946977357 ], [ 2.416730663314736, 39.59225091208264 ], [ 2.416821203756407, 39.592257088109783 ] ], [ [ 2.416416281843986, 39.592260776683531 ], [ 2.416614782271022, 39.592400522037934 ] ], [ [ 2.416683508773851, 39.592362246918455 ], [ 2.416887146513322, 39.592330369546602 ], [ 2.416966653453796, 39.592329338575269 ] ], [ [ 2.416482932173531, 39.592249668269488 ], [ 2.416519739972629, 39.592269878609251 ], [ 2.416558406773126, 39.592288668329402 ], [ 2.416709966832274, 39.592293719977754 ], [ 2.416822812047438, 39.592285704040627 ], [ 2.416948597779712, 39.59227775292851 ], [ 2.417005873083549, 39.592282331944233 ], [ 2.417076040995773, 39.592292696282627 ], [ 2.417123808367716, 39.592328696185525 ], [ 2.417164120925662, 39.592371810189547 ], [ 2.417204301693273, 39.592430658291072 ], [ 2.417216752052308, 39.592489366396528 ], [ 2.41721653632398, 39.592515112386863 ] ], [ [ 2.416407853765659, 39.59194318711512 ], [ 2.416682078516673, 39.592091895020531 ], [ 2.416842318727798, 39.592164218991435 ], [ 2.416890205812615, 39.592185914760798 ] ], [ [ 2.416685055424328, 39.591957452122202 ], [ 2.416796026803845, 39.591952287588498 ], [ 2.416823734250376, 39.591955287439902 ] ], [ [ 2.416926939011108, 39.591994426434866 ], [ 2.41705214877787, 39.592055131183557 ], [ 2.417155126086846, 39.592121445851191 ], [ 2.417349940977589, 39.592259740624868 ], [ 2.417423376241543, 39.592321616185309 ], [ 2.417456545618824, 39.592334656472119 ], [ 2.417563293315123, 39.592383198744827 ] ], [ [ 2.416609233188572, 39.591959932245558 ], [ 2.416706520394742, 39.592043383457593 ], [ 2.416798404980605, 39.592109643656237 ], [ 2.416827780747816, 39.592134107324505 ] ], [ [ 2.417184927401596, 39.592536410189517 ], [ 2.417154482288775, 39.592418965258702 ], [ 2.416667963147347, 39.592452283178275 ], [ 2.416358995520031, 39.592477909572764 ] ], [ [ 2.41711776478351, 39.592829304278794 ], [ 2.417244045381929, 39.592982990170363 ], [ 2.417241538056054, 39.593061649648689 ], [ 2.417224359376335, 39.593125930713583 ], [ 2.417189041848605, 39.593148639856018 ], [ 2.417101898028803, 39.593178241422216 ] ], [ [ 2.416616443947429, 39.593223069765187 ], [ 2.416819013802248, 39.593179682749664 ], [ 2.416841210870301, 39.5931783633119 ], [ 2.416880107279667, 39.593169976163558 ], [ 2.416911715412596, 39.593148679344104 ] ], [ [ 2.417204045437897, 39.592718643074399 ], [ 2.417309845792265, 39.592779250188144 ], [ 2.417332715748895, 39.592807972730661 ], [ 2.417340614842444, 39.592858076540736 ], [ 2.417326162365163, 39.592928093766112 ], [ 2.417313016827863, 39.592952344072266 ], [ 2.417289686627091, 39.592978689566486 ] ], [ [ 2.417119242772671, 39.592027872676368 ], [ 2.417277610014926, 39.592103048339908 ], [ 2.417313056895596, 39.592138508829159 ], [ 2.41736826313809, 39.592169301011779 ], [ 2.417476378127242, 39.592210847377274 ], [ 2.417521677462334, 39.59224731139183 ], [ 2.417557179270356, 39.592276097214622 ], [ 2.417584047257765, 39.592305793045554 ] ], [ [ 2.417147884774591, 39.591992733625027 ], [ 2.417215464378957, 39.592017866374519 ], [ 2.417303811749781, 39.592065035325334 ], [ 2.417496697645419, 39.592139429593978 ], [ 2.417612111772052, 39.592192455568956 ], [ 2.417690728243606, 39.592224318227068 ], [ 2.417749727977207, 39.592243686095564 ], [ 2.417795002367704, 39.592283010664708 ], [ 2.417815563957545, 39.592329839559113 ] ], [ [ 2.41806813422114, 39.592369516788111 ], [ 2.418142567336421, 39.592496241673324 ], [ 2.418197560864798, 39.592552540695124 ], [ 2.418246602151604, 39.592583778238442 ], [ 2.41827728450518, 39.5925994278508 ], [ 2.418292560888204, 39.592615000328799 ], [ 2.418282998751768, 39.592653095968323 ], [ 2.418265782864871, 39.592685193843202 ], [ 2.41822852883284, 39.592718383457758 ] ], [ [ 2.417479303205235, 39.592036383828287 ], [ 2.417570308585466, 39.592023728169004 ], [ 2.417639646645026, 39.59202288363732 ], [ 2.417707103557547, 39.592062557289928 ], [ 2.417854093830901, 39.592171765812743 ], [ 2.417895401245579, 39.592206540064481 ], [ 2.417966283654951, 39.592389270926773 ], [ 2.418038359242535, 39.592613727435541 ], [ 2.418069834310771, 39.592718780854746 ], [ 2.418095495630249, 39.592782085431338 ], [ 2.418108753789801, 39.592854863540538 ] ], [ [ 2.417967301058325, 39.59226769216874 ], [ 2.41805193044103, 39.592464795766389 ], [ 2.418059004534251, 39.592539927050986 ], [ 2.418098602021859, 39.592594956940452 ], [ 2.418153156843434, 39.592703702126087 ], [ 2.418163692578877, 39.592733554810721 ] ], [ [ 2.417565580172555, 39.592809229419167 ], [ 2.417567709004705, 39.592849291990774 ], [ 2.417562603725833, 39.592870245194689 ], [ 2.417535073891108, 39.592919693845992 ] ], [ [ 2.417320467263602, 39.592495220668503 ], [ 2.417395747815769, 39.592520630704094 ], [ 2.417487726705046, 39.592575923431276 ], [ 2.41753360523842, 39.592616681071299 ] ], [ [ 2.417533335721469, 39.592648863785541 ], [ 2.417546921502432, 39.59268230802261 ], [ 2.417551354000818, 39.592704977753272 ] ], [ [ 2.417467369147878, 39.592615156951403 ], [ 2.417506906308174, 39.59267733915329 ], [ 2.417529455715646, 39.592744204461226 ], [ 2.417532127888758, 39.592793089086868 ], [ 2.417530417470415, 39.592813344786862 ] ], [ [ 2.417288883572251, 39.592403279261639 ], [ 2.417477840178693, 39.592468593948112 ], [ 2.417568287162968, 39.592522687763882 ] ], [ [ 2.417661713266022, 39.592405148386923 ], [ 2.417745358858312, 39.592535495000966 ], [ 2.417790480380111, 39.592666840597758 ], [ 2.417821795459249, 39.59279096548596 ] ], [ [ 2.417685362666993, 39.591972571898566 ], [ 2.417812445632885, 39.592067376777038 ], [ 2.417876681616111, 39.592123722261789 ], [ 2.417927886662994, 39.5921785724912 ] ], [ [ 2.417671773080964, 39.591755560691809 ], [ 2.417870082220682, 39.591807809753718 ], [ 2.417903775710401, 39.591831819036706 ], [ 2.418011652235317, 39.592012350164097 ], [ 2.418043557007282, 39.592066150377313 ], [ 2.418043287731545, 39.592098333097539 ], [ 2.418024361626572, 39.592150685749949 ] ], [ [ 2.417671773080964, 39.591755560691809 ], [ 2.417618031874682, 39.591733835000795 ], [ 2.417514379597989, 39.591601003849803 ], [ 2.417364880696035, 39.5916074067339 ] ], [ [ 2.417411289478972, 39.591290567892862 ], [ 2.417600068735692, 39.591413574773483 ], [ 2.417749616615129, 39.591511590984162 ], [ 2.417916419974234, 39.591609693444738 ], [ 2.417985006993912, 39.591661532067604 ], [ 2.418051129943255, 39.59171335740777 ], [ 2.418131513162879, 39.591779558053112 ], [ 2.418170649777803, 39.591815990956356 ] ], [ [ 2.417929420067216, 39.591774493004145 ], [ 2.417975547693592, 39.591785451790763 ], [ 2.418042696567685, 39.591862076054625 ], [ 2.418051460893033, 39.591919335673829 ] ], [ [ 2.417599101042085, 39.59129603890598 ], [ 2.417832193810979, 39.591425942380063 ], [ 2.418135685938782, 39.591612222500089 ], [ 2.418166078683435, 39.591662438903256 ], [ 2.418177875792962, 39.591725673147145 ] ], [ [ 2.418226456715529, 39.591811739983356 ], [ 2.418240740545159, 39.591761748190585 ], [ 2.418237156471363, 39.59163776223879 ], [ 2.418231342638129, 39.591596013404356 ], [ 2.418219287453872, 39.591563768973835 ], [ 2.418177850635114, 39.591544490187232 ], [ 2.418142606525341, 39.591521665287232 ], [ 2.418132230520642, 39.59147274118515 ], [ 2.418122114947928, 39.591392827283741 ], [ 2.418110118517969, 39.591353430718513 ], [ 2.418084128610273, 39.591329460975167 ], [ 2.418001544592871, 39.591256335627534 ], [ 2.417916982334646, 39.591235647763085 ], [ 2.417872614065518, 39.591198474041136 ], [ 2.417639855116051, 39.591212803713255 ], [ 2.417527212532098, 39.591233694554056 ] ], [ [ 2.418196617482157, 39.591879534927266 ], [ 2.418208483277796, 39.591934425925501 ], [ 2.418208214079629, 39.591966608647404 ], [ 2.418200221432889, 39.592001136835961 ], [ 2.418196832114035, 39.592038071310874 ], [ 2.418195141852677, 39.592055942986065 ], [ 2.418188779633104, 39.59207975071336 ] ], [ [ 2.417876661874249, 39.591966616800569 ], [ 2.4178763665892, 39.592001898049823 ] ], [ [ 2.417737406911419, 39.591964011575378 ], [ 2.417917400787586, 39.592106046114814 ], [ 2.41797725872057, 39.592170236548178 ] ], [ [ 2.418350449050723, 39.591649772558391 ], [ 2.418349767255488, 39.591731302006124 ], [ 2.418330311175173, 39.591847066905693 ], [ 2.418312798874191, 39.5919513974846 ] ], [ [ 2.418207929339625, 39.591227092598061 ], [ 2.418247942868362, 39.591305964117829 ], [ 2.418278365434238, 39.59142627036222 ] ], [ [ 2.418365578324734, 39.591388085884788 ], [ 2.418399245230687, 39.59156276327802 ], [ 2.418398515661329, 39.591650013159899 ], [ 2.418409033874549, 39.591718724678941 ], [ 2.418417965923703, 39.591755959608044 ] ], [ [ 2.418514972214751, 39.591652026854291 ], [ 2.418457645125828, 39.591874881284873 ], [ 2.418423064506005, 39.59203062150636 ], [ 2.418383643808123, 39.592101943845513 ], [ 2.418315989082489, 39.592233202239569 ] ], [ [ 2.418751997962651, 39.591680389798448 ], [ 2.418666658866532, 39.591863054097175 ], [ 2.418610312477077, 39.591968621268876 ], [ 2.418558093825995, 39.592022714915309 ] ], [ [ 2.419002595058949, 39.591780817326836 ], [ 2.419003047717823, 39.591874272243558 ], [ 2.418986506924347, 39.591936173538407 ], [ 2.418947742737196, 39.592002731076938 ], [ 2.418895412783071, 39.592070174954557 ], [ 2.41883454219571, 39.592127086241163 ], [ 2.418813359641481, 39.592154634858105 ], [ 2.418811887339712, 39.592183235355201 ], [ 2.418807584303194, 39.592255687680755 ] ], [ [ 2.418374294882454, 39.591303735864535 ], [ 2.418419323016406, 39.591372621024504 ], [ 2.418530114460388, 39.591536240331699 ], [ 2.418579841260787, 39.591632802608281 ] ], [ [ 2.418318865580514, 39.591299644314098 ], [ 2.418231196414522, 39.59117142330588 ], [ 2.418135084157512, 39.591021227853169 ], [ 2.4181132974686, 39.590973438673963 ], [ 2.418107486922423, 39.590931451071036 ], [ 2.418111854401608, 39.590851370915438 ], [ 2.418138980514911, 39.59070274494308 ], [ 2.418167139156514, 39.590577965522741 ], [ 2.418180780588794, 39.590420689649385 ], [ 2.418175319826747, 39.590336746189379 ], [ 2.418171124215282, 39.590248994079559 ], [ 2.418166321255122, 39.590233711898215 ] ], [ [ 2.418115487205323, 39.590269694279932 ], [ 2.418104040901077, 39.590459403093611 ], [ 2.418092936396604, 39.590608108399884 ], [ 2.418077755985087, 39.590654759161062 ], [ 2.418045256900697, 39.590708951346556 ], [ 2.417997203432748, 39.590854610789485 ], [ 2.417972804427932, 39.590971780830259 ], [ 2.418008410664337, 39.590988170601747 ], [ 2.418080982913264, 39.591005698792515 ] ], [ [ 2.418256654796302, 39.590632768672997 ], [ 2.418212947888051, 39.59084806214635 ], [ 2.418202363143087, 39.590934786945752 ], [ 2.418209422942751, 39.590974873307601 ], [ 2.418222803820405, 39.590995919106419 ], [ 2.418254752610266, 39.59100752221201 ], [ 2.418307653713558, 39.591019231101953 ] ], [ [ 2.418266797748227, 39.591040958660969 ], [ 2.418432468569201, 39.5912744658823 ], [ 2.418622462425759, 39.591547192277098 ], [ 2.418703875537797, 39.591686824832777 ] ], [ [ 2.418425173158522, 39.591115178615297 ], [ 2.418543534405904, 39.591257857002624 ], [ 2.418594732236078, 39.591325818773029 ] ], [ [ 2.418754837820823, 39.591193116106012 ], [ 2.418760065220397, 39.591452520534801 ], [ 2.418784592580332, 39.591614754756307 ], [ 2.418813462883373, 39.591699769459851 ], [ 2.418850253977979, 39.591721886471781 ], [ 2.418882146276363, 39.591740163989726 ] ], [ [ 2.418839679014983, 39.591217380063846 ], [ 2.418912158672396, 39.591541012331611 ], [ 2.418944073322228, 39.5917042367563 ] ], [ [ 2.418952620524806, 39.5912713465436 ], [ 2.419020139387163, 39.591598768016844 ], [ 2.41904037388829, 39.591684692780433 ], [ 2.419058072567644, 39.591779188121109 ], [ 2.419072623394542, 39.59180786873344 ], [ 2.419099579460658, 39.591827074807533 ], [ 2.419126518439953, 39.591848189182187 ], [ 2.419151064926135, 39.591860708330728 ] ], [ [ 2.419219480017656, 39.591785716571422 ], [ 2.419181685457919, 39.591883747686424 ], [ 2.419175133638749, 39.591930441712833 ], [ 2.419182233910514, 39.591965759935142 ], [ 2.419196450395347, 39.592034489867402 ], [ 2.419208098030638, 39.592115604297909 ], [ 2.419234600283672, 39.592299780373217 ], [ 2.419251367760542, 39.592321320525564 ], [ 2.419274327942459, 39.592339315418009 ], [ 2.419312644313474, 39.592363346495397 ], [ 2.419352501421147, 39.592387385259457 ], [ 2.419361615158698, 39.592402926801839 ], [ 2.41937214141912, 39.592433971401469 ], [ 2.4193744848918, 39.592706950751037 ], [ 2.419364178791575, 39.592755691193481 ], [ 2.419316717612266, 39.592904215780955 ], [ 2.419288628678818, 39.592946987189777 ], [ 2.419249541582306, 39.592978260478915 ], [ 2.419210479503438, 39.593006673093953 ], [ 2.419186074863888, 39.593050892834967 ], [ 2.419172728038299, 39.593099460376472 ], [ 2.419168433277526, 39.593170958550232 ], [ 2.419189997235156, 39.593245446769323 ], [ 2.419213576634836, 39.593299919558291 ] ], [ [ 2.419157760837006, 39.592091988842164 ], [ 2.419072769122091, 39.592122555950098 ], [ 2.419030993222688, 39.592143803427007 ], [ 2.419001452165696, 39.592175839788915 ], [ 2.418976454709346, 39.592217434516463 ], [ 2.418957389864992, 39.592286474696657 ], [ 2.418952488926206, 39.592319826326907 ], [ 2.41895692186174, 39.592342496008548 ], [ 2.418989154938694, 39.592356961118931 ], [ 2.419047638661744, 39.592364405957056 ], [ 2.419084493897603, 39.592378894150862 ], [ 2.419069065634952, 39.592565960175989 ], [ 2.41907583220819, 39.592678042206174 ] ], [ [ 2.418910533625002, 39.592362528307142 ], [ 2.418963867474921, 39.59243312259877 ], [ 2.419026871299878, 39.592637268860486 ], [ 2.419048975301742, 39.592757771160301 ] ], [ [ 2.419166296175278, 39.592361422954191 ], [ 2.419179880567402, 39.592579626018157 ], [ 2.419195184916957, 39.592776382226461 ] ], [ [ 2.419303062866513, 39.592403826263933 ], [ 2.419293189806413, 39.592663632701161 ], [ 2.419295713937377, 39.592730396687109 ] ], [ [ 2.419651832963932, 39.592150004595837 ], [ 2.419614908100638, 39.592143860719062 ], [ 2.41958708822489, 39.592154449480589 ], [ 2.419562278952585, 39.592173397759929 ], [ 2.419534220314777, 39.592212593177848 ], [ 2.419538582632069, 39.592243606970627 ], [ 2.419547707505503, 39.592257956485163 ], [ 2.419586133341091, 39.59226887615818 ], [ 2.419613804067206, 39.59227616679096 ] ], [ [ 2.419592175647273, 39.592283210271177 ], [ 2.419630482144579, 39.592308434165155 ] ], [ [ 2.419605556611891, 39.591972165932013 ], [ 2.419605188597869, 39.592016267957526 ], [ 2.419638753497391, 39.59205577209655 ], [ 2.419632282366975, 39.59209269122195 ], [ 2.419627382930827, 39.592126042890072 ] ], [ [ 2.419605556611891, 39.591972165932013 ], [ 2.419587467223391, 39.591924396402909 ], [ 2.419555443114729, 39.591884899945292 ] ], [ [ 2.419542529477169, 39.592139922962716 ], [ 2.419491492032503, 39.591978748539709 ], [ 2.41942861531402, 39.591943866181964 ], [ 2.419414274076602, 39.591816251209316 ] ], [ [ 2.419823148956133, 39.592113908678733 ], [ 2.419738683904798, 39.592266062768118 ], [ 2.419739886514104, 39.592306596427555 ], [ 2.419765648653891, 39.592357980453393 ] ], [ [ 2.419901491360463, 39.592326475554387 ], [ 2.419805645112891, 39.592365332590056 ], [ 2.419802295228625, 39.592397499932176 ], [ 2.419814292799593, 39.592436895422985 ] ], [ [ 2.419810942915472, 39.592469062764962 ], [ 2.419748860502779, 39.592523584338146 ], [ 2.419652695631019, 39.592600584068521 ] ], [ [ 2.41964748756691, 39.592486126614979 ], [ 2.419550360044754, 39.592493985039731 ], [ 2.419493178099076, 39.592515155719454 ], [ 2.419444960661057, 39.592569746397537 ], [ 2.419439890799452, 39.592623360578273 ], [ 2.41943479224379, 39.5926805508226 ] ], [ [ 2.419610740585152, 39.592643286301431 ], [ 2.419559820879028, 39.592652567600396 ], [ 2.419530430228964, 39.592666724707961 ], [ 2.419507121678264, 39.592690448747412 ], [ 2.419495908880427, 39.592741648101658 ], [ 2.419466278023197, 39.592969171763528 ], [ 2.419471862713185, 39.593038335172132 ] ], [ [ 2.41980398462312, 39.592564387255145 ], [ 2.419618890784091, 39.592774446517168 ], [ 2.419593951988275, 39.592808890152483 ], [ 2.419584410430581, 39.592844601863838 ], [ 2.419574778168367, 39.59289104174379 ], [ 2.419592937408737, 39.592930468934256 ], [ 2.419657176799628, 39.592986813448562 ] ], [ [ 2.419638550035655, 39.59300340848143 ], [ 2.419630737008425, 39.593016481316866 ], [ 2.419663616147337, 39.5931382293832 ], [ 2.419667830560799, 39.593187121662737 ] ], [ [ 2.419161056857986, 39.592986288818956 ], [ 2.419105247865358, 39.593027491668181 ], [ 2.419049462701545, 39.593065833823566 ], [ 2.419030903478076, 39.593074323386396 ] ], [ [ 2.419074903219733, 39.593118885103856 ], [ 2.419052049102631, 39.593198872838819 ], [ 2.419012722792087, 39.593258752706589 ], [ 2.418973421468643, 39.593315772800679 ], [ 2.418947347630351, 39.593338528700571 ], [ 2.41891953198726, 39.59334840189824 ], [ 2.418891753349601, 39.593353984546475 ], [ 2.418767825994435, 39.593360517110682 ] ], [ [ 2.419161056857986, 39.592986288818956 ], [ 2.419232360459051, 39.592860770658397 ], [ 2.41927723200994, 39.592800918425688 ] ], [ [ 2.419141676813917, 39.59287176050762 ], [ 2.419006000695244, 39.592956905754058 ], [ 2.418942820527443, 39.592995210882037 ], [ 2.418954841100906, 39.593105411693649 ] ], [ [ 2.418865080450055, 39.592784553892692 ], [ 2.418815152939234, 39.592785734116944 ], [ 2.418722866311077, 39.592988389169115 ] ], [ [ 2.418875738022941, 39.592394109464834 ], [ 2.418906485959723, 39.592475795191021 ], [ 2.418911326534098, 39.592560213035433 ], [ 2.418906840341497, 39.592654596535461 ], [ 2.418893099037247, 39.592750364591318 ] ], [ [ 2.418633983479369, 39.592341405078173 ], [ 2.418703362715638, 39.592446171327637 ], [ 2.418772861688722, 39.592536634203498 ], [ 2.418790715594154, 39.592612534788337 ], [ 2.418801066995532, 39.592701270928579 ], [ 2.418802569706342, 39.592742759389488 ] ], [ [ 2.418563372856186, 39.59238396445658 ], [ 2.41861260779626, 39.592465742767068 ], [ 2.418635779990339, 39.592568847002219 ], [ 2.418651391059467, 39.592691939803373 ], [ 2.418649015689847, 39.592754865207382 ] ], [ [ 2.418720328366725, 39.592849627913047 ], [ 2.41860262514451, 39.592996369941936 ] ], [ [ 2.418604669716991, 39.592751782538748 ], [ 2.418552139569067, 39.59284306483049 ], [ 2.418467713531167, 39.592989973239639 ] ], [ [ 2.418385834464739, 39.592390227436262 ], [ 2.418383351216761, 39.592466026284825 ], [ 2.418408814932066, 39.592516217044917 ], [ 2.418426943519512, 39.592559219571527 ], [ 2.418431868396773, 39.592633625555301 ], [ 2.418431473720976, 39.592680826095993 ], [ 2.418416432604938, 39.592710789514101 ], [ 2.418379027125482, 39.592762096428586 ], [ 2.418347322755344, 39.592794836311477 ], [ 2.418315571662503, 39.592833298424118 ], [ 2.418296761189814, 39.592871825313019 ], [ 2.418277902850556, 39.592916072629308 ], [ 2.41827561087252, 39.59296898614059 ], [ 2.418286296631563, 39.593017672994648 ], [ 2.418304497046558, 39.593052093539477 ] ], [ [ 2.418487988394154, 39.592555234366714 ], [ 2.418501773797884, 39.592675456363907 ], [ 2.418488042730061, 39.592769793578022 ], [ 2.418435404772069, 39.592873949263179 ], [ 2.418409115636647, 39.592922451037921 ], [ 2.41838657181021, 39.592965249982157 ], [ 2.41838081083922, 39.592990968216569 ], [ 2.41837686214613, 39.593020987151185 ], [ 2.418373056993296, 39.593033841189012 ] ], [ [ 2.418454575932187, 39.592173151762978 ], [ 2.418429584133023, 39.592214030978695 ], [ 2.418426903492235, 39.59223976463629 ], [ 2.418422926960221, 39.592273120870672 ], [ 2.418428810723125, 39.592306526457293 ] ], [ [ 2.419883033689863, 39.592586444627642 ], [ 2.419856335649438, 39.592647103259118 ], [ 2.419832868138371, 39.592689897876447 ], [ 2.41980337809676, 39.592715974348124 ], [ 2.419755270135469, 39.592757454740614 ], [ 2.419721008708012, 39.592801387501027 ], [ 2.419708445441372, 39.592829932617974 ], [ 2.419703514991717, 39.592866859436739 ], [ 2.419703176864869, 39.592907385397687 ], [ 2.41970916074077, 39.592928871626533 ] ], [ [ 2.419219480017656, 39.591785716571422 ], [ 2.419231342034812, 39.591710886330326 ], [ 2.419231740141548, 39.591663208246352 ], [ 2.419226333771241, 39.591572589353135 ], [ 2.419205242991475, 39.591515268204716 ], [ 2.419167703507811, 39.591398264960709 ], [ 2.419123942848315, 39.59128838211825 ], [ 2.419045145993771, 39.591130644912148 ], [ 2.419017713556742, 39.591094748369521 ], [ 2.418953348145523, 39.591053897960514 ], [ 2.418902786837864, 39.591020269869425 ], [ 2.418884499016898, 39.590996337920394 ], [ 2.418874173515849, 39.590941454684945 ], [ 2.418908504253974, 39.590889178019026 ], [ 2.418918037083691, 39.590854658377388 ], [ 2.418924507312493, 39.590817738379037 ], [ 2.418912531595989, 39.590775958757376 ], [ 2.418908367631289, 39.590721106336147 ], [ 2.418908855563527, 39.590662700969425 ], [ 2.418923070122692, 39.590621052321225 ], [ 2.418934192209645, 39.590580579374922 ], [ 2.418936011678348, 39.590547213226799 ], [ 2.418927046472943, 39.590513792246007 ], [ 2.418910438843907, 39.590473181528431 ], [ 2.418892200947364, 39.590443290381103 ], [ 2.418835747510187, 39.590377447811171 ], [ 2.418797731182178, 39.590317657783757 ], [ 2.418755242336398, 39.590239965226417 ], [ 2.418723408711214, 39.59017782286255 ], [ 2.418711413305553, 39.590138426356084 ], [ 2.418717923410967, 39.590096739186443 ], [ 2.418722744601357, 39.590072923712214 ], [ 2.418716991528949, 39.590024022776056 ], [ 2.418665677400619, 39.589896222707431 ], [ 2.418595233977338, 39.589661046023934 ], [ 2.418529054248041, 39.589468803338285 ], [ 2.418458251791008, 39.589276537473815 ], [ 2.418440223666523, 39.589221615634855 ], [ 2.418415231004362, 39.589078451166991 ], [ 2.418405991255781, 39.588893644892131 ], [ 2.418405198057847, 39.588804241080673 ], [ 2.418395012763548, 39.588732670406699 ], [ 2.418375444197096, 39.58867774084262 ], [ 2.418352894080132, 39.588610875650041 ], [ 2.418297963303558, 39.588547425465904 ], [ 2.418264380901424, 39.588510304974037 ], [ 2.418227747189095, 39.588469593886138 ], [ 2.418174636409013, 39.588372776595556 ], [ 2.418089951691988, 39.588182824202754 ], [ 2.418047634427897, 39.58808486883273 ] ], [ [ 2.417959960091684, 39.58788417453539 ], [ 2.417985431268808, 39.587970125762183 ], [ 2.417986782404031, 39.587992780060098 ], [ 2.417969158666859, 39.58807374804767 ] ], [ [ 2.41799983898017, 39.588089397730315 ], [ 2.418003673008726, 39.588183584164049 ], [ 2.41802289211614, 39.588280232694579 ], [ 2.418037569192661, 39.588367321911889 ], [ 2.418043532242311, 39.588391191375834 ] ], [ [ 2.417930995323608, 39.587893565106533 ], [ 2.417809235419259, 39.587900106633242 ], [ 2.417776744098853, 39.587916631917409 ], [ 2.417693770521316, 39.588074752454425 ], [ 2.4176904099213, 39.588108110872788 ], [ 2.417714599631514, 39.588163064614314 ], [ 2.417750803885089, 39.588255029121861 ], [ 2.417843788227423, 39.58837350274144 ], [ 2.4179031109044, 39.588464391851986 ], [ 2.417954650826367, 39.588564777605896 ], [ 2.418013864113168, 39.588668777978562 ], [ 2.418040984780751, 39.588741626476462 ], [ 2.418049430811023, 39.588837028066884 ], [ 2.418040989725412, 39.588925193560961 ], [ 2.417967044704324, 39.589081315033013 ], [ 2.417921620519158, 39.589170486428692 ], [ 2.417854837887067, 39.5892345200375 ] ], [ [ 2.418104565591481, 39.588323553546758 ], [ 2.41810704858948, 39.58839508567921 ], [ 2.418123386062801, 39.588467879259866 ], [ 2.418153647842435, 39.588533591043458 ], [ 2.418189734396951, 39.588639858759855 ], [ 2.41821522489103, 39.58872342678427 ], [ 2.418222200306805, 39.58881047741108 ], [ 2.418221811517969, 39.588856963489917 ] ], [ [ 2.418131951046954, 39.588917305504346 ], [ 2.418147123309529, 39.589129556410192 ], [ 2.41813536173593, 39.589246313154696 ], [ 2.418118066871997, 39.589287947191636 ] ], [ [ 2.418124000110246, 39.589315392708251 ], [ 2.418086628186476, 39.589362884746244 ], [ 2.418067932225457, 39.589387823681349 ], [ 2.41805443038647, 39.589528411290836 ], [ 2.418050830542789, 39.589590377287678 ], [ 2.418070030143192, 39.589689408929054 ], [ 2.418086308031998, 39.589769354619605 ], [ 2.418082400248263, 39.589868270531937 ], [ 2.418092994199319, 39.589890972010487 ], [ 2.418112911861474, 39.58990418362157 ], [ 2.418143523218654, 39.589928176505168 ], [ 2.418184590174552, 39.589991558233002 ], [ 2.418190054912492, 39.590075025069737 ], [ 2.418190638454629, 39.590189460375271 ] ], [ [ 2.417822972644103, 39.589756115740158 ], [ 2.417782139851584, 39.589848886282788 ], [ 2.417739198723198, 39.590009591514921 ], [ 2.417727845392014, 39.590077478090365 ], [ 2.417727566010762, 39.590110852839501 ], [ 2.417731948522625, 39.590139482670914 ], [ 2.417767022193915, 39.590182570227242 ], [ 2.417792982800199, 39.59021011610713 ] ], [ [ 2.417987952150191, 39.590218959784771 ], [ 2.417895478367091, 39.590223264837974 ], [ 2.417823924722067, 39.590231488717414 ], [ 2.41776465528179, 39.590244542385548 ], [ 2.417752210254497, 39.59025878396033 ], [ 2.41774690568233, 39.590303575774414 ], [ 2.417732103068654, 39.590452263418406 ], [ 2.41773661743021, 39.590501872711911 ], [ 2.41776370318266, 39.590652676842005 ], [ 2.417816175912606, 39.590862731388142 ], [ 2.4178318304196, 39.590906674917029 ], [ 2.417867268997083, 39.590943089398316 ] ], [ [ 2.418052945388445, 39.590258383031625 ], [ 2.418034283085865, 39.59027926836778 ], [ 2.417980054589534, 39.590573658705424 ], [ 2.417927712036323, 39.590789863012176 ], [ 2.41792710557263, 39.590862333837975 ], [ 2.417916950226425, 39.590897565700551 ], [ 2.417914294557152, 39.590920438690247 ], [ 2.417927523714506, 39.590959602679085 ] ], [ [ 2.417930063645708, 39.591024316935098 ], [ 2.417937231018204, 39.59105153076225 ], [ 2.41795559234583, 39.59106664119254 ], [ 2.418104811137472, 39.591130325864057 ], [ 2.418184882407642, 39.591172208680241 ] ], [ [ 2.41796115087188, 39.589960496015195 ], [ 2.417975605127655, 39.590000619436601 ], [ 2.417976216003707, 39.590075002960859 ], [ 2.417965645889327, 39.590159820331301 ] ], [ [ 2.418049029969428, 39.589916116877028 ], [ 2.418023579414528, 39.589864495240448 ], [ 2.418008108516577, 39.589798619647205 ], [ 2.417990252155686, 39.589723196445732 ], [ 2.417992066647098, 39.589653592443405 ], [ 2.417987775555094, 39.589577282988394 ], [ 2.417987316253918, 39.589484782197502 ], [ 2.417984368926511, 39.589395128829324 ], [ 2.417994364439653, 39.589378968367143 ], [ 2.418043661526803, 39.589379215275038 ] ], [ [ 2.417864599462013, 39.589421230141085 ], [ 2.417855772117395, 39.58944502551109 ], [ 2.417860152008146, 39.589510845563325 ], [ 2.417866043260713, 39.589543297935116 ], [ 2.417842123355622, 39.589603254629949 ], [ 2.417832898107497, 39.589674728091985 ], [ 2.417846326508469, 39.589690052601611 ] ], [ [ 2.417864599462013, 39.589421230141085 ], [ 2.417879556292675, 39.589401279560647 ], [ 2.417942434530014, 39.589398733761797 ] ], [ [ 2.417940869582698, 39.589600506490122 ], [ 2.417934782042168, 39.589738747981237 ], [ 2.417945331445151, 39.5898036456366 ], [ 2.417962242962221, 39.589844734664958 ], [ 2.417991486545415, 39.589884932165042 ], [ 2.418006148236493, 39.589900263734165 ] ], [ [ 2.41787996050385, 39.589662185390132 ], [ 2.417869535149344, 39.589729838759538 ], [ 2.417886277852322, 39.589790953365096 ] ], [ [ 2.417740261076388, 39.589639632632846 ], [ 2.417718124423196, 39.589707465176275 ], [ 2.417693117129122, 39.589750251666004 ], [ 2.417677172934723, 39.589814539924632 ], [ 2.417658016518204, 39.589894307186036 ], [ 2.417652976596437, 39.589944346152464 ], [ 2.417654227857235, 39.589978920642992 ] ], [ [ 2.417740261076388, 39.589639632632846 ], [ 2.417749963929869, 39.589584848746199 ] ], [ [ 2.418221114448802, 39.589261952914363 ], [ 2.418236994834077, 39.589389575789689 ], [ 2.418237658217474, 39.589494474949689 ], [ 2.41824659189305, 39.589531472040015 ], [ 2.418267780981702, 39.589576874073707 ], [ 2.418270573199696, 39.589611455374111 ], [ 2.418261050188866, 39.589644783850034 ], [ 2.41824070391395, 39.589682825515041 ], [ 2.418217316187168, 39.589716084569957 ], [ 2.418206343372552, 39.589738678054722 ], [ 2.418208776664941, 39.589816169366983 ], [ 2.418229905994752, 39.589868723524809 ], [ 2.418264670819962, 39.589948760845878 ], [ 2.418275244904619, 39.589973846347668 ] ], [ [ 2.418394542704231, 39.589156733196866 ], [ 2.418331895209913, 39.589279195598863 ], [ 2.418320741929596, 39.589323243648565 ], [ 2.418335708633976, 39.589375766040312 ], [ 2.418380719666957, 39.58952022279059 ], [ 2.418398817578591, 39.589566801397666 ], [ 2.418396878282113, 39.589614471780401 ], [ 2.418368580840716, 39.589682273612652 ] ], [ [ 2.418333794924714, 39.589604620353121 ], [ 2.418297714436898, 39.589681918864208 ], [ 2.418277378132196, 39.589718769416592 ], [ 2.418275488591676, 39.589760479696089 ], [ 2.41828844735545, 39.589869016613235 ] ], [ [ 2.418229707442251, 39.590260889138179 ], [ 2.418266242393435, 39.590313520417439 ], [ 2.418269033471218, 39.590348101707889 ], [ 2.41824818969578, 39.590445741657433 ], [ 2.418235136605224, 39.590532691981181 ] ], [ [ 2.418366717443756, 39.590273494832815 ], [ 2.418392528823365, 39.590318919975971 ], [ 2.4183919806606, 39.590384477459409 ], [ 2.418371564463003, 39.590430863279707 ], [ 2.418338923742921, 39.590465267206127 ], [ 2.418296999099352, 39.590504393825725 ] ], [ [ 2.418398037820229, 39.590212860557401 ], [ 2.418457502280682, 39.590287061996975 ], [ 2.418484863190168, 39.590331302805126 ], [ 2.418484424735549, 39.590383748071865 ], [ 2.41845911753227, 39.590462293508402 ], [ 2.418438901840771, 39.590484839851861 ], [ 2.418375428980139, 39.590521474509785 ] ], [ [ 2.418551745948406, 39.590255349552486 ], [ 2.418595933485847, 39.590313978469418 ], [ 2.418607939990509, 39.590352182071406 ], [ 2.418576111589622, 39.590473606709168 ], [ 2.4185433812682, 39.590518738871339 ], [ 2.418518482625308, 39.590548414212172 ], [ 2.418479569618738, 39.590595899554593 ] ], [ [ 2.418763109536564, 39.590404214656438 ], [ 2.418776277170408, 39.590487719992581 ], [ 2.418772817351542, 39.59053299862957 ], [ 2.418752471089643, 39.590571040378542 ], [ 2.418689048123585, 39.590601715108939 ], [ 2.418639680423461, 39.590609812606928 ] ], [ [ 2.418836475206141, 39.590105390149425 ], [ 2.418854205104912, 39.590196070717695 ], [ 2.418867542099373, 39.59025931351092 ], [ 2.418897677062432, 39.590340519553685 ], [ 2.418937173243559, 39.590407469366724 ], [ 2.418955521847566, 39.590424248294468 ] ], [ [ 2.418928889036225, 39.590108236465255 ], [ 2.418958166559639, 39.590291949894059 ], [ 2.418980588350742, 39.590374310315724 ], [ 2.418988042769428, 39.590404147529867 ], [ 2.4190108827845, 39.590436445812777 ], [ 2.41904605696011, 39.590467612788935 ] ], [ [ 2.418999675072125, 39.590118126084711 ], [ 2.419029232702301, 39.59026846564781 ], [ 2.419057527371702, 39.590385422736574 ], [ 2.419068073112938, 39.590414083331453 ], [ 2.419109388889603, 39.590447666034223 ] ], [ [ 2.419098440696033, 39.590098356502537 ], [ 2.419092803369332, 39.590219911322627 ], [ 2.419114837085384, 39.590348757794608 ], [ 2.419143660642356, 39.59040254141663 ], [ 2.41918345685394, 39.590433732357617 ] ], [ [ 2.41927527765598, 39.590138576027954 ], [ 2.419280554634603, 39.590244690299649 ], [ 2.419297003209108, 39.590304372385702 ] ], [ [ 2.418656419299686, 39.589528754886388 ], [ 2.418690387554734, 39.589704148279047 ], [ 2.418735547766766, 39.589830726387703 ] ], [ [ 2.4188100352889, 39.589581970808048 ], [ 2.418827098946412, 39.589752512227768 ], [ 2.418857073148872, 39.589852789698895 ], [ 2.418902253674764, 39.589976983702542 ] ], [ [ 2.418610205096096, 39.5898968507056 ], [ 2.418588517537902, 39.589911046125998 ], [ 2.418605988034194, 39.590032717447428 ], [ 2.418605460004972, 39.590095890896848 ], [ 2.418594417524431, 39.590126826754314 ] ], [ [ 2.418565186000504, 39.590121913108732 ], [ 2.418448082916327, 39.590123711217799 ], [ 2.418447688290114, 39.589986629333872 ] ], [ [ 2.418302162557351, 39.589886965419659 ], [ 2.418344810161763, 39.589945586725605 ], [ 2.418362898196485, 39.589993356454343 ], [ 2.418357837673618, 39.59004577948798 ], [ 2.41834830468223, 39.590080299087248 ], [ 2.418323417241087, 39.590108783276079 ], [ 2.418267488474648, 39.590164526956407 ] ], [ [ 2.419381715066929, 39.590445450924584 ], [ 2.419389347249679, 39.590638592633169 ], [ 2.419380788218111, 39.590741061546012 ] ], [ [ 2.419497547807879, 39.59022670235796 ], [ 2.419530526087591, 39.590336531215605 ], [ 2.419539211889806, 39.590403326004193 ], [ 2.419538694648727, 39.59046530744002 ] ], [ [ 2.418436752426446, 39.590695812801194 ], [ 2.418378260205895, 39.590689559683916 ], [ 2.418368896567846, 39.590703816747691 ], [ 2.418309961361013, 39.590934769706116 ], [ 2.418311153155253, 39.590976495402948 ], [ 2.418318707026428, 39.590994413360107 ], [ 2.418340145788101, 39.591010016684294 ], [ 2.418392405791987, 39.591024582212029 ] ], [ [ 2.418384417543507, 39.590874350475779 ], [ 2.418408100455435, 39.590990092554975 ], [ 2.418420077068124, 39.591031872230936 ], [ 2.4184307510362, 39.591045037519208 ], [ 2.418493606509255, 39.591082304451959 ], [ 2.418554398932124, 39.591137758333097 ], [ 2.418625323783166, 39.591204864607775 ], [ 2.418659371448634, 39.591260344098394 ], [ 2.418678054545615, 39.591384404686693 ], [ 2.418688501273183, 39.59146169818586 ] ], [ [ 2.418425173158522, 39.591115178615297 ], [ 2.418381213558205, 39.591073397435899 ] ], [ [ 2.418618614561146, 39.590847629160216 ], [ 2.418592284749588, 39.590864185490048 ], [ 2.418585894052181, 39.590891569310671 ], [ 2.41864476036871, 39.591037288222829 ], [ 2.41868010519078, 39.591048192780768 ], [ 2.418723270630817, 39.591044832518023 ] ], [ [ 2.41887251506867, 39.590699900475336 ], [ 2.418648572469217, 39.590765531654782 ], [ 2.418620772929824, 39.590773736150958 ], [ 2.418609888574796, 39.590785602387072 ], [ 2.418603517819291, 39.590810602169718 ], [ 2.418614092161272, 39.590835686737847 ] ], [ [ 2.418463757581234, 39.590854218397375 ], [ 2.418501498863982, 39.590961395295473 ], [ 2.418523284652299, 39.591009184398104 ], [ 2.418537851038471, 39.591035958567744 ], [ 2.418587340241205, 39.591087064237897 ], [ 2.418657143271604, 39.591122577290946 ], [ 2.418731628183948, 39.591150962207152 ], [ 2.418826089918075, 39.591185406441575 ], [ 2.418894452066946, 39.591208992351099 ] ], [ [ 2.418826816822967, 39.591013667368308 ], [ 2.418811764298249, 39.591045060733123 ], [ 2.418811541206189, 39.591071759992531 ], [ 2.418821105362205, 39.59110709146632 ], [ 2.418867565074826, 39.59115214312677 ], [ 2.418910438970987, 39.591183826198041 ], [ 2.418972968313139, 39.59122323570417 ], [ 2.41903172862499, 39.591271209592584 ], [ 2.419054969957245, 39.591292305497312 ] ], [ [ 2.419082053242283, 39.591296254984655 ], [ 2.419102296862394, 39.591381226492302 ], [ 2.419152452168242, 39.591574103214228 ], [ 2.419186061322888, 39.591682027806961 ], [ 2.419203784087285, 39.591773662459971 ] ], [ [ 2.419013546527411, 39.590791936458423 ], [ 2.419024280276182, 39.590834901929476 ], [ 2.419073287707497, 39.590943856852306 ], [ 2.419149559369614, 39.591108733838048 ], [ 2.419209622414549, 39.591222035595024 ], [ 2.419262530841183, 39.59130669279422 ] ], [ [ 2.419341600483494, 39.591487218391222 ], [ 2.419328780733186, 39.591694085148482 ], [ 2.41931967495653, 39.591751255371122 ], [ 2.41930661136805, 39.591794256859345 ], [ 2.419270529619884, 39.59187155653823 ], [ 2.419259457276758, 39.591906069409482 ], [ 2.419248205782805, 39.591962036830608 ], [ 2.419249607148721, 39.59197873190481 ] ], [ [ 2.416720607877038, 39.591994860458726 ], [ 2.416874926565493, 39.592111973941002 ], [ 2.416941129037694, 39.592154264654205 ], [ 2.416978023683801, 39.592163985436237 ], [ 2.41706650693324, 39.59219494472849 ], [ 2.417125442532923, 39.592221941654763 ], [ 2.417164387096209, 39.592281259316515 ], [ 2.417232096510023, 39.592437988857348 ], [ 2.417256378035453, 39.592481976620952 ], [ 2.417272130294316, 39.592499657338067 ], [ 2.417415565089234, 39.592591921735426 ], [ 2.417442937370425, 39.592634970759953 ], [ 2.417489734833671, 39.592786827921095 ], [ 2.41744934118031, 39.592974006420789 ] ], [ [ 2.41713496904743, 39.591967617361483 ], [ 2.417024764943603, 39.591881240013002 ], [ 2.416995662683053, 39.591860830621286 ], [ 2.416943362390752, 39.591851031640573 ], [ 2.416884909309933, 39.591840010591028 ], [ 2.416843472710819, 39.591820730430008 ] ], [ [ 2.416476248720795, 39.591518504292061 ], [ 2.41660608950033, 39.591651467856451 ] ], [ [ 2.416647036083844, 39.591729153434542 ], [ 2.41670227769417, 39.591755654482192 ], [ 2.416843472710819, 39.591820730430008 ] ], [ [ 2.417133256094454, 39.591804305186457 ], [ 2.417190268364389, 39.59180339909225 ], [ 2.417222382138979, 39.591832168025022 ], [ 2.417298723327131, 39.591914798265634 ] ], [ [ 2.417283206489843, 39.591927832311178 ], [ 2.417312428682892, 39.591933939202896 ], [ 2.417365880394655, 39.591990230889316 ] ], [ [ 2.41735420497288, 39.591912692346057 ], [ 2.417422080926151, 39.591902304958985 ], [ 2.417462096833324, 39.591907273860691 ], [ 2.417563108402391, 39.591987643469878 ], [ 2.417559947144906, 39.591997164178132 ] ], [ [ 2.417479303205235, 39.592036383828287 ], [ 2.417442531407755, 39.592035911143135 ] ], [ [ 2.415815054302312, 39.59121813592462 ], [ 2.415859903064124, 39.591381427116019 ], [ 2.415888677606021, 39.591477407655901 ], [ 2.415914223236321, 39.591517587076815 ], [ 2.415943526370644, 39.591550633864223 ], [ 2.416000511611066, 39.59158954135038 ], [ 2.416050115234346, 39.591626980868142 ] ], [ [ 2.415880910941316, 39.591301429809207 ], [ 2.415911186432388, 39.59143890064184 ] ], [ [ 2.415953321831895, 39.591484885018758 ], [ 2.41623455450996, 39.591679401788255 ], [ 2.416328311478208, 39.591742810080326 ] ], [ [ 2.415899808025928, 39.591032610888057 ], [ 2.415915929260042, 39.591094198383104 ], [ 2.415911547219947, 39.591175709217353 ] ], [ [ 2.415950118330374, 39.591205941805967 ], [ 2.415962121877455, 39.591317572806091 ], [ 2.415968832124182, 39.591399139392578 ], [ 2.415972277334011, 39.591429194513978 ], [ 2.415964678320305, 39.591453473452475 ] ], [ [ 2.415953996194012, 39.590964224397702 ], [ 2.416092804238609, 39.59138688845654 ], [ 2.41611808579981, 39.591458535154956 ], [ 2.416127137821988, 39.591481466930716 ], [ 2.416149130246116, 39.591504463728469 ] ], [ [ 2.416268083761991, 39.590988688993065 ], [ 2.416205743595202, 39.591147149895221 ], [ 2.416177377352895, 39.591222817761071 ], [ 2.416169094092566, 39.591328626136303 ], [ 2.416168229662002, 39.591431610098319 ] ], [ [ 2.416410338049526, 39.591000846693674 ], [ 2.416312897443255, 39.591156270570998 ], [ 2.416296270550112, 39.59115475620402 ] ], [ [ 2.416290195712711, 39.591217662987283 ], [ 2.41625441069394, 39.591296155289974 ], [ 2.416240808922171, 39.591374759029826 ] ], [ [ 2.416098423850801, 39.59093777233646 ], [ 2.416049325041599, 39.591060539413895 ], [ 2.416021593968981, 39.591060400045933 ] ], [ [ 2.415781347153501, 39.591049180059379 ], [ 2.415808284180657, 39.591143721442549 ], [ 2.415808031897595, 39.591173758881183 ] ], [ [ 2.41564698036357, 39.590978414684024 ], [ 2.415618839373384, 39.591247187975398 ], [ 2.415607960893209, 39.591441666727142 ] ], [ [ 2.415594720060956, 39.591477360410707 ], [ 2.415636626946303, 39.591550521671202 ], [ 2.415760862770914, 39.591727084299208 ], [ 2.415808340745234, 39.591797412721142 ], [ 2.415832241360685, 39.591813267656896 ] ], [ [ 2.41577399748902, 39.591483983521293 ], [ 2.415846936847719, 39.591604503252967 ], [ 2.415905399021299, 39.591687759944399 ], [ 2.415956262278535, 39.591795295542489 ] ], [ [ 2.415530115239991, 39.591025030331984 ], [ 2.415529538328955, 39.591093686302671 ], [ 2.415508878682072, 39.591132203447664 ], [ 2.415488085632576, 39.591186453791721 ], [ 2.415432368986447, 39.591436492745757 ] ], [ [ 2.415390539859146, 39.590914187451254 ], [ 2.415389578113829, 39.591028614067937 ], [ 2.41538361066359, 39.591078648255568 ], [ 2.415368424326505, 39.591125775272239 ] ], [ [ 2.415393705047984, 39.591197422125262 ], [ 2.415370655007227, 39.59130029445798 ], [ 2.415372107554262, 39.591347505189368 ], [ 2.415395623223407, 39.591409129956588 ], [ 2.415389789152125, 39.591443430037941 ], [ 2.415395154365307, 39.591464913378282 ] ], [ [ 2.415284463830202, 39.591216897960585 ], [ 2.415269193227537, 39.591274036840176 ], [ 2.415265014837013, 39.591331231537424 ], [ 2.415290427784493, 39.591387145202312 ] ], [ [ 2.415153722473173, 39.591154732619771 ], [ 2.415184116733788, 39.591277899407487 ], [ 2.415232491948377, 39.591461234087674 ], [ 2.415255948567382, 39.591530011000394 ], [ 2.4152832578061, 39.591580212635876 ] ], [ [ 2.414012599453887, 39.591424454139137 ], [ 2.414154281566841, 39.591577743525924 ], [ 2.414315747788766, 39.591723504299523 ] ], [ [ 2.413879979914983, 39.591658369696106 ], [ 2.414002183932957, 39.591782954050764 ], [ 2.414104924958187, 39.591876924788856 ] ], [ [ 2.414282114207182, 39.591912147532042 ], [ 2.414321263760377, 39.591946674300878 ], [ 2.414330305006529, 39.592043986589353 ] ], [ [ 2.414416610305543, 39.591455098772265 ], [ 2.414526746263764, 39.591549106410397 ], [ 2.414631969055389, 39.591641181700879 ] ], [ [ 2.414132812319403, 39.591200011518119 ], [ 2.414164198309289, 39.591278364285166 ] ], [ [ 2.414314294723404, 39.591017835205939 ], [ 2.414369254716445, 39.591224089727717 ], [ 2.414425177218374, 39.591315916722749 ], [ 2.4145106000959, 39.591417427994237 ], [ 2.414581553389776, 39.591480723689045 ] ], [ [ 2.414445145520669, 39.590993700905493 ], [ 2.414449304348059, 39.591085267924733 ], [ 2.414468589951658, 39.591136859262136 ] ], [ [ 2.414578453773806, 39.591263287426933 ], [ 2.414646749056447, 39.591349455079659 ], [ 2.414683226840713, 39.591408762050015 ] ], [ [ 2.41478392241635, 39.590573917838199 ], [ 2.414726475549819, 39.590663267073069 ], [ 2.414641849434877, 39.590760107523721 ], [ 2.414579182682265, 39.590883759822191 ], [ 2.414556436537991, 39.590950396600491 ], [ 2.414558436344313, 39.591005715812209 ], [ 2.41458503654941, 39.591066879638717 ], [ 2.414623737540535, 39.591154805693336 ] ], [ [ 2.41468936611945, 39.590972045079269 ], [ 2.414710250602623, 39.591126633638623 ] ], [ [ 2.414866719181059, 39.590694487843663 ], [ 2.41484901513178, 39.590747800336786 ] ], [ [ 2.414818072281827, 39.590909756037298 ], [ 2.414807137165885, 39.591037483055366 ], [ 2.414813537167108, 39.591155761720451 ], [ 2.414827203651125, 39.591289334203758 ], [ 2.414826513725015, 39.591371340232691 ] ], [ [ 2.415013796313315, 39.590792496034048 ], [ 2.414982597186305, 39.590984964941462 ], [ 2.414980431728657, 39.59124242570482 ], [ 2.414993906066189, 39.591398883489106 ] ], [ [ 2.415071822767051, 39.591513707192753 ], [ 2.415201278065786, 39.591655491512704 ], [ 2.415309031391337, 39.591739949863715 ], [ 2.415365340264336, 39.59178600667169 ] ], [ [ 2.415260085406696, 39.590524820876411 ], [ 2.415253663764279, 39.590702158227238 ], [ 2.415242296592242, 39.590881377274165 ], [ 2.415253467635516, 39.591018751238487 ] ], [ [ 2.415032519978658, 39.590031619252301 ], [ 2.415073477777054, 39.590144350319683 ], [ 2.415104559672101, 39.590258938249505 ], [ 2.415103437110075, 39.590392436277313 ], [ 2.41509283938736, 39.590480114021084 ] ], [ [ 2.415082273716207, 39.590563976941112 ], [ 2.415069227837046, 39.590649734864925 ] ], [ [ 2.415001733511616, 39.590468212231094 ], [ 2.415001011734858, 39.590554032194454 ], [ 2.414978169864326, 39.590632111724389 ], [ 2.414955520424106, 39.590687306826794 ] ], [ [ 2.415191247805402, 39.590209787007069 ], [ 2.415197872874584, 39.590301366426424 ], [ 2.415184875294186, 39.590381403037277 ] ], [ [ 2.415586962452307, 39.590053481369161 ], [ 2.415610954885548, 39.590131796577069 ], [ 2.415632049479091, 39.590261592268355 ] ], [ [ 2.416242927546764, 39.589727191719732 ], [ 2.416234044400511, 39.589904515887639 ], [ 2.416243168117629, 39.589992292825087 ], [ 2.416252707989442, 39.590030484277314 ], [ 2.416286960080425, 39.590061171708548 ], [ 2.416446235192944, 39.590174496603446 ], [ 2.416482888740942, 39.590212824201245 ] ], [ [ 2.416268344380619, 39.589342065533756 ], [ 2.41627956525336, 39.589473718115649 ], [ 2.416303525100227, 39.589555848009532 ], [ 2.41630306100059, 39.5896111548305 ] ], [ [ 2.416325469273856, 39.58929085832326 ], [ 2.416360314110415, 39.589544690117471 ], [ 2.41635973804907, 39.589613346115854 ], [ 2.416357064753528, 39.589638126477091 ], [ 2.416347108823939, 39.589649519617716 ], [ 2.416332287525794, 39.589653259252351 ] ], [ [ 2.416401959464459, 39.589281706861875 ], [ 2.416432979191094, 39.589403922310503 ], [ 2.416442167094131, 39.589484071397415 ], [ 2.416451611014177, 39.589533705503598 ], [ 2.416430819223061, 39.589661383210746 ] ], [ [ 2.416573158991065, 39.589736478454377 ], [ 2.416614903773787, 39.590049468031253 ], [ 2.416645060504373, 39.590274668304545 ], [ 2.416647173921791, 39.590316637422085 ], [ 2.416637073990112, 39.59034519458406 ], [ 2.416634416759107, 39.590368067537874 ], [ 2.416656169093878, 39.590419670906087 ], [ 2.416667870656494, 39.590494111008063 ], [ 2.416672272302469, 39.590557070413276 ], [ 2.416646535146755, 39.590686629900496 ], [ 2.416628609689849, 39.590766642832243 ], [ 2.416590674926204, 39.590880883834416 ], [ 2.416567994687255, 39.590939893178671 ], [ 2.416548019695779, 39.590970307335716 ], [ 2.416517694517747, 39.590985651062383 ], [ 2.416405500558228, 39.591136710203671 ], [ 2.416377145370353, 39.591210948231812 ], [ 2.416367026304584, 39.59131531565653 ], [ 2.416380951831762, 39.591418374808981 ], [ 2.416373316959997, 39.591446944323323 ], [ 2.41635287255442, 39.591459714720919 ] ], [ [ 2.416955768674472, 39.590040212403359 ], [ 2.417032876807061, 39.590031063630207 ], [ 2.417108224519215, 39.590048129705558 ], [ 2.417188084386305, 39.590078330229296 ], [ 2.417258570551924, 39.590123979692706 ], [ 2.417310540092341, 39.590173112468463 ], [ 2.417321144993343, 39.590194621099947 ], [ 2.417322595793129, 39.590205356100931 ], [ 2.417317923881851, 39.590211293021362 ], [ 2.417311731279484, 39.590214838176507 ] ], [ [ 2.417228183723707, 39.590293805793436 ], [ 2.417297241419316, 39.590289383846788 ], [ 2.417321906835327, 39.590287600946013 ], [ 2.417350260466602, 39.590286788928339 ], [ 2.417363801858694, 39.590288764320512 ], [ 2.417383456817563, 39.59029649193895 ], [ 2.417389531619378, 39.590307011349552 ], [ 2.417389419799584, 39.59032036142812 ], [ 2.417385570681188, 39.590338461046194 ], [ 2.417380329758126, 39.590375624997201 ], [ 2.417370214148353, 39.59040608873525 ] ], [ [ 2.417026917504514, 39.590337615481822 ], [ 2.417144000990965, 39.590338202847057 ], [ 2.417185785346554, 39.590352716369722 ], [ 2.417210233916343, 39.590376678585777 ], [ 2.417221046378531, 39.590410108962729 ], [ 2.417220862622366, 39.590432041040494 ], [ 2.417203089700906, 39.590493935914076 ], [ 2.417156579893986, 39.590749265942812 ], [ 2.417127026305613, 39.590893111224759 ], [ 2.417117688261428, 39.590977934683899 ], [ 2.417117168852043, 39.591039916086942 ], [ 2.417128495027792, 39.59123259979274 ], [ 2.417152097280695, 39.591284212341698 ], [ 2.417179551628772, 39.591317248645097 ], [ 2.417251220354312, 39.591369102258092 ], [ 2.417420367023177, 39.591481522015748 ], [ 2.417536811879399, 39.591559157801008 ], [ 2.417644185393113, 39.591615720550131 ], [ 2.417740564693301, 39.591697258861473 ] ], [ [ 2.417280982106452, 39.590464764502983 ], [ 2.417264004469668, 39.591020150424981 ], [ 2.41727467107732, 39.591218074834622 ], [ 2.417295780147134, 39.591273012285299 ], [ 2.417323130708665, 39.591318445376295 ], [ 2.417451842524908, 39.591402531100243 ], [ 2.417612205873766, 39.591509710273982 ], [ 2.417837536050179, 39.591646727243095 ], [ 2.418013726739071, 39.591764425451125 ], [ 2.418091599517855, 39.5918482558154 ], [ 2.41812815513503, 39.591898502189295 ], [ 2.418144453520512, 39.591976063806918 ], [ 2.418151818003972, 39.592016628338527 ], [ 2.41813447258735, 39.592064221548988 ], [ 2.418121719348055, 39.592115413059922 ], [ 2.418121230729712, 39.59217381840385 ], [ 2.418123563090365, 39.592263229872785 ], [ 2.418121663389774, 39.59230613305067 ] ], [ [ 2.417363594384895, 39.590534314301678 ], [ 2.417349957182723, 39.591058724976733 ] ], [ [ 2.417506105151192, 39.590442053677357 ], [ 2.417547604589805, 39.590637749406469 ], [ 2.41755580943299, 39.590761757658861 ], [ 2.417564175156514, 39.590866695404266 ], [ 2.417609334042485, 39.590993273915842 ], [ 2.417651792120254, 39.591074542033539 ], [ 2.417734545183644, 39.591127404197763 ], [ 2.417820498286208, 39.591165979304613 ] ], [ [ 2.417025598449779, 39.589686301819299 ], [ 2.417395351067253, 39.589685772188368 ], [ 2.41750313084454, 39.589693464058023 ], [ 2.417518376477068, 39.58971261269879 ], [ 2.41752087886787, 39.589781760783218 ], [ 2.417466482620438, 39.590022271755046 ], [ 2.417452920693218, 39.590170011392964 ] ], [ [ 2.416654205321539, 39.589882308854989 ], [ 2.416696681601431, 39.589961194185982 ], [ 2.416740653897052, 39.590008618353259 ], [ 2.416810447715927, 39.590063323621472 ], [ 2.416870627128706, 39.590162323246261 ], [ 2.416914479775276, 39.590224049779692 ], [ 2.416940109473222, 39.590254217102256 ], [ 2.416980636528753, 39.590271585176566 ], [ 2.417026769003033, 39.590281828942345 ] ], [ [ 2.416972495545074, 39.590139947229588 ], [ 2.417003264245571, 39.590218773701636 ], [ 2.417050934269502, 39.590266216302972 ] ], [ [ 2.416638724630946, 39.591030124750894 ], [ 2.416570995714145, 39.591169963233313 ], [ 2.416548427346094, 39.591215622495483 ], [ 2.416531356486516, 39.591267030931128 ], [ 2.416547539484294, 39.591321467132325 ], [ 2.416640839231809, 39.591439228720333 ], [ 2.416783648517445, 39.591605871209019 ], [ 2.416829609429966, 39.591655152435067 ] ], [ [ 2.416767327714498, 39.591457564520368 ], [ 2.416814015990549, 39.591493559137604 ], [ 2.416869833542013, 39.591543306997949 ], [ 2.416928026577383, 39.591585318751299 ], [ 2.416978471260387, 39.591632655458994 ] ], [ [ 2.416857656507044, 39.591029494606545 ], [ 2.416802604514277, 39.591200866396676 ], [ 2.416790948621566, 39.591268035923733 ], [ 2.416783098047966, 39.591322352361779 ] ], [ [ 2.416922664493003, 39.591434623466789 ], [ 2.417049386885884, 39.591535386820269 ], [ 2.417163383799703, 39.591610339128081 ] ], [ [ 2.417139215814221, 39.591405671228337 ], [ 2.417190620114183, 39.591448840866711 ], [ 2.417295517849902, 39.591506583589492 ], [ 2.417361783913004, 39.591541245321743 ], [ 2.417396814187937, 39.591552864113872 ] ], [ [ 2.417156649557517, 39.5889298624557 ], [ 2.417237846059386, 39.588947434432463 ], [ 2.417223492984761, 39.589189576088323 ], [ 2.41716094411348, 39.589299879776419 ], [ 2.417073458232371, 39.589444387776886 ], [ 2.417002732193229, 39.58964810303371 ] ], [ [ 2.417195228215002, 39.58932675212057 ], [ 2.417206962147529, 39.589397377361621 ], [ 2.41730928868926, 39.589540929906683 ], [ 2.417372704255364, 39.589621349941567 ], [ 2.417389751160012, 39.589646229205577 ] ], [ [ 2.417110304686051, 39.58945982985091 ], [ 2.417134489235063, 39.589515260322365 ], [ 2.417193039118883, 39.589588026981538 ], [ 2.417236959596205, 39.589641648926467 ] ], [ [ 2.417267620936551, 39.589218405274046 ], [ 2.417325994983708, 39.589312150696031 ], [ 2.417447912498856, 39.589471058591407 ], [ 2.417543005853658, 39.589595503352101 ] ], [ [ 2.417294330893539, 39.588972510597365 ], [ 2.417450196450672, 39.589198341944957 ], [ 2.417503721231719, 39.589282526408034 ], [ 2.41750831637701, 39.589322600467113 ], [ 2.417498025302765, 39.589374043050761 ], [ 2.417507565776682, 39.58941223530946 ], [ 2.417529302506496, 39.589465745036073 ], [ 2.41755369499123, 39.589496382672991 ], [ 2.417585611040358, 39.589511800783342 ] ], [ [ 2.417407920646057, 39.588920274988126 ], [ 2.417541325997834, 39.58910546502873 ], [ 2.417564844017649, 39.589167090296087 ], [ 2.417564508680091, 39.589207139639768 ], [ 2.417553057478655, 39.589249994052039 ], [ 2.417539996565468, 39.589264232519625 ] ], [ [ 2.41771826604639, 39.589537795521345 ], [ 2.41767091862132, 39.589488686087222 ], [ 2.417644305819252, 39.589355049001753 ], [ 2.417644724939639, 39.589304986872172 ], [ 2.417656118133959, 39.589232332216135 ], [ 2.41770426361454, 39.58918608547463 ], [ 2.417719908300825, 39.589157555998462 ], [ 2.41772317914755, 39.589134924863437 ], [ 2.417714295683246, 39.589091968534333 ], [ 2.417705441000444, 39.589045436138775 ], [ 2.417661255010469, 39.588986806881877 ], [ 2.417629132372364, 39.588959230084591 ], [ 2.417617117829705, 39.588922217502777 ], [ 2.417635963502975, 39.588879400141806 ], [ 2.417671944514581, 39.58881402112624 ], [ 2.417681497624757, 39.588777116635292 ], [ 2.417677364668134, 39.588718688099256 ], [ 2.41767150150674, 39.58868289841898 ], [ 2.417645812102801, 39.588623169778025 ], [ 2.417528977406248, 39.588409217157754 ], [ 2.417422517301671, 39.588244187697192 ] ], [ [ 2.417328818080957, 39.58839510176648 ], [ 2.417443189779127, 39.58853513840495 ], [ 2.417468710449037, 39.588615130533789 ], [ 2.417481676579092, 39.588722475525692 ], [ 2.41749493220941, 39.58879525373942 ], [ 2.417519082078219, 39.588854974694357 ], [ 2.417563408753976, 39.588896916633487 ] ], [ [ 2.417743324680106, 39.588568826830937 ], [ 2.417776328196801, 39.58867508012581 ], [ 2.417777030800389, 39.588775211216294 ], [ 2.417779691880222, 39.588825288784832 ], [ 2.417795880625178, 39.588915961808326 ], [ 2.417804694289309, 39.588967261371224 ], [ 2.41783067440798, 39.588992424106358 ], [ 2.417862776025859, 39.589022384882519 ] ], [ [ 2.417769524088072, 39.589487988143709 ], [ 2.417736230863103, 39.589416301632014 ], [ 2.417725885375191, 39.589363801420852 ], [ 2.417729166208655, 39.589339978266679 ] ], [ [ 2.418762928222469, 39.589323936332164 ], [ 2.41878317887266, 39.589407954661453 ], [ 2.418787797501197, 39.589445168000815 ] ], [ [ 2.418823484509301, 39.589304213716254 ], [ 2.418853499521405, 39.589399723120131 ], [ 2.418864668363076, 39.58953805097368 ] ], [ [ 2.418998663912302, 39.589431918616405 ], [ 2.418998082495095, 39.58950152790397 ], [ 2.419018309585662, 39.589588406860145 ], [ 2.419040087350171, 39.589637149132244 ], [ 2.419072981018841, 39.589683086187144 ], [ 2.419141464685243, 39.589747319169021 ] ], [ [ 2.419309832229235, 39.589805376450109 ], [ 2.419356783192373, 39.589939114784769 ] ], [ [ 2.419119041807123, 39.589775814950031 ], [ 2.419164028739667, 39.589849467010971 ], [ 2.4191980841536, 39.589903992198295 ] ], [ [ 2.416429989818893, 39.590002051477789 ], [ 2.416461809850799, 39.590028912561046 ], [ 2.416483705941504, 39.590063351964339 ], [ 2.416498223358754, 39.59009584681862 ] ], [ [ 2.416471940347663, 39.589702832813366 ], [ 2.416493740353969, 39.58974871488229 ], [ 2.416533035492359, 39.590059785595081 ], [ 2.416558406509371, 39.590267797137791 ] ], [ [ 2.416783384831439, 39.590188823640609 ], [ 2.416839549546024, 39.590252043743384 ], [ 2.416873242426912, 39.590349479587765 ] ], [ [ 2.416807149057848, 39.589706423204746 ], [ 2.41681843379646, 39.589830446983576 ], [ 2.416819923726638, 39.58994679343526 ], [ 2.416819412063094, 39.590007821590824 ] ], [ [ 2.416690641764966, 39.589490325159865 ], [ 2.416697172805252, 39.589593346285135 ], [ 2.41668797097628, 39.58980881332333 ] ], [ [ 2.416930090345857, 39.589743276219785 ], [ 2.416893870528005, 39.589947164543972 ], [ 2.416893598739043, 39.589979586033671 ], [ 2.41689824037071, 39.590013938770667 ], [ 2.416919977969676, 39.590067449510514 ] ], [ [ 2.416920576522824, 39.589113854375135 ], [ 2.416894792427918, 39.589249136191881 ], [ 2.416862799846522, 39.589536961862812 ] ], [ [ 2.417008157032983, 39.588957903806076 ], [ 2.41702987724669, 39.589013321939227 ], [ 2.41702887031351, 39.589133469961169 ], [ 2.417015027938722, 39.589314584314486 ], [ 2.416989531674189, 39.589415537243433 ], [ 2.41696946139502, 39.589457395054374 ] ], [ [ 2.416774522384895, 39.588893794040906 ], [ 2.416809587210705, 39.588901121553569 ], [ 2.416822491145818, 39.588905477949062 ], [ 2.416827905753782, 39.588921239004968 ], [ 2.416825684790694, 39.588965570515356 ], [ 2.416783935315666, 39.589094096410605 ], [ 2.416748187949805, 39.589168298356135 ], [ 2.416693880871645, 39.589250988582847 ], [ 2.416579361038889, 39.589459251112466 ], [ 2.416526806788326, 39.589553393205641 ], [ 2.416513614790204, 39.589583365678259 ] ], [ [ 2.416549743884455, 39.588802550342784 ], [ 2.416615239277157, 39.588928754742064 ], [ 2.41664392992048, 39.589034747920557 ], [ 2.416655851445805, 39.589156391686764 ], [ 2.4166588530358, 39.589239369589464 ] ], [ [ 2.416377183794834, 39.588877495076467 ], [ 2.416482929184446, 39.589053965034019 ], [ 2.416501067703416, 39.589095537087317 ] ], [ [ 2.416569660184104, 39.589072995213421 ], [ 2.41658920294828, 39.589167500222096 ], [ 2.41659214448101, 39.58925762934247 ] ], [ [ 2.41605934955993, 39.588860163479204 ], [ 2.41614125322735, 39.589013627629797 ], [ 2.416131878517823, 39.58902931530541 ], [ 2.416059600660741, 39.589050407556094 ], [ 2.416059480588397, 39.589064710889595 ], [ 2.416112395549508, 39.589147940532378 ], [ 2.416126068028026, 39.589170895534124 ] ], [ [ 2.415851269659346, 39.588831427884628 ], [ 2.415901837899044, 39.588863866175053 ], [ 2.415904779039507, 39.588880569036519 ], [ 2.415943741097162, 39.589010692386658 ] ], [ [ 2.415981486224926, 39.588735530183222 ], [ 2.415889773818554, 39.588649245566245 ], [ 2.415863645550523, 39.588641962701459 ], [ 2.415812817225012, 39.588640515101559 ] ], [ [ 2.416026381094658, 39.588709532084295 ], [ 2.415930458287522, 39.588574354175194 ], [ 2.415890794708527, 39.588527667675677 ], [ 2.415829564801926, 39.58848087184117 ], [ 2.415664108037995, 39.588370375781146 ], [ 2.415563175153688, 39.588281660394792 ], [ 2.415504965658636, 39.588242031999748 ] ], [ [ 2.415314211267741, 39.588208888229069 ], [ 2.415349212351405, 39.58826031974715 ], [ 2.415399738707125, 39.588297526326826 ], [ 2.415447315262381, 39.588319221135606 ], [ 2.415491849501004, 39.5883361332424 ], [ 2.415534684067303, 39.588372109001142 ], [ 2.415553040156114, 39.588387697337595 ], [ 2.415557331544345, 39.588427054527166 ] ], [ [ 2.415314211267741, 39.588208888229069 ], [ 2.415254832082858, 39.588125149936758 ], [ 2.415189190392113, 39.588053298992904 ], [ 2.415129501980051, 39.588006511446928 ], [ 2.415065330977348, 39.587943012324864 ] ], [ [ 2.415430842011664, 39.588067388941212 ], [ 2.415469334984679, 39.588069966725385 ], [ 2.415524633343431, 39.588089316207046 ], [ 2.415593655897526, 39.588125423667762 ], [ 2.415614942963651, 39.588158906884935 ], [ 2.415620644817926, 39.588213767176079 ], [ 2.415647953048455, 39.588263968746759 ], [ 2.41568914692136, 39.588311855095718 ], [ 2.415748887180878, 39.588352684066209 ], [ 2.415825593202432, 39.588391213260081 ], [ 2.41586389620007, 39.588416437485847 ], [ 2.415935530126583, 39.588508581553377 ], [ 2.4159537762581, 39.588537281141988 ], [ 2.415979805582678, 39.58855648418858 ], [ 2.416010445624218, 39.588576902471992 ], [ 2.416031843104101, 39.588597273396786 ], [ 2.416050159337451, 39.588617629733889 ], [ 2.416079088710488, 39.588658302788616 ], [ 2.416088112352858, 39.588684571870203 ] ], [ [ 2.415610466765914, 39.588654993609289 ], [ 2.415673488237106, 39.588782138490643 ], [ 2.415709732137194, 39.588869098566505 ] ], [ [ 2.415460182826773, 39.588645655330183 ], [ 2.415511311643403, 39.588721246296856 ], [ 2.415522155085491, 39.588750862911709 ] ], [ [ 2.415589634828843, 39.588787438358587 ], [ 2.415607540416863, 39.588856664860373 ], [ 2.415614943167842, 39.588892461483226 ] ], [ [ 2.415148924060132, 39.588615957877415 ], [ 2.415277887603744, 39.588669054381846 ], [ 2.415323723370667, 39.588714580976884 ], [ 2.415368168837147, 39.588742220411575 ] ], [ [ 2.416130119932676, 39.588611022392648 ], [ 2.416113812967337, 39.588571604847729 ], [ 2.416037874304058, 39.588478247186693 ], [ 2.416022335930499, 39.588457428160275 ], [ 2.415939645381008, 39.588397651431833 ], [ 2.415898327187395, 39.588364544232221 ], [ 2.415809233019377, 39.588296868279691 ] ], [ [ 2.416326483272058, 39.588759339925097 ], [ 2.416326173233108, 39.588796289831471 ], [ 2.416310258014035, 39.588857001846435 ] ], [ [ 2.416244534711823, 39.588978255600757 ], [ 2.41632380288669, 39.589078781363355 ], [ 2.416342129332934, 39.589097945634755 ], [ 2.416369788458346, 39.589106428150835 ], [ 2.41640846733892, 39.589115097557908 ], [ 2.416463914769943, 39.589116806869313 ], [ 2.416493421145494, 39.58912553740717 ], [ 2.41650058776829, 39.589152751326218 ], [ 2.416524429234734, 39.589396037969443 ], [ 2.416527946575272, 39.589417511986454 ] ], [ [ 2.416244534711823, 39.588978255600757 ], [ 2.416201949487461, 39.58891248231501 ] ], [ [ 2.416112488733842, 39.588741576731067 ], [ 2.416182532675715, 39.588839672101507 ], [ 2.416199298381058, 39.588861212693963 ] ], [ [ 2.416118671584377, 39.588249710002096 ], [ 2.416166067096007, 39.588292859966273 ], [ 2.416259548885412, 39.588351738352522 ], [ 2.41638348209227, 39.588453680527849 ], [ 2.416490818738111, 39.588513819483097 ], [ 2.416578189760738, 39.588566705674715 ], [ 2.416654626597806, 39.58863741705634 ], [ 2.416741746872599, 39.588720102712891 ], [ 2.416792084440633, 39.588779955265451 ], [ 2.416813312328371, 39.588820589482573 ] ], [ [ 2.41633056348484, 39.588150646967911 ], [ 2.416437209664951, 39.5882930308318 ], [ 2.416536414281854, 39.588404384310884 ], [ 2.416606668414665, 39.588477448820043 ], [ 2.416660186895236, 39.588525397603327 ], [ 2.416710615368758, 39.588574522920503 ], [ 2.416732013054554, 39.588594893717875 ], [ 2.416747294745884, 39.588613299289058 ], [ 2.41682391812992, 39.588735267799613 ], [ 2.416855009814366, 39.588775474866011 ], [ 2.416876881733089, 39.588812774868387 ], [ 2.416887529934566, 39.588865753325237 ], [ 2.416883424984518, 39.588914366113613 ], [ 2.416877290942657, 39.58898442507553 ], [ 2.416856380876171, 39.589052979038506 ], [ 2.416839298806633, 39.589105817427075 ], [ 2.416801786209495, 39.589169997323445 ], [ 2.416709691737749, 39.589349764664234 ] ], [ [ 2.41633056348484, 39.588150646967911 ], [ 2.416284967464902, 39.588076514090581 ], [ 2.41625754881282, 39.588039424882879 ] ], [ [ 2.416118671584377, 39.588249710002096 ], [ 2.416086911253663, 39.588179222780639 ], [ 2.416082639590993, 39.588137481567365 ] ], [ [ 2.416762801670692, 39.588413864437747 ], [ 2.416683393671258, 39.58833002634065 ], [ 2.416585729539165, 39.588218680719919 ] ], [ [ 2.416378397907346, 39.587774216519279 ], [ 2.416428535667845, 39.587857907832905 ], [ 2.416478852351779, 39.587920144563171 ], [ 2.416535131625057, 39.588006250810523 ], [ 2.416603715956775, 39.588094802950529 ], [ 2.416652422385712, 39.588165375108467 ], [ 2.41668424325164, 39.588228710961616 ] ], [ [ 2.416093383215379, 39.587591600799783 ], [ 2.416134587001709, 39.587638295876822 ], [ 2.416167958933491, 39.587700447598969 ], [ 2.416189114948853, 39.587749425164539 ], [ 2.416196477865754, 39.587789990738827 ], [ 2.416202210163723, 39.587841274948609 ], [ 2.416201890065062, 39.587879416879822 ], [ 2.416204549984156, 39.587929494483539 ], [ 2.416207491160659, 39.58794619734023 ] ], [ [ 2.416242013595816, 39.587871274870409 ], [ 2.416290779508445, 39.587934695960882 ], [ 2.416293580681836, 39.587968086191999 ], [ 2.416302463132463, 39.588011042630512 ] ], [ [ 2.417959960091684, 39.58788417453539 ], [ 2.417919836796461, 39.587781948382897 ], [ 2.417885775430691, 39.587728376071844 ], [ 2.41781980000278, 39.587659386621176 ], [ 2.41776845395236, 39.587609541757452 ], [ 2.417680279509727, 39.58754234848525 ], [ 2.417592089275756, 39.587477061658134 ], [ 2.417560253988678, 39.587452108290499 ], [ 2.417545592898416, 39.587436777564172 ], [ 2.417526049335438, 39.587415700784817 ], [ 2.417518814613071, 39.587396592296166 ], [ 2.417511963147423, 39.587331713114516 ], [ 2.417507592844583, 39.587264939778052 ], [ 2.417488737200526, 39.587161855970663 ], [ 2.417486719156571, 39.587108445070129 ], [ 2.417472217862178, 39.587074042010272 ], [ 2.417460341449115, 39.587020581686119 ], [ 2.417442262774166, 39.586971857645942 ], [ 2.41740940738762, 39.586921628672215 ], [ 2.41737841202984, 39.586869979071281 ], [ 2.417328811045365, 39.586832540109697 ], [ 2.417264338720738, 39.586805038857889 ], [ 2.417175858207319, 39.586774557266374 ], [ 2.417102010653232, 39.586762743688311 ], [ 2.417055783451862, 39.586763941729856 ], [ 2.416931699860166, 39.586790497106342 ] ], [ [ 2.417024440817189, 39.58675377217714 ], [ 2.416950569336163, 39.586744819171429 ], [ 2.416884164156857, 39.586727320319959 ], [ 2.416832559662387, 39.58670846666886 ], [ 2.416769995606994, 39.586673823198872 ], [ 2.416722232267161, 39.586637823145523 ], [ 2.416683675316109, 39.586606160922102 ], [ 2.416643354357455, 39.58656447752012 ], [ 2.416601209447847, 39.586519923256823 ], [ 2.416546339896288, 39.586449557988068 ], [ 2.416524276938115, 39.58643514326107 ], [ 2.416489369351609, 39.586409220874593 ], [ 2.416445315482649, 39.586371809390258 ], [ 2.416416098247104, 39.586328750826041 ], [ 2.416403457619862, 39.586292927931751 ], [ 2.416401861612404, 39.58626288118333 ], [ 2.416383759872518, 39.586217017647307 ], [ 2.416341626170066, 39.586171033400468 ], [ 2.416297716543598, 39.586116457850665 ], [ 2.416275797760643, 39.586084879067101 ], [ 2.416235453349317, 39.586046055291177 ], [ 2.416182301643035, 39.585991433266152 ], [ 2.41605206147896, 39.585870625697567 ], [ 2.415991562682255, 39.585810244183186 ], [ 2.415943968443996, 39.585754220034978 ], [ 2.415901812457087, 39.585711096303356 ], [ 2.415856294524857, 39.585627904609133 ] ], [ [ 2.417696634948951, 39.587914667197523 ], [ 2.417507880874775, 39.587716326760457 ], [ 2.417495251421388, 39.587679073202963 ], [ 2.417493918414776, 39.587617559123473 ], [ 2.417475683862693, 39.587587428984676 ], [ 2.417448181746797, 39.587560114070357 ], [ 2.417427954299738, 39.587547138662181 ] ], [ [ 2.417455723855812, 39.587100993997794 ], [ 2.417391709670338, 39.587239421744833 ], [ 2.417378481396006, 39.587273684879548 ], [ 2.417328054640103, 39.587334939428565 ], [ 2.417320552415608, 39.587347774905837 ], [ 2.417299198829547, 39.587469251779751 ], [ 2.41735807862807, 39.587502446545223 ] ], [ [ 2.417480945431281, 39.587179792572641 ], [ 2.41745857062814, 39.587202566710182 ], [ 2.417445451356236, 39.587223957301994 ], [ 2.417430469756571, 39.587246768499 ], [ 2.417420796121148, 39.587298214190241 ], [ 2.417412886642915, 39.587359681033853 ], [ 2.417403223788438, 39.587409696832935 ], [ 2.417402600884191, 39.58748407420569 ], [ 2.417456294846048, 39.58747433109626 ] ], [ [ 2.417386878818807, 39.586933292255182 ], [ 2.417364998384412, 39.587117703855263 ], [ 2.417353271880209, 39.587193456400705 ], [ 2.417339517634061, 39.58729065423848 ] ], [ [ 2.416958915843651, 39.586822435726233 ], [ 2.417082472124003, 39.586858815925325 ], [ 2.417180016476077, 39.586910799414241 ], [ 2.417233313451444, 39.586948256975177 ], [ 2.417279241245355, 39.586982816767879 ], [ 2.417295650344156, 39.587010076997409 ], [ 2.417297235938311, 39.587041553622186 ], [ 2.417260901942544, 39.587185840778538 ], [ 2.417196360032805, 39.587387203111483 ] ], [ [ 2.416764465861621, 39.586862941773745 ], [ 2.416858312799588, 39.586914906973725 ], [ 2.416929964803165, 39.586968190672472 ], [ 2.417019801998478, 39.587057326772367 ], [ 2.417032431087823, 39.587094580382839 ], [ 2.417057004940038, 39.587250617085409 ], [ 2.417039731700575, 39.587326340868721 ], [ 2.417046850415986, 39.58735927609878 ], [ 2.417072443178125, 39.58739373395121 ], [ 2.417132884361533, 39.587461266123057 ], [ 2.417174911512535, 39.587520122638047 ], [ 2.417200132915286, 39.587598921266959 ], [ 2.417214142885963, 39.587691967600563 ], [ 2.417211862306707, 39.587743450349159 ] ], [ [ 2.416789206915696, 39.586998953857552 ], [ 2.416851339627636, 39.587085089343169 ], [ 2.416887964983995, 39.587126754124903 ], [ 2.416898900691784, 39.58714540457747 ], [ 2.416902178268209, 39.587195484371037 ], [ 2.416909105081912, 39.587251304953966 ], [ 2.416939463702404, 39.58737876282202 ], [ 2.416942969092292, 39.587401666717589 ] ], [ [ 2.417005989394068, 39.587381957403565 ], [ 2.417077931870468, 39.587621194601681 ], [ 2.417119144090728, 39.587777314744883 ], [ 2.417126382742522, 39.587795945727812 ], [ 2.417212704930222, 39.587863607675942 ] ], [ [ 2.417230939446362, 39.587893736953241 ], [ 2.417294801708091, 39.587994185707096 ], [ 2.417316529851697, 39.588048649638687 ], [ 2.417331127119027, 39.588071609140783 ], [ 2.417349385700708, 39.588098877731376 ], [ 2.417367776072151, 39.588110413096523 ], [ 2.41737880789823, 39.588117620831497 ], [ 2.417421326777282, 39.588117834015009 ] ], [ [ 2.41748168890819, 39.587753385705646 ], [ 2.417460191742272, 39.587892025708854 ], [ 2.417429008751857, 39.588083543073822 ], [ 2.41744912855335, 39.588109391036724 ], [ 2.417470928720007, 39.588155272935943 ], [ 2.417491167167323, 39.588166817546373 ] ], [ [ 2.417487121876881, 39.586883731474082 ], [ 2.417521515099037, 39.58697115748528 ], [ 2.417545031238448, 39.587032782767949 ], [ 2.417572185899584, 39.587101577803587 ], [ 2.41758618430521, 39.587196053986901 ], [ 2.417592908090552, 39.587276190664731 ], [ 2.417592500941796, 39.58732482202673 ], [ 2.417599607948107, 39.587359187108511 ], [ 2.41761233203387, 39.587384997977587 ], [ 2.417634251829043, 39.587416576509483 ], [ 2.41768376957621, 39.587464028130803 ], [ 2.417749864403647, 39.587518714317078 ], [ 2.417815923427238, 39.587577691018012 ] ], [ [ 2.417479807828321, 39.586653400871896 ], [ 2.417534175498726, 39.586783839745934 ], [ 2.417612119434116, 39.586968750840299 ], [ 2.417646357184362, 39.5870747725114 ], [ 2.417678901520184, 39.587162189207781 ], [ 2.417737194614504, 39.587265470609758 ], [ 2.417779078509514, 39.587341490921631 ] ], [ [ 2.417698603311043, 39.586796107004446 ], [ 2.417784685422645, 39.586892374319611 ] ], [ [ 2.417832509343972, 39.58692122181786 ], [ 2.41783699038046, 39.587048549810092 ], [ 2.417840340440021, 39.587090048478238 ], [ 2.417841601937482, 39.587160143666168 ] ], [ [ 2.417743537593378, 39.586949383912803 ], [ 2.417769986114745, 39.587102569077267 ], [ 2.417787693951149, 39.587195633879787 ], [ 2.417814500604915, 39.58730590899652 ] ], [ [ 2.41755534765723, 39.58668381736841 ], [ 2.417633867445588, 39.586800073311743 ], [ 2.41767202865756, 39.586878936699549 ] ], [ [ 2.418399615274719, 39.588336937005771 ], [ 2.418381963557683, 39.588384527851453 ], [ 2.418381309782013, 39.588462720049549 ], [ 2.418410696541315, 39.588485753442136 ], [ 2.418454808601583, 39.588516489593239 ], [ 2.418484275127347, 39.588529986806073 ] ], [ [ 2.41850682105617, 39.587896911283472 ], [ 2.418552473445442, 39.588038271649303 ], [ 2.418571650864109, 39.588103212441119 ] ], [ [ 2.418715891126545, 39.58765574274139 ], [ 2.418762748968077, 39.587947778442611 ], [ 2.418791083984479, 39.58809668115844 ], [ 2.418842000941382, 39.588198017608143 ], [ 2.418873789234589, 39.588228691964368 ] ], [ [ 2.418885714725744, 39.588276430805394 ], [ 2.418912207371089, 39.588350944683739 ], [ 2.41894867017808, 39.588412156866539 ], [ 2.419007221049072, 39.588484923533471 ] ], [ [ 2.418612118041831, 39.588275062205966 ], [ 2.418623485484863, 39.588389551502161 ], [ 2.41864746485283, 39.588469773538868 ] ], [ [ 2.418646683868667, 39.588563222336575 ], [ 2.418670264872222, 39.588691122470834 ], [ 2.418706201721516, 39.58881526942583 ] ], [ [ 2.418769815363024, 39.588577188058338 ], [ 2.418790772011099, 39.588724147260201 ], [ 2.418795255157196, 39.588777571357006 ], [ 2.418791929448111, 39.588880543081594 ] ], [ [ 2.418820992059577, 39.588352395085288 ], [ 2.418827765171484, 39.588426809449174 ] ], [ [ 2.418861314708487, 39.587656470134093 ], [ 2.418885118858163, 39.58775767097044 ], [ 2.418928959860483, 39.587820827555959 ] ], [ [ 2.418768039286683, 39.587314615583381 ], [ 2.418793894106936, 39.587465413400551 ], [ 2.418825202894958, 39.587553301142719 ] ], [ [ 2.41877520045289, 39.587047643870271 ], [ 2.418798684448069, 39.587186986679953 ], [ 2.418812883698927, 39.587257624118607 ] ], [ [ 2.418539252348753, 39.587555685573989 ], [ 2.418550780148841, 39.587651102569801 ], [ 2.418560065936997, 39.587719807954045 ] ], [ [ 2.418251724039414, 39.587746872528122 ], [ 2.418275765388498, 39.587819466791309 ], [ 2.418295229548765, 39.587850079607726 ] ], [ [ 2.418313654411469, 39.587415331121136 ], [ 2.41834753938977, 39.587489881241552 ], [ 2.418373951451186, 39.587573929606933 ], [ 2.418383172107581, 39.587650263748948 ] ], [ [ 2.418585373433978, 39.587346124605141 ], [ 2.418621229768438, 39.587479807772105 ], [ 2.418630482566861, 39.587552327071968 ] ], [ [ 2.418172841554854, 39.587452769675743 ], [ 2.418179486294348, 39.58754244068168 ], [ 2.418186402198427, 39.587599691977694 ] ], [ [ 2.418403206733756, 39.587022896259008 ], [ 2.418389097364758, 39.587236431483745 ], [ 2.418400942626097, 39.587293707443195 ] ], [ [ 2.418519291778675, 39.586994869341964 ], [ 2.418559933553403, 39.58714574121371 ], [ 2.418586122590567, 39.58725648971366 ] ], [ [ 2.418699800414699, 39.586631498133926 ], [ 2.418767523892563, 39.586786319503965 ], [ 2.418805845477542, 39.586920014958167 ], [ 2.418846503760343, 39.587068980223805 ] ], [ [ 2.418314959226289, 39.586669623325214 ], [ 2.418404322829476, 39.58688939807508 ], [ 2.418416217051316, 39.586940951802973 ], [ 2.418420907075008, 39.586969584064242 ] ], [ [ 2.418419230409764, 39.586580507504245 ], [ 2.418543754356107, 39.58672226263122 ], [ 2.418599360067381, 39.586852230557277 ], [ 2.418632799986682, 39.586980180063598 ], [ 2.418639509027883, 39.587062223204519 ], [ 2.418639301841556, 39.587087015068498 ] ], [ [ 2.41796772872429, 39.586631647635684 ], [ 2.418037324259775, 39.586857046126404 ], [ 2.418068409644707, 39.586971633353194 ] ], [ [ 2.418203335411187, 39.58704859698809 ], [ 2.418202713370349, 39.587122974376051 ], [ 2.418199386893516, 39.58722594610709 ], [ 2.418199131691703, 39.587256460206781 ] ], [ [ 2.41854725446378, 39.586598312931386 ], [ 2.418617793381687, 39.586711189941326 ] ], [ [ 2.417556078371392, 39.586633399968107 ], [ 2.417377219453871, 39.586504721109662 ], [ 2.41735766023307, 39.586485550812668 ] ], [ [ 2.417352970670169, 39.58645691941058 ], [ 2.417189140830614, 39.58629970773017 ], [ 2.417152409038098, 39.586270915603521 ] ], [ [ 2.417728501362595, 39.586647614751918 ], [ 2.417867397768402, 39.586839030222492 ] ], [ [ 2.417792920356599, 39.586607885592969 ], [ 2.417878023307839, 39.586747537315333 ] ], [ [ 2.417402937641311, 39.586377067857946 ], [ 2.41732966434191, 39.586296598371646 ], [ 2.417187985804449, 39.586143311844502 ], [ 2.417073388986331, 39.585993975989275 ], [ 2.416973739811768, 39.585825642791008 ] ], [ [ 2.416842261314456, 39.585926063941564 ], [ 2.416978672721207, 39.586119375510755 ], [ 2.417085892388002, 39.586266767857097 ] ], [ [ 2.417051322174682, 39.586274222600103 ], [ 2.417190583446475, 39.586421775588811 ], [ 2.41724202407556, 39.586460177133205 ] ], [ [ 2.416778835484132, 39.586141258983382 ], [ 2.416829907974394, 39.586223524893136 ], [ 2.416861630542797, 39.5862618276457 ], [ 2.416871170260854, 39.586300019971354 ] ], [ [ 2.416610574347925, 39.585924900970063 ], [ 2.416671409938719, 39.586018659123447 ], [ 2.41674223185742, 39.586097210129729 ] ], [ [ 2.416740632922302, 39.586287921661068 ], [ 2.416737768030726, 39.586335587394359 ], [ 2.416735016229064, 39.586369903046958 ], [ 2.416747131818317, 39.586394756762679 ], [ 2.416778982322705, 39.586417802939302 ], [ 2.416813376775982, 39.586431326212782 ], [ 2.416850332319056, 39.586433419174057 ], [ 2.416874980396121, 39.586433542868576 ] ], [ [ 2.416345741238275, 39.586055168243995 ], [ 2.416465058919829, 39.586229322322822 ], [ 2.416577222800951, 39.586374832469772 ], [ 2.416645549002917, 39.586457184183679 ], [ 2.416728566890184, 39.586551053659406 ], [ 2.416789754921989, 39.586602854977748 ], [ 2.41685849723375, 39.58663562285119 ], [ 2.416907600546602, 39.586658755573374 ], [ 2.416954287842161, 39.586676154574803 ], [ 2.417124133790199, 39.586703707070946 ], [ 2.417257073242835, 39.58672344606827 ], [ 2.417338299146403, 39.586737204038407 ] ], [ [ 2.416527030242845, 39.586187674979975 ], [ 2.416690250664924, 39.586417357548399 ], [ 2.416756063908453, 39.586505419060693 ], [ 2.416810097416122, 39.586528576570551 ], [ 2.416851758358761, 39.586557393541298 ] ], [ [ 2.416568065034183, 39.585997161461663 ], [ 2.416587064131203, 39.586083080520908 ], [ 2.416593802676509, 39.586161308949002 ], [ 2.416603021209604, 39.586237643235009 ] ], [ [ 2.416411232337847, 39.585887663927494 ], [ 2.416440266587435, 39.585952653691322 ], [ 2.416456847198667, 39.586032839048528 ], [ 2.416480807284634, 39.586114968953034 ] ], [ [ 2.41576140475141, 39.585487701209544 ], [ 2.415804969244182, 39.585583280474857 ], [ 2.415816716031318, 39.585651998468272 ], [ 2.415877166006426, 39.585791527723742 ], [ 2.41593038208551, 39.585911948358188 ], [ 2.416023177719457, 39.586015403152231 ], [ 2.416086365684456, 39.586122524079173 ], [ 2.416078363130334, 39.586194956881315 ], [ 2.41604732924383, 39.586368355744028 ], [ 2.416044079667588, 39.586461792143837 ], [ 2.416050977712772, 39.586520950075098 ], [ 2.416079050246102, 39.586700367532721 ], [ 2.416083019651658, 39.586719562421628 ] ], [ [ 2.416219270550238, 39.586146078173499 ], [ 2.416293038178952, 39.586461135518149 ], [ 2.416318854160977, 39.586615748685148 ], [ 2.416347983449782, 39.586669296688584 ], [ 2.416384539123666, 39.586719066998533 ], [ 2.416440925850734, 39.586755587145376 ], [ 2.416497391459457, 39.586782571098404 ], [ 2.416561331428977, 39.586800056891747 ], [ 2.416630265737988, 39.58680993955506 ], [ 2.416704161230375, 39.58681603209638 ], [ 2.416770758321691, 39.58681064480438 ], [ 2.416874392245184, 39.586797814273524 ], [ 2.416931699860166, 39.586790497106342 ] ], [ [ 2.415219649285643, 39.586379928127933 ], [ 2.415330323347618, 39.586409092935682 ], [ 2.415363994496341, 39.58643548609637 ], [ 2.415577718744033, 39.586667808441355 ], [ 2.415712100527263, 39.586809140420435 ], [ 2.415779202120402, 39.586890533182732 ] ], [ [ 2.415024160017125, 39.586397538826546 ], [ 2.415134609548561, 39.586453403984237 ], [ 2.415208167858045, 39.586499546818906 ] ], [ [ 2.415008745975131, 39.586471841730145 ], [ 2.415146244738215, 39.586535472119159 ], [ 2.415234832244792, 39.586553082695282 ], [ 2.415338144328496, 39.586578395461061 ], [ 2.415438815042909, 39.586624674563659 ], [ 2.415485293626275, 39.586666866905311 ], [ 2.41555624419414, 39.586730161132166 ] ], [ [ 2.415015675211126, 39.5865271857934 ], [ 2.415192385254544, 39.586617713014505 ], [ 2.415298034335958, 39.58665829661782 ], [ 2.415374106217393, 39.586698730417652 ] ], [ [ 2.413838634173236, 39.585510439830465 ], [ 2.413840504760257, 39.585581015692703 ], [ 2.413864622283046, 39.585644074703637 ], [ 2.413879105435982, 39.585680384717591 ], [ 2.413935360307809, 39.585732162656655 ], [ 2.414052880883115, 39.585826208057753 ], [ 2.41412387747168, 39.585883781817827 ], [ 2.414175332051411, 39.585920278197115 ], [ 2.414219360318538, 39.585960551201126 ], [ 2.414263324405422, 39.586008452934998 ], [ 2.414297221585087, 39.586081096811405 ], [ 2.414418195482879, 39.586350621547389 ], [ 2.414468880076941, 39.586478659147083 ], [ 2.414488053263051, 39.586543600598915 ], [ 2.414519925990118, 39.586563786716155 ], [ 2.414624850280931, 39.586617239475352 ], [ 2.414720531232511, 39.58667064648359 ], [ 2.414838154708999, 39.58675277179843 ], [ 2.414913610420926, 39.586793202795782 ], [ 2.414933848044847, 39.586804747848255 ], [ 2.414983567992231, 39.586827884486453 ], [ 2.415112488020812, 39.586885749244452 ], [ 2.415263472278808, 39.586958028834886 ], [ 2.415331581018635, 39.586992701012115 ], [ 2.41548823111661, 39.587050704876916 ], [ 2.415689103570825, 39.587126095642972 ], [ 2.41577017745824, 39.587157972870934 ] ], [ [ 2.414598101498632, 39.586280961618655 ], [ 2.414803408951592, 39.586487973435858 ], [ 2.414938952647699, 39.58663741697697 ], [ 2.414993689568439, 39.58672351621717 ], [ 2.415056180610496, 39.586766742639043 ], [ 2.415148116828984, 39.586825852020866 ] ], [ [ 2.414870017896657, 39.586481156447554 ], [ 2.414979983456152, 39.586594711732239 ], [ 2.415062459418444, 39.586679519748643 ], [ 2.415189374920733, 39.586755969906989 ], [ 2.415294239907608, 39.586816574184894 ], [ 2.41538798834519, 39.586879983228059 ] ], [ [ 2.414858353704223, 39.586329475917061 ], [ 2.414970287294607, 39.586428736279778 ] ], [ [ 2.414416072727746, 39.58550476887185 ], [ 2.414617908936591, 39.58568458559941 ], [ 2.414810720533139, 39.585838609425572 ], [ 2.414897109056235, 39.585897691073292 ], [ 2.414962093579258, 39.586083969543829 ], [ 2.415005486102353, 39.58620005040035 ], [ 2.41517089544847, 39.586315314566342 ], [ 2.415226252445901, 39.586327512966392 ], [ 2.415411129815113, 39.586326059074963 ], [ 2.415549753371085, 39.586329140536208 ], [ 2.41560202929017, 39.58634132416141 ], [ 2.415632499210156, 39.586382005088133 ], [ 2.415698417798424, 39.586604048142064 ], [ 2.415694956201513, 39.586649326704226 ] ], [ [ 2.414611086905543, 39.585836173942162 ], [ 2.414745117873647, 39.585945559058487 ], [ 2.414862415342675, 39.58606630291164 ], [ 2.414900826803565, 39.586115129739419 ], [ 2.41490998484806, 39.586125189063551 ] ], [ [ 2.414620739500484, 39.585787588258256 ], [ 2.414523294951187, 39.585724159966382 ], [ 2.41448101948678, 39.58569533906357 ] ], [ [ 2.414279574445861, 39.585688602250151 ], [ 2.414364018027396, 39.585759117645829 ] ], [ [ 2.414554980116838, 39.585913132572244 ], [ 2.414734539955175, 39.586104280006474 ], [ 2.414782205642901, 39.58615172263881 ] ], [ [ 2.41415670251497, 39.585790971230637 ], [ 2.414362838035841, 39.585899290349936 ], [ 2.414515221958122, 39.586024503014222 ], [ 2.414619771166034, 39.58612229656633 ] ], [ [ 2.413937296253086, 39.585502355114862 ], [ 2.413945780487461, 39.585592513206173 ], [ 2.414155961510587, 39.58565937120855 ] ], [ [ 2.413933341704379, 39.585313523098186 ], [ 2.413943601584656, 39.585412272515001 ], [ 2.41409025676198, 39.585558912315904 ], [ 2.414147261342204, 39.58559496004542 ] ], [ [ 2.413838634173236, 39.585510439830465 ], [ 2.413837920399934, 39.585448929718645 ], [ 2.413832676624303, 39.585413142954401 ], [ 2.41381815337456, 39.585381601012884 ], [ 2.413801793057025, 39.585348619857925 ], [ 2.413794555552332, 39.585329987767516 ], [ 2.413794651970004, 39.585318545097977 ] ], [ [ 2.413954727066665, 39.585847169433293 ], [ 2.414090809787541, 39.585932248495062 ], [ 2.414151294985645, 39.585994060869524 ], [ 2.41425504878924, 39.586186256763824 ], [ 2.414338577794279, 39.586365477528418 ] ], [ [ 2.413490813263346, 39.586055097205723 ], [ 2.413479975112855, 39.586025003769471 ], [ 2.413481967802543, 39.586007849095857 ], [ 2.413506084132812, 39.585997957609983 ], [ 2.413550401438691, 39.586003902861499 ], [ 2.413594646412673, 39.586018430096999 ], [ 2.413666379351418, 39.586061704808287 ] ], [ [ 2.413708244848601, 39.586139157343048 ], [ 2.413732059843144, 39.586165024597911 ], [ 2.413816756535831, 39.586205502932323 ], [ 2.413963883008841, 39.586296360328106 ] ], [ [ 2.414163566100592, 39.586293075598675 ], [ 2.414189397931309, 39.586298927407967 ], [ 2.414218758296444, 39.586324822519373 ], [ 2.414236726148935, 39.586386420501 ] ], [ [ 2.414921603205123, 39.5868685768341 ], [ 2.414995235976759, 39.586905899937506 ], [ 2.415022774953755, 39.586928686111776 ], [ 2.415064027744457, 39.586969421466755 ], [ 2.415202260615995, 39.587018989413863 ], [ 2.415315867757136, 39.587066049148042 ] ], [ [ 2.414852959817207, 39.58697074291581 ], [ 2.415026224022179, 39.587068167580291 ], [ 2.415332871051289, 39.587242550278752 ], [ 2.415572217420662, 39.587359377929779 ] ], [ [ 2.41475257666694, 39.587000037321985 ], [ 2.415014788378584, 39.587145589165658 ], [ 2.415172748664042, 39.58723101676329 ], [ 2.415189633924391, 39.587238253265461 ] ], [ [ 2.415572688417334, 39.587181057232783 ], [ 2.415661124665558, 39.587216785649666 ], [ 2.415754427313484, 39.587260166635495 ], [ 2.415842791698746, 39.587304476016378 ], [ 2.415885613813141, 39.587341881531998 ], [ 2.415919808382703, 39.587379244566058 ], [ 2.415939214176527, 39.587416532355455 ], [ 2.415942711235014, 39.587440389534095 ] ], [ [ 2.415587076645192, 39.587228809702651 ], [ 2.415694943784912, 39.587298965277 ], [ 2.415831971211347, 39.587418854047534 ], [ 2.415928635185336, 39.5875023028253 ], [ 2.415942086768581, 39.587514766887111 ] ], [ [ 2.415995680485533, 39.58759037094508 ], [ 2.416037421769893, 39.587609652046083 ], [ 2.416092032737874, 39.587711008263497 ], [ 2.416104132314056, 39.587737769452502 ], [ 2.416103996246252, 39.587753980201292 ], [ 2.41612783642939, 39.587850413492255 ], [ 2.416131197510503, 39.587890481412572 ] ], [ [ 2.415630920752144, 39.587437868643924 ], [ 2.415821927437485, 39.587587590052976 ] ], [ [ 2.415258344591285, 39.587335865853561 ], [ 2.415572013276591, 39.587554864691981 ], [ 2.415672445262682, 39.587629750267951 ] ], [ [ 2.415177460599827, 39.587427958212487 ], [ 2.415382126120399, 39.587565352638265 ], [ 2.415543922209461, 39.587671062416639 ], [ 2.415648100778543, 39.587740245281111 ] ], [ [ 2.414690224173582, 39.58712345257657 ], [ 2.414915279502513, 39.587180848463326 ] ], [ [ 2.41447906707657, 39.587171976351357 ], [ 2.41464603881714, 39.587248151383619 ] ], [ [ 2.414660635034195, 39.587271111216594 ], [ 2.414743038061337, 39.587291551801648 ] ], [ [ 2.414756112344497, 39.587348833414261 ], [ 2.41490415391622, 39.587331460919614 ], [ 2.415063988673516, 39.587377084941579 ] ], [ [ 2.41443748178676, 39.587280476745832 ], [ 2.414621557226682, 39.587322175177 ] ], [ [ 2.4146784277675, 39.587404943363524 ], [ 2.414801742051041, 39.587469931744408 ], [ 2.414858778638084, 39.587502403068569 ], [ 2.414922411422459, 39.587519888215368 ] ], [ [ 2.415052168570416, 39.587478345092428 ], [ 2.415238108642851, 39.587570826191488 ], [ 2.41532828704233, 39.587619198849545 ] ], [ [ 2.415119491170904, 39.587606704918045 ], [ 2.415216997844988, 39.587662980589194 ], [ 2.41524643130552, 39.587680293441053 ], [ 2.415325441217063, 39.587737906781271 ], [ 2.415371332504047, 39.58777675877122 ], [ 2.415424508955351, 39.587828520488848 ] ], [ [ 2.414972175543889, 39.587757585077895 ], [ 2.415128382090284, 39.58786851221695 ], [ 2.415223944911042, 39.587936221247837 ], [ 2.415275261310381, 39.58798940451593 ] ], [ [ 2.415472322777581, 39.585779101172051 ], [ 2.415444486807421, 39.585791835144192 ], [ 2.415435111227719, 39.58580752186748 ], [ 2.415497169103453, 39.585902240078447 ], [ 2.415537452930197, 39.585948216228431 ], [ 2.415579730153848, 39.585977036755864 ], [ 2.415634946784637, 39.586005922340547 ] ], [ [ 2.415562974839419, 39.585770974783237 ], [ 2.415531488673251, 39.585777968839345 ], [ 2.415535053611824, 39.585793720659076 ], [ 2.415576958248295, 39.585866881992608 ], [ 2.415639064428289, 39.585955878792639 ], [ 2.415653588623117, 39.585987420510435 ], [ 2.415655196320439, 39.586016036483642 ], [ 2.415678927902066, 39.58605191613352 ], [ 2.415762976955963, 39.586169631092915 ], [ 2.415813440957067, 39.586236159598322 ] ], [ [ 2.415910063025399, 39.586177522953513 ], [ 2.41584282700696, 39.586112340118255 ], [ 2.415772133054871, 39.586018531969565 ], [ 2.415701320324191, 39.585939027123928 ], [ 2.41562304142165, 39.585868067053426 ], [ 2.415614494123902, 39.585858488405449 ] ], [ [ 2.415677122364202, 39.58573865021976 ], [ 2.415673152939009, 39.585771052233575 ], [ 2.415697304224422, 39.585830296951038 ], [ 2.415741181168586, 39.585888686649419 ], [ 2.41578269714468, 39.585934668009131 ], [ 2.415805744706833, 39.585978649913287 ] ], [ [ 2.415788274877487, 39.585857454751761 ], [ 2.4158444924508, 39.585913999862939 ], [ 2.415858960686287, 39.585952216147902 ], [ 2.415919987423757, 39.586023089342056 ], [ 2.415957766435195, 39.586073820136342 ], [ 2.41598448611752, 39.586120680348913 ] ], [ [ 2.415984871523852, 39.585854628920217 ], [ 2.416053477915336, 39.585940081958391 ], [ 2.416107375140934, 39.586016164155801 ], [ 2.416150185918997, 39.586091475201201 ] ], [ [ 2.41543339981471, 39.58526324701549 ], [ 2.415507987877303, 39.585406662579388 ], [ 2.415573922844131, 39.585479943888537 ], [ 2.415605180581144, 39.585500126618257 ], [ 2.415678365781462, 39.585590609965514 ], [ 2.415711267347069, 39.585635118089925 ], [ 2.415731253675553, 39.585676699575842 ] ], [ [ 2.415542811862146, 39.585222316388901 ], [ 2.415586552122245, 39.585296916902081 ], [ 2.415615744386737, 39.585342836343855 ], [ 2.415628420480497, 39.585374368773437 ], [ 2.415637218103984, 39.585427338065919 ] ], [ [ 2.41576140475141, 39.585487701209544 ], [ 2.415696936310496, 39.585360409374438 ], [ 2.415645957896779, 39.585267176923523 ], [ 2.415633403122069, 39.58522134115934 ], [ 2.415612494159273, 39.585069614176561 ], [ 2.415594622727279, 39.584776292937185 ], [ 2.415579536491297, 39.584591695691486 ], [ 2.415570629703149, 39.584551599841831 ], [ 2.415556225994256, 39.584505754764926 ], [ 2.415508632995829, 39.584449729534043 ], [ 2.415490424154771, 39.5844167384111 ], [ 2.415439146241619, 39.584359264671072 ] ], [ [ 2.415400385013426, 39.584572198945239 ], [ 2.415410456348317, 39.584473552824598 ], [ 2.415407264092383, 39.584413459282615 ], [ 2.415405920936876, 39.5843533759436 ], [ 2.415385971234913, 39.584307502942963 ], [ 2.41527623814185, 39.584166772123289 ], [ 2.415164681607542, 39.584023171230605 ], [ 2.415043760992186, 39.583893826138073 ], [ 2.414922998354109, 39.583745887029679 ], [ 2.414822304477048, 39.583629518449321 ], [ 2.414760081071298, 39.583554824544052 ], [ 2.414716041965207, 39.583515981621133 ], [ 2.414642607455937, 39.583455535133311 ], [ 2.414554493438402, 39.583382140635969 ], [ 2.414482389517301, 39.583383208185907 ], [ 2.414287135423853, 39.583300691207825 ], [ 2.414232053963268, 39.58325607086131 ], [ 2.414171607170084, 39.583189967964465 ] ], [ [ 2.414532630808158, 39.583563691099258 ], [ 2.414613352187893, 39.583637048369788 ], [ 2.414747173261723, 39.583770748720681 ], [ 2.414906670636589, 39.583928896267835 ], [ 2.414992805491697, 39.584018014422881 ] ], [ [ 2.415025489410379, 39.584088268762386 ], [ 2.415100532352299, 39.584177330996965 ], [ 2.415232592774328, 39.584301009605625 ], [ 2.415359214523118, 39.584411787596572 ], [ 2.415392139380787, 39.584453434245077 ] ], [ [ 2.414906715411766, 39.58414345572286 ], [ 2.415051677224359, 39.584271491132064 ], [ 2.415213265996345, 39.584401039980357 ], [ 2.415303278017426, 39.584468721941263 ], [ 2.415358373145315, 39.584511910998074 ] ], [ [ 2.414821429903757, 39.584173065005373 ], [ 2.414997421306563, 39.584348459317631 ], [ 2.415135026847086, 39.584472166851221 ], [ 2.41522860369156, 39.584555600703474 ], [ 2.415314811852003, 39.584636136613582 ] ], [ [ 2.414711958929899, 39.584221147090631 ], [ 2.414904778753459, 39.58437373998629 ], [ 2.415020369090593, 39.584477311274917 ], [ 2.415097381799107, 39.584552079475351 ], [ 2.415141350795369, 39.584599503363457 ], [ 2.415157794577504, 39.584622472442554 ], [ 2.415168729434056, 39.584641123059619 ], [ 2.415183217081416, 39.584676955391856 ], [ 2.415195880834018, 39.584709918654589 ] ], [ [ 2.415161912462434, 39.584572429802606 ], [ 2.415218784557335, 39.584624210236704 ], [ 2.415248072477511, 39.584658687098454 ], [ 2.415271790211527, 39.584695996712739 ] ], [ [ 2.415475275447945, 39.584459574954394 ], [ 2.415486040597855, 39.584718531007375 ], [ 2.415492374533095, 39.585064718381631 ], [ 2.415498819339733, 39.585177752426048 ], [ 2.415507738175307, 39.5852164183935 ], [ 2.415518661204542, 39.585236498860773 ] ], [ [ 2.415433586385568, 39.584580948343451 ], [ 2.415380938195444, 39.584686533588055 ], [ 2.415343498820242, 39.584742130163598 ], [ 2.415328386014992, 39.584780675231002 ], [ 2.415322322955036, 39.584842151245439 ], [ 2.415340195258004, 39.584915191750035 ], [ 2.415353288718717, 39.585116943724387 ], [ 2.415355988134402, 39.585235680509044 ], [ 2.415364906905056, 39.585274345585546 ], [ 2.415366646685607, 39.585287228340619 ] ], [ [ 2.415168140269567, 39.584711209886208 ], [ 2.415176914589435, 39.584767038989604 ], [ 2.415191257979573, 39.584820036231399 ], [ 2.415214999782543, 39.584854485188089 ], [ 2.415198002862417, 39.584897311489122 ], [ 2.415188446995936, 39.584934453658121 ], [ 2.41519353630203, 39.584988834268181 ] ], [ [ 2.415241131732366, 39.584824577956695 ], [ 2.415226632006531, 39.584790175515835 ], [ 2.41521764239978, 39.584760092437584 ], [ 2.415217738581448, 39.584748649763988 ], [ 2.415227076836137, 39.584737253600984 ], [ 2.415251168436042, 39.584730222414095 ], [ 2.415271441581809, 39.584737476855693 ], [ 2.415289878807787, 39.584743291210359 ] ], [ [ 2.415165126017741, 39.584849942550427 ], [ 2.415127830669222, 39.584888375944239 ], [ 2.415088205143054, 39.58498401338241 ], [ 2.41508385868726, 39.585061232813892 ], [ 2.415084576238909, 39.585195693518763 ], [ 2.415087852426471, 39.585245774270952 ], [ 2.415096253951402, 39.585345944180652 ], [ 2.415106816123619, 39.58540893470586 ] ], [ [ 2.414619135920193, 39.584267882995739 ], [ 2.414666631811959, 39.584335350358813 ], [ 2.414710442780459, 39.584401369197174 ], [ 2.414897115466125, 39.584625451776873 ], [ 2.415085614421962, 39.584852403132103 ] ], [ [ 2.41445790494517, 39.584315704079174 ], [ 2.41460811155722, 39.584479525883744 ], [ 2.414794964592252, 39.584682153161843 ], [ 2.414879131977532, 39.584785565429875 ], [ 2.414891866616939, 39.584809946713733 ], [ 2.414897292504592, 39.584824277981497 ] ], [ [ 2.41495251997098, 39.584851733102717 ], [ 2.414964340521349, 39.584984819769446 ], [ 2.414969701946602, 39.585226583901459 ], [ 2.414970973729236, 39.585295249243728 ], [ 2.414988533053324, 39.585405478478414 ], [ 2.415010246571353, 39.585461373630622 ], [ 2.41504135865048, 39.585498720512568 ], [ 2.415085242850004, 39.585556157200742 ], [ 2.415108781577347, 39.585614922309901 ], [ 2.415137661012468, 39.585698030550553 ], [ 2.415139389904025, 39.585712343197144 ] ], [ [ 2.415246903641876, 39.585235131615285 ], [ 2.415275201180806, 39.585350897649839 ], [ 2.415299457009229, 39.585397507752226 ], [ 2.415326835216534, 39.58543936527775 ], [ 2.415357283386875, 39.585482430313228 ] ], [ [ 2.415505636492422, 39.585610720071507 ], [ 2.415518810546422, 39.585693034696732 ], [ 2.415532333959105, 39.585733630411802 ], [ 2.415550599238192, 39.585759946030606 ] ], [ [ 2.415177077510871, 39.586113520867706 ], [ 2.415284045983098, 39.586143620365746 ], [ 2.415421808785359, 39.586175782182892 ], [ 2.415561971611675, 39.586215584978341 ] ], [ [ 2.415359772707236, 39.586225057679236 ], [ 2.415444718825488, 39.586235973999969 ], [ 2.41549635863638, 39.586250537712417 ], [ 2.415576375664471, 39.586261430043713 ] ], [ [ 2.415353225759211, 39.586270797358083 ], [ 2.415550167207054, 39.586300395971392 ] ], [ [ 2.415018283957479, 39.586090788549775 ], [ 2.415101621050743, 39.586146517245567 ], [ 2.415236598015414, 39.586216808808416 ] ], [ [ 2.415160712983401, 39.58583174586704 ], [ 2.415164856508558, 39.585925218556703 ], [ 2.41517328350324, 39.585949101477198 ], [ 2.415212654616025, 39.585956928693875 ], [ 2.415288998183672, 39.585964941045724 ] ], [ [ 2.41533963229916, 39.585805944942621 ], [ 2.415343655850028, 39.585913721868572 ], [ 2.415352025647531, 39.58594427936211 ], [ 2.415376625464917, 39.585950124708951 ], [ 2.415424672091691, 39.585952273023032 ], [ 2.415481370155586, 39.585951604949045 ] ], [ [ 2.415719069991785, 39.585236839067036 ], [ 2.415729764846041, 39.585284096315156 ], [ 2.415769868311863, 39.58535152604933 ], [ 2.415808278860452, 39.58540035257905 ], [ 2.415848250353993, 39.585483516412332 ], [ 2.415897261132598, 39.585591042826664 ], [ 2.415941218149347, 39.585639897191328 ], [ 2.416036310478034, 39.585763389946806 ], [ 2.416087577906942, 39.585822293304389 ], [ 2.416140706566758, 39.585879776047008 ], [ 2.416223232284473, 39.585958862824327 ], [ 2.416291076511681, 39.586025001792862 ] ], [ [ 2.415958517449982, 39.585120750456603 ], [ 2.415919637458267, 39.585127706555589 ], [ 2.415856558853465, 39.585154567422684 ], [ 2.41584347435459, 39.585171666381221 ], [ 2.415852297310014, 39.585221774096667 ], [ 2.415888331472917, 39.585333526918198 ], [ 2.415935421036739, 39.58544962512795 ], [ 2.415957159346735, 39.585502659440117 ], [ 2.416000984270541, 39.585567247909431 ], [ 2.41607252618226, 39.585633405592425 ], [ 2.416195550594277, 39.585732720521086 ], [ 2.416246927307616, 39.585778752159037 ], [ 2.416331637022738, 39.585817797885632 ] ], [ [ 2.416340555235212, 39.585856463783102 ], [ 2.416353075754909, 39.585906590028117 ], [ 2.416358428864193, 39.58592950322717 ], [ 2.416358296863036, 39.585945237353833 ], [ 2.416350710610127, 39.58596808556117 ] ], [ [ 2.41656883642244, 39.585703424926216 ], [ 2.416568404589833, 39.585754916961129 ], [ 2.416573686951943, 39.585786412162861 ], [ 2.416591884668161, 39.585820832998515 ], [ 2.416630381171747, 39.585859647375102 ], [ 2.416659718282637, 39.585888402545571 ], [ 2.416681889031253, 39.585889944689036 ] ], [ [ 2.41641442502731, 39.585687392293501 ], [ 2.416450692294889, 39.585771490609865 ], [ 2.416481278434855, 39.585798345506156 ], [ 2.416514392560734, 39.585817583116288 ], [ 2.416532718211768, 39.585836747362414 ] ], [ [ 2.416400148414505, 39.585479436282299 ], [ 2.416473066696192, 39.585601863119507 ], [ 2.416499570608429, 39.585674469236011 ] ], [ [ 2.416167902793237, 39.585545021071731 ], [ 2.416211563902508, 39.585629157514198 ], [ 2.416253096043752, 39.585673231296404 ], [ 2.416287299173082, 39.585709640077482 ], [ 2.416306888723728, 39.585724995722266 ], [ 2.416373164809258, 39.585757751496843 ] ], [ [ 2.415976310110178, 39.585172154785077 ], [ 2.416021506210616, 39.585366916501336 ], [ 2.416038407532427, 39.585408959981507 ], [ 2.416062591028017, 39.585464389802773 ] ], [ [ 2.416075299622113, 39.585124973044444 ], [ 2.416103931924346, 39.585237641000958 ], [ 2.416113133800966, 39.585315882745796 ], [ 2.416156282548212, 39.585461046505834 ] ], [ [ 2.416113054748184, 39.585031710011833 ], [ 2.416139285979999, 39.585136737725669 ], [ 2.416160732274442, 39.585224575753791 ] ], [ [ 2.416204217142104, 39.585329690138245 ], [ 2.416240275929388, 39.58543858218458 ] ], [ [ 2.416611484082135, 39.585565069632992 ], [ 2.416669870229457, 39.585656908001518 ], [ 2.41674096800828, 39.585775988092301 ], [ 2.416793965282143, 39.585849203767516 ] ], [ [ 2.419017062433046, 39.586390064653237 ], [ 2.419060592153941, 39.586490409901941 ], [ 2.419085970613801, 39.586550613346326 ], [ 2.419102238164853, 39.586595037349824 ] ], [ [ 2.419384094057272, 39.586492026802766 ], [ 2.419409257927128, 39.586577976205263 ], [ 2.419438190645697, 39.586655362064775 ], [ 2.419437951910603, 39.586683968760802 ] ], [ [ 2.418962815428742, 39.586023611511322 ], [ 2.419002791055682, 39.586106774280879 ], [ 2.419059140557551, 39.586221487578037 ], [ 2.41907547968126, 39.586257329578267 ] ], [ [ 2.419544670392181, 39.586522867782492 ], [ 2.41956257142229, 39.586593046081575 ], [ 2.419562213397032, 39.586635956126948 ] ], [ [ 2.41942330007634, 39.586003026863558 ], [ 2.419482942684358, 39.586166389827575 ], [ 2.419524420892504, 39.586291041816182 ], [ 2.41955876865443, 39.586384189490502 ] ], [ [ 2.419019239978197, 39.585908031226971 ], [ 2.419093979466732, 39.586034279613173 ], [ 2.419104891713673, 39.586055790534417 ] ], [ [ 2.419110127473727, 39.586093006967253 ], [ 2.419157533421767, 39.586171916094443 ], [ 2.419171796536407, 39.58623492474991 ], [ 2.419184462466332, 39.586267886684105 ] ], [ [ 2.419076986780904, 39.585855395787576 ], [ 2.419144607903205, 39.58594870902877 ] ], [ [ 2.419235519666493, 39.586130824002822 ], [ 2.419282675051468, 39.586239769661368 ], [ 2.419304308702567, 39.586305676824892 ] ], [ [ 2.418730676136128, 39.585707762791337 ], [ 2.418816793036351, 39.58579973880061 ], [ 2.41887719871074, 39.585871561540948 ], [ 2.41893018636577, 39.585946207042987 ] ], [ [ 2.41858005070089, 39.585592577644661 ], [ 2.418666812677826, 39.585607315682594 ], [ 2.418723927259208, 39.585630487719989 ], [ 2.41876988962091, 39.585660756370416 ] ], [ [ 2.418926806273755, 39.585465576636864 ], [ 2.419018361883259, 39.58557045279899 ], [ 2.419093327936375, 39.585669525276742 ], [ 2.419159088979842, 39.585764260058355 ] ], [ [ 2.418625037574714, 39.585518422210058 ], [ 2.41874489417566, 39.585554781234606 ], [ 2.418807529923589, 39.585580841638269 ], [ 2.418879205961479, 39.58563126437928 ], [ 2.418935974177753, 39.585695916475999 ], [ 2.419003689355546, 39.585777787114196 ] ], [ [ 2.419304514280491, 39.58605964908827 ], [ 2.419328151093407, 39.586106970679971 ] ], [ [ 2.419358849121635, 39.586194377697744 ], [ 2.419404203327613, 39.586297593628871 ] ], [ [ 2.419002360942403, 39.585272850693201 ], [ 2.419179258355081, 39.585562674776639 ], [ 2.419266723332761, 39.585714734671242 ] ], [ [ 2.419147870084858, 39.585336515513099 ], [ 2.419286426747775, 39.58556893198282 ], [ 2.419344625426519, 39.585683655294481 ] ], [ [ 2.419395433480516, 39.58535491748696 ], [ 2.419417709343032, 39.585565297264637 ], [ 2.419422706504466, 39.585631120388584 ] ], [ [ 2.419399771788339, 39.585721121111483 ], [ 2.419391876187027, 39.585781158236095 ] ], [ [ 2.419162356185462, 39.585815770596966 ], [ 2.419184097073904, 39.585868804321009 ], [ 2.419211442813594, 39.585914713631283 ] ], [ [ 2.419378470113084, 39.585836877091815 ], [ 2.419381976235439, 39.585859780925169 ], [ 2.419390980881267, 39.585888433811192 ] ], [ [ 2.419282667281584, 39.5857977772434 ], [ 2.419287867296876, 39.585839285125822 ], [ 2.41929669165075, 39.585889392587013 ] ], [ [ 2.418324813279274, 39.585994433657795 ], [ 2.418357776532328, 39.586031788919684 ], [ 2.418359326710591, 39.58606755699315 ], [ 2.418375688189613, 39.586100538414641 ], [ 2.418425217481774, 39.586146558942396 ], [ 2.418526016658001, 39.586251481744021 ] ], [ [ 2.418577848410529, 39.586243158736934 ], [ 2.418627173564088, 39.586313495313426 ], [ 2.418669284967779, 39.586362339411473 ], [ 2.418731694334441, 39.586415576666973 ], [ 2.418779446626684, 39.586453005786396 ], [ 2.41883450964577, 39.586500483761228 ], [ 2.418876788582918, 39.586529303098821 ], [ 2.418904218003282, 39.586565200584282 ] ], [ [ 2.418077015138755, 39.585782924507463 ], [ 2.418120842213896, 39.585847512189929 ], [ 2.418157622040553, 39.58587058267517 ], [ 2.418211063462087, 39.585890875782063 ], [ 2.418310682531725, 39.5859156916706 ], [ 2.418360438867736, 39.585934535416342 ], [ 2.418371434584173, 39.585946033611592 ] ], [ [ 2.418422062675562, 39.585860463340971 ], [ 2.418480714502257, 39.58592083345021 ], [ 2.418566557539559, 39.586045707796167 ], [ 2.41863206602791, 39.586170480340961 ], [ 2.418677444213351, 39.586270834983559 ], [ 2.418704909288769, 39.586302441061584 ], [ 2.418745255235739, 39.586341263989588 ] ], [ [ 2.418478033652467, 39.585799236043172 ], [ 2.41855717564606, 39.585841113976485 ], [ 2.418624987296733, 39.585911543059758 ], [ 2.418694623171407, 39.585984841116961 ], [ 2.418727311740838, 39.586055094425795 ], [ 2.418741646147538, 39.58610952112371 ], [ 2.418755693762396, 39.586198275853469 ], [ 2.418767712996655, 39.586308476802252 ], [ 2.418769382893811, 39.586329941523005 ] ], [ [ 2.418188789994831, 39.58568049580505 ], [ 2.418236686189551, 39.585700761135513 ], [ 2.418347492017469, 39.585714189842534 ], [ 2.418424999930853, 39.58573031168234 ] ], [ [ 2.418198440064277, 39.585631910705089 ], [ 2.418248267924436, 39.585642173390617 ], [ 2.41843101134548, 39.585674556829119 ], [ 2.418475340849548, 39.585679069418873 ], [ 2.41855096491169, 39.585699473381368 ], [ 2.418604358505378, 39.585725487647125 ], [ 2.418618126776788, 39.585736999691669 ] ], [ [ 2.418296753604944, 39.5853706402347 ], [ 2.418296107781581, 39.58544787831508 ], [ 2.41831403119769, 39.585515197039577 ], [ 2.418335795271783, 39.585565369349084 ], [ 2.418379897493071, 39.585597058786384 ], [ 2.418409354797742, 39.585611510172946 ], [ 2.418495902715074, 39.585651995271697 ], [ 2.41852908109104, 39.585663604460095 ] ], [ [ 2.418800335709608, 39.586091696657725 ], [ 2.418827286964448, 39.58618480665227 ], [ 2.418843386984024, 39.586249255379528 ], [ 2.418863326397577, 39.58629655857154 ], [ 2.41891093647543, 39.586351151660359 ] ], [ [ 2.417128725944874, 39.588542533927239 ], [ 2.417251195038677, 39.58863552775896 ], [ 2.417323870343993, 39.588695492107959 ], [ 2.417346579247725, 39.588743285174125 ] ], [ [ 2.416601089496129, 39.587622047921663 ], [ 2.416727555953835, 39.587697182233129 ], [ 2.416865452920841, 39.587787274196572 ], [ 2.416961311074404, 39.587838415042441 ], [ 2.41703393535548, 39.587904339672939 ], [ 2.417056643807725, 39.587952132798883 ], [ 2.417102010847481, 39.588053680938835 ] ], [ [ 2.416627123703165, 39.587732438358763 ], [ 2.416715153640893, 39.587798439630696 ], [ 2.416822114848116, 39.587903276776501 ], [ 2.416894615339422, 39.587984100396405 ], [ 2.416932403986851, 39.588070709245017 ] ], [ [ 2.416443011357459, 39.587642114024625 ], [ 2.416565153054383, 39.587773846969874 ], [ 2.41670222540181, 39.587962274910936 ], [ 2.416782202870859, 39.588069955456938 ], [ 2.416827594570115, 39.588168523199393 ] ], [ [ 2.416494851039837, 39.586971875863064 ], [ 2.416520934837611, 39.587076306233008 ], [ 2.416566175582236, 39.58719275348637 ], [ 2.41660036123263, 39.587249544408643 ], [ 2.416711123541939, 39.587360360198197 ], [ 2.416764466361508, 39.587429167935795 ], [ 2.416786849694909, 39.587515700414897 ], [ 2.416817159770282, 39.587575452444931 ], [ 2.416882081792449, 39.587641337614528 ], [ 2.416962385015017, 39.587710280551107 ], [ 2.417016003049584, 39.587746309875179 ] ], [ [ 2.416572400676139, 39.586909684724915 ], [ 2.416652176844909, 39.587041204870076 ] ], [ [ 2.416732577924506, 39.58709822866016 ], [ 2.416751085231881, 39.587187721419738 ], [ 2.416823085287434, 39.587328142487145 ], [ 2.416899161351846, 39.587441763733601 ], [ 2.416959781684926, 39.58756126772942 ], [ 2.417024279289866, 39.587677811419425 ], [ 2.417062042961228, 39.587767400730954 ] ], [ [ 2.415782647382738, 39.587027181757904 ], [ 2.415898573334506, 39.587018227983698 ], [ 2.416009376777786, 39.587032135557237 ], [ 2.416090282632726, 39.587084036335398 ], [ 2.416190907732766, 39.587136036132712 ], [ 2.416276599015868, 39.587205126454755 ], [ 2.416352576064537, 39.587257002289746 ], [ 2.41638927604188, 39.587289608589046 ], [ 2.416408706062531, 39.587324035634538 ] ], [ [ 2.416100622408967, 39.587026872525932 ], [ 2.416208512604065, 39.587094166953868 ], [ 2.416245404469743, 39.587103887956445 ], [ 2.416297005087084, 39.58712321939683 ], [ 2.41632883977525, 39.587148172206511 ] ], [ [ 2.41585345445922, 39.587107639809368 ], [ 2.415897260269043, 39.587174611445555 ], [ 2.415938969241236, 39.587197708306341 ], [ 2.41606150542385, 39.587282240313279 ], [ 2.416215987516034, 39.587378376745754 ] ], [ [ 2.416212321986199, 39.587521397739316 ], [ 2.416302896157484, 39.587596233245606 ], [ 2.416383802884836, 39.587648133820807 ] ], [ [ 2.416373046064872, 39.587167466470852 ], [ 2.41641923760074, 39.587243986455228 ], [ 2.416477928824081, 39.587299589476899 ], [ 2.416524216537468, 39.587364666748236 ], [ 2.416555635539515, 39.587439205004706 ], [ 2.416557843643928, 39.587469731466449 ] ], [ [ 2.415707849856388, 39.587735597251672 ], [ 2.415764938890692, 39.587725155673773 ], [ 2.415855558570966, 39.587757795356858 ], [ 2.415930633317225, 39.587807044913973 ], [ 2.415933654490061, 39.587814211619275 ], [ 2.415930383121572, 39.587836843606205 ] ], [ [ 2.415878681931292, 39.588055772333014 ], [ 2.415959941131522, 39.588065716449513 ], [ 2.416003331353868, 39.588182273537129 ], [ 2.416033845591875, 39.588364564015478 ] ], [ [ 2.415570343153789, 39.587874388740779 ], [ 2.415619809372421, 39.587854374136434 ], [ 2.415649019701682, 39.587861672555754 ], [ 2.415742560543478, 39.587913399236555 ], [ 2.415757795300536, 39.587933739226422 ] ], [ [ 2.418353275515312, 39.584941376753093 ], [ 2.418354140766428, 39.584985246224477 ], [ 2.418370740473573, 39.585063524829692 ], [ 2.418378031004276, 39.585075957775878 ], [ 2.418380303624184, 39.5850988554675 ], [ 2.418371422377397, 39.585129326402431 ], [ 2.418352689814143, 39.585158793828356 ], [ 2.418340191181267, 39.585179710988761 ], [ 2.418331412390462, 39.585197785077867 ], [ 2.41833118118272, 39.585225438519174 ] ], [ [ 2.4184297626728, 39.585226885247479 ], [ 2.418380309083549, 39.585245709956965 ], [ 2.418345706453855, 39.585256979912288 ], [ 2.4183283744112, 39.585266428817846 ], [ 2.418312233308635, 39.585280651965306 ], [ 2.418310841872016, 39.58529971722988 ], [ 2.418319372363231, 39.585311203090299 ], [ 2.418334017235326, 39.585328441136021 ], [ 2.418340051891817, 39.585343728586956 ], [ 2.418346054656165, 39.585362830864483 ], [ 2.418341028746603, 39.585374248864184 ], [ 2.418339605428066, 39.585397128054737 ], [ 2.41833703665868, 39.585409512551003 ] ], [ [ 2.41841033827102, 39.584896843031444 ], [ 2.418421457790024, 39.585040892362542 ], [ 2.418431568575793, 39.585158235337737 ], [ 2.418431122185224, 39.585211634808083 ] ], [ [ 2.418486258630353, 39.584955392982188 ], [ 2.418502826608936, 39.585037484595226 ], [ 2.41850964691423, 39.58510617857636 ], [ 2.418512770152152, 39.58517485315452 ], [ 2.418511337762907, 39.585198685598854 ] ], [ [ 2.418523181569733, 39.584961299332861 ], [ 2.418485409239346, 39.58490961609732 ], [ 2.418474525255727, 39.584884767818238 ], [ 2.418413225859835, 39.584846316566285 ], [ 2.418401483435531, 39.584776645545837 ] ], [ [ 2.418442581595905, 39.5847253570251 ], [ 2.418443376328367, 39.584777808513749 ], [ 2.418448185799022, 39.584792136532435 ], [ 2.418467792675867, 39.5848055853101 ], [ 2.418510820750714, 39.58481819709359 ], [ 2.418550152928941, 39.584830791268544 ] ], [ [ 2.418472514474867, 39.584830402751507 ], [ 2.418513888185332, 39.58489354717242 ] ], [ [ 2.418538989994363, 39.584839317779462 ], [ 2.418562021853331, 39.584885205662189 ], [ 2.418587399311853, 39.584945409224581 ], [ 2.418666028928447, 39.585122218283047 ] ], [ [ 2.418585606833353, 39.584717490376448 ], [ 2.418585144635031, 39.584772796365066 ], [ 2.418621756715211, 39.584815891395273 ], [ 2.418664658497742, 39.584843760635749 ], [ 2.418719875533735, 39.58487264476291 ] ], [ [ 2.418734536351162, 39.584887975345751 ], [ 2.418765128107886, 39.585061684142779 ] ], [ [ 2.418802475268791, 39.584426773819033 ], [ 2.418859113683775, 39.584580586448894 ], [ 2.418883210373674, 39.584646505124425 ], [ 2.418909900799753, 39.584697179519765 ], [ 2.418945160451216, 39.584754571634697 ], [ 2.41898672683685, 39.584794830534435 ], [ 2.419061183535164, 39.584881026492944 ] ], [ [ 2.418404061819407, 39.584320838672944 ], [ 2.418528930237895, 39.584568444809314 ] ], [ [ 2.41839134016282, 39.584368454230408 ], [ 2.418505291612115, 39.584595027824257 ], [ 2.418510014575578, 39.584619845270865 ], [ 2.418508653929158, 39.584635095707121 ], [ 2.418495051001894, 39.584640749214117 ], [ 2.418491266267593, 39.584651220136905 ], [ 2.418497275826899, 39.584669368245549 ], [ 2.418509576228764, 39.584672290589545 ], [ 2.418525604404837, 39.584671417500275 ], [ 2.41853426237554, 39.584667645837868 ], [ 2.418575637211767, 39.584730790244087 ] ], [ [ 2.418372472293668, 39.584414132429657 ], [ 2.418338298000294, 39.584521718087814 ], [ 2.418341747907981, 39.584551297452286 ], [ 2.418352288994219, 39.584617148381874 ], [ 2.418371591712561, 39.584666831723197 ], [ 2.418415446270465, 39.584728082005569 ] ], [ [ 2.418335964214523, 39.58435864138351 ], [ 2.418338173019405, 39.584389167832597 ], [ 2.418308166129277, 39.584440511842168 ], [ 2.418290682795528, 39.584468078922939 ], [ 2.418280648202606, 39.58448900751376 ], [ 2.418276608309046, 39.584529991643123 ] ], [ [ 2.418250736908327, 39.584528908826762 ], [ 2.418238269095732, 39.584546011145861 ], [ 2.418238101648351, 39.584566035836104 ], [ 2.418247825296876, 39.584582295959883 ], [ 2.41826254176016, 39.584590952005421 ], [ 2.418279691429808, 39.584603434316207 ], [ 2.418401483435531, 39.584776645545837 ] ], [ [ 2.419012508568136, 39.584363933470087 ], [ 2.419352109425259, 39.584724183864644 ] ], [ [ 2.418973407505074, 39.584323686904284 ], [ 2.419000534691657, 39.58432191504852 ], [ 2.419177452567945, 39.584387644368817 ], [ 2.419190713088393, 39.584422993425768 ] ], [ [ 2.418799782425754, 39.585122823382697 ], [ 2.418814220261154, 39.58516485414296 ], [ 2.418864651924781, 39.585176549528626 ], [ 2.418945828572692, 39.585196027707887 ], [ 2.419028324837845, 39.585205022566207 ] ], [ [ 2.418948589657371, 39.585012950980342 ], [ 2.419059023214054, 39.585218526697837 ], [ 2.419086031314122, 39.585231058175587 ], [ 2.419195544891225, 39.585251631136629 ] ], [ [ 2.419110379498835, 39.584971801337034 ], [ 2.419198519490615, 39.585190616127534 ], [ 2.419212870020408, 39.585243135363022 ], [ 2.419236181065823, 39.585255648327383 ], [ 2.419333386219249, 39.585274253048617 ] ], [ [ 2.419326679826681, 39.584896594401918 ], [ 2.419265855739535, 39.58494873794892 ], [ 2.419258262587079, 39.584972540515253 ], [ 2.419337124751434, 39.585121695685032 ] ], [ [ 2.419378408567732, 39.584752859201615 ], [ 2.419377111385283, 39.5849082895649 ], [ 2.419374445770417, 39.585079923626985 ], [ 2.419386657204895, 39.585241143059456 ], [ 2.419385258107832, 39.585261161595604 ], [ 2.419421950514262, 39.585294721108404 ] ], [ [ 2.419429678899776, 39.584811666505288 ], [ 2.419456749182002, 39.584964377806919 ] ], [ [ 2.419466156095214, 39.584501738227388 ], [ 2.419488157423734, 39.584745016184087 ], [ 2.419528943809623, 39.584952627645841 ] ], [ [ 2.418998187971724, 39.583870024625178 ], [ 2.419023195177559, 39.583974568949699 ], [ 2.419050230711906, 39.584057667031473 ], [ 2.419079774133233, 39.584130637381641 ], [ 2.419186994097597, 39.584278027843929 ], [ 2.41921847032694, 39.584345890832779 ], [ 2.41927751781217, 39.584506390179655 ], [ 2.419323273085594, 39.584635355282458 ] ], [ [ 2.41914804916729, 39.583855039032024 ], [ 2.419242631419098, 39.584040033196906 ], [ 2.419255224187394, 39.584081578040639 ], [ 2.419278885353402, 39.584126038988337 ], [ 2.419330249859083, 39.58417349826 ], [ 2.419378000952207, 39.584210927138933 ], [ 2.419429007502717, 39.584301297329702 ], [ 2.419481600722302, 39.584423144113579 ], [ 2.419508719353276, 39.584496229283822 ] ], [ [ 2.41926324173585, 39.583785525874006 ], [ 2.419340270223387, 39.583858860513153 ], [ 2.419385910566232, 39.583927748436331 ], [ 2.419438931961176, 39.583998102261766 ], [ 2.419456963550091, 39.584052547362603 ], [ 2.419482556316133, 39.584087004703576 ], [ 2.419537594091494, 39.584137343926209 ], [ 2.419553873323373, 39.58418033709691 ], [ 2.41958127948266, 39.584219095109511 ], [ 2.419619584721902, 39.584280792972301 ], [ 2.419672476531781, 39.584366881737608 ], [ 2.419709196454927, 39.584397102962221 ], [ 2.41974737067637, 39.58447453492267 ], [ 2.419796422591754, 39.584577769194354 ], [ 2.419801740958752, 39.584604972803248 ] ], [ [ 2.419574528114624, 39.584363531734773 ], [ 2.419614050122101, 39.58450104706067 ], [ 2.419627776384439, 39.584628421220394 ], [ 2.419626380332018, 39.58479577090467 ], [ 2.419618103207563, 39.584901578785662 ], [ 2.419607882638033, 39.585018820115884 ], [ 2.419588597725319, 39.585114560695615 ], [ 2.419582824789958, 39.585141708911245 ] ], [ [ 2.419764922480476, 39.584800872453663 ], [ 2.419762942938263, 39.584890501250143 ], [ 2.419761264438822, 39.584943894578018 ] ], [ [ 2.417557308183638, 39.584844819129586 ], [ 2.417603307937341, 39.584944224028149 ], [ 2.417629892609246, 39.585007294637251 ], [ 2.417666416414815, 39.585060879385068 ], [ 2.417700556147178, 39.585104915608497 ] ], [ [ 2.417746730679989, 39.585183342500407 ], [ 2.417824677027647, 39.585294350537247 ], [ 2.417844107216467, 39.585328777355635 ] ], [ [ 2.417629088957812, 39.584808941932295 ], [ 2.417767694190328, 39.585034685587921 ], [ 2.417901849957304, 39.585203190993695 ], [ 2.417921216331283, 39.58524524655224 ] ], [ [ 2.418097974821631, 39.585330048940286 ], [ 2.417971500863648, 39.585127252766327 ], [ 2.417883711159638, 39.585014288020588 ], [ 2.417739857334102, 39.584826661763458 ], [ 2.417654597326943, 39.584706081344621 ], [ 2.417640032570049, 39.584679307948406 ] ], [ [ 2.417637887922037, 39.584641152736928 ], [ 2.417545393877546, 39.58450146374809 ], [ 2.417462455968544, 39.584398059561572 ], [ 2.417354983950351, 39.584281181647349 ], [ 2.417249832436267, 39.584181480008944 ], [ 2.41717392194963, 39.584121976000198 ], [ 2.417095675508823, 39.5840472029777 ], [ 2.417056527799986, 39.584012677113556 ], [ 2.417007745906537, 39.583951402494897 ], [ 2.416985978132935, 39.583901705654803 ], [ 2.416971989139449, 39.583806276100375 ], [ 2.416940748259261, 39.583710759078869 ], [ 2.416899902965733, 39.583584679358893 ], [ 2.416854177997195, 39.583452853553695 ], [ 2.416837468462921, 39.583387924818808 ], [ 2.416828025055053, 39.583338289794717 ] ], [ [ 2.416805504202979, 39.583084519727301 ], [ 2.416812195944992, 39.583168470429506 ], [ 2.416804033497304, 39.583259974753936 ], [ 2.416796191912704, 39.583313337116998 ], [ 2.416768521518202, 39.583379949710938 ], [ 2.416750676965781, 39.58345042660423 ], [ 2.416745284387562, 39.58350570784696 ], [ 2.416749685731771, 39.583568668223073 ], [ 2.416771420106339, 39.583622178127406 ], [ 2.41679341029235, 39.583645174817526 ], [ 2.416805638502316, 39.583656679349779 ] ], [ [ 2.416905987620441, 39.583079302409921 ], [ 2.416972186958866, 39.58326797009034 ], [ 2.417017560892701, 39.583368326300636 ], [ 2.417050750687545, 39.583451932374004 ], [ 2.417071617617574, 39.583535476619467 ], [ 2.417079804146336, 39.583587966107643 ], [ 2.417103583594792, 39.583618123240008 ], [ 2.41712349712346, 39.583668287407598 ] ], [ [ 2.417129980432661, 39.583777029951939 ], [ 2.417147722571673, 39.583865803437341 ], [ 2.417147123438004, 39.583937320182443 ] ], [ [ 2.417079930009856, 39.583131669339579 ], [ 2.417112136313656, 39.583259136517526 ], [ 2.417141017204844, 39.583342244304326 ], [ 2.417193821367726, 39.583438346078559 ], [ 2.41722816463922, 39.583531494454085 ], [ 2.417253288876518, 39.583621734894194 ], [ 2.417274704184892, 39.583713387573759 ] ], [ [ 2.417251013434321, 39.583231225162841 ], [ 2.417312424670898, 39.583403180541325 ], [ 2.417346696214393, 39.583504910893708 ], [ 2.417384280409568, 39.583652430486268 ] ], [ [ 2.417413781149262, 39.583440879018085 ], [ 2.417453657654531, 39.583535485914439 ], [ 2.41747324806937, 39.583624268620511 ] ], [ [ 2.417446898405492, 39.583459640636704 ], [ 2.417501742601739, 39.58353286617583 ], [ 2.417525318640868, 39.583587339370169 ], [ 2.417541475592234, 39.583644636161601 ], [ 2.417552027771319, 39.583709056381906 ], [ 2.417573910475991, 39.583744926391994 ], [ 2.417619836345572, 39.583779486054766 ], [ 2.417658498756682, 39.583798275403687 ] ], [ [ 2.417567506355552, 39.583405890202492 ], [ 2.417600927016723, 39.583609173818253 ], [ 2.417625920061288, 39.583715148316607 ] ], [ [ 2.417719949384267, 39.583523946587931 ], [ 2.417756733548656, 39.583767298973335 ] ], [ [ 2.417956307222766, 39.583555169473456 ], [ 2.417911751740713, 39.583577832612136 ], [ 2.417898644111224, 39.583597792482962 ], [ 2.417885406001123, 39.583633485594277 ], [ 2.417900402445338, 39.583829525295378 ], [ 2.417900354576678, 39.583835246635829 ] ], [ [ 2.418040835754032, 39.583615669434465 ], [ 2.418020070921554, 39.583667059662332 ], [ 2.418010266634604, 39.583734239578433 ], [ 2.418013209865688, 39.583824368758783 ], [ 2.418027638990984, 39.5838673528771 ] ], [ [ 2.418120363498079, 39.583832057807456 ], [ 2.418049725384585, 39.583878906651051 ], [ 2.418005109894918, 39.583908721949086 ], [ 2.417995687288076, 39.583930130230591 ], [ 2.418012061229407, 39.583961681831667 ], [ 2.418037677171855, 39.583993278815704 ] ], [ [ 2.418670029474193, 39.583756136786832 ], [ 2.418600869190367, 39.58384733605881 ], [ 2.418555692133609, 39.583944376877113 ], [ 2.418528856626394, 39.58405867510011 ] ], [ [ 2.418806627753745, 39.583779706399859 ], [ 2.418741367786909, 39.583846608997213 ], [ 2.418728034457689, 39.583893744888286 ], [ 2.41872152036605, 39.584009574753857 ], [ 2.418710118573255, 39.584046707988868 ], [ 2.418700589766754, 39.584080989802111 ], [ 2.418694720960978, 39.584119581559449 ], [ 2.418661136933959, 39.584156603818293 ] ], [ [ 2.419639705462319, 39.583597352016085 ], [ 2.419932571943623, 39.583945924177506 ], [ 2.419976475134629, 39.584001452542694 ] ], [ [ 2.419473521947491, 39.583722397581653 ], [ 2.419573029888685, 39.583907892739589 ], [ 2.419651057308088, 39.584009363415817 ], [ 2.419735937036575, 39.58417571403438 ], [ 2.41976017078739, 39.584225421774391 ], [ 2.419769282392511, 39.584315105962013 ] ], [ [ 2.419357395003298, 39.583756146852629 ], [ 2.419437838099156, 39.583863351324823 ], [ 2.41953292632694, 39.583987794540874 ], [ 2.419569277230392, 39.584062356665918 ], [ 2.419586211056247, 39.584100584818486 ] ], [ [ 2.416252134306521, 39.584394200425059 ], [ 2.416321774137771, 39.584539974773037 ], [ 2.416348622663259, 39.584645004648372 ], [ 2.416372430171525, 39.584745252761252 ] ], [ [ 2.415692711275447, 39.584970699976992 ], [ 2.415706674019934, 39.585142418446516 ] ], [ [ 2.415689873874002, 39.584574942568807 ], [ 2.415703376057486, 39.584801490381736 ], [ 2.415720880372954, 39.584918394115746 ] ], [ [ 2.416001762777018, 39.584490686782551 ], [ 2.416050835930404, 39.584884292412191 ], [ 2.416066141318016, 39.584896289132033 ] ], [ [ 2.416209162247233, 39.584742048477509 ], [ 2.416358605938181, 39.584923983119928 ] ], [ [ 2.417445822437269, 39.585522159232177 ], [ 2.417586900812981, 39.585783914566051 ], [ 2.417687463564873, 39.585916730281809 ], [ 2.417797180339964, 39.586060319507396 ] ], [ [ 2.418252618767475, 39.586459154536215 ], [ 2.418274259484785, 39.586524107725353 ], [ 2.418278662378392, 39.586587067121471 ], [ 2.418280681020355, 39.586640478017429 ] ], [ [ 2.417970430299779, 39.586307072912774 ], [ 2.418060717655303, 39.586416235094923 ], [ 2.418101964300608, 39.586494636250499 ], [ 2.418113920872199, 39.586538562154878 ] ], [ [ 2.4178030968437, 39.58627381176295 ], [ 2.417878611240462, 39.586380993476276 ], [ 2.417927108357356, 39.586476595749197 ] ], [ [ 2.417509805167469, 39.586270435313963 ], [ 2.417597754318594, 39.586364328893474 ], [ 2.417634023364103, 39.586448426843873 ] ], [ [ 2.417510135632699, 39.585936677056019 ], [ 2.417580830695174, 39.586030484159465 ], [ 2.417636928974441, 39.586101331752459 ] ], [ [ 2.417095952883741, 39.585358627270693 ], [ 2.417171256347086, 39.585490601303583 ], [ 2.417210277129716, 39.585540383727995 ] ], [ [ 2.417007433119899, 39.585627097374676 ], [ 2.417090419729832, 39.585724780532225 ] ], [ [ 2.416812107618089, 39.58540488226798 ], [ 2.416858346449732, 39.585475680758144 ], [ 2.416880257312339, 39.585508213592618 ], [ 2.416924143044542, 39.585565649597385 ] ], [ [ 2.417202638495814, 39.585275245309958 ], [ 2.417233945480949, 39.585363133497744 ], [ 2.417304544919203, 39.585468383453673 ] ], [ [ 2.418030923710755, 39.586055148922249 ], [ 2.418167595057545, 39.586217945018859 ], [ 2.418260601758814, 39.586296606182707 ], [ 2.418324351550672, 39.586336976366709 ] ], [ [ 2.416427610790368, 39.584943555998123 ], [ 2.416488557263241, 39.585023964166382 ], [ 2.416532650292025, 39.585056608455979 ] ], [ [ 2.416691767907552, 39.584893388116242 ], [ 2.416774273568759, 39.585048285784033 ] ], [ [ 2.417311391616097, 39.585073866729068 ], [ 2.417362400089076, 39.585163760269459 ], [ 2.417418498620969, 39.585234607977519 ] ], [ [ 2.41680463861497, 39.585542401438687 ], [ 2.41685785611193, 39.585662822564935 ], [ 2.416894459587129, 39.585706871384296 ] ], [ [ 2.416765383891535, 39.58419763064834 ], [ 2.41684026133517, 39.584306717362018 ], [ 2.416864088875764, 39.584331153201845 ] ], [ [ 2.416937406375296, 39.584405901644942 ], [ 2.417010532260181, 39.584503535397488 ] ], [ [ 2.416664389710521, 39.584557584102797 ], [ 2.416685408758509, 39.584696438364652 ] ], [ [ 2.416647749237615, 39.584116938042797 ], [ 2.416659070389476, 39.584310098639449 ] ], [ [ 2.416078434838262, 39.583853626861092 ], [ 2.41612987295836, 39.583892029797241 ], [ 2.416230317480688, 39.583965007496225 ], [ 2.416308418893105, 39.584056945110795 ], [ 2.416339948202091, 39.584118134265893 ] ], [ [ 2.41590957525433, 39.583122321631677 ], [ 2.415947776171004, 39.583269368142659 ], [ 2.415986746821677, 39.583324872320269 ], [ 2.41607129798421, 39.583529367529124 ], [ 2.416136899692705, 39.583642222178419 ], [ 2.416205190716043, 39.583728388992775 ], [ 2.416236750632772, 39.583785763345176 ], [ 2.416292574915034, 39.583889032216142 ] ], [ [ 2.415996413945908, 39.583054099128404 ], [ 2.416074499195556, 39.583147944323997 ], [ 2.416140260601136, 39.583241727545165 ], [ 2.416171725392877, 39.583310544602256 ] ], [ [ 2.416245632798661, 39.583608438984974 ], [ 2.416331273009237, 39.583683249720664 ], [ 2.416399596306498, 39.583765602496612 ], [ 2.416417677441582, 39.583813850086237 ], [ 2.416419321410753, 39.583838174606811 ], [ 2.41648709296945, 39.583912895485277 ] ], [ [ 2.416089462515173, 39.584008165830959 ], [ 2.416128473485586, 39.584132329113459 ], [ 2.416158521485966, 39.58422307206753 ], [ 2.416222240036451, 39.584340207929358 ] ], [ [ 2.416053212285846, 39.58428929526405 ], [ 2.416064915095721, 39.584363257957868 ] ], [ [ 2.415685088956755, 39.58409910836815 ], [ 2.415721298473985, 39.584189882417334 ], [ 2.415720303957293, 39.58425325629819 ], [ 2.415795704310853, 39.584446739153258 ], [ 2.415837015416281, 39.584663890198051 ], [ 2.415862661134736, 39.58491195450754 ], [ 2.415855919651293, 39.584981057112103 ], [ 2.415830191172659, 39.58510966329073 ] ], [ [ 2.415016853821293, 39.583325715305001 ], [ 2.415197441099961, 39.58346728054125 ], [ 2.415389771164049, 39.583678040181127 ], [ 2.415481475303429, 39.58376432520754 ], [ 2.41548750001921, 39.58378056695625 ] ], [ [ 2.415541258639843, 39.583836145663355 ], [ 2.415612062233031, 39.583916603879956 ] ], [ [ 2.414867610078142, 39.583340698680949 ], [ 2.415031539990689, 39.583484563535521 ], [ 2.415134142040093, 39.583593790918663 ], [ 2.415185290901418, 39.583666521395386 ], [ 2.415290614966886, 39.583745246944794 ], [ 2.415405476715679, 39.583862163045154 ] ], [ [ 2.415535256260987, 39.583963897720203 ], [ 2.415581300608437, 39.584057582070791 ], [ 2.415595495987986, 39.584128219911754 ], [ 2.415597239019402, 39.584214052369731 ] ], [ [ 2.414934406586334, 39.583604228596727 ], [ 2.41505376469178, 39.583772662803305 ], [ 2.4152295713425, 39.58396998886704 ] ], [ [ 2.415302502035947, 39.584090509030808 ], [ 2.415378426900926, 39.584148106837503 ], [ 2.415461568534112, 39.584226720622993 ], [ 2.415544599376852, 39.584318683542151 ], [ 2.415615371422306, 39.584402955678378 ] ], [ [ 2.415990797726769, 39.584292080257342 ], [ 2.415805114117761, 39.584096613187306 ], [ 2.4156754632292, 39.58397962221602 ], [ 2.4156783595988, 39.583928142563366 ], [ 2.415710977407973, 39.583859647621601 ] ], [ [ 2.415750992751326, 39.583436053644 ], [ 2.415775989213462, 39.583578026753443 ], [ 2.415780030241937, 39.583647182679023 ] ], [ [ 2.415832735962583, 39.583240976683228 ], [ 2.415839647887327, 39.583335178731993 ], [ 2.415874466813084, 39.583408066491643 ], [ 2.415944405081242, 39.583518081358882 ] ], [ [ 2.415682536425625, 39.583149629514992 ], [ 2.415720476157246, 39.583217763830277 ], [ 2.415744802785857, 39.583256030615672 ] ], [ [ 2.415612294855536, 39.583442507727611 ], [ 2.415652805134727, 39.583571447002967 ], [ 2.415669579436992, 39.583591795660183 ] ], [ [ 2.414728604928953, 39.583011324937992 ], [ 2.414845114650092, 39.583078664073767 ], [ 2.41493385659706, 39.583150630670296 ], [ 2.414964384889803, 39.583184159658195 ] ], [ [ 2.414786565901437, 39.582713617114926 ], [ 2.41491207643405, 39.582809609418597 ], [ 2.415037909165441, 39.582867458736509 ], [ 2.415099164867681, 39.582910678936919 ] ], [ [ 2.413891165798713, 39.582942735779454 ], [ 2.414102758259082, 39.583060618582763 ], [ 2.414342078189241, 39.583178641651152 ], [ 2.414409495749509, 39.583221893268153 ], [ 2.41457205676852, 39.583308536071819 ], [ 2.414663980017447, 39.583368599090882 ], [ 2.414737538784141, 39.583414265593504 ] ], [ [ 2.414243160793048, 39.582888129223548 ], [ 2.414325861438277, 39.582945761880254 ], [ 2.414378864901132, 39.583017549669016 ], [ 2.414417141944714, 39.583082109895223 ], [ 2.414442647580511, 39.583126581122215 ], [ 2.414468093065204, 39.583178203564977 ], [ 2.414506621880532, 39.583212727183671 ], [ 2.414547013003949, 39.583245830227717 ] ], [ [ 2.414477689836976, 39.582916489170984 ], [ 2.414537715426956, 39.583032654068603 ], [ 2.414611017027034, 39.583108833851568 ] ], [ [ 2.414597667849915, 39.583157400034118 ], [ 2.414670849305247, 39.583247884024416 ], [ 2.414773895599253, 39.583304188899035 ], [ 2.414817947803829, 39.583341601021651 ] ], [ [ 2.414063042077815, 39.583276766136528 ], [ 2.414170571225062, 39.583386019214508 ], [ 2.414297931188281, 39.583482020594268 ], [ 2.414474409057962, 39.583599249070183 ] ], [ [ 2.414282854215775, 39.583516274078448 ], [ 2.414392945453738, 39.583614095801551 ], [ 2.414564252982817, 39.583759905981402 ], [ 2.414742891090753, 39.583913381901148 ], [ 2.414815982447332, 39.584014831847711 ] ], [ [ 2.414685530004843, 39.583993195095886 ], [ 2.414800648954375, 39.584079598593959 ] ], [ [ 2.414281537681884, 39.583672657589716 ], [ 2.414337487389869, 39.583760670781849 ], [ 2.414557542706449, 39.583971571518617 ], [ 2.414716560497886, 39.584113505463364 ] ], [ [ 2.413651614619434, 39.582961910506576 ], [ 2.413749204472681, 39.583080649490697 ], [ 2.413763863814285, 39.583095980694516 ] ], [ [ 2.413323136502321, 39.582748554088212 ], [ 2.413435047081405, 39.582922673948723 ], [ 2.413569509770739, 39.583053042365208 ], [ 2.413667453200025, 39.583129823745161 ] ], [ [ 2.413760916698628, 39.583153181627566 ], [ 2.413892900495396, 39.583285444654742 ], [ 2.414044680840084, 39.583408270790358 ], [ 2.414145010045472, 39.583494600363082 ], [ 2.414215922908285, 39.583561709328244 ], [ 2.41428442017357, 39.583623085395168 ] ], [ [ 2.41415751769375, 39.583765485162267 ], [ 2.414380230177933, 39.583953513312125 ], [ 2.414490225939337, 39.58406277761523 ], [ 2.414597933483205, 39.584151051461689 ] ], [ [ 2.414280222201789, 39.584414550580092 ], [ 2.414436598769797, 39.58457745040706 ], [ 2.414478145204504, 39.584619618307293 ], [ 2.414624936257033, 39.584750047597581 ], [ 2.414707693851706, 39.584874431707377 ], [ 2.414790499859088, 39.584993095322666 ], [ 2.41481229731489, 39.585038977725041 ], [ 2.414816456374129, 39.585130543924706 ], [ 2.41480337918046, 39.585220116728401 ], [ 2.414810019396537, 39.585309787927748 ], [ 2.414819573906127, 39.585346073006512 ], [ 2.414870932219572, 39.58539401175247 ], [ 2.414927139490694, 39.585451510553469 ] ], [ [ 2.414456062740181, 39.58546185222081 ], [ 2.414516049465294, 39.58547288221822 ], [ 2.414624650834708, 39.585565213386936 ], [ 2.414742393249603, 39.585669510297585 ], [ 2.414791418125163, 39.585701941308784 ], [ 2.414845033495436, 39.585737970726335 ], [ 2.414927607687097, 39.585811098313819 ], [ 2.414973460239294, 39.585854241908947 ], [ 2.414983883349358, 39.585897206217894 ], [ 2.415018442038741, 39.586001084020552 ] ], [ [ 2.414651760651231, 39.585455685775379 ], [ 2.414708226223421, 39.585519146335031 ], [ 2.414761791272177, 39.58556113589065 ], [ 2.414861129696301, 39.585655804325953 ], [ 2.414913134331429, 39.585700170094555 ] ], [ [ 2.414883448243443, 39.585566516831513 ], [ 2.414932262608949, 39.585623978401983 ], [ 2.415001282420919, 39.585660086209522 ], [ 2.415001132074656, 39.585677965608753 ] ], [ [ 2.414632867889091, 39.585320895644649 ], [ 2.414635291004059, 39.585216011950614 ], [ 2.414595730490291, 39.585157404802338 ], [ 2.414528954093073, 39.585037868521589 ], [ 2.414455795046182, 39.584944523789225 ], [ 2.414411512881398, 39.58489781258843 ] ], [ [ 2.414407422996849, 39.584834615838922 ], [ 2.414387758315613, 39.584791604897568 ], [ 2.414302025697769, 39.584727997563292 ], [ 2.414229865877266, 39.584699025932714 ], [ 2.414159285641276, 39.584665293938421 ], [ 2.414119566404433, 39.584625757152423 ], [ 2.414044665853476, 39.584556243888649 ], [ 2.413993942121123, 39.584542876220986 ] ], [ [ 2.41393918920762, 39.584459160545435 ], [ 2.413939721368215, 39.584395987087099 ], [ 2.413929380613922, 39.584343486525242 ], [ 2.41389891257348, 39.584302805151658 ], [ 2.413810220469349, 39.584224877675744 ], [ 2.413765939185559, 39.584178167130737 ], [ 2.413749436490397, 39.584125635464154 ], [ 2.413712757497195, 39.584090882158129 ], [ 2.413680489161817, 39.584081183680198 ], [ 2.413642048691605, 39.584072646119225 ] ], [ [ 2.413998451047126, 39.583897789564617 ], [ 2.414020087015478, 39.58396274353936 ], [ 2.414078790790915, 39.584016441263913 ], [ 2.414176686783366, 39.584098944447618 ], [ 2.414232781214371, 39.58416979277532 ], [ 2.414306031475895, 39.584252171607417 ], [ 2.414372048364624, 39.584315441707524 ] ], [ [ 2.414077241211053, 39.583907722541426 ], [ 2.414130870311976, 39.583978559390076 ], [ 2.414253076356092, 39.584101236130245 ], [ 2.414311843485528, 39.584147304983212 ], [ 2.414375412416484, 39.584208656151475 ], [ 2.414416765972953, 39.584273709420202 ] ], [ [ 2.413877489814683, 39.583920065812649 ], [ 2.413953283618667, 39.583992922033552 ], [ 2.413989675549459, 39.584061764517756 ], [ 2.414045898253196, 39.584117356338304 ], [ 2.414124205703433, 39.584184503542282 ], [ 2.414165511997743, 39.584255278240917 ], [ 2.414226582546571, 39.584320430078265 ], [ 2.414290183674103, 39.584377966467152 ] ], [ [ 2.414144221121382, 39.583856566040737 ], [ 2.414195658165378, 39.583894969825238 ], [ 2.414264203912579, 39.583950623665253 ], [ 2.414327739353246, 39.584015788778231 ], [ 2.414403647267846, 39.584075294628569 ] ], [ [ 2.414214007858706, 39.584935676078516 ], [ 2.414357105071139, 39.585139037653114 ], [ 2.414487577754766, 39.585378093945671 ] ], [ [ 2.413134748640883, 39.585042278659316 ], [ 2.413227296203064, 39.585028442085147 ], [ 2.413316440990455, 39.585052731811054 ], [ 2.41338093942408, 39.585076897047919 ], [ 2.413524997934591, 39.585165832028729 ], [ 2.413607720749836, 39.585221082051071 ], [ 2.413675039357734, 39.585276253387391 ] ], [ [ 2.413069692966467, 39.585035592370303 ], [ 2.413177303663889, 39.585135310185244 ], [ 2.413250754730565, 39.585193850173582 ], [ 2.413318181580653, 39.585236149162846 ], [ 2.413353758496719, 39.585255401008304 ], [ 2.413411551299044, 39.585270950006731 ], [ 2.413485388572858, 39.585283720073313 ], [ 2.413509979959452, 39.585290519068536 ] ], [ [ 2.413643882398854, 39.585341735735078 ], [ 2.413714885025316, 39.585398356482365 ], [ 2.413774683982841, 39.585468270411944 ], [ 2.413796529120318, 39.58550843166271 ], [ 2.413806107230404, 39.585541856152595 ] ], [ [ 2.413647228058554, 39.585090956478972 ], [ 2.413709724842026, 39.58513322946358 ] ], [ [ 2.413779495338276, 39.585189843956286 ], [ 2.413824812294106, 39.585223448740429 ], [ 2.413911546090284, 39.585314478192238 ] ], [ [ 2.413779495338276, 39.585189843956286 ], [ 2.413739140786605, 39.58515245010603 ], [ 2.413709724842026, 39.58513322946358 ] ], [ [ 2.412623639373289, 39.585084356041314 ], [ 2.412843980454839, 39.585261408598782 ], [ 2.412891849472369, 39.585284536781202 ], [ 2.412923141377338, 39.585300429670845 ], [ 2.412982018409477, 39.585333625741967 ], [ 2.413011583076077, 39.585335205937575 ] ], [ [ 2.412484818312023, 39.58510511060468 ], [ 2.412619121107056, 39.585181600026971 ], [ 2.412681634599122, 39.585221967055155 ], [ 2.412736752822678, 39.585262296674905 ], [ 2.41278439241449, 39.585312601687122 ] ], [ [ 2.412300277312907, 39.585066987151457 ], [ 2.412424807338085, 39.585206364727007 ], [ 2.412472591617223, 39.58523950586514 ], [ 2.412568269012723, 39.585292914631978 ], [ 2.412686141191208, 39.58534500465688 ] ], [ [ 2.412886326276583, 39.585062797278617 ], [ 2.412935850013669, 39.585108820116197 ], [ 2.412972447838178, 39.585153347689214 ] ], [ [ 2.412834736192331, 39.585042511079806 ], [ 2.412755791769075, 39.584977743939248 ], [ 2.412661951696415, 39.584925775456526 ], [ 2.412626949705603, 39.584911294587307 ], [ 2.412591863188362, 39.584906826492563 ] ], [ [ 2.412529858478226, 39.584806384514671 ], [ 2.412612390873569, 39.584884043948207 ] ], [ [ 2.412510479396095, 39.584693285818197 ], [ 2.412745412889079, 39.584893298659495 ] ], [ [ 2.412992453903648, 39.584973218144867 ], [ 2.413041555279837, 39.585069303063406 ] ], [ [ 2.412605937284373, 39.584553588824647 ], [ 2.412780002454084, 39.584737560004747 ], [ 2.412891833948895, 39.584848265925359 ] ], [ [ 2.412525870351686, 39.584402993072132 ], [ 2.412611930257627, 39.584500694968078 ], [ 2.412646653143382, 39.584548073057611 ] ], [ [ 2.412328320235156, 39.584154535423494 ], [ 2.412377372975301, 39.584256341064354 ], [ 2.412404520297029, 39.58432513728863 ] ], [ [ 2.412466838626077, 39.584169539827428 ], [ 2.412534737923035, 39.584228528851384 ], [ 2.412703196750427, 39.584419623333574 ], [ 2.412715990932752, 39.58443685273263 ] ], [ [ 2.413163694124364, 39.584885875255679 ], [ 2.413192997209032, 39.584918446116269 ], [ 2.413239601974029, 39.584945381857231 ], [ 2.413278844793147, 39.584968466322422 ] ], [ [ 2.413146900396194, 39.584831435448692 ], [ 2.413270820653718, 39.584896906078228 ], [ 2.413321146629231, 39.584920999786867 ] ], [ [ 2.413146900396194, 39.584831435448692 ], [ 2.413131015748139, 39.584815143785555 ], [ 2.413117516924959, 39.584808400734715 ], [ 2.413116388362698, 39.584795998582045 ], [ 2.413117726069774, 39.584783607984448 ], [ 2.413121527700822, 39.58477123073208 ], [ 2.413124072068725, 39.584761707918915 ], [ 2.413120431318962, 39.584755013755576 ], [ 2.413115534464818, 39.584751174938283 ], [ 2.413073802593767, 39.584730938634557 ], [ 2.413029590724446, 39.584712597281666 ] ], [ [ 2.412817970665749, 39.584524622622652 ], [ 2.412900128486703, 39.584573671169053 ], [ 2.413004242316921, 39.584649530970985 ] ], [ [ 2.412943912892925, 39.584496651069152 ], [ 2.41312432821158, 39.584585293575557 ], [ 2.413276504044064, 39.584661395863144 ], [ 2.413368529603964, 39.58470954060634 ], [ 2.413555204637667, 39.584786770887789 ] ], [ [ 2.413202871117583, 39.584770688238017 ], [ 2.413347757834674, 39.58483435716893 ], [ 2.413423786384068, 39.584879560314434 ] ], [ [ 2.413417948841911, 39.58498728753802 ], [ 2.413451182317914, 39.58499222267784 ], [ 2.41349064228416, 39.584989561065605 ], [ 2.413523899874332, 39.584991636418245 ], [ 2.413549731167588, 39.584997488367073 ], [ 2.413566806577371, 39.585018553363433 ], [ 2.413580089625206, 39.585051043276096 ] ], [ [ 2.413564066010328, 39.584905061262695 ], [ 2.413586264500036, 39.584903266699008 ], [ 2.413603566104696, 39.584897632433176 ], [ 2.413615953581395, 39.584890065873481 ], [ 2.413638135996496, 39.584890177810848 ], [ 2.41365284390958, 39.584899787691512 ], [ 2.413656420430595, 39.584914109684462 ], [ 2.413648945917723, 39.584923608532677 ], [ 2.413641415155352, 39.584939781069885 ], [ 2.413637541267744, 39.58496074124298 ], [ 2.413653337670083, 39.584987521351024 ], [ 2.413674102143107, 39.585009559143742 ], [ 2.413953771749805, 39.585166406779351 ], [ 2.414002334914095, 39.585253428661588 ] ], [ [ 2.413582340162368, 39.584784047043946 ], [ 2.413834871926519, 39.584943617900109 ], [ 2.413945181637432, 39.585015694928217 ], [ 2.413994913566084, 39.585110351781495 ], [ 2.41406186579948, 39.585208909531815 ], [ 2.414122552779084, 39.585319833006459 ], [ 2.414154313586132, 39.58535336931142 ], [ 2.41419081079136, 39.585409815797618 ], [ 2.414231278141827, 39.585433859409996 ], [ 2.414255885708138, 39.58543875173708 ] ], [ [ 2.414069088090367, 39.585083071229342 ], [ 2.414060775171492, 39.585045839052903 ], [ 2.414055199266043, 39.584976197799151 ], [ 2.414050350531612, 39.584966637685518 ], [ 2.414033169416593, 39.584957968679518 ], [ 2.414008521874798, 39.584957844386047 ], [ 2.413981418423724, 39.584956754405738 ], [ 2.413948249196008, 39.58494418976899 ], [ 2.413893122474376, 39.584904814874918 ] ], [ [ 2.414180434073841, 39.585032138424708 ], [ 2.414169712200613, 39.584988219236557 ], [ 2.414106433008025, 39.584892539952854 ] ], [ [ 2.412350048942352, 39.585557991653403 ], [ 2.412473800612234, 39.585643487794549 ] ], [ [ 2.412663377248049, 39.585815140197006 ], [ 2.412540567146772, 39.585763978483136 ], [ 2.412485215108492, 39.585751302181649 ] ], [ [ 2.412678431077114, 39.585637847387801 ], [ 2.412832123528485, 39.585680582645956 ], [ 2.412942803504049, 39.585708795559356 ] ], [ [ 2.412678431077114, 39.585637847387801 ], [ 2.412641669315, 39.585612867770244 ] ], [ [ 2.412693090379057, 39.58550727849385 ], [ 2.412812130604466, 39.585567003364183 ] ], [ [ 2.412806879011909, 39.585459220147854 ], [ 2.412945557446663, 39.585528579780465 ], [ 2.413005379873543, 39.585595633432682 ] ], [ [ 2.413088253881096, 39.585559815991651 ], [ 2.413235616464873, 39.58562254336578 ], [ 2.413299490193722, 39.585647659689123 ] ], [ [ 2.412890319674544, 39.585794354052801 ], [ 2.41305289627351, 39.585806618527016 ], [ 2.413198212442144, 39.585819749807875 ], [ 2.413304309475552, 39.585806934895764 ], [ 2.413412637271775, 39.585821785739064 ], [ 2.41352199729258, 39.585860482197823 ] ], [ [ 2.413479320097512, 39.58566001067814 ], [ 2.413562880504105, 39.585689040308743 ], [ 2.413639062823698, 39.585716126056774 ] ], [ [ 2.413496784359223, 39.585335090685689 ], [ 2.413570480050494, 39.585364667006111 ], [ 2.413639454855151, 39.585406138360391 ], [ 2.413682280485923, 39.585442710353149 ], [ 2.413728892842119, 39.58548704944296 ] ], [ [ 2.412254551529605, 39.586010478272073 ], [ 2.412334309991146, 39.586051886003524 ], [ 2.412410289706161, 39.586102811134374 ] ], [ [ 2.412305385439633, 39.585974498427561 ], [ 2.412472400222109, 39.586044955227329 ], [ 2.412565707336496, 39.586087385500832 ], [ 2.412805425332569, 39.586159163539598 ], [ 2.412968857740221, 39.586216251777259 ], [ 2.413019151213604, 39.586244159533358 ] ], [ [ 2.413067086482206, 39.586259659807567 ], [ 2.413154383630847, 39.586283940323689 ], [ 2.413196060143626, 39.586310852089554 ], [ 2.41322666822294, 39.586334846259028 ] ], [ [ 2.412586093270058, 39.586008339775276 ], [ 2.412864168394152, 39.586062193563549 ], [ 2.413018997346253, 39.586116376569557 ] ], [ [ 2.41318599827057, 39.586188740668085 ], [ 2.413323517751088, 39.586249511627031 ], [ 2.413371516265394, 39.586257382124423 ] ], [ [ 2.412557000591269, 39.586242778258111 ], [ 2.412833569831169, 39.586329046474994 ], [ 2.413048577698207, 39.5864083273147 ], [ 2.413224294129137, 39.586470245522513 ], [ 2.413353276343174, 39.586520483475731 ], [ 2.413437876761668, 39.586572404751728 ], [ 2.41347684720957, 39.586627910639514 ], [ 2.413547465146532, 39.58673030215035 ] ], [ [ 2.412740145432465, 39.586507374077399 ], [ 2.413015922792632, 39.586505191292879 ], [ 2.41304812175176, 39.586523234094933 ], [ 2.413101807224455, 39.586550921074789 ], [ 2.413125741392932, 39.586635673537884 ] ], [ [ 2.413221412685361, 39.584522633854462 ], [ 2.413263474194565, 39.584503774015602 ], [ 2.41329674763043, 39.584503942019644 ], [ 2.41331766463349, 39.584507861714236 ], [ 2.41334711236655, 39.58452326853218 ], [ 2.413358026625225, 39.584544302455036 ], [ 2.413357849735188, 39.58456528038338 ], [ 2.413356464996359, 39.584583392325492 ], [ 2.413346469113535, 39.584599552399133 ], [ 2.413334025376132, 39.584613793521171 ] ], [ [ 2.413378985004744, 39.58454345496596 ], [ 2.413479411463726, 39.584618342432336 ], [ 2.413615503263155, 39.584701992163332 ] ], [ [ 2.413044718581692, 39.58443114950532 ], [ 2.413126690282379, 39.584502129970843 ], [ 2.413176903318138, 39.58453957382288 ] ], [ [ 2.413111087176192, 39.584306563291527 ], [ 2.413247676530584, 39.58433109268681 ], [ 2.413439769821633, 39.584350181430729 ], [ 2.413582658145545, 39.584358530787888 ], [ 2.413645564094946, 39.584352173356095 ], [ 2.413678797277471, 39.584357109330206 ], [ 2.413693360437843, 39.584383883212659 ], [ 2.413697993279424, 39.584419189357511 ], [ 2.41372218143853, 39.584473666397479 ], [ 2.413745403993284, 39.584496670778158 ], [ 2.413815455089787, 39.584519910493263 ] ], [ [ 2.413483767709812, 39.584540168911467 ], [ 2.413606592444703, 39.584589422216204 ], [ 2.413696120908348, 39.584641368184911 ] ], [ [ 2.413416928325701, 39.584428260739038 ], [ 2.413494124136528, 39.584481097904032 ] ], [ [ 2.41350794563524, 39.584449698981963 ], [ 2.413559615857323, 39.584460449623521 ], [ 2.413711616275154, 39.584557530180732 ] ], [ [ 2.41307953767112, 39.584394135117151 ], [ 2.41318239650755, 39.584472849212084 ] ], [ [ 2.412878988808198, 39.584646778939543 ], [ 2.412918207199035, 39.584672724192849 ] ], [ [ 2.41331058752147, 39.58417804048517 ], [ 2.413382927321065, 39.584185557223847 ], [ 2.413432311129541, 39.584175078782195 ], [ 2.413449396445648, 39.584158476936395 ], [ 2.413508033430204, 39.584146853098801 ], [ 2.413560368803692, 39.584151884617107 ], [ 2.413609491358385, 39.584172396818339 ], [ 2.413688760358617, 39.584271732372756 ], [ 2.413825973749559, 39.584441688752804 ] ], [ [ 2.413369362435337, 39.583967353314335 ], [ 2.413498175347644, 39.584037139141813 ], [ 2.41358425800491, 39.584059029967591 ] ], [ [ 2.41319307983754, 39.584046326567602 ], [ 2.413300527554252, 39.584092165106007 ] ], [ [ 2.41331058752147, 39.58417804048517 ], [ 2.413169118566733, 39.584147526167733 ] ], [ [ 2.412853451496661, 39.584022042721983 ], [ 2.412898267182551, 39.58411476862203 ], [ 2.412911670456048, 39.584132954373977 ] ], [ [ 2.412590965602322, 39.583874339208577 ], [ 2.412625001014148, 39.584003246786082 ], [ 2.412642761601081, 39.584089160246307 ], [ 2.412700803192124, 39.584221049927635 ] ], [ [ 2.412590965602322, 39.583874339208577 ], [ 2.412550817764074, 39.583812628823331 ], [ 2.412508640901352, 39.583772364538156 ], [ 2.412492293657988, 39.583737952412903 ], [ 2.412492668088778, 39.583693611615914 ], [ 2.412470848421304, 39.583650589449789 ], [ 2.412452629148275, 39.583619028642779 ], [ 2.412421421493565, 39.583593123736478 ], [ 2.412386469706783, 39.58357292146767 ], [ 2.412377480324836, 39.583542837266798 ], [ 2.412357280312003, 39.583527001221995 ], [ 2.412322242844567, 39.583516810814032 ], [ 2.412244581776458, 39.583519278814293 ], [ 2.412146586646053, 39.583521643896063 ], [ 2.412043022424009, 39.583526841506455 ], [ 2.411957918988771, 39.58353499323723 ], [ 2.41192467020405, 39.583531964185937 ], [ 2.411872912261963, 39.583531702236385 ], [ 2.411748941386117, 39.583545378668113 ], [ 2.411648928953352, 39.583567758645252 ], [ 2.411499466140922, 39.583535533102754 ], [ 2.411447780798262, 39.583526688962586 ], [ 2.411246342393173, 39.583519946936946 ], [ 2.411176075282099, 39.583522451685411 ], [ 2.411151839595718, 39.583546646036289 ], [ 2.411009875316317, 39.583720434710777 ] ], [ [ 2.412097460019738, 39.583756934306557 ], [ 2.412142293819612, 39.583738089797727 ], [ 2.412170111432542, 39.583727501885825 ], [ 2.412202511458953, 39.583721706331275 ], [ 2.412230208219491, 39.58372542174169 ], [ 2.412279361448496, 39.583742358447999 ], [ 2.412328352445558, 39.583778366544124 ], [ 2.412377252889982, 39.583825101897254 ], [ 2.412438588292588, 39.58385878732846 ], [ 2.41252744948153, 39.583916453305974 ] ], [ [ 2.41204819718928, 39.583753108846075 ], [ 2.4120252014052, 39.583739880613166 ], [ 2.411988251476789, 39.583737310401339 ], [ 2.411858946930104, 39.583725927374537 ] ], [ [ 2.411882988319915, 39.583797568794338 ], [ 2.411918478348758, 39.583790596887503 ], [ 2.411953888941614, 39.58379316023268 ], [ 2.412037010645823, 39.583800732370783 ] ], [ [ 2.412434389514554, 39.58380870273038 ], [ 2.412408525172885, 39.583770427483636 ], [ 2.41237033671953, 39.583732090809633 ], [ 2.412336729588658, 39.583698544674142 ], [ 2.412293788776547, 39.583675679959605 ], [ 2.412233843080823, 39.583659880740456 ], [ 2.412183009582522, 39.583659623604795 ], [ 2.412144368113347, 39.583674924145264 ], [ 2.412108827803249, 39.583687856220862 ], [ 2.412088782120781, 39.583690138944583 ], [ 2.412014820720937, 39.583692148860735 ], [ 2.41196860874768, 39.583691915016331 ], [ 2.411919435480096, 39.583677362218758 ], [ 2.41189023855338, 39.583668869957741 ] ], [ [ 2.411789686342793, 39.583900800382573 ], [ 2.411883299590744, 39.583942994887941 ], [ 2.411917148430102, 39.583947933580468 ], [ 2.411971074418351, 39.583947014411621 ], [ 2.411995760718892, 39.583942371950791 ], [ 2.412069962962185, 39.583911755370998 ], [ 2.412119297576984, 39.583907236690557 ] ], [ [ 2.411759179207658, 39.58404726163608 ], [ 2.411653402980387, 39.583985935020792 ], [ 2.411625585194165, 39.583996521906187 ], [ 2.411578807324011, 39.584063036493426 ], [ 2.411551908168547, 39.584088503216428 ], [ 2.411512771571492, 39.584166286984129 ], [ 2.411493303848705, 39.584191220071645 ], [ 2.411479359607732, 39.584200686014405 ], [ 2.411459278468665, 39.58420714024605 ], [ 2.411416120839708, 39.58420990137693 ], [ 2.411374488602793, 39.584214458775257 ], [ 2.411275936009507, 39.584209786809183 ], [ 2.41120972827113, 39.584205876042404 ], [ 2.411166691691756, 39.584194333747554 ], [ 2.411149007651518, 39.584190667922705 ] ], [ [ 2.411105245646939, 39.584173758061745 ], [ 2.411072096978633, 39.584177166274685 ], [ 2.411001850711984, 39.584195285975277 ], [ 2.410948574267077, 39.584210511932788 ], [ 2.410838986838693, 39.584235584521359 ] ], [ [ 2.411105245646939, 39.584173758061745 ], [ 2.411331438708062, 39.584113516582413 ], [ 2.411373131390653, 39.58410180798262 ], [ 2.411398649137459, 39.584090017436878 ], [ 2.411421100958133, 39.584076422799527 ], [ 2.411437376710107, 39.584064585432465 ], [ 2.411442089029381, 39.584053881565524 ], [ 2.411442979708968, 39.584039582129876 ], [ 2.411437643918882, 39.584032999165899 ] ], [ [ 2.410604359223057, 39.584309371681591 ], [ 2.410537618670117, 39.584331919453192 ], [ 2.410463641564383, 39.584335834892393 ], [ 2.410411858795235, 39.584338432953821 ], [ 2.410378573329931, 39.584339694907889 ], [ 2.410302783473966, 39.584339310313247 ], [ 2.410258346274777, 39.584347667161666 ], [ 2.410174714833901, 39.584400166833468 ], [ 2.410146780285766, 39.584424342194382 ], [ 2.410124391865509, 39.584448545702628 ] ], [ [ 2.410551037427144, 39.584493622558767 ], [ 2.410669598509511, 39.584464185184849 ], [ 2.410771593736187, 39.584426081321524 ], [ 2.410923438925625, 39.584395382515304 ], [ 2.411064218244943, 39.584361766636782 ], [ 2.411145819450212, 39.584330711503007 ], [ 2.411273513082351, 39.584314193792203 ] ], [ [ 2.410665283535721, 39.584537113872969 ], [ 2.410776388813813, 39.584514790999769 ], [ 2.410855911091039, 39.58451090257541 ], [ 2.410887263904731, 39.584519643899085 ] ], [ [ 2.4097329248172, 39.584396970208019 ], [ 2.409944921595038, 39.5843942328137 ], [ 2.410050903809075, 39.584394770931901 ] ], [ [ 2.411204954050276, 39.583765146119092 ], [ 2.411090177310177, 39.583784590011675 ] ], [ [ 2.411209079304517, 39.583823813656807 ], [ 2.411133954260139, 39.583854186235605 ] ], [ [ 2.411322806437983, 39.583855619765735 ], [ 2.411289303361472, 39.583882627984082 ], [ 2.411244376353331, 39.583948913940866 ], [ 2.411234161429034, 39.583954583763315 ], [ 2.411224851729538, 39.583962403538315 ], [ 2.411202681728565, 39.583960860358573 ], [ 2.411198079484731, 39.58395869167186 ] ], [ [ 2.411518856089906, 39.583625365486611 ], [ 2.411432673804102, 39.583615392433671 ], [ 2.411361732986148, 39.583624569658177 ], [ 2.411302975070601, 39.583650495748991 ], [ 2.411290289030068, 39.583693343321826 ] ], [ [ 2.411103344977555, 39.583484690120393 ], [ 2.411172977184413, 39.583448091497431 ], [ 2.411211507779292, 39.583445902595351 ], [ 2.411299129477171, 39.58346780291113 ], [ 2.411398924065445, 39.583507644081038 ] ], [ [ 2.411053991585644, 39.583491592416685 ], [ 2.411033996381372, 39.583487914860605 ], [ 2.411007728132998, 39.583497318283293 ], [ 2.410879127006397, 39.583584874198117 ] ], [ [ 2.41121788047906, 39.583420903201109 ], [ 2.411137971499488, 39.58339784983847 ], [ 2.411068692450319, 39.583392731357648 ], [ 2.410986910047295, 39.58340900402893 ], [ 2.410935954470058, 39.583423050578581 ] ], [ [ 2.41101104124433, 39.583469918350019 ], [ 2.410975763196332, 39.583451860271822 ], [ 2.410901984857832, 39.583432414035428 ], [ 2.410886409356559, 39.583452598473336 ], [ 2.410875423924844, 39.583476383293458 ], [ 2.410882884251577, 39.583505029012045 ], [ 2.410904278669075, 39.583525401777038 ], [ 2.41091492988635, 39.583540951792735 ] ], [ [ 2.411510065779617, 39.583480791173898 ], [ 2.411633370217796, 39.583473071075232 ], [ 2.411665365828265, 39.583514953750665 ], [ 2.411674517022353, 39.583525727819335 ] ], [ [ 2.411179803846794, 39.583369453923453 ], [ 2.411353800198786, 39.583378679968781 ], [ 2.411404614487496, 39.58338132060998 ], [ 2.411452477669978, 39.583368451163643 ], [ 2.411503361354741, 39.583362749419578 ], [ 2.411561917334053, 39.583360661816911 ], [ 2.41164051891137, 39.583356291541058 ], [ 2.411689792680471, 39.583358925158507 ] ], [ [ 2.41154217417478, 39.583327185656366 ], [ 2.411354354856878, 39.583313122488512 ], [ 2.411226672408561, 39.583292211311054 ], [ 2.411095868660492, 39.583276053359072 ], [ 2.411009786610423, 39.583254160694032 ], [ 2.410968267088248, 39.583245606642315 ], [ 2.410952801489568, 39.58325267976921 ], [ 2.410896842161776, 39.583311996023383 ], [ 2.410854978289295, 39.583343967889157 ] ], [ [ 2.411624864719984, 39.583203637124171 ], [ 2.411775845017761, 39.583202017357564 ], [ 2.411823598333104, 39.583202259079691 ], [ 2.411868410536989, 39.583185797805449 ] ], [ [ 2.411302293759792, 39.583275907257416 ], [ 2.411399309580402, 39.583279974027491 ], [ 2.4115163709892, 39.583281758995277 ], [ 2.411681134213023, 39.583289745719313 ], [ 2.411753503129077, 39.583293688306988 ] ], [ [ 2.411856731408117, 39.583291826691237 ], [ 2.412035480145381, 39.583285578848347 ] ], [ [ 2.412167925347286, 39.583289825140348 ], [ 2.412243324966017, 39.583299742207657 ], [ 2.412306319998089, 39.583319133056875 ], [ 2.412363053526749, 39.583350412014809 ] ], [ [ 2.411692130963616, 39.583082393681188 ], [ 2.411955772213548, 39.583056312320451 ], [ 2.412071544571796, 39.583028290234523 ], [ 2.412116317489371, 39.583016596047592 ], [ 2.412165630151459, 39.583014462277077 ], [ 2.41219792798955, 39.583020585112315 ], [ 2.412242449141389, 39.583038690474709 ], [ 2.412306814448967, 39.583078351658109 ], [ 2.412374380468565, 39.583103725943005 ] ], [ [ 2.411201971988045, 39.58320745453392 ], [ 2.411256766774256, 39.583194620290115 ], [ 2.411390984178599, 39.583171460619084 ], [ 2.411562061529833, 39.58316159843222 ], [ 2.41161756656543, 39.583155920039687 ] ], [ [ 2.411201971988045, 39.58320745453392 ], [ 2.411147256719838, 39.583210753489226 ], [ 2.411033145282304, 39.583224479121377 ] ], [ [ 2.411692130963616, 39.583082393681188 ], [ 2.411495018856947, 39.583074243146875 ], [ 2.411324013476472, 39.583075761104254 ], [ 2.411228528367585, 39.583072893197489 ], [ 2.411188437302255, 39.583077458340441 ], [ 2.411105012737004, 39.583105643483975 ], [ 2.411090564217059, 39.583174705863094 ] ], [ [ 2.411059073581307, 39.58307322655066 ], [ 2.410873387332765, 39.583171221768303 ], [ 2.410680179775719, 39.583247721267767 ], [ 2.410567416829049, 39.58328410172485 ], [ 2.410517951285106, 39.583304114201511 ] ], [ [ 2.411981141519592, 39.583007329722115 ], [ 2.411947363656979, 39.582994046911431 ], [ 2.411905732181056, 39.582998604506727 ], [ 2.411836303493623, 39.583011364988039 ], [ 2.411768514890193, 39.583012213922338 ], [ 2.411654545005912, 39.583009252791541 ], [ 2.411520721177355, 39.58298592760169 ], [ 2.41139321070384, 39.582944753174289 ], [ 2.411322644876139, 39.582909828357387 ], [ 2.411258300464518, 39.582867782593432 ], [ 2.411224653937032, 39.58283900421759 ], [ 2.411204810217166, 39.582817447295952 ], [ 2.411189547644536, 39.582800681867873 ], [ 2.411154209363521, 39.582789775061705 ], [ 2.411132643593191, 39.582789665776588 ], [ 2.41101047720648, 39.582845070347595 ], [ 2.410928542885825, 39.582879223274034 ], [ 2.410863715451418, 39.582894390641478 ], [ 2.410806559038458, 39.58291317217985 ], [ 2.410783119617553, 39.582952389865966 ], [ 2.410731569894815, 39.583036760088866 ], [ 2.410667786890373, 39.583110340508988 ], [ 2.410579358016729, 39.58318379588188 ], [ 2.410548337039496, 39.583208670211867 ], [ 2.410537312307389, 39.583237222183598 ], [ 2.410544821793585, 39.583259908721125 ] ], [ [ 2.411110733628237, 39.582768312814466 ], [ 2.411083358144478, 39.582726693073283 ], [ 2.41105869341768, 39.582692238588791 ], [ 2.411043144545055, 39.582672848773768 ], [ 2.41100337841068, 39.582675508006858 ], [ 2.410961745046601, 39.582680304029495 ], [ 2.410917918648447, 39.582725854501277 ], [ 2.41085921959725, 39.582781341867381 ], [ 2.410823879912773, 39.582806910701258 ], [ 2.410810735238519, 39.582831160317198 ], [ 2.410809459441215, 39.58287263575258 ] ], [ [ 2.410730149868932, 39.582424041959321 ], [ 2.4107604015585, 39.582453518687693 ], [ 2.41076373509755, 39.582496447442701 ], [ 2.410755638635414, 39.582579369298635 ], [ 2.410687470226446, 39.582770697436224 ], [ 2.410612410351999, 39.582902628507533 ], [ 2.410525237804041, 39.583045941240648 ], [ 2.410426001084235, 39.58314034392162 ], [ 2.410331435716289, 39.583239849361277 ], [ 2.41023938411178, 39.583304464945407 ] ], [ [ 2.41068837846865, 39.58212881012539 ], [ 2.410737105043081, 39.582195809601046 ], [ 2.410745298087668, 39.582319819323374 ], [ 2.410744652032429, 39.582396103183726 ] ], [ [ 2.41080210461099, 39.582160378867457 ], [ 2.410857275847135, 39.58219403478347 ], [ 2.410939487291666, 39.582308883172452 ], [ 2.410942285702028, 39.582342273544072 ], [ 2.410947014680532, 39.582511561683113 ], [ 2.410919024653522, 39.582542411835163 ], [ 2.410829076468614, 39.582613475563633 ], [ 2.41080426827628, 39.58263242111061 ] ], [ [ 2.410481723333825, 39.582156370709725 ], [ 2.410483511611831, 39.582308954957838 ], [ 2.410476583290177, 39.582399511796353 ] ], [ [ 2.410558843718028, 39.582144841221137 ], [ 2.410542612023464, 39.5822425033003 ], [ 2.410541501225598, 39.582373617364162 ], [ 2.410543673359475, 39.582480908461591 ], [ 2.410524724133461, 39.582535643995797 ], [ 2.410474846198257, 39.582604526570606 ] ], [ [ 2.410595460827547, 39.582550306760567 ], [ 2.410554784340566, 39.582624004324934 ], [ 2.410513704977216, 39.582745379962851 ], [ 2.410469846301326, 39.582830981159127 ], [ 2.410366785393167, 39.582994954117943 ], [ 2.410282653402825, 39.583106574632204 ], [ 2.410220734854187, 39.583142020704436 ] ], [ [ 2.409554356144966, 39.582521181753449 ], [ 2.409584839929731, 39.582559480209007 ], [ 2.409587597244826, 39.582597637783977 ], [ 2.409540354241267, 39.58271898175726 ], [ 2.409414875644515, 39.582982967596926 ], [ 2.409367044030209, 39.58317344409798 ], [ 2.409348012728906, 39.583237715579955 ], [ 2.409368667953612, 39.583345100627184 ], [ 2.409413727406318, 39.58348121669809 ], [ 2.409419544270817, 39.583521774863272 ], [ 2.409419200266003, 39.583562300815061 ] ], [ [ 2.409600221709886, 39.583651428519886 ], [ 2.409604152371748, 39.583551320861027 ], [ 2.409598738817237, 39.583463085530241 ], [ 2.409577638144343, 39.583408145769475 ], [ 2.409553437414091, 39.583355575294846 ], [ 2.409526417557837, 39.583271998452389 ], [ 2.409554651265263, 39.583212541984011 ], [ 2.409595307764143, 39.583141228820509 ], [ 2.409608056596172, 39.583091229325291 ], [ 2.409676440804137, 39.583020057005832 ], [ 2.409726300774627, 39.582953557930566 ], [ 2.409757634226587, 39.582891733914103 ], [ 2.409767463690322, 39.582822647337579 ] ], [ [ 2.409965801261017, 39.583178025805722 ], [ 2.409902297582192, 39.583254944657682 ], [ 2.409849860449035, 39.583334780467069 ], [ 2.409841944774378, 39.583396247691773 ], [ 2.409843246713961, 39.583460622518963 ] ], [ [ 2.409972891962251, 39.583213822131036 ], [ 2.410002297974073, 39.583233996967238 ], [ 2.410003916593822, 39.583261182236569 ], [ 2.409983145951707, 39.583312570987964 ], [ 2.409915969434891, 39.583386611307837 ] ], [ [ 2.410269845346784, 39.582856299099383 ], [ 2.41022079065378, 39.582973343417805 ], [ 2.410183214730575, 39.583044672440359 ], [ 2.410158407787255, 39.583136091793939 ] ], [ [ 2.41010525733561, 39.582864046060422 ], [ 2.410097002383494, 39.582965562642826 ], [ 2.41007785053792, 39.583044137585134 ], [ 2.410069935108404, 39.58310560392917 ] ], [ [ 2.410045140700039, 39.581178970584766 ], [ 2.410098588244841, 39.581197837511404 ], [ 2.41019420978393, 39.581256968649157 ], [ 2.410267031938234, 39.58138893551444 ], [ 2.410325345629341, 39.581487928266569 ], [ 2.410334006577182, 39.581556632089743 ] ], [ [ 2.410024359761633, 39.581231790156899 ], [ 2.410094188035992, 39.581280778101956 ], [ 2.410271401917808, 39.581527705582559 ], [ 2.410314964509664, 39.581622333641086 ], [ 2.410318067423968, 39.581692438302476 ], [ 2.410268322637967, 39.581891011238717 ], [ 2.410224195101537, 39.582081030285543 ] ], [ [ 2.40997165996308, 39.580906822387924 ], [ 2.409906727020356, 39.581152520670656 ], [ 2.409921077810856, 39.581204087776236 ], [ 2.409992426361889, 39.581291704625968 ], [ 2.410140804460709, 39.581451232230513 ] ], [ [ 2.410067109321922, 39.581422250217166 ], [ 2.410182264347247, 39.58157588751537 ], [ 2.410199366604682, 39.581739039375641 ], [ 2.410180591108032, 39.581773273561488 ], [ 2.410106385135461, 39.581804365578606 ], [ 2.410087512559825, 39.581850042417372 ], [ 2.410050609764142, 39.582060123606894 ] ], [ [ 2.410451713676743, 39.582063590127682 ], [ 2.410478888827036, 39.581910675264965 ] ], [ [ 2.413082172027258, 39.582741246259879 ], [ 2.413133801366516, 39.58282971486689 ], [ 2.413166905806907, 39.582922857281332 ], [ 2.413181265260426, 39.583046897967925 ], [ 2.413229753622885, 39.583142503092077 ], [ 2.413293948719717, 39.58320242717452 ], [ 2.413352243211576, 39.583231329390422 ], [ 2.413425981850409, 39.583255541254943 ] ], [ [ 2.413323544934403, 39.5829808649247 ], [ 2.413338285442686, 39.58305961062166 ], [ 2.413396358738191, 39.583114736358716 ], [ 2.413503625469214, 39.58318202927444 ], [ 2.413558959583304, 39.583196612495158 ], [ 2.413626737146871, 39.583196954531886 ], [ 2.413672909787655, 39.583201955801329 ] ], [ [ 2.413168815941764, 39.58269638785702 ], [ 2.413318528730271, 39.582844951617588 ], [ 2.413419050124202, 39.582981347069193 ], [ 2.41344325482308, 39.583033916768677 ] ], [ [ 2.412826485155476, 39.582737570403204 ], [ 2.412878316493622, 39.582802200526338 ], [ 2.412948631576924, 39.582866923106081 ], [ 2.412994320077733, 39.582929138000893 ], [ 2.41303944671201, 39.583058101506438 ], [ 2.413103138836715, 39.583177623095516 ], [ 2.413161010971963, 39.583256587548746 ], [ 2.413240809910734, 39.583292749943901 ] ], [ [ 2.413212781526231, 39.583328368735891 ], [ 2.413323309170964, 39.583374222809034 ], [ 2.413479929352905, 39.58343461338486 ], [ 2.413587275859393, 39.583492370957828 ], [ 2.413623864067354, 39.583537851584687 ], [ 2.413663593624698, 39.583576195625547 ], [ 2.413703303127968, 39.583616924594232 ] ], [ [ 2.413175268779075, 39.583392547523452 ], [ 2.413307101155192, 39.583469500339199 ], [ 2.413436073867715, 39.583520215714429 ], [ 2.413521956083311, 39.583565945189818 ], [ 2.413610918276238, 39.583611690144252 ], [ 2.413647506561522, 39.583657170763324 ], [ 2.413693156027271, 39.583724152562908 ], [ 2.413726624374788, 39.583774385697645 ], [ 2.413787778451387, 39.583829525876965 ], [ 2.413864317743221, 39.583887127771654 ] ], [ [ 2.41251204276583, 39.582759820705142 ], [ 2.412597962516135, 39.582800783672752 ], [ 2.412711348563836, 39.582872876537408 ], [ 2.412796988068789, 39.582947213224678 ], [ 2.412830434122802, 39.582999829749966 ], [ 2.412836193757981, 39.583047538987387 ] ], [ [ 2.412325824623743, 39.582920990821322 ], [ 2.412442573419223, 39.582959725670435 ], [ 2.412543656846246, 39.583029372348101 ], [ 2.412607529229166, 39.583127438743581 ], [ 2.412677703508235, 39.583208849764496 ] ], [ [ 2.412801016238274, 39.583199937296968 ], [ 2.412831342327156, 39.583257306337465 ], [ 2.412898536570783, 39.583326781457238 ] ], [ [ 2.412969396433009, 39.583327139450788 ], [ 2.413018186381372, 39.583386985858311 ], [ 2.413067217740415, 39.583418225565858 ], [ 2.413119492201932, 39.583430409399455 ], [ 2.413168724706086, 39.583437810464972 ] ], [ [ 2.413533267749627, 39.583320450998272 ], [ 2.413653219467539, 39.583344895945757 ], [ 2.413745322751655, 39.58338350422293 ], [ 2.413834124184721, 39.583448320429731 ], [ 2.41390752182657, 39.583513058876306 ], [ 2.413938029696133, 39.58354897216973 ] ], [ [ 2.412826098281134, 39.582053361109772 ], [ 2.412776483347983, 39.582091254867663 ], [ 2.412732688235079, 39.582169704829866 ], [ 2.412716721166045, 39.58223637651087 ], [ 2.412725360423297, 39.582307939932527 ] ], [ [ 2.412389413441001, 39.581593426320289 ], [ 2.412262578394389, 39.581654768973969 ], [ 2.412181613742451, 39.581756871251528 ], [ 2.41206623466134, 39.58192078344829 ], [ 2.412003975592126, 39.581996756474332 ], [ 2.411978946316692, 39.58204192581978 ] ], [ [ 2.411953534199101, 39.582132389219929 ], [ 2.41194157419098, 39.582089415938533 ], [ 2.411961247488051, 39.58194886011708 ], [ 2.411990485891253, 39.581770208215914 ], [ 2.412022280137602, 39.58165355333125 ], [ 2.412044449889584, 39.581582145740647 ], [ 2.412047792703, 39.581551170605373 ] ], [ [ 2.413422088071764, 39.581524739810554 ], [ 2.413282871155883, 39.581593172604769 ], [ 2.413162198768413, 39.581654547357921 ], [ 2.413032224165307, 39.581723027424495 ], [ 2.412948560599876, 39.581779820603096 ] ], [ [ 2.413429235611689, 39.581773188938293 ], [ 2.413340329033562, 39.581794195599379 ], [ 2.413264324801145, 39.58181955897652 ], [ 2.413195631047325, 39.581854972438336 ], [ 2.413126911938146, 39.581893245620684 ] ], [ [ 2.413091333401364, 39.581947420949568 ], [ 2.413052322182017, 39.581970110232234 ], [ 2.413009698487098, 39.581982768937095 ], [ 2.412920610482519, 39.582025230738317 ] ], [ [ 2.412509313658856, 39.58210693492039 ], [ 2.412484022982749, 39.582183095099118 ], [ 2.412463081946708, 39.582291460479404 ] ], [ [ 2.412304664044975, 39.582079676321101 ], [ 2.412259549437612, 39.582131895668724 ], [ 2.4122298295147, 39.58218538493901 ], [ 2.412215310656899, 39.582262791613566 ] ], [ [ 2.411903024381241, 39.582528338187558 ], [ 2.411894892997664, 39.582615551584617 ], [ 2.411913002947948, 39.582659985936012 ], [ 2.41194239721102, 39.582681590168967 ], [ 2.412036404118588, 39.582713534557818 ], [ 2.412077022250405, 39.582719461652125 ], [ 2.412108409506184, 39.58272391208704 ] ], [ [ 2.414994436550694, 39.582682473376551 ], [ 2.415058571473699, 39.582749547713789 ], [ 2.415234756262441, 39.582864866078971 ], [ 2.415349755786498, 39.582928620898045 ] ], [ [ 2.41530313034309, 39.583160825733835 ], [ 2.415373499297126, 39.583219587665475 ], [ 2.415382946016288, 39.583237522564922 ], [ 2.415462185305923, 39.583340432992209 ], [ 2.415509147681755, 39.583434837421002 ] ], [ [ 2.415314903457872, 39.583226445273034 ], [ 2.415233762196173, 39.583166437025682 ], [ 2.415129766348201, 39.583076513718154 ], [ 2.415059387723415, 39.583018943660647 ], [ 2.415005714191159, 39.582990065562278 ] ], [ [ 2.415428324854911, 39.58311139223423 ], [ 2.415469495539109, 39.583161662721018 ], [ 2.41549254530115, 39.583210658082422 ], [ 2.415547409268498, 39.583281261724721 ], [ 2.415614466102538, 39.583367422681469 ] ], [ [ 2.415252079019985, 39.583003225383152 ], [ 2.415326947918496, 39.583076313939721 ] ], [ [ 2.414694872541242, 39.582950355808094 ], [ 2.41460775182199, 39.582868861527842 ], [ 2.414583486125305, 39.582823443285427 ], [ 2.414539246492924, 39.582771964049442 ] ], [ [ 2.41432570228664, 39.582702944408787 ], [ 2.414425196591126, 39.582778541802035 ], [ 2.414526110083986, 39.582868450211429 ] ], [ [ 2.414962472345375, 39.582453448315093 ], [ 2.414995999984864, 39.582496528967589 ], [ 2.415060114689668, 39.582565988247197 ] ], [ [ 2.413439861076057, 39.582090319089325 ], [ 2.41339781832662, 39.582107271604031 ], [ 2.413358175081318, 39.582131864391229 ], [ 2.413340730590045, 39.582154662646396 ], [ 2.413338120863282, 39.582171814213851 ], [ 2.413347770673508, 39.582196656749495 ], [ 2.413389395431858, 39.58222928977883 ] ], [ [ 2.414013502836815, 39.581910201057077 ], [ 2.413907106647454, 39.581959252112775 ], [ 2.413821643826776, 39.582010315262565 ] ], [ [ 2.415022343557585, 39.580682400236945 ], [ 2.414802290830257, 39.580765208512432 ], [ 2.41456993116182, 39.580846047773925 ], [ 2.414466146392853, 39.580877947764094 ], [ 2.414263296637709, 39.580966563277642 ] ], [ [ 2.41524040837332, 39.580836073926655 ], [ 2.415126813346494, 39.580862202656505 ], [ 2.414820500474973, 39.580944577668802 ], [ 2.4145957906803, 39.580994940095067 ], [ 2.41443034276261, 39.58103225007298 ] ], [ [ 2.414661419738248, 39.581103980763892 ], [ 2.41497759102617, 39.581021655807646 ], [ 2.415100948870299, 39.581007019530695 ] ], [ [ 2.414559068895728, 39.580672438077322 ], [ 2.414371328281845, 39.580722986320644 ] ], [ [ 2.414075884388645, 39.580685260914187 ], [ 2.414150062168873, 39.580657026998146 ], [ 2.414182278501685, 39.58063620967792 ], [ 2.414246678987896, 39.58059839073826 ], [ 2.41429600193228, 39.580594824363089 ] ], [ [ 2.41501237806215, 39.580401991606763 ], [ 2.414951004340571, 39.580373074710863 ], [ 2.414886877066674, 39.580378473416047 ], [ 2.414766081471891, 39.580381680109078 ], [ 2.414709268796481, 39.580396651225541 ], [ 2.414672059843789, 39.58042507172182 ], [ 2.414622480336025, 39.580459151472787 ] ], [ [ 2.412583045061937, 39.581640679836511 ], [ 2.412487167321532, 39.581611587218809 ], [ 2.412351639328693, 39.581680991742083 ] ], [ [ 2.413042631749289, 39.581504253381759 ], [ 2.412933260335272, 39.58154089116006 ], [ 2.412835050742654, 39.58156900286307 ], [ 2.412801694212152, 39.581578847528235 ], [ 2.412779452502469, 39.581585886660257 ], [ 2.41276815660039, 39.581610146748467 ], [ 2.412773544432556, 39.581628768664821 ] ], [ [ 2.412928380732219, 39.581681046154138 ], [ 2.412769159445483, 39.581710279490203 ], [ 2.412695136936403, 39.581719918611704 ], [ 2.412672858945927, 39.581731249176137 ] ], [ [ 2.412801671060292, 39.581800559138678 ], [ 2.412766623481128, 39.581791799658326 ], [ 2.412722224419133, 39.581795866013515 ], [ 2.412694195218829, 39.581831484686212 ], [ 2.412675432996753, 39.581864288498807 ] ], [ [ 2.412676968108803, 39.581901487436085 ], [ 2.412639974862471, 39.581904161245816 ], [ 2.412621380478801, 39.581916940363762 ], [ 2.41261001201593, 39.581949782439807 ] ], [ [ 2.412373503699876, 39.58157263013873 ], [ 2.412372742261568, 39.581553316176304 ], [ 2.412361790514682, 39.581536810571563 ], [ 2.412344357415992, 39.581521703935657 ], [ 2.412317609043311, 39.581515131657731 ], [ 2.412288958444855, 39.58151498675727 ], [ 2.412257456934936, 39.581524125225179 ], [ 2.412237951313725, 39.581535469728905 ], [ 2.41223326345725, 39.58154331296646 ], [ 2.412224794125001, 39.581561150294384 ], [ 2.412222789187449, 39.581579734841888 ], [ 2.412225410527884, 39.581597628268021 ], [ 2.412234483021349, 39.581617699692515 ], [ 2.412252884077656, 39.581627805983182 ], [ 2.412274074484005, 39.581635780110055 ] ], [ [ 2.411998921644779, 39.581529968818906 ], [ 2.411947564700072, 39.581591693032877 ], [ 2.411919244202625, 39.581661877405864 ], [ 2.411915377454163, 39.581754833981122 ], [ 2.411914450606865, 39.581864492626913 ] ], [ [ 2.411710445938021, 39.581571563862767 ], [ 2.411786608677941, 39.581308755774998 ], [ 2.411816909167488, 39.581223085426949 ], [ 2.411891410808296, 39.581156711020803 ], [ 2.411980748129888, 39.581084689156441 ], [ 2.412050175669389, 39.581035453715366 ], [ 2.412144490930278, 39.58095773532748 ] ], [ [ 2.413891508098958, 39.582710930602808 ], [ 2.413877882524685, 39.582792394849143 ], [ 2.413877460790865, 39.582842457001348 ], [ 2.413915952984607, 39.582881271366801 ], [ 2.414009756288057, 39.582937530300946 ] ], [ [ 2.409806475690097, 39.583004584479049 ], [ 2.409804959480247, 39.583037952958641 ], [ 2.40979603432033, 39.583073190399674 ], [ 2.409771007264813, 39.583117882620009 ], [ 2.409743564841497, 39.58315684098622 ], [ 2.409700888352285, 39.583248169467552 ] ], [ [ 2.408438483566075, 39.583735475038495 ], [ 2.408338274563296, 39.583925684427037 ], [ 2.408247287873011, 39.584118324827649 ], [ 2.408153746887715, 39.584248968078768 ], [ 2.40801613996141, 39.584489050939219 ], [ 2.40798160144219, 39.584565162979679 ], [ 2.407953690423196, 39.58458647624068 ], [ 2.407807895223874, 39.584702549908414 ], [ 2.407680746059934, 39.58479964531174 ] ], [ [ 2.407978058515299, 39.583895241863097 ], [ 2.407971450152849, 39.583947656595583 ], [ 2.407892826030536, 39.584135591418423 ], [ 2.40786767273899, 39.584195063166469 ], [ 2.407857942634536, 39.584252229362697 ] ], [ [ 2.408007166023923, 39.583733278470312 ], [ 2.407922725050372, 39.583880655991074 ], [ 2.407872761246745, 39.583959073551412 ] ], [ [ 2.407875808563652, 39.583239122582327 ], [ 2.407905094767019, 39.583418071598686 ], [ 2.407900755914914, 39.583565857238391 ], [ 2.407881439117442, 39.583663502291294 ], [ 2.407831354849677, 39.58375622316904 ], [ 2.407765702933428, 39.583867936008645 ], [ 2.407706314359486, 39.583967760929632 ] ], [ [ 2.408005486759584, 39.583206407129161 ], [ 2.408010756289157, 39.58331132988787 ], [ 2.408006945056783, 39.583397134153088 ] ], [ [ 2.408193680177837, 39.583176373700638 ], [ 2.408196010921739, 39.583264593396493 ] ], [ [ 2.408164877533079, 39.583302578391624 ], [ 2.40817673517806, 39.583357471332121 ], [ 2.408188084739242, 39.583471960710817 ] ], [ [ 2.408704064013777, 39.583662922888536 ], [ 2.408715860202501, 39.583724966981748 ], [ 2.408712273834297, 39.583784548659096 ], [ 2.408699767352603, 39.583805941389215 ] ], [ [ 2.408297151308787, 39.583327092522879 ], [ 2.408342126389156, 39.583472745140377 ] ], [ [ 2.408612509313766, 39.583197578242142 ], [ 2.408602720348241, 39.583261895735916 ], [ 2.408623393527325, 39.583366896862508 ] ], [ [ 2.408862582396861, 39.583136866601308 ], [ 2.408922275011392, 39.583363650174185 ], [ 2.408945989222762, 39.583473434093122 ], [ 2.40897037295208, 39.583504550152973 ] ], [ [ 2.409134585312014, 39.583033354087341 ], [ 2.409186695661346, 39.583064611085668 ], [ 2.409201613678995, 39.583121902726148 ], [ 2.40918552154187, 39.583202877214553 ], [ 2.409160591228439, 39.583236125734018 ], [ 2.409110812668095, 39.583293088409754 ], [ 2.409079397456901, 39.583364449296695 ], [ 2.409057365815182, 39.583419168904911 ], [ 2.40906912179069, 39.583485980142711 ] ], [ [ 2.408909123116298, 39.583823693713001 ], [ 2.408831554978144, 39.583887667322323 ], [ 2.408741602924793, 39.583958729389586 ], [ 2.408654912923331, 39.584008352518545 ], [ 2.408614599426804, 39.58403913938912 ] ], [ [ 2.408194870603242, 39.584485193062847 ], [ 2.408132787522941, 39.584539709396502 ], [ 2.408070480080791, 39.584620447399303 ], [ 2.408033124173329, 39.584665553073229 ] ], [ [ 2.407992788568812, 39.584698723751188 ], [ 2.407952594934402, 39.584715207053883 ], [ 2.407887429225043, 39.5847697066461 ], [ 2.407837831129107, 39.584805214211634 ] ], [ [ 2.407578747036444, 39.585199636634627 ], [ 2.407535188868341, 39.585249477901428 ], [ 2.407503851188698, 39.585311302165898 ] ], [ [ 2.407413611650612, 39.585415737878471 ], [ 2.407360931744233, 39.585451229518448 ], [ 2.407292927489074, 39.585477106407801 ], [ 2.407240369352992, 39.585498293771252 ], [ 2.407175364856214, 39.585533722455217 ], [ 2.407082348183206, 39.585602383433447 ], [ 2.407011080847458, 39.585649699868249 ], [ 2.406970845787718, 39.585670950895995 ], [ 2.406906145846704, 39.585670620679643 ] ], [ [ 2.406907263625684, 39.585539506776442 ], [ 2.406857705140992, 39.585570244936896 ], [ 2.406780255131559, 39.58561991381071 ] ], [ [ 2.406312096248526, 39.585600834754949 ], [ 2.406200552415782, 39.585674168644182 ], [ 2.406126203295182, 39.585721468785572 ] ], [ [ 2.4065744027026, 39.585552111292927 ], [ 2.406484831445079, 39.585577877564496 ], [ 2.406394935836562, 39.585641785651063 ], [ 2.406335808209407, 39.5857106200462 ], [ 2.406283269948212, 39.585729423837059 ], [ 2.406202819629515, 39.585769540432494 ] ], [ [ 2.407780699642223, 39.586087512229902 ], [ 2.407885655311556, 39.586064206596141 ], [ 2.407913362897258, 39.586066731921861 ] ], [ [ 2.40806131002905, 39.586060334163022 ], [ 2.408172244142154, 39.586058515086137 ] ], [ [ 2.407695083181812, 39.58601078786598 ], [ 2.407898729397263, 39.585976065434167 ] ], [ [ 2.408068444758752, 39.58594593808327 ], [ 2.408238058580601, 39.585927730668317 ], [ 2.408315082124181, 39.585928122895652 ] ], [ [ 2.408209499326078, 39.58602532866707 ], [ 2.40836691159396, 39.585992754081225 ], [ 2.408468683279438, 39.585981352409746 ] ], [ [ 2.409167592385747, 39.586039740736204 ], [ 2.409334367927867, 39.5859929085061 ], [ 2.409427160320794, 39.585950468327873 ] ], [ [ 2.409012572961597, 39.586153383940747 ], [ 2.409222320504044, 39.586125842641309 ], [ 2.409370752244982, 39.586062229014289 ] ], [ [ 2.409771012379587, 39.586095254826567 ], [ 2.409894736155102, 39.586038667444278 ] ], [ [ 2.408745014955673, 39.58573243936852 ], [ 2.408954822082304, 39.585697747330094 ], [ 2.409056736158698, 39.585669657783683 ] ], [ [ 2.408368655106485, 39.585787739504788 ], [ 2.408223647743548, 39.585810841610737 ], [ 2.408053790794451, 39.585857655648887 ] ], [ [ 2.409508234872221, 39.58213386402997 ], [ 2.409419401342666, 39.582254996610999 ], [ 2.409404718626511, 39.582351474327005 ], [ 2.409421898144914, 39.58250532887633 ], [ 2.409407640321622, 39.582551744474038 ], [ 2.409369819796373, 39.582651679892798 ] ], [ [ 2.408922927619055, 39.581944936913686 ], [ 2.40883433637694, 39.582037462380811 ], [ 2.40877830535124, 39.582105120855907 ], [ 2.408741001918671, 39.582144266693405 ], [ 2.408731120899771, 39.582219312380154 ], [ 2.408748541984227, 39.582344561259603 ], [ 2.408756630210199, 39.582480490384988 ] ], [ [ 2.408668857455364, 39.582476467546371 ], [ 2.408709597407571, 39.582576802502381 ], [ 2.408722761716874, 39.582659117870811 ], [ 2.408713155264607, 39.582701980836163 ], [ 2.408680290604703, 39.582762605609297 ], [ 2.408591696830753, 39.582855129961352 ] ], [ [ 2.408798753474703, 39.582526715214613 ], [ 2.408842112120138, 39.582645182383125 ], [ 2.408841431557959, 39.582725281035188 ], [ 2.408796533377081, 39.582787989989029 ], [ 2.408726826269235, 39.582869644923058 ], [ 2.40864954793618, 39.582972240107772 ] ], [ [ 2.408943109235973, 39.582071629756754 ], [ 2.408905573005955, 39.582138191194289 ], [ 2.408905216571127, 39.58218014703472 ], [ 2.408939966260061, 39.582441609879503 ] ], [ [ 2.409014324545094, 39.582102507362052 ], [ 2.408991867649623, 39.582134815135326 ], [ 2.409012931445418, 39.582266518606652 ], [ 2.40905303158941, 39.582478421901641 ], [ 2.409091785713085, 39.582558721096824 ], [ 2.409091299804313, 39.582615934423259 ], [ 2.409006416631929, 39.582743284991309 ], [ 2.408933857118784, 39.582870698179356 ], [ 2.408931116660459, 39.582903107123883 ] ], [ [ 2.40887942402843, 39.58289521510131 ], [ 2.408794540123039, 39.583022565503036 ], [ 2.408749657914109, 39.583083367022894 ], [ 2.408729665602316, 39.583115688180158 ], [ 2.408734027264684, 39.583182461829601 ], [ 2.408747340347289, 39.583356084432957 ], [ 2.408761382785048, 39.583443887058884 ], [ 2.408793034810132, 39.583489820732176 ] ], [ [ 2.409282010425426, 39.583377875923858 ], [ 2.409325499941988, 39.583481085418839 ], [ 2.409337434280941, 39.583526918713922 ] ], [ [ 2.409285239177362, 39.583578147599063 ], [ 2.409301617852062, 39.583681220178384 ], [ 2.409288727011324, 39.583747906099127 ], [ 2.409268119429502, 39.583852697246009 ], [ 2.409260110072769, 39.583925129555873 ] ], [ [ 2.409352717051989, 39.582888086120569 ], [ 2.409322380406401, 39.582977569694862 ], [ 2.409296956391732, 39.583068985726214 ], [ 2.409294135137513, 39.583110929933007 ] ], [ [ 2.408449716145358, 39.582994109309674 ], [ 2.408402158966338, 39.583079691788335 ], [ 2.40837710669917, 39.5831272434664 ] ], [ [ 2.408631579509007, 39.582186383857717 ], [ 2.408640773785912, 39.582264625274547 ], [ 2.408647292346729, 39.582367647787137 ] ], [ [ 2.408535718926878, 39.582155380577895 ], [ 2.408532281201537, 39.582269794679888 ], [ 2.408529329822161, 39.582326996357516 ], [ 2.408544393948676, 39.582584544122248 ] ], [ [ 2.408592404792973, 39.581865775094528 ], [ 2.408487868852462, 39.58198539710363 ], [ 2.408442954631084, 39.582050012440185 ], [ 2.408434993283342, 39.582116724279288 ], [ 2.40844694419303, 39.582160650265223 ] ], [ [ 2.408395738642309, 39.582095544706952 ], [ 2.408377156236067, 39.582251840253392 ], [ 2.408383058190198, 39.582427332684411 ], [ 2.408371139791549, 39.582669485842217 ], [ 2.408362237705056, 39.582846810381248 ] ], [ [ 2.408576045445894, 39.582630477857435 ], [ 2.408558290081797, 39.582689510777243 ], [ 2.408501085092915, 39.582750250384763 ], [ 2.408418925157408, 39.582847098989568 ] ], [ [ 2.409269483642538, 39.582168043255741 ], [ 2.409244381696932, 39.582221555232607 ], [ 2.409236325061549, 39.582263234954432 ], [ 2.409237683379851, 39.582284697334771 ] ], [ [ 2.409349557667087, 39.581808466478783 ], [ 2.409359774352816, 39.581875270782469 ], [ 2.409357798795025, 39.581926516190514 ], [ 2.409330933910051, 39.582006243888721 ] ], [ [ 2.408283736236732, 39.582330111544799 ], [ 2.408249550332417, 39.582437217532195 ], [ 2.408245281643176, 39.582504423904943 ], [ 2.408245549224323, 39.582690377504392 ] ], [ [ 2.408080233591806, 39.582349100635398 ], [ 2.408066321420839, 39.582463461361982 ], [ 2.408071938662984, 39.582672328530933 ] ], [ [ 2.408508335763671, 39.581786273156212 ], [ 2.408353102734865, 39.581998612205432 ], [ 2.408310015974294, 39.582065621837586 ], [ 2.408290874542484, 39.582142765700702 ] ], [ [ 2.408340163845019, 39.581781126275828 ], [ 2.40821439496076, 39.582006488260205 ], [ 2.408197283800645, 39.58206218697331 ], [ 2.408207851426758, 39.582123747327238 ], [ 2.408198025749492, 39.582192356246686 ] ], [ [ 2.408114907278408, 39.581749940389599 ], [ 2.408097334891455, 39.58185999175376 ], [ 2.408036492908491, 39.582058507186893 ], [ 2.408049066461038, 39.58210148308914 ], [ 2.408083701028326, 39.582158875316985 ] ], [ [ 2.40808214844288, 39.581254855903097 ], [ 2.408143912438276, 39.58138247612456 ], [ 2.408203865297272, 39.581505795451292 ], [ 2.408223783973474, 39.581554530326173 ], [ 2.408234083915429, 39.581647558913524 ] ], [ [ 2.408137262349931, 39.581077767621309 ], [ 2.408181805845112, 39.581273958184617 ], [ 2.408217983842735, 39.581367118570839 ], [ 2.408290548076065, 39.581529123198003 ], [ 2.408330350262435, 39.581630884371066 ] ], [ [ 2.408463924126577, 39.581356927638289 ], [ 2.408559229521112, 39.581453249683783 ], [ 2.408667472541629, 39.581549637487782 ] ], [ [ 2.408664942485846, 39.581194885699645 ], [ 2.408713646303337, 39.581336743112743 ], [ 2.408753594861456, 39.581421339246752 ], [ 2.40880873210743, 39.581458810049881 ], [ 2.408944582395143, 39.581569641999124 ] ], [ [ 2.408929862467583, 39.580908723617384 ], [ 2.408924063577907, 39.581156152959558 ], [ 2.408925232164168, 39.581236261038576 ], [ 2.408958018015974, 39.581293643611339 ], [ 2.409031372392801, 39.581362675660912 ], [ 2.409145477640681, 39.581421902559825 ] ], [ [ 2.408805518996723, 39.580966736833744 ], [ 2.408835472434955, 39.58113996750199 ], [ 2.408836651903342, 39.581218645692466 ], [ 2.408874339526692, 39.58135186462362 ], [ 2.408960463450003, 39.581440987208282 ], [ 2.409118056833183, 39.581603423771369 ] ], [ [ 2.408377874335642, 39.581476642762141 ], [ 2.408356860613001, 39.581339217835527 ], [ 2.408336090222965, 39.581173186236228 ], [ 2.408324173455171, 39.58105297145719 ], [ 2.408324562665347, 39.581007200790054 ], [ 2.408367728305291, 39.580947404336882 ] ], [ [ 2.408244349724362, 39.580875195972816 ], [ 2.40820121607188, 39.580947926921283 ], [ 2.408186063678524, 39.580990761610941 ], [ 2.408185759540986, 39.581026519493371 ] ], [ [ 2.409117671687564, 39.58077808148559 ], [ 2.409095006229977, 39.581052603038849 ], [ 2.409086871524559, 39.581139816236508 ], [ 2.409109917860139, 39.581255794995528 ] ], [ [ 2.409323602359797, 39.580907864923191 ], [ 2.409245336931311, 39.580981847621679 ], [ 2.409213477012444, 39.581033179879547 ], [ 2.409212821205863, 39.581110417892148 ], [ 2.409210194933018, 39.581201949838459 ], [ 2.4092339094229, 39.581239260680299 ], [ 2.409242628823856, 39.581300812455495 ] ], [ [ 2.409397284503956, 39.580938277287402 ], [ 2.409383787602324, 39.581004006874522 ], [ 2.409373901380778, 39.58107976802907 ], [ 2.409367737451827, 39.581152687310713 ] ], [ [ 2.409587475952497, 39.580744710006023 ], [ 2.409436688528239, 39.581087239567367 ] ], [ [ 2.409692286050019, 39.580592189721273 ], [ 2.409657424784557, 39.580779394874234 ], [ 2.409595042635047, 39.580942143014106 ], [ 2.409535079684268, 39.581037675278147 ], [ 2.409555073155447, 39.581077827938699 ] ], [ [ 2.409696229859533, 39.581162342378285 ], [ 2.409802274318626, 39.581300199877923 ], [ 2.409851659908633, 39.581361957244248 ], [ 2.409955444712703, 39.581548436562997 ] ], [ [ 2.409696229859533, 39.581162342378285 ], [ 2.409637321517236, 39.581133435206993 ] ], [ [ 2.407583326218039, 39.582362064409025 ], [ 2.407641454206268, 39.582482513911692 ], [ 2.407677368254744, 39.582606665140162 ], [ 2.407715714983627, 39.582734642840514 ] ], [ [ 2.407715054675071, 39.582233046164319 ], [ 2.407770524146661, 39.582376368373595 ] ], [ [ 2.407787256270228, 39.582437484432049 ], [ 2.40780619489136, 39.582529126222674 ] ], [ [ 2.407950928725273, 39.582320071875401 ], [ 2.407961612419521, 39.582512753424908 ], [ 2.407960070758211, 39.582693929521795 ] ], [ [ 2.407837138089422, 39.581789291709434 ], [ 2.407827829007029, 39.582014293390422 ], [ 2.407841172099252, 39.582184102192997 ], [ 2.407854857268512, 39.582313860773169 ] ], [ [ 2.408012839447968, 39.581706269829162 ], [ 2.408024204724498, 39.581818852742195 ], [ 2.408015821130123, 39.581935149131176 ] ], [ [ 2.407908500478758, 39.581513111992578 ], [ 2.407895301539865, 39.581616033188006 ], [ 2.407872649529332, 39.581671226074178 ] ], [ [ 2.407595659469048, 39.58149244530955 ], [ 2.407645483764869, 39.581719655927664 ], [ 2.407671166397847, 39.581887620164757 ], [ 2.40766775973859, 39.581998220315064 ] ], [ [ 2.407367248565854, 39.581397827860414 ], [ 2.407410262996646, 39.581556344886124 ], [ 2.407443321398584, 39.581726253382875 ], [ 2.407481537300546, 39.581869488658157 ] ], [ [ 2.407178730620109, 39.580960117738819 ], [ 2.407190030608167, 39.581080329485971 ], [ 2.40727051678772, 39.581179914425434 ], [ 2.407326763104247, 39.581231695539948 ], [ 2.407454320761084, 39.58130291161639 ], [ 2.407554947238814, 39.581353012323156 ], [ 2.407766121984837, 39.581445634066782 ] ], [ [ 2.407131682051955, 39.580696684977646 ], [ 2.407097919805647, 39.580898675550699 ], [ 2.407099328475067, 39.581022650024721 ] ], [ [ 2.406945263242708, 39.580880731810943 ], [ 2.406990610175738, 39.581054518155625 ], [ 2.407028824799895, 39.581197752685561 ], [ 2.407077434599959, 39.581278102854832 ], [ 2.407174587207533, 39.581446431862467 ], [ 2.407270961614703, 39.581706303001312 ], [ 2.407321597251896, 39.581838157617732 ] ], [ [ 2.407504120085638, 39.580954149111825 ], [ 2.407498752860993, 39.581005615974327 ], [ 2.407522878162372, 39.58106676887914 ], [ 2.407603673309713, 39.581130118185385 ] ], [ [ 2.408133060064643, 39.580322256896864 ], [ 2.408132232744383, 39.580419519572189 ], [ 2.408178636711927, 39.580469343556835 ] ], [ [ 2.40716379158652, 39.580399325664175 ], [ 2.407158277919793, 39.580467956512543 ], [ 2.40722430095202, 39.580529324128975 ], [ 2.407287826666764, 39.580594493056843 ], [ 2.407356607269733, 39.580621544273804 ] ], [ [ 2.406920402504839, 39.58032751724005 ], [ 2.406907314972182, 39.580417089153734 ], [ 2.406916815946123, 39.580459096209445 ], [ 2.406941185535923, 39.580491642579112 ], [ 2.406972931393179, 39.580526134081552 ], [ 2.407036718068803, 39.580560789077332 ] ], [ [ 2.407171172668473, 39.580629896195951 ], [ 2.407217159170285, 39.580656354557433 ], [ 2.407235491055201, 39.580674328238111 ], [ 2.407238409488632, 39.580693414462012 ], [ 2.407230556097383, 39.580711254567653 ], [ 2.407211889095887, 39.580732615723299 ], [ 2.407196271357898, 39.580757567743916 ], [ 2.407182124132177, 39.580790871762275 ] ], [ [ 2.406831944898473, 39.580503601302638 ], [ 2.406858817062311, 39.580603866142489 ], [ 2.406873610732292, 39.580675461418359 ], [ 2.406871370380024, 39.580757697486597 ] ], [ [ 2.406959759379344, 39.580689012988401 ], [ 2.406964630989413, 39.580840421875948 ] ], [ [ 2.406706830518307, 39.580579666911312 ], [ 2.406730838718467, 39.580690645797134 ], [ 2.406734990538521, 39.580745737437255 ] ], [ [ 2.407704533849933, 39.580342900329995 ], [ 2.407711452663411, 39.580398721466686 ], [ 2.407753502964537, 39.580453290813836 ], [ 2.40779556666526, 39.580506430268841 ] ], [ [ 2.40754591143527, 39.580302040645257 ], [ 2.407536218183552, 39.58035491630541 ], [ 2.407557692787389, 39.580437988724341 ], [ 2.407660461235961, 39.580525767192682 ] ], [ [ 2.408072304051863, 39.580883558044178 ], [ 2.408055667057029, 39.580955946356951 ], [ 2.408059023202596, 39.580996014521013 ], [ 2.40808347463048, 39.581019025398625 ] ], [ [ 2.410704465700349, 39.580239539023545 ], [ 2.410558258980516, 39.580260252968337 ], [ 2.410460122978885, 39.580279780672058 ], [ 2.410291516961831, 39.580326128660538 ], [ 2.410193309214712, 39.58035423814745 ], [ 2.410091500407163, 39.580370886106095 ], [ 2.410052586128572, 39.580382131715439 ], [ 2.410032047990431, 39.580406344619199 ], [ 2.409983819421281, 39.580426125289286 ], [ 2.409946814741865, 39.580430228130801 ], [ 2.409885780073699, 39.580434209833214 ] ], [ [ 2.410679805855682, 39.5803137945354 ], [ 2.410605433212298, 39.580364911575735 ], [ 2.410521938977883, 39.580401678340735 ], [ 2.410457135987222, 39.580414223600656 ], [ 2.410423852408428, 39.580415484681538 ] ], [ [ 2.411046361631965, 39.580248423877364 ], [ 2.410979236512901, 39.58031674263755 ], [ 2.410932760394222, 39.580347975750101 ], [ 2.410886246736075, 39.580383500290672 ], [ 2.410858351562629, 39.58040338440609 ], [ 2.410806499065404, 39.580414564671912 ] ], [ [ 2.410202144627857, 39.5806203374567 ], [ 2.410153503705149, 39.580688749548834 ], [ 2.410134716354224, 39.580724413618782 ] ], [ [ 2.409727564007008, 39.580127300717052 ], [ 2.409564018213017, 39.58023088917632 ], [ 2.409426519669025, 39.580314583345128 ], [ 2.409389345041999, 39.580338711583586 ] ], [ [ 2.4120295171881, 39.578976652502739 ], [ 2.412003684443325, 39.579117178143832 ], [ 2.411973722736458, 39.579199274073446 ], [ 2.41193730832544, 39.579315905615573 ], [ 2.411863664071649, 39.579463340781309 ], [ 2.411841726558535, 39.579507333695119 ] ], [ [ 2.411751262167912, 39.578167069144769 ], [ 2.411798427670077, 39.578236443556818 ], [ 2.411876275897705, 39.578502653379111 ], [ 2.411916756327021, 39.578633978035114 ], [ 2.411917833353554, 39.578688816084394 ] ] ] } }
]
}
